2024-11-19T02:22:04.692Z [ERROR]: Error: Cannot find /api/users/profile/hi on this server 
Stack: Error: Cannot find /api/users/profile/hi on this server
    at G:\ThreadsClone\ThreadsClone\server\src\app.ts:42:8
    at Layer.handle [as handle_request] (G:\ThreadsClone\ThreadsClone\server\node_modules\express\lib\router\layer.js:95:5)
    at next (G:\ThreadsClone\ThreadsClone\server\node_modules\express\lib\router\route.js:149:13)
    at next (G:\ThreadsClone\ThreadsClone\server\node_modules\express\lib\router\route.js:145:7)
    at next (G:\ThreadsClone\ThreadsClone\server\node_modules\express\lib\router\route.js:145:7)
    at next (G:\ThreadsClone\ThreadsClone\server\node_modules\express\lib\router\route.js:145:7)
    at next (G:\ThreadsClone\ThreadsClone\server\node_modules\express\lib\router\route.js:145:7)
    at next (G:\ThreadsClone\ThreadsClone\server\node_modules\express\lib\router\route.js:145:7)
    at next (G:\ThreadsClone\ThreadsClone\server\node_modules\express\lib\router\route.js:145:7)
    at Route.dispatch (G:\ThreadsClone\ThreadsClone\server\node_modules\express\lib\router\route.js:119:3)
2024-11-19T02:26:41.954Z [ERROR]: Error: Cannot find /api/users/profile/bi on this server 
Stack: Error: Cannot find /api/users/profile/bi on this server
    at G:\ThreadsClone\ThreadsClone\server\src\app.ts:42:8
    at Layer.handle [as handle_request] (G:\ThreadsClone\ThreadsClone\server\node_modules\express\lib\router\layer.js:95:5)
    at next (G:\ThreadsClone\ThreadsClone\server\node_modules\express\lib\router\route.js:149:13)
    at next (G:\ThreadsClone\ThreadsClone\server\node_modules\express\lib\router\route.js:145:7)
    at next (G:\ThreadsClone\ThreadsClone\server\node_modules\express\lib\router\route.js:145:7)
    at next (G:\ThreadsClone\ThreadsClone\server\node_modules\express\lib\router\route.js:145:7)
    at next (G:\ThreadsClone\ThreadsClone\server\node_modules\express\lib\router\route.js:145:7)
    at next (G:\ThreadsClone\ThreadsClone\server\node_modules\express\lib\router\route.js:145:7)
    at next (G:\ThreadsClone\ThreadsClone\server\node_modules\express\lib\router\route.js:145:7)
    at Route.dispatch (G:\ThreadsClone\ThreadsClone\server\node_modules\express\lib\router\route.js:119:3)
2024-12-02T09:07:25.595Z [ERROR]: Error: Cannot find /threads/posts on this server 
Stack: Error: Cannot find /threads/posts on this server
    at G:\ThreadsClone\ThreadsClone\server\src\app.ts:42:8
    at Layer.handle [as handle_request] (G:\ThreadsClone\ThreadsClone\server\node_modules\express\lib\router\layer.js:95:5)
    at next (G:\ThreadsClone\ThreadsClone\server\node_modules\express\lib\router\route.js:149:13)
    at next (G:\ThreadsClone\ThreadsClone\server\node_modules\express\lib\router\route.js:145:7)
    at next (G:\ThreadsClone\ThreadsClone\server\node_modules\express\lib\router\route.js:145:7)
    at next (G:\ThreadsClone\ThreadsClone\server\node_modules\express\lib\router\route.js:145:7)
    at next (G:\ThreadsClone\ThreadsClone\server\node_modules\express\lib\router\route.js:145:7)
    at next (G:\ThreadsClone\ThreadsClone\server\node_modules\express\lib\router\route.js:145:7)
    at next (G:\ThreadsClone\ThreadsClone\server\node_modules\express\lib\router\route.js:145:7)
    at Route.dispatch (G:\ThreadsClone\ThreadsClone\server\node_modules\express\lib\router\route.js:119:3)
2024-12-02T09:42:26.591Z [ERROR]: Error: Unexpected token 'n', "null" is not valid JSON 
Stack: SyntaxError: Unexpected token 'n', "null" is not valid JSON
    at JSON.parse (<anonymous>)
    at createStrictSyntaxError (G:\ThreadsClone\ThreadsClone\server\node_modules\body-parser\lib\types\json.js:169:10)
    at parse (G:\ThreadsClone\ThreadsClone\server\node_modules\body-parser\lib\types\json.js:86:15)
    at G:\ThreadsClone\ThreadsClone\server\node_modules\body-parser\lib\read.js:128:18
    at AsyncResource.runInAsyncScope (node:async_hooks:206:9)
    at invokeCallback (G:\ThreadsClone\ThreadsClone\server\node_modules\raw-body\index.js:238:16)
    at done (G:\ThreadsClone\ThreadsClone\server\node_modules\raw-body\index.js:227:7)
    at IncomingMessage.onEnd (G:\ThreadsClone\ThreadsClone\server\node_modules\raw-body\index.js:287:7)
    at IncomingMessage.emit (node:events:519:28)
    at IncomingMessage.emit (node:domain:488:12)
2024-12-02T09:42:26.599Z [ERROR]: Error: Unexpected token 'n', "null" is not valid JSON 
Stack: SyntaxError: Unexpected token 'n', "null" is not valid JSON
    at JSON.parse (<anonymous>)
    at createStrictSyntaxError (G:\ThreadsClone\ThreadsClone\server\node_modules\body-parser\lib\types\json.js:169:10)
    at parse (G:\ThreadsClone\ThreadsClone\server\node_modules\body-parser\lib\types\json.js:86:15)
    at G:\ThreadsClone\ThreadsClone\server\node_modules\body-parser\lib\read.js:128:18
    at AsyncResource.runInAsyncScope (node:async_hooks:206:9)
    at invokeCallback (G:\ThreadsClone\ThreadsClone\server\node_modules\raw-body\index.js:238:16)
    at done (G:\ThreadsClone\ThreadsClone\server\node_modules\raw-body\index.js:227:7)
    at IncomingMessage.onEnd (G:\ThreadsClone\ThreadsClone\server\node_modules\raw-body\index.js:287:7)
    at IncomingMessage.emit (node:events:519:28)
    at IncomingMessage.emit (node:domain:488:12)
2024-12-02T09:42:57.278Z [ERROR]: Error: Unexpected token 'n', "null" is not valid JSON 
Stack: SyntaxError: Unexpected token 'n', "null" is not valid JSON
    at JSON.parse (<anonymous>)
    at createStrictSyntaxError (G:\ThreadsClone\ThreadsClone\server\node_modules\body-parser\lib\types\json.js:169:10)
    at parse (G:\ThreadsClone\ThreadsClone\server\node_modules\body-parser\lib\types\json.js:86:15)
    at G:\ThreadsClone\ThreadsClone\server\node_modules\body-parser\lib\read.js:128:18
    at AsyncResource.runInAsyncScope (node:async_hooks:206:9)
    at invokeCallback (G:\ThreadsClone\ThreadsClone\server\node_modules\raw-body\index.js:238:16)
    at done (G:\ThreadsClone\ThreadsClone\server\node_modules\raw-body\index.js:227:7)
    at IncomingMessage.onEnd (G:\ThreadsClone\ThreadsClone\server\node_modules\raw-body\index.js:287:7)
    at IncomingMessage.emit (node:events:519:28)
    at IncomingMessage.emit (node:domain:488:12)
2024-12-02T09:42:57.288Z [ERROR]: Error: Unexpected token 'n', "null" is not valid JSON 
Stack: SyntaxError: Unexpected token 'n', "null" is not valid JSON
    at JSON.parse (<anonymous>)
    at createStrictSyntaxError (G:\ThreadsClone\ThreadsClone\server\node_modules\body-parser\lib\types\json.js:169:10)
    at parse (G:\ThreadsClone\ThreadsClone\server\node_modules\body-parser\lib\types\json.js:86:15)
    at G:\ThreadsClone\ThreadsClone\server\node_modules\body-parser\lib\read.js:128:18
    at AsyncResource.runInAsyncScope (node:async_hooks:206:9)
    at invokeCallback (G:\ThreadsClone\ThreadsClone\server\node_modules\raw-body\index.js:238:16)
    at done (G:\ThreadsClone\ThreadsClone\server\node_modules\raw-body\index.js:227:7)
    at IncomingMessage.onEnd (G:\ThreadsClone\ThreadsClone\server\node_modules\raw-body\index.js:287:7)
    at IncomingMessage.emit (node:events:519:28)
    at IncomingMessage.emit (node:domain:488:12)
2024-12-02T09:45:07.636Z [ERROR]: Error: Cannot find /api/threads/posts on this server 
Stack: Error: Cannot find /api/threads/posts on this server
    at G:\ThreadsClone\ThreadsClone\server\src\app.ts:42:8
    at Layer.handle [as handle_request] (G:\ThreadsClone\ThreadsClone\server\node_modules\express\lib\router\layer.js:95:5)
    at next (G:\ThreadsClone\ThreadsClone\server\node_modules\express\lib\router\route.js:149:13)
    at next (G:\ThreadsClone\ThreadsClone\server\node_modules\express\lib\router\route.js:145:7)
    at next (G:\ThreadsClone\ThreadsClone\server\node_modules\express\lib\router\route.js:145:7)
    at next (G:\ThreadsClone\ThreadsClone\server\node_modules\express\lib\router\route.js:145:7)
    at next (G:\ThreadsClone\ThreadsClone\server\node_modules\express\lib\router\route.js:145:7)
    at next (G:\ThreadsClone\ThreadsClone\server\node_modules\express\lib\router\route.js:145:7)
    at next (G:\ThreadsClone\ThreadsClone\server\node_modules\express\lib\router\route.js:145:7)
    at next (G:\ThreadsClone\ThreadsClone\server\node_modules\express\lib\router\route.js:145:7)
2024-12-02T09:48:18.597Z [ERROR]: Error: Cannot find /api/threads/posts on this server 
Stack: Error: Cannot find /api/threads/posts on this server
    at G:\ThreadsClone\ThreadsClone\server\src\app.ts:42:8
    at Layer.handle [as handle_request] (G:\ThreadsClone\ThreadsClone\server\node_modules\express\lib\router\layer.js:95:5)
    at next (G:\ThreadsClone\ThreadsClone\server\node_modules\express\lib\router\route.js:149:13)
    at next (G:\ThreadsClone\ThreadsClone\server\node_modules\express\lib\router\route.js:145:7)
    at next (G:\ThreadsClone\ThreadsClone\server\node_modules\express\lib\router\route.js:145:7)
    at next (G:\ThreadsClone\ThreadsClone\server\node_modules\express\lib\router\route.js:145:7)
    at next (G:\ThreadsClone\ThreadsClone\server\node_modules\express\lib\router\route.js:145:7)
    at next (G:\ThreadsClone\ThreadsClone\server\node_modules\express\lib\router\route.js:145:7)
    at next (G:\ThreadsClone\ThreadsClone\server\node_modules\express\lib\router\route.js:145:7)
    at next (G:\ThreadsClone\ThreadsClone\server\node_modules\express\lib\router\route.js:145:7)
2024-12-02T09:48:18.606Z [ERROR]: Error: Cannot find /api/threads/posts on this server 
Stack: Error: Cannot find /api/threads/posts on this server
    at G:\ThreadsClone\ThreadsClone\server\src\app.ts:42:8
    at Layer.handle [as handle_request] (G:\ThreadsClone\ThreadsClone\server\node_modules\express\lib\router\layer.js:95:5)
    at next (G:\ThreadsClone\ThreadsClone\server\node_modules\express\lib\router\route.js:149:13)
    at next (G:\ThreadsClone\ThreadsClone\server\node_modules\express\lib\router\route.js:145:7)
    at next (G:\ThreadsClone\ThreadsClone\server\node_modules\express\lib\router\route.js:145:7)
    at next (G:\ThreadsClone\ThreadsClone\server\node_modules\express\lib\router\route.js:145:7)
    at next (G:\ThreadsClone\ThreadsClone\server\node_modules\express\lib\router\route.js:145:7)
    at next (G:\ThreadsClone\ThreadsClone\server\node_modules\express\lib\router\route.js:145:7)
    at next (G:\ThreadsClone\ThreadsClone\server\node_modules\express\lib\router\route.js:145:7)
    at next (G:\ThreadsClone\ThreadsClone\server\node_modules\express\lib\router\route.js:145:7)
2024-12-02T09:48:46.323Z [ERROR]: Error: Cannot find /api/threads/posts on this server 
Stack: Error: Cannot find /api/threads/posts on this server
    at G:\ThreadsClone\ThreadsClone\server\src\app.ts:42:8
    at Layer.handle [as handle_request] (G:\ThreadsClone\ThreadsClone\server\node_modules\express\lib\router\layer.js:95:5)
    at next (G:\ThreadsClone\ThreadsClone\server\node_modules\express\lib\router\route.js:149:13)
    at next (G:\ThreadsClone\ThreadsClone\server\node_modules\express\lib\router\route.js:145:7)
    at next (G:\ThreadsClone\ThreadsClone\server\node_modules\express\lib\router\route.js:145:7)
    at next (G:\ThreadsClone\ThreadsClone\server\node_modules\express\lib\router\route.js:145:7)
    at next (G:\ThreadsClone\ThreadsClone\server\node_modules\express\lib\router\route.js:145:7)
    at next (G:\ThreadsClone\ThreadsClone\server\node_modules\express\lib\router\route.js:145:7)
    at next (G:\ThreadsClone\ThreadsClone\server\node_modules\express\lib\router\route.js:145:7)
    at next (G:\ThreadsClone\ThreadsClone\server\node_modules\express\lib\router\route.js:145:7)
2024-12-02T09:48:46.331Z [ERROR]: Error: Cannot find /api/threads/posts on this server 
Stack: Error: Cannot find /api/threads/posts on this server
    at G:\ThreadsClone\ThreadsClone\server\src\app.ts:42:8
    at Layer.handle [as handle_request] (G:\ThreadsClone\ThreadsClone\server\node_modules\express\lib\router\layer.js:95:5)
    at next (G:\ThreadsClone\ThreadsClone\server\node_modules\express\lib\router\route.js:149:13)
    at next (G:\ThreadsClone\ThreadsClone\server\node_modules\express\lib\router\route.js:145:7)
    at next (G:\ThreadsClone\ThreadsClone\server\node_modules\express\lib\router\route.js:145:7)
    at next (G:\ThreadsClone\ThreadsClone\server\node_modules\express\lib\router\route.js:145:7)
    at next (G:\ThreadsClone\ThreadsClone\server\node_modules\express\lib\router\route.js:145:7)
    at next (G:\ThreadsClone\ThreadsClone\server\node_modules\express\lib\router\route.js:145:7)
    at next (G:\ThreadsClone\ThreadsClone\server\node_modules\express\lib\router\route.js:145:7)
    at next (G:\ThreadsClone\ThreadsClone\server\node_modules\express\lib\router\route.js:145:7)
2024-12-02T09:48:55.072Z [ERROR]: Error: Cannot find /api/threads/posts on this server 
Stack: Error: Cannot find /api/threads/posts on this server
    at G:\ThreadsClone\ThreadsClone\server\src\app.ts:42:8
    at Layer.handle [as handle_request] (G:\ThreadsClone\ThreadsClone\server\node_modules\express\lib\router\layer.js:95:5)
    at next (G:\ThreadsClone\ThreadsClone\server\node_modules\express\lib\router\route.js:149:13)
    at next (G:\ThreadsClone\ThreadsClone\server\node_modules\express\lib\router\route.js:145:7)
    at next (G:\ThreadsClone\ThreadsClone\server\node_modules\express\lib\router\route.js:145:7)
    at next (G:\ThreadsClone\ThreadsClone\server\node_modules\express\lib\router\route.js:145:7)
    at next (G:\ThreadsClone\ThreadsClone\server\node_modules\express\lib\router\route.js:145:7)
    at next (G:\ThreadsClone\ThreadsClone\server\node_modules\express\lib\router\route.js:145:7)
    at next (G:\ThreadsClone\ThreadsClone\server\node_modules\express\lib\router\route.js:145:7)
    at next (G:\ThreadsClone\ThreadsClone\server\node_modules\express\lib\router\route.js:145:7)
2024-12-02T09:48:55.077Z [ERROR]: Error: Cannot find /api/threads/posts on this server 
Stack: Error: Cannot find /api/threads/posts on this server
    at G:\ThreadsClone\ThreadsClone\server\src\app.ts:42:8
    at Layer.handle [as handle_request] (G:\ThreadsClone\ThreadsClone\server\node_modules\express\lib\router\layer.js:95:5)
    at next (G:\ThreadsClone\ThreadsClone\server\node_modules\express\lib\router\route.js:149:13)
    at next (G:\ThreadsClone\ThreadsClone\server\node_modules\express\lib\router\route.js:145:7)
    at next (G:\ThreadsClone\ThreadsClone\server\node_modules\express\lib\router\route.js:145:7)
    at next (G:\ThreadsClone\ThreadsClone\server\node_modules\express\lib\router\route.js:145:7)
    at next (G:\ThreadsClone\ThreadsClone\server\node_modules\express\lib\router\route.js:145:7)
    at next (G:\ThreadsClone\ThreadsClone\server\node_modules\express\lib\router\route.js:145:7)
    at next (G:\ThreadsClone\ThreadsClone\server\node_modules\express\lib\router\route.js:145:7)
    at next (G:\ThreadsClone\ThreadsClone\server\node_modules\express\lib\router\route.js:145:7)
2024-12-02T09:48:59.702Z [ERROR]: Error: Cannot find /api/threads/posts on this server 
Stack: Error: Cannot find /api/threads/posts on this server
    at G:\ThreadsClone\ThreadsClone\server\src\app.ts:42:8
    at Layer.handle [as handle_request] (G:\ThreadsClone\ThreadsClone\server\node_modules\express\lib\router\layer.js:95:5)
    at next (G:\ThreadsClone\ThreadsClone\server\node_modules\express\lib\router\route.js:149:13)
    at next (G:\ThreadsClone\ThreadsClone\server\node_modules\express\lib\router\route.js:145:7)
    at next (G:\ThreadsClone\ThreadsClone\server\node_modules\express\lib\router\route.js:145:7)
    at next (G:\ThreadsClone\ThreadsClone\server\node_modules\express\lib\router\route.js:145:7)
    at next (G:\ThreadsClone\ThreadsClone\server\node_modules\express\lib\router\route.js:145:7)
    at next (G:\ThreadsClone\ThreadsClone\server\node_modules\express\lib\router\route.js:145:7)
    at next (G:\ThreadsClone\ThreadsClone\server\node_modules\express\lib\router\route.js:145:7)
    at next (G:\ThreadsClone\ThreadsClone\server\node_modules\express\lib\router\route.js:145:7)
2024-12-02T09:48:59.710Z [ERROR]: Error: Cannot find /api/threads/posts on this server 
Stack: Error: Cannot find /api/threads/posts on this server
    at G:\ThreadsClone\ThreadsClone\server\src\app.ts:42:8
    at Layer.handle [as handle_request] (G:\ThreadsClone\ThreadsClone\server\node_modules\express\lib\router\layer.js:95:5)
    at next (G:\ThreadsClone\ThreadsClone\server\node_modules\express\lib\router\route.js:149:13)
    at next (G:\ThreadsClone\ThreadsClone\server\node_modules\express\lib\router\route.js:145:7)
    at next (G:\ThreadsClone\ThreadsClone\server\node_modules\express\lib\router\route.js:145:7)
    at next (G:\ThreadsClone\ThreadsClone\server\node_modules\express\lib\router\route.js:145:7)
    at next (G:\ThreadsClone\ThreadsClone\server\node_modules\express\lib\router\route.js:145:7)
    at next (G:\ThreadsClone\ThreadsClone\server\node_modules\express\lib\router\route.js:145:7)
    at next (G:\ThreadsClone\ThreadsClone\server\node_modules\express\lib\router\route.js:145:7)
    at next (G:\ThreadsClone\ThreadsClone\server\node_modules\express\lib\router\route.js:145:7)
2024-12-02T09:49:01.947Z [ERROR]: Error: Cannot find /api/threads/posts on this server 
Stack: Error: Cannot find /api/threads/posts on this server
    at G:\ThreadsClone\ThreadsClone\server\src\app.ts:42:8
    at Layer.handle [as handle_request] (G:\ThreadsClone\ThreadsClone\server\node_modules\express\lib\router\layer.js:95:5)
    at next (G:\ThreadsClone\ThreadsClone\server\node_modules\express\lib\router\route.js:149:13)
    at next (G:\ThreadsClone\ThreadsClone\server\node_modules\express\lib\router\route.js:145:7)
    at next (G:\ThreadsClone\ThreadsClone\server\node_modules\express\lib\router\route.js:145:7)
    at next (G:\ThreadsClone\ThreadsClone\server\node_modules\express\lib\router\route.js:145:7)
    at next (G:\ThreadsClone\ThreadsClone\server\node_modules\express\lib\router\route.js:145:7)
    at next (G:\ThreadsClone\ThreadsClone\server\node_modules\express\lib\router\route.js:145:7)
    at next (G:\ThreadsClone\ThreadsClone\server\node_modules\express\lib\router\route.js:145:7)
    at next (G:\ThreadsClone\ThreadsClone\server\node_modules\express\lib\router\route.js:145:7)
2024-12-02T09:49:01.950Z [ERROR]: Error: Cannot find /api/threads/posts on this server 
Stack: Error: Cannot find /api/threads/posts on this server
    at G:\ThreadsClone\ThreadsClone\server\src\app.ts:42:8
    at Layer.handle [as handle_request] (G:\ThreadsClone\ThreadsClone\server\node_modules\express\lib\router\layer.js:95:5)
    at next (G:\ThreadsClone\ThreadsClone\server\node_modules\express\lib\router\route.js:149:13)
    at next (G:\ThreadsClone\ThreadsClone\server\node_modules\express\lib\router\route.js:145:7)
    at next (G:\ThreadsClone\ThreadsClone\server\node_modules\express\lib\router\route.js:145:7)
    at next (G:\ThreadsClone\ThreadsClone\server\node_modules\express\lib\router\route.js:145:7)
    at next (G:\ThreadsClone\ThreadsClone\server\node_modules\express\lib\router\route.js:145:7)
    at next (G:\ThreadsClone\ThreadsClone\server\node_modules\express\lib\router\route.js:145:7)
    at next (G:\ThreadsClone\ThreadsClone\server\node_modules\express\lib\router\route.js:145:7)
    at next (G:\ThreadsClone\ThreadsClone\server\node_modules\express\lib\router\route.js:145:7)
2024-12-02T09:49:02.898Z [ERROR]: Error: Cannot find /api/threads/posts on this server 
Stack: Error: Cannot find /api/threads/posts on this server
    at G:\ThreadsClone\ThreadsClone\server\src\app.ts:42:8
    at Layer.handle [as handle_request] (G:\ThreadsClone\ThreadsClone\server\node_modules\express\lib\router\layer.js:95:5)
    at next (G:\ThreadsClone\ThreadsClone\server\node_modules\express\lib\router\route.js:149:13)
    at next (G:\ThreadsClone\ThreadsClone\server\node_modules\express\lib\router\route.js:145:7)
    at next (G:\ThreadsClone\ThreadsClone\server\node_modules\express\lib\router\route.js:145:7)
    at next (G:\ThreadsClone\ThreadsClone\server\node_modules\express\lib\router\route.js:145:7)
    at next (G:\ThreadsClone\ThreadsClone\server\node_modules\express\lib\router\route.js:145:7)
    at next (G:\ThreadsClone\ThreadsClone\server\node_modules\express\lib\router\route.js:145:7)
    at next (G:\ThreadsClone\ThreadsClone\server\node_modules\express\lib\router\route.js:145:7)
    at next (G:\ThreadsClone\ThreadsClone\server\node_modules\express\lib\router\route.js:145:7)
2024-12-02T09:49:02.902Z [ERROR]: Error: Cannot find /api/threads/posts on this server 
Stack: Error: Cannot find /api/threads/posts on this server
    at G:\ThreadsClone\ThreadsClone\server\src\app.ts:42:8
    at Layer.handle [as handle_request] (G:\ThreadsClone\ThreadsClone\server\node_modules\express\lib\router\layer.js:95:5)
    at next (G:\ThreadsClone\ThreadsClone\server\node_modules\express\lib\router\route.js:149:13)
    at next (G:\ThreadsClone\ThreadsClone\server\node_modules\express\lib\router\route.js:145:7)
    at next (G:\ThreadsClone\ThreadsClone\server\node_modules\express\lib\router\route.js:145:7)
    at next (G:\ThreadsClone\ThreadsClone\server\node_modules\express\lib\router\route.js:145:7)
    at next (G:\ThreadsClone\ThreadsClone\server\node_modules\express\lib\router\route.js:145:7)
    at next (G:\ThreadsClone\ThreadsClone\server\node_modules\express\lib\router\route.js:145:7)
    at next (G:\ThreadsClone\ThreadsClone\server\node_modules\express\lib\router\route.js:145:7)
    at next (G:\ThreadsClone\ThreadsClone\server\node_modules\express\lib\router\route.js:145:7)
2024-12-02T09:49:05.095Z [ERROR]: Error: Cannot find /api/threads/posts on this server 
Stack: Error: Cannot find /api/threads/posts on this server
    at G:\ThreadsClone\ThreadsClone\server\src\app.ts:42:8
    at Layer.handle [as handle_request] (G:\ThreadsClone\ThreadsClone\server\node_modules\express\lib\router\layer.js:95:5)
    at next (G:\ThreadsClone\ThreadsClone\server\node_modules\express\lib\router\route.js:149:13)
    at next (G:\ThreadsClone\ThreadsClone\server\node_modules\express\lib\router\route.js:145:7)
    at next (G:\ThreadsClone\ThreadsClone\server\node_modules\express\lib\router\route.js:145:7)
    at next (G:\ThreadsClone\ThreadsClone\server\node_modules\express\lib\router\route.js:145:7)
    at next (G:\ThreadsClone\ThreadsClone\server\node_modules\express\lib\router\route.js:145:7)
    at next (G:\ThreadsClone\ThreadsClone\server\node_modules\express\lib\router\route.js:145:7)
    at next (G:\ThreadsClone\ThreadsClone\server\node_modules\express\lib\router\route.js:145:7)
    at next (G:\ThreadsClone\ThreadsClone\server\node_modules\express\lib\router\route.js:145:7)
2024-12-02T09:49:05.099Z [ERROR]: Error: Cannot find /api/threads/posts on this server 
Stack: Error: Cannot find /api/threads/posts on this server
    at G:\ThreadsClone\ThreadsClone\server\src\app.ts:42:8
    at Layer.handle [as handle_request] (G:\ThreadsClone\ThreadsClone\server\node_modules\express\lib\router\layer.js:95:5)
    at next (G:\ThreadsClone\ThreadsClone\server\node_modules\express\lib\router\route.js:149:13)
    at next (G:\ThreadsClone\ThreadsClone\server\node_modules\express\lib\router\route.js:145:7)
    at next (G:\ThreadsClone\ThreadsClone\server\node_modules\express\lib\router\route.js:145:7)
    at next (G:\ThreadsClone\ThreadsClone\server\node_modules\express\lib\router\route.js:145:7)
    at next (G:\ThreadsClone\ThreadsClone\server\node_modules\express\lib\router\route.js:145:7)
    at next (G:\ThreadsClone\ThreadsClone\server\node_modules\express\lib\router\route.js:145:7)
    at next (G:\ThreadsClone\ThreadsClone\server\node_modules\express\lib\router\route.js:145:7)
    at next (G:\ThreadsClone\ThreadsClone\server\node_modules\express\lib\router\route.js:145:7)
2024-12-11T10:28:02.098Z [ERROR]: Error: Like validation failed: createdAt: Cast to date failed for value "[Function: Date]" (type function) at path "createdAt" 
Stack: ValidationError: Like validation failed: createdAt: Cast to date failed for value "[Function: Date]" (type function) at path "createdAt"
    at model.Document.invalidate (G:\ThreadsClone\ThreadsClone\server\node_modules\mongoose\lib\document.js:3318:32)
    at model.$set (G:\ThreadsClone\ThreadsClone\server\node_modules\mongoose\lib\document.js:1474:12)
    at model.$set (G:\ThreadsClone\ThreadsClone\server\node_modules\mongoose\lib\document.js:1128:16)
    at model.Document (G:\ThreadsClone\ThreadsClone\server\node_modules\mongoose\lib\document.js:177:12)
    at model.Model (G:\ThreadsClone\ThreadsClone\server\node_modules\mongoose\lib\model.js:125:12)
    at new model (G:\ThreadsClone\ThreadsClone\server\node_modules\mongoose\lib\model.js:4611:15)
    at G:\ThreadsClone\ThreadsClone\server\src\controllers\threadController.ts:142:25
    at processTicksAndRejections (node:internal/process/task_queues:95:5)
2024-12-11T10:28:05.359Z [ERROR]: Error: Like validation failed: createdAt: Cast to date failed for value "[Function: Date]" (type function) at path "createdAt" 
Stack: ValidationError: Like validation failed: createdAt: Cast to date failed for value "[Function: Date]" (type function) at path "createdAt"
    at model.Document.invalidate (G:\ThreadsClone\ThreadsClone\server\node_modules\mongoose\lib\document.js:3318:32)
    at model.$set (G:\ThreadsClone\ThreadsClone\server\node_modules\mongoose\lib\document.js:1474:12)
    at model.$set (G:\ThreadsClone\ThreadsClone\server\node_modules\mongoose\lib\document.js:1128:16)
    at model.Document (G:\ThreadsClone\ThreadsClone\server\node_modules\mongoose\lib\document.js:177:12)
    at model.Model (G:\ThreadsClone\ThreadsClone\server\node_modules\mongoose\lib\model.js:125:12)
    at new model (G:\ThreadsClone\ThreadsClone\server\node_modules\mongoose\lib\model.js:4611:15)
    at G:\ThreadsClone\ThreadsClone\server\src\controllers\threadController.ts:142:25
    at processTicksAndRejections (node:internal/process/task_queues:95:5)
2024-12-11T10:28:05.890Z [ERROR]: Error: Like validation failed: createdAt: Cast to date failed for value "[Function: Date]" (type function) at path "createdAt" 
Stack: ValidationError: Like validation failed: createdAt: Cast to date failed for value "[Function: Date]" (type function) at path "createdAt"
    at model.Document.invalidate (G:\ThreadsClone\ThreadsClone\server\node_modules\mongoose\lib\document.js:3318:32)
    at model.$set (G:\ThreadsClone\ThreadsClone\server\node_modules\mongoose\lib\document.js:1474:12)
    at model.$set (G:\ThreadsClone\ThreadsClone\server\node_modules\mongoose\lib\document.js:1128:16)
    at model.Document (G:\ThreadsClone\ThreadsClone\server\node_modules\mongoose\lib\document.js:177:12)
    at model.Model (G:\ThreadsClone\ThreadsClone\server\node_modules\mongoose\lib\model.js:125:12)
    at new model (G:\ThreadsClone\ThreadsClone\server\node_modules\mongoose\lib\model.js:4611:15)
    at G:\ThreadsClone\ThreadsClone\server\src\controllers\threadController.ts:142:25
    at processTicksAndRejections (node:internal/process/task_queues:95:5)
2024-12-11T10:28:06.120Z [ERROR]: Error: Like validation failed: createdAt: Cast to date failed for value "[Function: Date]" (type function) at path "createdAt" 
Stack: ValidationError: Like validation failed: createdAt: Cast to date failed for value "[Function: Date]" (type function) at path "createdAt"
    at model.Document.invalidate (G:\ThreadsClone\ThreadsClone\server\node_modules\mongoose\lib\document.js:3318:32)
    at model.$set (G:\ThreadsClone\ThreadsClone\server\node_modules\mongoose\lib\document.js:1474:12)
    at model.$set (G:\ThreadsClone\ThreadsClone\server\node_modules\mongoose\lib\document.js:1128:16)
    at model.Document (G:\ThreadsClone\ThreadsClone\server\node_modules\mongoose\lib\document.js:177:12)
    at model.Model (G:\ThreadsClone\ThreadsClone\server\node_modules\mongoose\lib\model.js:125:12)
    at new model (G:\ThreadsClone\ThreadsClone\server\node_modules\mongoose\lib\model.js:4611:15)
    at G:\ThreadsClone\ThreadsClone\server\src\controllers\threadController.ts:142:25
    at processTicksAndRejections (node:internal/process/task_queues:95:5)
2024-12-11T10:28:06.352Z [ERROR]: Error: Like validation failed: createdAt: Cast to date failed for value "[Function: Date]" (type function) at path "createdAt" 
Stack: ValidationError: Like validation failed: createdAt: Cast to date failed for value "[Function: Date]" (type function) at path "createdAt"
    at model.Document.invalidate (G:\ThreadsClone\ThreadsClone\server\node_modules\mongoose\lib\document.js:3318:32)
    at model.$set (G:\ThreadsClone\ThreadsClone\server\node_modules\mongoose\lib\document.js:1474:12)
    at model.$set (G:\ThreadsClone\ThreadsClone\server\node_modules\mongoose\lib\document.js:1128:16)
    at model.Document (G:\ThreadsClone\ThreadsClone\server\node_modules\mongoose\lib\document.js:177:12)
    at model.Model (G:\ThreadsClone\ThreadsClone\server\node_modules\mongoose\lib\model.js:125:12)
    at new model (G:\ThreadsClone\ThreadsClone\server\node_modules\mongoose\lib\model.js:4611:15)
    at G:\ThreadsClone\ThreadsClone\server\src\controllers\threadController.ts:142:25
    at processTicksAndRejections (node:internal/process/task_queues:95:5)
2024-12-11T10:28:06.547Z [ERROR]: Error: Like validation failed: createdAt: Cast to date failed for value "[Function: Date]" (type function) at path "createdAt" 
Stack: ValidationError: Like validation failed: createdAt: Cast to date failed for value "[Function: Date]" (type function) at path "createdAt"
    at model.Document.invalidate (G:\ThreadsClone\ThreadsClone\server\node_modules\mongoose\lib\document.js:3318:32)
    at model.$set (G:\ThreadsClone\ThreadsClone\server\node_modules\mongoose\lib\document.js:1474:12)
    at model.$set (G:\ThreadsClone\ThreadsClone\server\node_modules\mongoose\lib\document.js:1128:16)
    at model.Document (G:\ThreadsClone\ThreadsClone\server\node_modules\mongoose\lib\document.js:177:12)
    at model.Model (G:\ThreadsClone\ThreadsClone\server\node_modules\mongoose\lib\model.js:125:12)
    at new model (G:\ThreadsClone\ThreadsClone\server\node_modules\mongoose\lib\model.js:4611:15)
    at G:\ThreadsClone\ThreadsClone\server\src\controllers\threadController.ts:142:25
    at processTicksAndRejections (node:internal/process/task_queues:95:5)
2024-12-11T10:28:06.737Z [ERROR]: Error: Like validation failed: createdAt: Cast to date failed for value "[Function: Date]" (type function) at path "createdAt" 
Stack: ValidationError: Like validation failed: createdAt: Cast to date failed for value "[Function: Date]" (type function) at path "createdAt"
    at model.Document.invalidate (G:\ThreadsClone\ThreadsClone\server\node_modules\mongoose\lib\document.js:3318:32)
    at model.$set (G:\ThreadsClone\ThreadsClone\server\node_modules\mongoose\lib\document.js:1474:12)
    at model.$set (G:\ThreadsClone\ThreadsClone\server\node_modules\mongoose\lib\document.js:1128:16)
    at model.Document (G:\ThreadsClone\ThreadsClone\server\node_modules\mongoose\lib\document.js:177:12)
    at model.Model (G:\ThreadsClone\ThreadsClone\server\node_modules\mongoose\lib\model.js:125:12)
    at new model (G:\ThreadsClone\ThreadsClone\server\node_modules\mongoose\lib\model.js:4611:15)
    at G:\ThreadsClone\ThreadsClone\server\src\controllers\threadController.ts:142:25
    at processTicksAndRejections (node:internal/process/task_queues:95:5)
2024-12-11T10:28:06.892Z [ERROR]: Error: Like validation failed: createdAt: Cast to date failed for value "[Function: Date]" (type function) at path "createdAt" 
Stack: ValidationError: Like validation failed: createdAt: Cast to date failed for value "[Function: Date]" (type function) at path "createdAt"
    at model.Document.invalidate (G:\ThreadsClone\ThreadsClone\server\node_modules\mongoose\lib\document.js:3318:32)
    at model.$set (G:\ThreadsClone\ThreadsClone\server\node_modules\mongoose\lib\document.js:1474:12)
    at model.$set (G:\ThreadsClone\ThreadsClone\server\node_modules\mongoose\lib\document.js:1128:16)
    at model.Document (G:\ThreadsClone\ThreadsClone\server\node_modules\mongoose\lib\document.js:177:12)
    at model.Model (G:\ThreadsClone\ThreadsClone\server\node_modules\mongoose\lib\model.js:125:12)
    at new model (G:\ThreadsClone\ThreadsClone\server\node_modules\mongoose\lib\model.js:4611:15)
    at G:\ThreadsClone\ThreadsClone\server\src\controllers\threadController.ts:142:25
    at processTicksAndRejections (node:internal/process/task_queues:95:5)
2024-12-11T10:28:07.459Z [ERROR]: Error: Like validation failed: createdAt: Cast to date failed for value "[Function: Date]" (type function) at path "createdAt" 
Stack: ValidationError: Like validation failed: createdAt: Cast to date failed for value "[Function: Date]" (type function) at path "createdAt"
    at model.Document.invalidate (G:\ThreadsClone\ThreadsClone\server\node_modules\mongoose\lib\document.js:3318:32)
    at model.$set (G:\ThreadsClone\ThreadsClone\server\node_modules\mongoose\lib\document.js:1474:12)
    at model.$set (G:\ThreadsClone\ThreadsClone\server\node_modules\mongoose\lib\document.js:1128:16)
    at model.Document (G:\ThreadsClone\ThreadsClone\server\node_modules\mongoose\lib\document.js:177:12)
    at model.Model (G:\ThreadsClone\ThreadsClone\server\node_modules\mongoose\lib\model.js:125:12)
    at new model (G:\ThreadsClone\ThreadsClone\server\node_modules\mongoose\lib\model.js:4611:15)
    at G:\ThreadsClone\ThreadsClone\server\src\controllers\threadController.ts:142:25
    at processTicksAndRejections (node:internal/process/task_queues:95:5)
2024-12-11T10:28:07.684Z [ERROR]: Error: Like validation failed: createdAt: Cast to date failed for value "[Function: Date]" (type function) at path "createdAt" 
Stack: ValidationError: Like validation failed: createdAt: Cast to date failed for value "[Function: Date]" (type function) at path "createdAt"
    at model.Document.invalidate (G:\ThreadsClone\ThreadsClone\server\node_modules\mongoose\lib\document.js:3318:32)
    at model.$set (G:\ThreadsClone\ThreadsClone\server\node_modules\mongoose\lib\document.js:1474:12)
    at model.$set (G:\ThreadsClone\ThreadsClone\server\node_modules\mongoose\lib\document.js:1128:16)
    at model.Document (G:\ThreadsClone\ThreadsClone\server\node_modules\mongoose\lib\document.js:177:12)
    at model.Model (G:\ThreadsClone\ThreadsClone\server\node_modules\mongoose\lib\model.js:125:12)
    at new model (G:\ThreadsClone\ThreadsClone\server\node_modules\mongoose\lib\model.js:4611:15)
    at G:\ThreadsClone\ThreadsClone\server\src\controllers\threadController.ts:142:25
    at processTicksAndRejections (node:internal/process/task_queues:95:5)
2024-12-11T10:28:07.857Z [ERROR]: Error: Like validation failed: createdAt: Cast to date failed for value "[Function: Date]" (type function) at path "createdAt" 
Stack: ValidationError: Like validation failed: createdAt: Cast to date failed for value "[Function: Date]" (type function) at path "createdAt"
    at model.Document.invalidate (G:\ThreadsClone\ThreadsClone\server\node_modules\mongoose\lib\document.js:3318:32)
    at model.$set (G:\ThreadsClone\ThreadsClone\server\node_modules\mongoose\lib\document.js:1474:12)
    at model.$set (G:\ThreadsClone\ThreadsClone\server\node_modules\mongoose\lib\document.js:1128:16)
    at model.Document (G:\ThreadsClone\ThreadsClone\server\node_modules\mongoose\lib\document.js:177:12)
    at model.Model (G:\ThreadsClone\ThreadsClone\server\node_modules\mongoose\lib\model.js:125:12)
    at new model (G:\ThreadsClone\ThreadsClone\server\node_modules\mongoose\lib\model.js:4611:15)
    at G:\ThreadsClone\ThreadsClone\server\src\controllers\threadController.ts:142:25
    at processTicksAndRejections (node:internal/process/task_queues:95:5)
2024-12-11T10:28:08.016Z [ERROR]: Error: Like validation failed: createdAt: Cast to date failed for value "[Function: Date]" (type function) at path "createdAt" 
Stack: ValidationError: Like validation failed: createdAt: Cast to date failed for value "[Function: Date]" (type function) at path "createdAt"
    at model.Document.invalidate (G:\ThreadsClone\ThreadsClone\server\node_modules\mongoose\lib\document.js:3318:32)
    at model.$set (G:\ThreadsClone\ThreadsClone\server\node_modules\mongoose\lib\document.js:1474:12)
    at model.$set (G:\ThreadsClone\ThreadsClone\server\node_modules\mongoose\lib\document.js:1128:16)
    at model.Document (G:\ThreadsClone\ThreadsClone\server\node_modules\mongoose\lib\document.js:177:12)
    at model.Model (G:\ThreadsClone\ThreadsClone\server\node_modules\mongoose\lib\model.js:125:12)
    at new model (G:\ThreadsClone\ThreadsClone\server\node_modules\mongoose\lib\model.js:4611:15)
    at G:\ThreadsClone\ThreadsClone\server\src\controllers\threadController.ts:142:25
    at processTicksAndRejections (node:internal/process/task_queues:95:5)
2024-12-11T10:28:08.176Z [ERROR]: Error: Like validation failed: createdAt: Cast to date failed for value "[Function: Date]" (type function) at path "createdAt" 
Stack: ValidationError: Like validation failed: createdAt: Cast to date failed for value "[Function: Date]" (type function) at path "createdAt"
    at model.Document.invalidate (G:\ThreadsClone\ThreadsClone\server\node_modules\mongoose\lib\document.js:3318:32)
    at model.$set (G:\ThreadsClone\ThreadsClone\server\node_modules\mongoose\lib\document.js:1474:12)
    at model.$set (G:\ThreadsClone\ThreadsClone\server\node_modules\mongoose\lib\document.js:1128:16)
    at model.Document (G:\ThreadsClone\ThreadsClone\server\node_modules\mongoose\lib\document.js:177:12)
    at model.Model (G:\ThreadsClone\ThreadsClone\server\node_modules\mongoose\lib\model.js:125:12)
    at new model (G:\ThreadsClone\ThreadsClone\server\node_modules\mongoose\lib\model.js:4611:15)
    at G:\ThreadsClone\ThreadsClone\server\src\controllers\threadController.ts:142:25
    at processTicksAndRejections (node:internal/process/task_queues:95:5)
2024-12-11T10:28:08.803Z [ERROR]: Error: Like validation failed: createdAt: Cast to date failed for value "[Function: Date]" (type function) at path "createdAt" 
Stack: ValidationError: Like validation failed: createdAt: Cast to date failed for value "[Function: Date]" (type function) at path "createdAt"
    at model.Document.invalidate (G:\ThreadsClone\ThreadsClone\server\node_modules\mongoose\lib\document.js:3318:32)
    at model.$set (G:\ThreadsClone\ThreadsClone\server\node_modules\mongoose\lib\document.js:1474:12)
    at model.$set (G:\ThreadsClone\ThreadsClone\server\node_modules\mongoose\lib\document.js:1128:16)
    at model.Document (G:\ThreadsClone\ThreadsClone\server\node_modules\mongoose\lib\document.js:177:12)
    at model.Model (G:\ThreadsClone\ThreadsClone\server\node_modules\mongoose\lib\model.js:125:12)
    at new model (G:\ThreadsClone\ThreadsClone\server\node_modules\mongoose\lib\model.js:4611:15)
    at G:\ThreadsClone\ThreadsClone\server\src\controllers\threadController.ts:142:25
    at processTicksAndRejections (node:internal/process/task_queues:95:5)
2024-12-11T10:28:08.973Z [ERROR]: Error: Like validation failed: createdAt: Cast to date failed for value "[Function: Date]" (type function) at path "createdAt" 
Stack: ValidationError: Like validation failed: createdAt: Cast to date failed for value "[Function: Date]" (type function) at path "createdAt"
    at model.Document.invalidate (G:\ThreadsClone\ThreadsClone\server\node_modules\mongoose\lib\document.js:3318:32)
    at model.$set (G:\ThreadsClone\ThreadsClone\server\node_modules\mongoose\lib\document.js:1474:12)
    at model.$set (G:\ThreadsClone\ThreadsClone\server\node_modules\mongoose\lib\document.js:1128:16)
    at model.Document (G:\ThreadsClone\ThreadsClone\server\node_modules\mongoose\lib\document.js:177:12)
    at model.Model (G:\ThreadsClone\ThreadsClone\server\node_modules\mongoose\lib\model.js:125:12)
    at new model (G:\ThreadsClone\ThreadsClone\server\node_modules\mongoose\lib\model.js:4611:15)
    at G:\ThreadsClone\ThreadsClone\server\src\controllers\threadController.ts:142:25
    at processTicksAndRejections (node:internal/process/task_queues:95:5)
2024-12-11T10:28:22.638Z [ERROR]: Error: Like validation failed: createdAt: Cast to date failed for value "[Function: Date]" (type function) at path "createdAt" 
Stack: ValidationError: Like validation failed: createdAt: Cast to date failed for value "[Function: Date]" (type function) at path "createdAt"
    at model.Document.invalidate (G:\ThreadsClone\ThreadsClone\server\node_modules\mongoose\lib\document.js:3318:32)
    at model.$set (G:\ThreadsClone\ThreadsClone\server\node_modules\mongoose\lib\document.js:1474:12)
    at model.$set (G:\ThreadsClone\ThreadsClone\server\node_modules\mongoose\lib\document.js:1128:16)
    at model.Document (G:\ThreadsClone\ThreadsClone\server\node_modules\mongoose\lib\document.js:177:12)
    at model.Model (G:\ThreadsClone\ThreadsClone\server\node_modules\mongoose\lib\model.js:125:12)
    at new model (G:\ThreadsClone\ThreadsClone\server\node_modules\mongoose\lib\model.js:4611:15)
    at G:\ThreadsClone\ThreadsClone\server\src\controllers\threadController.ts:142:25
    at processTicksAndRejections (node:internal/process/task_queues:95:5)
2024-12-11T10:29:35.365Z [ERROR]: Error: Like validation failed: createdAt: Cast to date failed for value "[Function: Date]" (type function) at path "createdAt" 
Stack: ValidationError: Like validation failed: createdAt: Cast to date failed for value "[Function: Date]" (type function) at path "createdAt"
    at model.Document.invalidate (G:\ThreadsClone\ThreadsClone\server\node_modules\mongoose\lib\document.js:3318:32)
    at model.$set (G:\ThreadsClone\ThreadsClone\server\node_modules\mongoose\lib\document.js:1474:12)
    at model.$set (G:\ThreadsClone\ThreadsClone\server\node_modules\mongoose\lib\document.js:1128:16)
    at model.Document (G:\ThreadsClone\ThreadsClone\server\node_modules\mongoose\lib\document.js:177:12)
    at model.Model (G:\ThreadsClone\ThreadsClone\server\node_modules\mongoose\lib\model.js:125:12)
    at new model (G:\ThreadsClone\ThreadsClone\server\node_modules\mongoose\lib\model.js:4611:15)
    at G:\ThreadsClone\ThreadsClone\server\src\controllers\threadController.ts:142:25
    at processTicksAndRejections (node:internal/process/task_queues:95:5)
2024-12-11T10:37:23.899Z [ERROR]: Error: Like validation failed: createdAt: Cast to date failed for value "[Function: Date]" (type function) at path "createdAt" 
Stack: ValidationError: Like validation failed: createdAt: Cast to date failed for value "[Function: Date]" (type function) at path "createdAt"
    at model.Document.invalidate (G:\ThreadsClone\ThreadsClone\server\node_modules\mongoose\lib\document.js:3318:32)
    at model.$set (G:\ThreadsClone\ThreadsClone\server\node_modules\mongoose\lib\document.js:1474:12)
    at model.$set (G:\ThreadsClone\ThreadsClone\server\node_modules\mongoose\lib\document.js:1128:16)
    at model.Document (G:\ThreadsClone\ThreadsClone\server\node_modules\mongoose\lib\document.js:177:12)
    at model.Model (G:\ThreadsClone\ThreadsClone\server\node_modules\mongoose\lib\model.js:125:12)
    at new model (G:\ThreadsClone\ThreadsClone\server\node_modules\mongoose\lib\model.js:4611:15)
    at G:\ThreadsClone\ThreadsClone\server\src\controllers\threadController.ts:142:25
    at processTicksAndRejections (node:internal/process/task_queues:95:5)
2024-12-11T10:37:29.467Z [ERROR]: Error: Like validation failed: createdAt: Cast to date failed for value "[Function: Date]" (type function) at path "createdAt" 
Stack: ValidationError: Like validation failed: createdAt: Cast to date failed for value "[Function: Date]" (type function) at path "createdAt"
    at model.Document.invalidate (G:\ThreadsClone\ThreadsClone\server\node_modules\mongoose\lib\document.js:3318:32)
    at model.$set (G:\ThreadsClone\ThreadsClone\server\node_modules\mongoose\lib\document.js:1474:12)
    at model.$set (G:\ThreadsClone\ThreadsClone\server\node_modules\mongoose\lib\document.js:1128:16)
    at model.Document (G:\ThreadsClone\ThreadsClone\server\node_modules\mongoose\lib\document.js:177:12)
    at model.Model (G:\ThreadsClone\ThreadsClone\server\node_modules\mongoose\lib\model.js:125:12)
    at new model (G:\ThreadsClone\ThreadsClone\server\node_modules\mongoose\lib\model.js:4611:15)
    at G:\ThreadsClone\ThreadsClone\server\src\controllers\threadController.ts:142:25
    at processTicksAndRejections (node:internal/process/task_queues:95:5)
2024-12-11T10:38:59.136Z [ERROR]: Error: Like validation failed: createdAt: Cast to date failed for value "[Function: Date]" (type function) at path "createdAt" 
Stack: ValidationError: Like validation failed: createdAt: Cast to date failed for value "[Function: Date]" (type function) at path "createdAt"
    at model.Document.invalidate (G:\ThreadsClone\ThreadsClone\server\node_modules\mongoose\lib\document.js:3318:32)
    at model.$set (G:\ThreadsClone\ThreadsClone\server\node_modules\mongoose\lib\document.js:1474:12)
    at model.$set (G:\ThreadsClone\ThreadsClone\server\node_modules\mongoose\lib\document.js:1128:16)
    at model.Document (G:\ThreadsClone\ThreadsClone\server\node_modules\mongoose\lib\document.js:177:12)
    at model.Model (G:\ThreadsClone\ThreadsClone\server\node_modules\mongoose\lib\model.js:125:12)
    at new model (G:\ThreadsClone\ThreadsClone\server\node_modules\mongoose\lib\model.js:4611:15)
    at G:\ThreadsClone\ThreadsClone\server\src\controllers\threadController.ts:142:25
    at processTicksAndRejections (node:internal/process/task_queues:95:5)
2024-12-11T10:40:03.974Z [ERROR]: Error: Like validation failed: createdAt: Cast to date failed for value "[Function: Date]" (type function) at path "createdAt" 
Stack: ValidationError: Like validation failed: createdAt: Cast to date failed for value "[Function: Date]" (type function) at path "createdAt"
    at model.Document.invalidate (G:\ThreadsClone\ThreadsClone\server\node_modules\mongoose\lib\document.js:3318:32)
    at model.$set (G:\ThreadsClone\ThreadsClone\server\node_modules\mongoose\lib\document.js:1474:12)
    at model.$set (G:\ThreadsClone\ThreadsClone\server\node_modules\mongoose\lib\document.js:1128:16)
    at model.Document (G:\ThreadsClone\ThreadsClone\server\node_modules\mongoose\lib\document.js:177:12)
    at model.Model (G:\ThreadsClone\ThreadsClone\server\node_modules\mongoose\lib\model.js:125:12)
    at new model (G:\ThreadsClone\ThreadsClone\server\node_modules\mongoose\lib\model.js:4611:15)
    at G:\ThreadsClone\ThreadsClone\server\src\controllers\threadController.ts:142:25
    at processTicksAndRejections (node:internal/process/task_queues:95:5)
2024-12-12T00:29:05.265Z [ERROR]: Error: Cannot find /api/threads/threads:id/like on this server 
Stack: Error: Cannot find /api/threads/threads:id/like on this server
    at G:\ThreadsClone\ThreadsClone\server\src\app.ts:42:8
    at Layer.handle [as handle_request] (G:\ThreadsClone\ThreadsClone\server\node_modules\express\lib\router\layer.js:95:5)
    at next (G:\ThreadsClone\ThreadsClone\server\node_modules\express\lib\router\route.js:149:13)
    at next (G:\ThreadsClone\ThreadsClone\server\node_modules\express\lib\router\route.js:145:7)
    at next (G:\ThreadsClone\ThreadsClone\server\node_modules\express\lib\router\route.js:145:7)
    at next (G:\ThreadsClone\ThreadsClone\server\node_modules\express\lib\router\route.js:145:7)
    at next (G:\ThreadsClone\ThreadsClone\server\node_modules\express\lib\router\route.js:145:7)
    at next (G:\ThreadsClone\ThreadsClone\server\node_modules\express\lib\router\route.js:145:7)
    at next (G:\ThreadsClone\ThreadsClone\server\node_modules\express\lib\router\route.js:145:7)
    at next (G:\ThreadsClone\ThreadsClone\server\node_modules\express\lib\router\route.js:145:7)
2024-12-12T00:29:12.327Z [ERROR]: Error: Cannot find /api/threads/threads:id/like on this server 
Stack: Error: Cannot find /api/threads/threads:id/like on this server
    at G:\ThreadsClone\ThreadsClone\server\src\app.ts:42:8
    at Layer.handle [as handle_request] (G:\ThreadsClone\ThreadsClone\server\node_modules\express\lib\router\layer.js:95:5)
    at next (G:\ThreadsClone\ThreadsClone\server\node_modules\express\lib\router\route.js:149:13)
    at next (G:\ThreadsClone\ThreadsClone\server\node_modules\express\lib\router\route.js:145:7)
    at next (G:\ThreadsClone\ThreadsClone\server\node_modules\express\lib\router\route.js:145:7)
    at next (G:\ThreadsClone\ThreadsClone\server\node_modules\express\lib\router\route.js:145:7)
    at next (G:\ThreadsClone\ThreadsClone\server\node_modules\express\lib\router\route.js:145:7)
    at next (G:\ThreadsClone\ThreadsClone\server\node_modules\express\lib\router\route.js:145:7)
    at next (G:\ThreadsClone\ThreadsClone\server\node_modules\express\lib\router\route.js:145:7)
    at next (G:\ThreadsClone\ThreadsClone\server\node_modules\express\lib\router\route.js:145:7)
2024-12-12T01:01:22.797Z [ERROR]: Error: Cannot find /api/threads/posts/liked on this server 
Stack: Error: Cannot find /api/threads/posts/liked on this server
    at G:\ThreadsClone\ThreadsClone\server\src\app.ts:42:8
    at Layer.handle [as handle_request] (G:\ThreadsClone\ThreadsClone\server\node_modules\express\lib\router\layer.js:95:5)
    at next (G:\ThreadsClone\ThreadsClone\server\node_modules\express\lib\router\route.js:149:13)
    at next (G:\ThreadsClone\ThreadsClone\server\node_modules\express\lib\router\route.js:145:7)
    at next (G:\ThreadsClone\ThreadsClone\server\node_modules\express\lib\router\route.js:145:7)
    at next (G:\ThreadsClone\ThreadsClone\server\node_modules\express\lib\router\route.js:145:7)
    at next (G:\ThreadsClone\ThreadsClone\server\node_modules\express\lib\router\route.js:145:7)
    at next (G:\ThreadsClone\ThreadsClone\server\node_modules\express\lib\router\route.js:145:7)
    at next (G:\ThreadsClone\ThreadsClone\server\node_modules\express\lib\router\route.js:145:7)
    at Route.dispatch (G:\ThreadsClone\ThreadsClone\server\node_modules\express\lib\router\route.js:119:3)
2024-12-12T01:01:22.910Z [ERROR]: Error: Cannot find /api/threads/posts/liked on this server 
Stack: Error: Cannot find /api/threads/posts/liked on this server
    at G:\ThreadsClone\ThreadsClone\server\src\app.ts:42:8
    at Layer.handle [as handle_request] (G:\ThreadsClone\ThreadsClone\server\node_modules\express\lib\router\layer.js:95:5)
    at next (G:\ThreadsClone\ThreadsClone\server\node_modules\express\lib\router\route.js:149:13)
    at next (G:\ThreadsClone\ThreadsClone\server\node_modules\express\lib\router\route.js:145:7)
    at next (G:\ThreadsClone\ThreadsClone\server\node_modules\express\lib\router\route.js:145:7)
    at next (G:\ThreadsClone\ThreadsClone\server\node_modules\express\lib\router\route.js:145:7)
    at next (G:\ThreadsClone\ThreadsClone\server\node_modules\express\lib\router\route.js:145:7)
    at next (G:\ThreadsClone\ThreadsClone\server\node_modules\express\lib\router\route.js:145:7)
    at next (G:\ThreadsClone\ThreadsClone\server\node_modules\express\lib\router\route.js:145:7)
    at Route.dispatch (G:\ThreadsClone\ThreadsClone\server\node_modules\express\lib\router\route.js:119:3)
2024-12-12T01:01:36.960Z [ERROR]: Error: Cannot find /api/threads/posts/liked on this server 
Stack: Error: Cannot find /api/threads/posts/liked on this server
    at G:\ThreadsClone\ThreadsClone\server\src\app.ts:42:8
    at Layer.handle [as handle_request] (G:\ThreadsClone\ThreadsClone\server\node_modules\express\lib\router\layer.js:95:5)
    at next (G:\ThreadsClone\ThreadsClone\server\node_modules\express\lib\router\route.js:149:13)
    at next (G:\ThreadsClone\ThreadsClone\server\node_modules\express\lib\router\route.js:145:7)
    at next (G:\ThreadsClone\ThreadsClone\server\node_modules\express\lib\router\route.js:145:7)
    at next (G:\ThreadsClone\ThreadsClone\server\node_modules\express\lib\router\route.js:145:7)
    at next (G:\ThreadsClone\ThreadsClone\server\node_modules\express\lib\router\route.js:145:7)
    at next (G:\ThreadsClone\ThreadsClone\server\node_modules\express\lib\router\route.js:145:7)
    at next (G:\ThreadsClone\ThreadsClone\server\node_modules\express\lib\router\route.js:145:7)
    at Route.dispatch (G:\ThreadsClone\ThreadsClone\server\node_modules\express\lib\router\route.js:119:3)
2024-12-12T01:01:37.097Z [ERROR]: Error: Cannot find /api/threads/posts/liked on this server 
Stack: Error: Cannot find /api/threads/posts/liked on this server
    at G:\ThreadsClone\ThreadsClone\server\src\app.ts:42:8
    at Layer.handle [as handle_request] (G:\ThreadsClone\ThreadsClone\server\node_modules\express\lib\router\layer.js:95:5)
    at next (G:\ThreadsClone\ThreadsClone\server\node_modules\express\lib\router\route.js:149:13)
    at next (G:\ThreadsClone\ThreadsClone\server\node_modules\express\lib\router\route.js:145:7)
    at next (G:\ThreadsClone\ThreadsClone\server\node_modules\express\lib\router\route.js:145:7)
    at next (G:\ThreadsClone\ThreadsClone\server\node_modules\express\lib\router\route.js:145:7)
    at next (G:\ThreadsClone\ThreadsClone\server\node_modules\express\lib\router\route.js:145:7)
    at next (G:\ThreadsClone\ThreadsClone\server\node_modules\express\lib\router\route.js:145:7)
    at next (G:\ThreadsClone\ThreadsClone\server\node_modules\express\lib\router\route.js:145:7)
    at Route.dispatch (G:\ThreadsClone\ThreadsClone\server\node_modules\express\lib\router\route.js:119:3)
2024-12-12T01:01:44.764Z [ERROR]: Error: Cannot find /api/threads/posts/liked on this server 
Stack: Error: Cannot find /api/threads/posts/liked on this server
    at G:\ThreadsClone\ThreadsClone\server\src\app.ts:42:8
    at Layer.handle [as handle_request] (G:\ThreadsClone\ThreadsClone\server\node_modules\express\lib\router\layer.js:95:5)
    at next (G:\ThreadsClone\ThreadsClone\server\node_modules\express\lib\router\route.js:149:13)
    at next (G:\ThreadsClone\ThreadsClone\server\node_modules\express\lib\router\route.js:145:7)
    at next (G:\ThreadsClone\ThreadsClone\server\node_modules\express\lib\router\route.js:145:7)
    at next (G:\ThreadsClone\ThreadsClone\server\node_modules\express\lib\router\route.js:145:7)
    at next (G:\ThreadsClone\ThreadsClone\server\node_modules\express\lib\router\route.js:145:7)
    at next (G:\ThreadsClone\ThreadsClone\server\node_modules\express\lib\router\route.js:145:7)
    at next (G:\ThreadsClone\ThreadsClone\server\node_modules\express\lib\router\route.js:145:7)
    at Route.dispatch (G:\ThreadsClone\ThreadsClone\server\node_modules\express\lib\router\route.js:119:3)
2024-12-12T01:01:44.880Z [ERROR]: Error: Cannot find /api/threads/posts/liked on this server 
Stack: Error: Cannot find /api/threads/posts/liked on this server
    at G:\ThreadsClone\ThreadsClone\server\src\app.ts:42:8
    at Layer.handle [as handle_request] (G:\ThreadsClone\ThreadsClone\server\node_modules\express\lib\router\layer.js:95:5)
    at next (G:\ThreadsClone\ThreadsClone\server\node_modules\express\lib\router\route.js:149:13)
    at next (G:\ThreadsClone\ThreadsClone\server\node_modules\express\lib\router\route.js:145:7)
    at next (G:\ThreadsClone\ThreadsClone\server\node_modules\express\lib\router\route.js:145:7)
    at next (G:\ThreadsClone\ThreadsClone\server\node_modules\express\lib\router\route.js:145:7)
    at next (G:\ThreadsClone\ThreadsClone\server\node_modules\express\lib\router\route.js:145:7)
    at next (G:\ThreadsClone\ThreadsClone\server\node_modules\express\lib\router\route.js:145:7)
    at next (G:\ThreadsClone\ThreadsClone\server\node_modules\express\lib\router\route.js:145:7)
    at Route.dispatch (G:\ThreadsClone\ThreadsClone\server\node_modules\express\lib\router\route.js:119:3)
2024-12-12T01:01:59.582Z [ERROR]: Error: Cannot find /api/threads/posts/liked on this server 
Stack: Error: Cannot find /api/threads/posts/liked on this server
    at G:\ThreadsClone\ThreadsClone\server\src\app.ts:42:8
    at Layer.handle [as handle_request] (G:\ThreadsClone\ThreadsClone\server\node_modules\express\lib\router\layer.js:95:5)
    at next (G:\ThreadsClone\ThreadsClone\server\node_modules\express\lib\router\route.js:149:13)
    at next (G:\ThreadsClone\ThreadsClone\server\node_modules\express\lib\router\route.js:145:7)
    at next (G:\ThreadsClone\ThreadsClone\server\node_modules\express\lib\router\route.js:145:7)
    at next (G:\ThreadsClone\ThreadsClone\server\node_modules\express\lib\router\route.js:145:7)
    at next (G:\ThreadsClone\ThreadsClone\server\node_modules\express\lib\router\route.js:145:7)
    at next (G:\ThreadsClone\ThreadsClone\server\node_modules\express\lib\router\route.js:145:7)
    at next (G:\ThreadsClone\ThreadsClone\server\node_modules\express\lib\router\route.js:145:7)
    at Route.dispatch (G:\ThreadsClone\ThreadsClone\server\node_modules\express\lib\router\route.js:119:3)
2024-12-12T01:01:59.710Z [ERROR]: Error: Cannot find /api/threads/posts/liked on this server 
Stack: Error: Cannot find /api/threads/posts/liked on this server
    at G:\ThreadsClone\ThreadsClone\server\src\app.ts:42:8
    at Layer.handle [as handle_request] (G:\ThreadsClone\ThreadsClone\server\node_modules\express\lib\router\layer.js:95:5)
    at next (G:\ThreadsClone\ThreadsClone\server\node_modules\express\lib\router\route.js:149:13)
    at next (G:\ThreadsClone\ThreadsClone\server\node_modules\express\lib\router\route.js:145:7)
    at next (G:\ThreadsClone\ThreadsClone\server\node_modules\express\lib\router\route.js:145:7)
    at next (G:\ThreadsClone\ThreadsClone\server\node_modules\express\lib\router\route.js:145:7)
    at next (G:\ThreadsClone\ThreadsClone\server\node_modules\express\lib\router\route.js:145:7)
    at next (G:\ThreadsClone\ThreadsClone\server\node_modules\express\lib\router\route.js:145:7)
    at next (G:\ThreadsClone\ThreadsClone\server\node_modules\express\lib\router\route.js:145:7)
    at Route.dispatch (G:\ThreadsClone\ThreadsClone\server\node_modules\express\lib\router\route.js:119:3)
2024-12-12T01:02:12.115Z [ERROR]: Error: Cannot find /api/threads/posts/liked on this server 
Stack: Error: Cannot find /api/threads/posts/liked on this server
    at G:\ThreadsClone\ThreadsClone\server\src\app.ts:42:8
    at Layer.handle [as handle_request] (G:\ThreadsClone\ThreadsClone\server\node_modules\express\lib\router\layer.js:95:5)
    at next (G:\ThreadsClone\ThreadsClone\server\node_modules\express\lib\router\route.js:149:13)
    at next (G:\ThreadsClone\ThreadsClone\server\node_modules\express\lib\router\route.js:145:7)
    at next (G:\ThreadsClone\ThreadsClone\server\node_modules\express\lib\router\route.js:145:7)
    at next (G:\ThreadsClone\ThreadsClone\server\node_modules\express\lib\router\route.js:145:7)
    at next (G:\ThreadsClone\ThreadsClone\server\node_modules\express\lib\router\route.js:145:7)
    at next (G:\ThreadsClone\ThreadsClone\server\node_modules\express\lib\router\route.js:145:7)
    at next (G:\ThreadsClone\ThreadsClone\server\node_modules\express\lib\router\route.js:145:7)
    at Route.dispatch (G:\ThreadsClone\ThreadsClone\server\node_modules\express\lib\router\route.js:119:3)
2024-12-12T01:02:12.238Z [ERROR]: Error: Cannot find /api/threads/posts/liked on this server 
Stack: Error: Cannot find /api/threads/posts/liked on this server
    at G:\ThreadsClone\ThreadsClone\server\src\app.ts:42:8
    at Layer.handle [as handle_request] (G:\ThreadsClone\ThreadsClone\server\node_modules\express\lib\router\layer.js:95:5)
    at next (G:\ThreadsClone\ThreadsClone\server\node_modules\express\lib\router\route.js:149:13)
    at next (G:\ThreadsClone\ThreadsClone\server\node_modules\express\lib\router\route.js:145:7)
    at next (G:\ThreadsClone\ThreadsClone\server\node_modules\express\lib\router\route.js:145:7)
    at next (G:\ThreadsClone\ThreadsClone\server\node_modules\express\lib\router\route.js:145:7)
    at next (G:\ThreadsClone\ThreadsClone\server\node_modules\express\lib\router\route.js:145:7)
    at next (G:\ThreadsClone\ThreadsClone\server\node_modules\express\lib\router\route.js:145:7)
    at next (G:\ThreadsClone\ThreadsClone\server\node_modules\express\lib\router\route.js:145:7)
    at Route.dispatch (G:\ThreadsClone\ThreadsClone\server\node_modules\express\lib\router\route.js:119:3)
2024-12-12T03:55:29.596Z [ERROR]: Error: Cannot set headers after they are sent to the client 
Stack: Error: Cannot set headers after they are sent to the client
    at ServerResponse.setHeader (node:_http_outgoing:703:11)
    at ServerResponse.header (G:\ThreadsClone\ThreadsClone\server\node_modules\express\lib\response.js:794:10)
    at ServerResponse.send (G:\ThreadsClone\ThreadsClone\server\node_modules\express\lib\response.js:174:12)
    at ServerResponse.json (G:\ThreadsClone\ThreadsClone\server\node_modules\express\lib\response.js:278:15)
    at G:\ThreadsClone\ThreadsClone\server\src\controllers\threadController.ts:190:21
    at processTicksAndRejections (node:internal/process/task_queues:95:5)
2024-12-12T03:55:29.662Z [ERROR]: Error: Cannot set headers after they are sent to the client 
Stack: Error: Cannot set headers after they are sent to the client
    at ServerResponse.setHeader (node:_http_outgoing:703:11)
    at ServerResponse.header (G:\ThreadsClone\ThreadsClone\server\node_modules\express\lib\response.js:794:10)
    at ServerResponse.send (G:\ThreadsClone\ThreadsClone\server\node_modules\express\lib\response.js:174:12)
    at ServerResponse.json (G:\ThreadsClone\ThreadsClone\server\node_modules\express\lib\response.js:278:15)
    at G:\ThreadsClone\ThreadsClone\server\src\controllers\threadController.ts:190:21
    at processTicksAndRejections (node:internal/process/task_queues:95:5)
2024-12-12T03:55:37.064Z [ERROR]: Error: Cannot set headers after they are sent to the client 
Stack: Error: Cannot set headers after they are sent to the client
    at ServerResponse.setHeader (node:_http_outgoing:703:11)
    at ServerResponse.header (G:\ThreadsClone\ThreadsClone\server\node_modules\express\lib\response.js:794:10)
    at ServerResponse.send (G:\ThreadsClone\ThreadsClone\server\node_modules\express\lib\response.js:174:12)
    at ServerResponse.json (G:\ThreadsClone\ThreadsClone\server\node_modules\express\lib\response.js:278:15)
    at G:\ThreadsClone\ThreadsClone\server\src\controllers\threadController.ts:190:21
    at processTicksAndRejections (node:internal/process/task_queues:95:5)
2024-12-12T03:55:37.136Z [ERROR]: Error: Cannot set headers after they are sent to the client 
Stack: Error: Cannot set headers after they are sent to the client
    at ServerResponse.setHeader (node:_http_outgoing:703:11)
    at ServerResponse.header (G:\ThreadsClone\ThreadsClone\server\node_modules\express\lib\response.js:794:10)
    at ServerResponse.send (G:\ThreadsClone\ThreadsClone\server\node_modules\express\lib\response.js:174:12)
    at ServerResponse.json (G:\ThreadsClone\ThreadsClone\server\node_modules\express\lib\response.js:278:15)
    at G:\ThreadsClone\ThreadsClone\server\src\controllers\threadController.ts:190:21
    at processTicksAndRejections (node:internal/process/task_queues:95:5)
2024-12-12T03:55:42.751Z [ERROR]: Error: Cannot set headers after they are sent to the client 
Stack: Error: Cannot set headers after they are sent to the client
    at ServerResponse.setHeader (node:_http_outgoing:703:11)
    at ServerResponse.header (G:\ThreadsClone\ThreadsClone\server\node_modules\express\lib\response.js:794:10)
    at ServerResponse.send (G:\ThreadsClone\ThreadsClone\server\node_modules\express\lib\response.js:174:12)
    at ServerResponse.json (G:\ThreadsClone\ThreadsClone\server\node_modules\express\lib\response.js:278:15)
    at G:\ThreadsClone\ThreadsClone\server\src\controllers\threadController.ts:190:21
    at processTicksAndRejections (node:internal/process/task_queues:95:5)
2024-12-12T03:55:42.821Z [ERROR]: Error: Cannot set headers after they are sent to the client 
Stack: Error: Cannot set headers after they are sent to the client
    at ServerResponse.setHeader (node:_http_outgoing:703:11)
    at ServerResponse.header (G:\ThreadsClone\ThreadsClone\server\node_modules\express\lib\response.js:794:10)
    at ServerResponse.send (G:\ThreadsClone\ThreadsClone\server\node_modules\express\lib\response.js:174:12)
    at ServerResponse.json (G:\ThreadsClone\ThreadsClone\server\node_modules\express\lib\response.js:278:15)
    at G:\ThreadsClone\ThreadsClone\server\src\controllers\threadController.ts:190:21
    at processTicksAndRejections (node:internal/process/task_queues:95:5)
2024-12-12T03:56:03.985Z [ERROR]: Error: Cannot set headers after they are sent to the client 
Stack: Error: Cannot set headers after they are sent to the client
    at ServerResponse.setHeader (node:_http_outgoing:703:11)
    at ServerResponse.header (G:\ThreadsClone\ThreadsClone\server\node_modules\express\lib\response.js:794:10)
    at ServerResponse.send (G:\ThreadsClone\ThreadsClone\server\node_modules\express\lib\response.js:174:12)
    at ServerResponse.json (G:\ThreadsClone\ThreadsClone\server\node_modules\express\lib\response.js:278:15)
    at G:\ThreadsClone\ThreadsClone\server\src\controllers\threadController.ts:190:21
    at processTicksAndRejections (node:internal/process/task_queues:95:5)
2024-12-12T03:56:04.302Z [ERROR]: Error: Cannot set headers after they are sent to the client 
Stack: Error: Cannot set headers after they are sent to the client
    at ServerResponse.setHeader (node:_http_outgoing:703:11)
    at ServerResponse.header (G:\ThreadsClone\ThreadsClone\server\node_modules\express\lib\response.js:794:10)
    at ServerResponse.send (G:\ThreadsClone\ThreadsClone\server\node_modules\express\lib\response.js:174:12)
    at ServerResponse.json (G:\ThreadsClone\ThreadsClone\server\node_modules\express\lib\response.js:278:15)
    at G:\ThreadsClone\ThreadsClone\server\src\controllers\threadController.ts:190:21
    at processTicksAndRejections (node:internal/process/task_queues:95:5)
2024-12-12T03:56:15.823Z [ERROR]: Error: Cannot set headers after they are sent to the client 
Stack: Error: Cannot set headers after they are sent to the client
    at ServerResponse.setHeader (node:_http_outgoing:703:11)
    at ServerResponse.header (G:\ThreadsClone\ThreadsClone\server\node_modules\express\lib\response.js:794:10)
    at ServerResponse.send (G:\ThreadsClone\ThreadsClone\server\node_modules\express\lib\response.js:174:12)
    at ServerResponse.json (G:\ThreadsClone\ThreadsClone\server\node_modules\express\lib\response.js:278:15)
    at G:\ThreadsClone\ThreadsClone\server\src\controllers\threadController.ts:190:21
    at processTicksAndRejections (node:internal/process/task_queues:95:5)
2024-12-12T03:56:15.906Z [ERROR]: Error: Cannot set headers after they are sent to the client 
Stack: Error: Cannot set headers after they are sent to the client
    at ServerResponse.setHeader (node:_http_outgoing:703:11)
    at ServerResponse.header (G:\ThreadsClone\ThreadsClone\server\node_modules\express\lib\response.js:794:10)
    at ServerResponse.send (G:\ThreadsClone\ThreadsClone\server\node_modules\express\lib\response.js:174:12)
    at ServerResponse.json (G:\ThreadsClone\ThreadsClone\server\node_modules\express\lib\response.js:278:15)
    at G:\ThreadsClone\ThreadsClone\server\src\controllers\threadController.ts:190:21
    at processTicksAndRejections (node:internal/process/task_queues:95:5)
2024-12-12T03:56:16.461Z [ERROR]: Error: Cannot set headers after they are sent to the client 
Stack: Error: Cannot set headers after they are sent to the client
    at ServerResponse.setHeader (node:_http_outgoing:703:11)
    at ServerResponse.header (G:\ThreadsClone\ThreadsClone\server\node_modules\express\lib\response.js:794:10)
    at ServerResponse.send (G:\ThreadsClone\ThreadsClone\server\node_modules\express\lib\response.js:174:12)
    at ServerResponse.json (G:\ThreadsClone\ThreadsClone\server\node_modules\express\lib\response.js:278:15)
    at G:\ThreadsClone\ThreadsClone\server\src\controllers\threadController.ts:190:21
    at processTicksAndRejections (node:internal/process/task_queues:95:5)
2024-12-12T03:56:16.528Z [ERROR]: Error: Cannot set headers after they are sent to the client 
Stack: Error: Cannot set headers after they are sent to the client
    at ServerResponse.setHeader (node:_http_outgoing:703:11)
    at ServerResponse.header (G:\ThreadsClone\ThreadsClone\server\node_modules\express\lib\response.js:794:10)
    at ServerResponse.send (G:\ThreadsClone\ThreadsClone\server\node_modules\express\lib\response.js:174:12)
    at ServerResponse.json (G:\ThreadsClone\ThreadsClone\server\node_modules\express\lib\response.js:278:15)
    at G:\ThreadsClone\ThreadsClone\server\src\controllers\threadController.ts:190:21
    at processTicksAndRejections (node:internal/process/task_queues:95:5)
2024-12-12T03:57:29.416Z [ERROR]: Error: Cannot set headers after they are sent to the client 
Stack: Error: Cannot set headers after they are sent to the client
    at ServerResponse.setHeader (node:_http_outgoing:703:11)
    at ServerResponse.header (G:\ThreadsClone\ThreadsClone\server\node_modules\express\lib\response.js:794:10)
    at ServerResponse.send (G:\ThreadsClone\ThreadsClone\server\node_modules\express\lib\response.js:174:12)
    at ServerResponse.json (G:\ThreadsClone\ThreadsClone\server\node_modules\express\lib\response.js:278:15)
    at G:\ThreadsClone\ThreadsClone\server\src\controllers\threadController.ts:190:21
    at processTicksAndRejections (node:internal/process/task_queues:95:5)
2024-12-12T03:57:29.493Z [ERROR]: Error: Cannot set headers after they are sent to the client 
Stack: Error: Cannot set headers after they are sent to the client
    at ServerResponse.setHeader (node:_http_outgoing:703:11)
    at ServerResponse.header (G:\ThreadsClone\ThreadsClone\server\node_modules\express\lib\response.js:794:10)
    at ServerResponse.send (G:\ThreadsClone\ThreadsClone\server\node_modules\express\lib\response.js:174:12)
    at ServerResponse.json (G:\ThreadsClone\ThreadsClone\server\node_modules\express\lib\response.js:278:15)
    at G:\ThreadsClone\ThreadsClone\server\src\controllers\threadController.ts:190:21
    at processTicksAndRejections (node:internal/process/task_queues:95:5)
2024-12-12T04:00:20.254Z [ERROR]: Error: Cannot set headers after they are sent to the client 
Stack: Error: Cannot set headers after they are sent to the client
    at ServerResponse.setHeader (node:_http_outgoing:703:11)
    at ServerResponse.header (G:\ThreadsClone\ThreadsClone\server\node_modules\express\lib\response.js:794:10)
    at ServerResponse.send (G:\ThreadsClone\ThreadsClone\server\node_modules\express\lib\response.js:174:12)
    at ServerResponse.json (G:\ThreadsClone\ThreadsClone\server\node_modules\express\lib\response.js:278:15)
    at G:\ThreadsClone\ThreadsClone\server\src\controllers\threadController.ts:190:21
    at processTicksAndRejections (node:internal/process/task_queues:95:5)
2024-12-12T04:00:20.311Z [ERROR]: Error: Cannot set headers after they are sent to the client 
Stack: Error: Cannot set headers after they are sent to the client
    at ServerResponse.setHeader (node:_http_outgoing:703:11)
    at ServerResponse.header (G:\ThreadsClone\ThreadsClone\server\node_modules\express\lib\response.js:794:10)
    at ServerResponse.send (G:\ThreadsClone\ThreadsClone\server\node_modules\express\lib\response.js:174:12)
    at ServerResponse.json (G:\ThreadsClone\ThreadsClone\server\node_modules\express\lib\response.js:278:15)
    at G:\ThreadsClone\ThreadsClone\server\src\controllers\threadController.ts:190:21
    at processTicksAndRejections (node:internal/process/task_queues:95:5)
2024-12-12T04:03:51.901Z [ERROR]: Error: Cannot set headers after they are sent to the client 
Stack: Error: Cannot set headers after they are sent to the client
    at ServerResponse.setHeader (node:_http_outgoing:703:11)
    at ServerResponse.header (G:\ThreadsClone\ThreadsClone\server\node_modules\express\lib\response.js:794:10)
    at ServerResponse.send (G:\ThreadsClone\ThreadsClone\server\node_modules\express\lib\response.js:174:12)
    at ServerResponse.json (G:\ThreadsClone\ThreadsClone\server\node_modules\express\lib\response.js:278:15)
    at G:\ThreadsClone\ThreadsClone\server\src\controllers\threadController.ts:193:21
    at processTicksAndRejections (node:internal/process/task_queues:95:5)
2024-12-12T04:03:51.998Z [ERROR]: Error: Cannot set headers after they are sent to the client 
Stack: Error: Cannot set headers after they are sent to the client
    at ServerResponse.setHeader (node:_http_outgoing:703:11)
    at ServerResponse.header (G:\ThreadsClone\ThreadsClone\server\node_modules\express\lib\response.js:794:10)
    at ServerResponse.send (G:\ThreadsClone\ThreadsClone\server\node_modules\express\lib\response.js:174:12)
    at ServerResponse.json (G:\ThreadsClone\ThreadsClone\server\node_modules\express\lib\response.js:278:15)
    at G:\ThreadsClone\ThreadsClone\server\src\controllers\threadController.ts:193:21
    at processTicksAndRejections (node:internal/process/task_queues:95:5)
2024-12-12T04:28:39.100Z [ERROR]: Error: Cannot set headers after they are sent to the client 
Stack: Error: Cannot set headers after they are sent to the client
    at ServerResponse.setHeader (node:_http_outgoing:703:11)
    at ServerResponse.header (G:\ThreadsClone\ThreadsClone\server\node_modules\express\lib\response.js:794:10)
    at ServerResponse.send (G:\ThreadsClone\ThreadsClone\server\node_modules\express\lib\response.js:174:12)
    at ServerResponse.json (G:\ThreadsClone\ThreadsClone\server\node_modules\express\lib\response.js:278:15)
    at G:\ThreadsClone\ThreadsClone\server\src\controllers\threadController.ts:193:21
    at processTicksAndRejections (node:internal/process/task_queues:95:5)
2024-12-12T04:28:39.350Z [ERROR]: Error: Cannot set headers after they are sent to the client 
Stack: Error: Cannot set headers after they are sent to the client
    at ServerResponse.setHeader (node:_http_outgoing:703:11)
    at ServerResponse.header (G:\ThreadsClone\ThreadsClone\server\node_modules\express\lib\response.js:794:10)
    at ServerResponse.send (G:\ThreadsClone\ThreadsClone\server\node_modules\express\lib\response.js:174:12)
    at ServerResponse.json (G:\ThreadsClone\ThreadsClone\server\node_modules\express\lib\response.js:278:15)
    at G:\ThreadsClone\ThreadsClone\server\src\controllers\threadController.ts:193:21
    at processTicksAndRejections (node:internal/process/task_queues:95:5)
2024-12-12T04:29:18.943Z [ERROR]: Error: Cannot set headers after they are sent to the client 
Stack: Error: Cannot set headers after they are sent to the client
    at ServerResponse.setHeader (node:_http_outgoing:703:11)
    at ServerResponse.header (G:\ThreadsClone\ThreadsClone\server\node_modules\express\lib\response.js:794:10)
    at ServerResponse.send (G:\ThreadsClone\ThreadsClone\server\node_modules\express\lib\response.js:174:12)
    at ServerResponse.json (G:\ThreadsClone\ThreadsClone\server\node_modules\express\lib\response.js:278:15)
    at G:\ThreadsClone\ThreadsClone\server\src\controllers\threadController.ts:193:21
    at processTicksAndRejections (node:internal/process/task_queues:95:5)
2024-12-12T04:29:20.617Z [ERROR]: Error: Cannot set headers after they are sent to the client 
Stack: Error: Cannot set headers after they are sent to the client
    at ServerResponse.setHeader (node:_http_outgoing:703:11)
    at ServerResponse.header (G:\ThreadsClone\ThreadsClone\server\node_modules\express\lib\response.js:794:10)
    at ServerResponse.send (G:\ThreadsClone\ThreadsClone\server\node_modules\express\lib\response.js:174:12)
    at ServerResponse.json (G:\ThreadsClone\ThreadsClone\server\node_modules\express\lib\response.js:278:15)
    at G:\ThreadsClone\ThreadsClone\server\src\controllers\threadController.ts:193:21
    at processTicksAndRejections (node:internal/process/task_queues:95:5)
2024-12-12T04:29:20.728Z [ERROR]: Error: Cannot set headers after they are sent to the client 
Stack: Error: Cannot set headers after they are sent to the client
    at ServerResponse.setHeader (node:_http_outgoing:703:11)
    at ServerResponse.header (G:\ThreadsClone\ThreadsClone\server\node_modules\express\lib\response.js:794:10)
    at ServerResponse.send (G:\ThreadsClone\ThreadsClone\server\node_modules\express\lib\response.js:174:12)
    at ServerResponse.json (G:\ThreadsClone\ThreadsClone\server\node_modules\express\lib\response.js:278:15)
    at G:\ThreadsClone\ThreadsClone\server\src\controllers\threadController.ts:193:21
    at processTicksAndRejections (node:internal/process/task_queues:95:5)
2024-12-12T04:29:30.477Z [ERROR]: Error: Cannot set headers after they are sent to the client 
Stack: Error: Cannot set headers after they are sent to the client
    at ServerResponse.setHeader (node:_http_outgoing:703:11)
    at ServerResponse.header (G:\ThreadsClone\ThreadsClone\server\node_modules\express\lib\response.js:794:10)
    at ServerResponse.send (G:\ThreadsClone\ThreadsClone\server\node_modules\express\lib\response.js:174:12)
    at ServerResponse.json (G:\ThreadsClone\ThreadsClone\server\node_modules\express\lib\response.js:278:15)
    at G:\ThreadsClone\ThreadsClone\server\src\controllers\threadController.ts:193:21
    at processTicksAndRejections (node:internal/process/task_queues:95:5)
2024-12-12T04:29:30.551Z [ERROR]: Error: Cannot set headers after they are sent to the client 
Stack: Error: Cannot set headers after they are sent to the client
    at ServerResponse.setHeader (node:_http_outgoing:703:11)
    at ServerResponse.header (G:\ThreadsClone\ThreadsClone\server\node_modules\express\lib\response.js:794:10)
    at ServerResponse.send (G:\ThreadsClone\ThreadsClone\server\node_modules\express\lib\response.js:174:12)
    at ServerResponse.json (G:\ThreadsClone\ThreadsClone\server\node_modules\express\lib\response.js:278:15)
    at G:\ThreadsClone\ThreadsClone\server\src\controllers\threadController.ts:193:21
    at processTicksAndRejections (node:internal/process/task_queues:95:5)
2024-12-12T04:29:49.044Z [ERROR]: Error: Cannot set headers after they are sent to the client 
Stack: Error: Cannot set headers after they are sent to the client
    at ServerResponse.setHeader (node:_http_outgoing:703:11)
    at ServerResponse.header (G:\ThreadsClone\ThreadsClone\server\node_modules\express\lib\response.js:794:10)
    at ServerResponse.send (G:\ThreadsClone\ThreadsClone\server\node_modules\express\lib\response.js:174:12)
    at ServerResponse.json (G:\ThreadsClone\ThreadsClone\server\node_modules\express\lib\response.js:278:15)
    at G:\ThreadsClone\ThreadsClone\server\src\controllers\threadController.ts:193:21
    at processTicksAndRejections (node:internal/process/task_queues:95:5)
2024-12-12T04:29:49.110Z [ERROR]: Error: Cannot set headers after they are sent to the client 
Stack: Error: Cannot set headers after they are sent to the client
    at ServerResponse.setHeader (node:_http_outgoing:703:11)
    at ServerResponse.header (G:\ThreadsClone\ThreadsClone\server\node_modules\express\lib\response.js:794:10)
    at ServerResponse.send (G:\ThreadsClone\ThreadsClone\server\node_modules\express\lib\response.js:174:12)
    at ServerResponse.json (G:\ThreadsClone\ThreadsClone\server\node_modules\express\lib\response.js:278:15)
    at G:\ThreadsClone\ThreadsClone\server\src\controllers\threadController.ts:193:21
    at processTicksAndRejections (node:internal/process/task_queues:95:5)
2024-12-12T04:31:17.558Z [ERROR]: Error: Cannot set headers after they are sent to the client 
Stack: Error: Cannot set headers after they are sent to the client
    at ServerResponse.setHeader (node:_http_outgoing:703:11)
    at ServerResponse.header (G:\ThreadsClone\ThreadsClone\server\node_modules\express\lib\response.js:794:10)
    at ServerResponse.send (G:\ThreadsClone\ThreadsClone\server\node_modules\express\lib\response.js:174:12)
    at ServerResponse.json (G:\ThreadsClone\ThreadsClone\server\node_modules\express\lib\response.js:278:15)
    at G:\ThreadsClone\ThreadsClone\server\src\controllers\threadController.ts:193:21
    at processTicksAndRejections (node:internal/process/task_queues:95:5)
2024-12-12T04:31:19.719Z [ERROR]: Error: Cannot set headers after they are sent to the client 
Stack: Error: Cannot set headers after they are sent to the client
    at ServerResponse.setHeader (node:_http_outgoing:703:11)
    at ServerResponse.header (G:\ThreadsClone\ThreadsClone\server\node_modules\express\lib\response.js:794:10)
    at ServerResponse.send (G:\ThreadsClone\ThreadsClone\server\node_modules\express\lib\response.js:174:12)
    at ServerResponse.json (G:\ThreadsClone\ThreadsClone\server\node_modules\express\lib\response.js:278:15)
    at G:\ThreadsClone\ThreadsClone\server\src\controllers\threadController.ts:193:21
    at processTicksAndRejections (node:internal/process/task_queues:95:5)
2024-12-12T04:31:20.056Z [ERROR]: Error: Cannot set headers after they are sent to the client 
Stack: Error: Cannot set headers after they are sent to the client
    at ServerResponse.setHeader (node:_http_outgoing:703:11)
    at ServerResponse.header (G:\ThreadsClone\ThreadsClone\server\node_modules\express\lib\response.js:794:10)
    at ServerResponse.send (G:\ThreadsClone\ThreadsClone\server\node_modules\express\lib\response.js:174:12)
    at ServerResponse.json (G:\ThreadsClone\ThreadsClone\server\node_modules\express\lib\response.js:278:15)
    at G:\ThreadsClone\ThreadsClone\server\src\controllers\threadController.ts:193:21
    at processTicksAndRejections (node:internal/process/task_queues:95:5)
2024-12-12T04:33:13.532Z [ERROR]: Error: Cannot set headers after they are sent to the client 
Stack: Error: Cannot set headers after they are sent to the client
    at ServerResponse.setHeader (node:_http_outgoing:703:11)
    at ServerResponse.header (G:\ThreadsClone\ThreadsClone\server\node_modules\express\lib\response.js:794:10)
    at ServerResponse.send (G:\ThreadsClone\ThreadsClone\server\node_modules\express\lib\response.js:174:12)
    at ServerResponse.json (G:\ThreadsClone\ThreadsClone\server\node_modules\express\lib\response.js:278:15)
    at G:\ThreadsClone\ThreadsClone\server\src\controllers\threadController.ts:193:21
    at processTicksAndRejections (node:internal/process/task_queues:95:5)
2024-12-12T04:33:21.494Z [ERROR]: Error: Cannot set headers after they are sent to the client 
Stack: Error: Cannot set headers after they are sent to the client
    at ServerResponse.setHeader (node:_http_outgoing:703:11)
    at ServerResponse.header (G:\ThreadsClone\ThreadsClone\server\node_modules\express\lib\response.js:794:10)
    at ServerResponse.send (G:\ThreadsClone\ThreadsClone\server\node_modules\express\lib\response.js:174:12)
    at ServerResponse.json (G:\ThreadsClone\ThreadsClone\server\node_modules\express\lib\response.js:278:15)
    at G:\ThreadsClone\ThreadsClone\server\src\controllers\threadController.ts:193:21
    at processTicksAndRejections (node:internal/process/task_queues:95:5)
2024-12-12T04:33:35.516Z [ERROR]: Error: Cannot set headers after they are sent to the client 
Stack: Error: Cannot set headers after they are sent to the client
    at ServerResponse.setHeader (node:_http_outgoing:703:11)
    at ServerResponse.header (G:\ThreadsClone\ThreadsClone\server\node_modules\express\lib\response.js:794:10)
    at ServerResponse.send (G:\ThreadsClone\ThreadsClone\server\node_modules\express\lib\response.js:174:12)
    at ServerResponse.json (G:\ThreadsClone\ThreadsClone\server\node_modules\express\lib\response.js:278:15)
    at G:\ThreadsClone\ThreadsClone\server\src\controllers\threadController.ts:193:21
    at processTicksAndRejections (node:internal/process/task_queues:95:5)
2024-12-12T04:33:39.837Z [ERROR]: Error: Cannot set headers after they are sent to the client 
Stack: Error: Cannot set headers after they are sent to the client
    at ServerResponse.setHeader (node:_http_outgoing:703:11)
    at ServerResponse.header (G:\ThreadsClone\ThreadsClone\server\node_modules\express\lib\response.js:794:10)
    at ServerResponse.send (G:\ThreadsClone\ThreadsClone\server\node_modules\express\lib\response.js:174:12)
    at ServerResponse.json (G:\ThreadsClone\ThreadsClone\server\node_modules\express\lib\response.js:278:15)
    at G:\ThreadsClone\ThreadsClone\server\src\controllers\threadController.ts:193:21
    at processTicksAndRejections (node:internal/process/task_queues:95:5)
2024-12-12T04:33:39.904Z [ERROR]: Error: Cannot set headers after they are sent to the client 
Stack: Error: Cannot set headers after they are sent to the client
    at ServerResponse.setHeader (node:_http_outgoing:703:11)
    at ServerResponse.header (G:\ThreadsClone\ThreadsClone\server\node_modules\express\lib\response.js:794:10)
    at ServerResponse.send (G:\ThreadsClone\ThreadsClone\server\node_modules\express\lib\response.js:174:12)
    at ServerResponse.json (G:\ThreadsClone\ThreadsClone\server\node_modules\express\lib\response.js:278:15)
    at G:\ThreadsClone\ThreadsClone\server\src\controllers\threadController.ts:193:21
    at processTicksAndRejections (node:internal/process/task_queues:95:5)
2024-12-12T04:35:05.454Z [ERROR]: Error: Cannot set headers after they are sent to the client 
Stack: Error: Cannot set headers after they are sent to the client
    at ServerResponse.setHeader (node:_http_outgoing:703:11)
    at ServerResponse.header (G:\ThreadsClone\ThreadsClone\server\node_modules\express\lib\response.js:794:10)
    at ServerResponse.send (G:\ThreadsClone\ThreadsClone\server\node_modules\express\lib\response.js:174:12)
    at ServerResponse.json (G:\ThreadsClone\ThreadsClone\server\node_modules\express\lib\response.js:278:15)
    at G:\ThreadsClone\ThreadsClone\server\src\controllers\threadController.ts:193:21
    at processTicksAndRejections (node:internal/process/task_queues:95:5)
2024-12-12T04:35:10.547Z [ERROR]: Error: Cannot set headers after they are sent to the client 
Stack: Error: Cannot set headers after they are sent to the client
    at ServerResponse.setHeader (node:_http_outgoing:703:11)
    at ServerResponse.header (G:\ThreadsClone\ThreadsClone\server\node_modules\express\lib\response.js:794:10)
    at ServerResponse.send (G:\ThreadsClone\ThreadsClone\server\node_modules\express\lib\response.js:174:12)
    at ServerResponse.json (G:\ThreadsClone\ThreadsClone\server\node_modules\express\lib\response.js:278:15)
    at G:\ThreadsClone\ThreadsClone\server\src\controllers\threadController.ts:193:21
    at processTicksAndRejections (node:internal/process/task_queues:95:5)
2024-12-12T04:35:12.623Z [ERROR]: Error: Cannot set headers after they are sent to the client 
Stack: Error: Cannot set headers after they are sent to the client
    at ServerResponse.setHeader (node:_http_outgoing:703:11)
    at ServerResponse.header (G:\ThreadsClone\ThreadsClone\server\node_modules\express\lib\response.js:794:10)
    at ServerResponse.send (G:\ThreadsClone\ThreadsClone\server\node_modules\express\lib\response.js:174:12)
    at ServerResponse.json (G:\ThreadsClone\ThreadsClone\server\node_modules\express\lib\response.js:278:15)
    at G:\ThreadsClone\ThreadsClone\server\src\controllers\threadController.ts:193:21
    at processTicksAndRejections (node:internal/process/task_queues:95:5)
2024-12-12T04:35:12.710Z [ERROR]: Error: Cannot set headers after they are sent to the client 
Stack: Error: Cannot set headers after they are sent to the client
    at ServerResponse.setHeader (node:_http_outgoing:703:11)
    at ServerResponse.header (G:\ThreadsClone\ThreadsClone\server\node_modules\express\lib\response.js:794:10)
    at ServerResponse.send (G:\ThreadsClone\ThreadsClone\server\node_modules\express\lib\response.js:174:12)
    at ServerResponse.json (G:\ThreadsClone\ThreadsClone\server\node_modules\express\lib\response.js:278:15)
    at G:\ThreadsClone\ThreadsClone\server\src\controllers\threadController.ts:193:21
    at processTicksAndRejections (node:internal/process/task_queues:95:5)
2024-12-12T04:35:28.460Z [ERROR]: Error: Cannot set headers after they are sent to the client 
Stack: Error: Cannot set headers after they are sent to the client
    at ServerResponse.setHeader (node:_http_outgoing:703:11)
    at ServerResponse.header (G:\ThreadsClone\ThreadsClone\server\node_modules\express\lib\response.js:794:10)
    at ServerResponse.send (G:\ThreadsClone\ThreadsClone\server\node_modules\express\lib\response.js:174:12)
    at ServerResponse.json (G:\ThreadsClone\ThreadsClone\server\node_modules\express\lib\response.js:278:15)
    at G:\ThreadsClone\ThreadsClone\server\src\controllers\threadController.ts:193:21
    at processTicksAndRejections (node:internal/process/task_queues:95:5)
2024-12-12T04:35:47.035Z [ERROR]: Error: Cannot set headers after they are sent to the client 
Stack: Error: Cannot set headers after they are sent to the client
    at ServerResponse.setHeader (node:_http_outgoing:703:11)
    at ServerResponse.header (G:\ThreadsClone\ThreadsClone\server\node_modules\express\lib\response.js:794:10)
    at ServerResponse.send (G:\ThreadsClone\ThreadsClone\server\node_modules\express\lib\response.js:174:12)
    at ServerResponse.json (G:\ThreadsClone\ThreadsClone\server\node_modules\express\lib\response.js:278:15)
    at G:\ThreadsClone\ThreadsClone\server\src\controllers\threadController.ts:193:21
    at processTicksAndRejections (node:internal/process/task_queues:95:5)
2024-12-12T04:38:35.084Z [ERROR]: Error: Cannot set headers after they are sent to the client 
Stack: Error: Cannot set headers after they are sent to the client
    at ServerResponse.setHeader (node:_http_outgoing:703:11)
    at ServerResponse.header (G:\ThreadsClone\ThreadsClone\server\node_modules\express\lib\response.js:794:10)
    at ServerResponse.send (G:\ThreadsClone\ThreadsClone\server\node_modules\express\lib\response.js:174:12)
    at ServerResponse.json (G:\ThreadsClone\ThreadsClone\server\node_modules\express\lib\response.js:278:15)
    at G:\ThreadsClone\ThreadsClone\server\src\controllers\threadController.ts:193:21
    at processTicksAndRejections (node:internal/process/task_queues:95:5)
2024-12-12T04:38:35.165Z [ERROR]: Error: Cannot set headers after they are sent to the client 
Stack: Error: Cannot set headers after they are sent to the client
    at ServerResponse.setHeader (node:_http_outgoing:703:11)
    at ServerResponse.header (G:\ThreadsClone\ThreadsClone\server\node_modules\express\lib\response.js:794:10)
    at ServerResponse.send (G:\ThreadsClone\ThreadsClone\server\node_modules\express\lib\response.js:174:12)
    at ServerResponse.json (G:\ThreadsClone\ThreadsClone\server\node_modules\express\lib\response.js:278:15)
    at G:\ThreadsClone\ThreadsClone\server\src\controllers\threadController.ts:193:21
    at processTicksAndRejections (node:internal/process/task_queues:95:5)
2024-12-12T04:39:31.486Z [ERROR]: Error: Cannot set headers after they are sent to the client 
Stack: Error: Cannot set headers after they are sent to the client
    at ServerResponse.setHeader (node:_http_outgoing:703:11)
    at ServerResponse.header (G:\ThreadsClone\ThreadsClone\server\node_modules\express\lib\response.js:794:10)
    at ServerResponse.send (G:\ThreadsClone\ThreadsClone\server\node_modules\express\lib\response.js:174:12)
    at ServerResponse.json (G:\ThreadsClone\ThreadsClone\server\node_modules\express\lib\response.js:278:15)
    at G:\ThreadsClone\ThreadsClone\server\src\controllers\threadController.ts:193:21
    at processTicksAndRejections (node:internal/process/task_queues:95:5)
2024-12-12T04:39:35.176Z [ERROR]: Error: Cannot set headers after they are sent to the client 
Stack: Error: Cannot set headers after they are sent to the client
    at ServerResponse.setHeader (node:_http_outgoing:703:11)
    at ServerResponse.header (G:\ThreadsClone\ThreadsClone\server\node_modules\express\lib\response.js:794:10)
    at ServerResponse.send (G:\ThreadsClone\ThreadsClone\server\node_modules\express\lib\response.js:174:12)
    at ServerResponse.json (G:\ThreadsClone\ThreadsClone\server\node_modules\express\lib\response.js:278:15)
    at G:\ThreadsClone\ThreadsClone\server\src\controllers\threadController.ts:193:21
    at processTicksAndRejections (node:internal/process/task_queues:95:5)
2024-12-12T04:39:35.263Z [ERROR]: Error: Cannot set headers after they are sent to the client 
Stack: Error: Cannot set headers after they are sent to the client
    at ServerResponse.setHeader (node:_http_outgoing:703:11)
    at ServerResponse.header (G:\ThreadsClone\ThreadsClone\server\node_modules\express\lib\response.js:794:10)
    at ServerResponse.send (G:\ThreadsClone\ThreadsClone\server\node_modules\express\lib\response.js:174:12)
    at ServerResponse.json (G:\ThreadsClone\ThreadsClone\server\node_modules\express\lib\response.js:278:15)
    at G:\ThreadsClone\ThreadsClone\server\src\controllers\threadController.ts:193:21
    at processTicksAndRejections (node:internal/process/task_queues:95:5)
2024-12-12T04:40:12.151Z [ERROR]: Error: Cannot set headers after they are sent to the client 
Stack: Error: Cannot set headers after they are sent to the client
    at ServerResponse.setHeader (node:_http_outgoing:703:11)
    at ServerResponse.header (G:\ThreadsClone\ThreadsClone\server\node_modules\express\lib\response.js:794:10)
    at ServerResponse.send (G:\ThreadsClone\ThreadsClone\server\node_modules\express\lib\response.js:174:12)
    at ServerResponse.json (G:\ThreadsClone\ThreadsClone\server\node_modules\express\lib\response.js:278:15)
    at G:\ThreadsClone\ThreadsClone\server\src\controllers\threadController.ts:193:21
    at processTicksAndRejections (node:internal/process/task_queues:95:5)
2024-12-12T04:42:52.560Z [ERROR]: Error: Cannot set headers after they are sent to the client 
Stack: Error: Cannot set headers after they are sent to the client
    at ServerResponse.setHeader (node:_http_outgoing:703:11)
    at ServerResponse.header (G:\ThreadsClone\ThreadsClone\server\node_modules\express\lib\response.js:794:10)
    at ServerResponse.send (G:\ThreadsClone\ThreadsClone\server\node_modules\express\lib\response.js:174:12)
    at ServerResponse.json (G:\ThreadsClone\ThreadsClone\server\node_modules\express\lib\response.js:278:15)
    at G:\ThreadsClone\ThreadsClone\server\src\controllers\threadController.ts:193:21
    at processTicksAndRejections (node:internal/process/task_queues:95:5)
2024-12-12T04:43:07.727Z [ERROR]: Error: Cannot set headers after they are sent to the client 
Stack: Error: Cannot set headers after they are sent to the client
    at ServerResponse.setHeader (node:_http_outgoing:703:11)
    at ServerResponse.header (G:\ThreadsClone\ThreadsClone\server\node_modules\express\lib\response.js:794:10)
    at ServerResponse.send (G:\ThreadsClone\ThreadsClone\server\node_modules\express\lib\response.js:174:12)
    at ServerResponse.json (G:\ThreadsClone\ThreadsClone\server\node_modules\express\lib\response.js:278:15)
    at G:\ThreadsClone\ThreadsClone\server\src\controllers\threadController.ts:193:21
    at processTicksAndRejections (node:internal/process/task_queues:95:5)
2024-12-12T04:43:11.598Z [ERROR]: Error: Cannot set headers after they are sent to the client 
Stack: Error: Cannot set headers after they are sent to the client
    at ServerResponse.setHeader (node:_http_outgoing:703:11)
    at ServerResponse.header (G:\ThreadsClone\ThreadsClone\server\node_modules\express\lib\response.js:794:10)
    at ServerResponse.send (G:\ThreadsClone\ThreadsClone\server\node_modules\express\lib\response.js:174:12)
    at ServerResponse.json (G:\ThreadsClone\ThreadsClone\server\node_modules\express\lib\response.js:278:15)
    at G:\ThreadsClone\ThreadsClone\server\src\controllers\threadController.ts:193:21
    at processTicksAndRejections (node:internal/process/task_queues:95:5)
2024-12-12T04:43:11.763Z [ERROR]: Error: Cannot set headers after they are sent to the client 
Stack: Error: Cannot set headers after they are sent to the client
    at ServerResponse.setHeader (node:_http_outgoing:703:11)
    at ServerResponse.header (G:\ThreadsClone\ThreadsClone\server\node_modules\express\lib\response.js:794:10)
    at ServerResponse.send (G:\ThreadsClone\ThreadsClone\server\node_modules\express\lib\response.js:174:12)
    at ServerResponse.json (G:\ThreadsClone\ThreadsClone\server\node_modules\express\lib\response.js:278:15)
    at G:\ThreadsClone\ThreadsClone\server\src\controllers\threadController.ts:193:21
    at processTicksAndRejections (node:internal/process/task_queues:95:5)
2024-12-12T04:44:23.652Z [ERROR]: Error: Cannot set headers after they are sent to the client 
Stack: Error: Cannot set headers after they are sent to the client
    at ServerResponse.setHeader (node:_http_outgoing:703:11)
    at ServerResponse.header (G:\ThreadsClone\ThreadsClone\server\node_modules\express\lib\response.js:794:10)
    at ServerResponse.send (G:\ThreadsClone\ThreadsClone\server\node_modules\express\lib\response.js:174:12)
    at ServerResponse.json (G:\ThreadsClone\ThreadsClone\server\node_modules\express\lib\response.js:278:15)
    at G:\ThreadsClone\ThreadsClone\server\src\controllers\threadController.ts:193:21
    at processTicksAndRejections (node:internal/process/task_queues:95:5)
2024-12-12T04:44:26.999Z [ERROR]: Error: Cannot set headers after they are sent to the client 
Stack: Error: Cannot set headers after they are sent to the client
    at ServerResponse.setHeader (node:_http_outgoing:703:11)
    at ServerResponse.header (G:\ThreadsClone\ThreadsClone\server\node_modules\express\lib\response.js:794:10)
    at ServerResponse.send (G:\ThreadsClone\ThreadsClone\server\node_modules\express\lib\response.js:174:12)
    at ServerResponse.json (G:\ThreadsClone\ThreadsClone\server\node_modules\express\lib\response.js:278:15)
    at G:\ThreadsClone\ThreadsClone\server\src\controllers\threadController.ts:193:21
    at processTicksAndRejections (node:internal/process/task_queues:95:5)
2024-12-12T04:44:27.542Z [ERROR]: Error: Cannot set headers after they are sent to the client 
Stack: Error: Cannot set headers after they are sent to the client
    at ServerResponse.setHeader (node:_http_outgoing:703:11)
    at ServerResponse.header (G:\ThreadsClone\ThreadsClone\server\node_modules\express\lib\response.js:794:10)
    at ServerResponse.send (G:\ThreadsClone\ThreadsClone\server\node_modules\express\lib\response.js:174:12)
    at ServerResponse.json (G:\ThreadsClone\ThreadsClone\server\node_modules\express\lib\response.js:278:15)
    at G:\ThreadsClone\ThreadsClone\server\src\controllers\threadController.ts:193:21
    at processTicksAndRejections (node:internal/process/task_queues:95:5)
2024-12-12T04:44:50.783Z [ERROR]: Error: Cannot set headers after they are sent to the client 
Stack: Error: Cannot set headers after they are sent to the client
    at ServerResponse.setHeader (node:_http_outgoing:703:11)
    at ServerResponse.header (G:\ThreadsClone\ThreadsClone\server\node_modules\express\lib\response.js:794:10)
    at ServerResponse.send (G:\ThreadsClone\ThreadsClone\server\node_modules\express\lib\response.js:174:12)
    at ServerResponse.json (G:\ThreadsClone\ThreadsClone\server\node_modules\express\lib\response.js:278:15)
    at G:\ThreadsClone\ThreadsClone\server\src\controllers\threadController.ts:193:21
    at processTicksAndRejections (node:internal/process/task_queues:95:5)
2024-12-12T05:58:22.471Z [ERROR]: Error: Cannot find /api/threads/liked-posts/null on this server 
Stack: Error: Cannot find /api/threads/liked-posts/null on this server
    at G:\ThreadsClone\ThreadsClone\server\src\app.ts:42:8
    at Layer.handle [as handle_request] (G:\ThreadsClone\ThreadsClone\server\node_modules\express\lib\router\layer.js:95:5)
    at next (G:\ThreadsClone\ThreadsClone\server\node_modules\express\lib\router\route.js:149:13)
    at next (G:\ThreadsClone\ThreadsClone\server\node_modules\express\lib\router\route.js:145:7)
    at next (G:\ThreadsClone\ThreadsClone\server\node_modules\express\lib\router\route.js:145:7)
    at next (G:\ThreadsClone\ThreadsClone\server\node_modules\express\lib\router\route.js:145:7)
    at next (G:\ThreadsClone\ThreadsClone\server\node_modules\express\lib\router\route.js:145:7)
    at next (G:\ThreadsClone\ThreadsClone\server\node_modules\express\lib\router\route.js:145:7)
    at next (G:\ThreadsClone\ThreadsClone\server\node_modules\express\lib\router\route.js:145:7)
    at Route.dispatch (G:\ThreadsClone\ThreadsClone\server\node_modules\express\lib\router\route.js:119:3)
2024-12-12T05:58:22.519Z [ERROR]: Error: Cannot find /api/threads/liked-posts/null on this server 
Stack: Error: Cannot find /api/threads/liked-posts/null on this server
    at G:\ThreadsClone\ThreadsClone\server\src\app.ts:42:8
    at Layer.handle [as handle_request] (G:\ThreadsClone\ThreadsClone\server\node_modules\express\lib\router\layer.js:95:5)
    at next (G:\ThreadsClone\ThreadsClone\server\node_modules\express\lib\router\route.js:149:13)
    at next (G:\ThreadsClone\ThreadsClone\server\node_modules\express\lib\router\route.js:145:7)
    at next (G:\ThreadsClone\ThreadsClone\server\node_modules\express\lib\router\route.js:145:7)
    at next (G:\ThreadsClone\ThreadsClone\server\node_modules\express\lib\router\route.js:145:7)
    at next (G:\ThreadsClone\ThreadsClone\server\node_modules\express\lib\router\route.js:145:7)
    at next (G:\ThreadsClone\ThreadsClone\server\node_modules\express\lib\router\route.js:145:7)
    at next (G:\ThreadsClone\ThreadsClone\server\node_modules\express\lib\router\route.js:145:7)
    at Route.dispatch (G:\ThreadsClone\ThreadsClone\server\node_modules\express\lib\router\route.js:119:3)
2024-12-12T05:58:22.526Z [ERROR]: Error: Cannot find /api/threads/liked-posts/null on this server 
Stack: Error: Cannot find /api/threads/liked-posts/null on this server
    at G:\ThreadsClone\ThreadsClone\server\src\app.ts:42:8
    at Layer.handle [as handle_request] (G:\ThreadsClone\ThreadsClone\server\node_modules\express\lib\router\layer.js:95:5)
    at next (G:\ThreadsClone\ThreadsClone\server\node_modules\express\lib\router\route.js:149:13)
    at next (G:\ThreadsClone\ThreadsClone\server\node_modules\express\lib\router\route.js:145:7)
    at next (G:\ThreadsClone\ThreadsClone\server\node_modules\express\lib\router\route.js:145:7)
    at next (G:\ThreadsClone\ThreadsClone\server\node_modules\express\lib\router\route.js:145:7)
    at next (G:\ThreadsClone\ThreadsClone\server\node_modules\express\lib\router\route.js:145:7)
    at next (G:\ThreadsClone\ThreadsClone\server\node_modules\express\lib\router\route.js:145:7)
    at next (G:\ThreadsClone\ThreadsClone\server\node_modules\express\lib\router\route.js:145:7)
    at Route.dispatch (G:\ThreadsClone\ThreadsClone\server\node_modules\express\lib\router\route.js:119:3)
2024-12-12T05:58:22.536Z [ERROR]: Error: Cannot find /api/threads/liked-posts/null on this server 
Stack: Error: Cannot find /api/threads/liked-posts/null on this server
    at G:\ThreadsClone\ThreadsClone\server\src\app.ts:42:8
    at Layer.handle [as handle_request] (G:\ThreadsClone\ThreadsClone\server\node_modules\express\lib\router\layer.js:95:5)
    at next (G:\ThreadsClone\ThreadsClone\server\node_modules\express\lib\router\route.js:149:13)
    at next (G:\ThreadsClone\ThreadsClone\server\node_modules\express\lib\router\route.js:145:7)
    at next (G:\ThreadsClone\ThreadsClone\server\node_modules\express\lib\router\route.js:145:7)
    at next (G:\ThreadsClone\ThreadsClone\server\node_modules\express\lib\router\route.js:145:7)
    at next (G:\ThreadsClone\ThreadsClone\server\node_modules\express\lib\router\route.js:145:7)
    at next (G:\ThreadsClone\ThreadsClone\server\node_modules\express\lib\router\route.js:145:7)
    at next (G:\ThreadsClone\ThreadsClone\server\node_modules\express\lib\router\route.js:145:7)
    at Route.dispatch (G:\ThreadsClone\ThreadsClone\server\node_modules\express\lib\router\route.js:119:3)
2024-12-12T05:58:38.453Z [ERROR]: Error: Cannot find /api/threads/like on this server 
Stack: Error: Cannot find /api/threads/like on this server
    at G:\ThreadsClone\ThreadsClone\server\src\app.ts:42:8
    at Layer.handle [as handle_request] (G:\ThreadsClone\ThreadsClone\server\node_modules\express\lib\router\layer.js:95:5)
    at next (G:\ThreadsClone\ThreadsClone\server\node_modules\express\lib\router\route.js:149:13)
    at next (G:\ThreadsClone\ThreadsClone\server\node_modules\express\lib\router\route.js:145:7)
    at next (G:\ThreadsClone\ThreadsClone\server\node_modules\express\lib\router\route.js:145:7)
    at next (G:\ThreadsClone\ThreadsClone\server\node_modules\express\lib\router\route.js:145:7)
    at next (G:\ThreadsClone\ThreadsClone\server\node_modules\express\lib\router\route.js:145:7)
    at next (G:\ThreadsClone\ThreadsClone\server\node_modules\express\lib\router\route.js:145:7)
    at next (G:\ThreadsClone\ThreadsClone\server\node_modules\express\lib\router\route.js:145:7)
    at Route.dispatch (G:\ThreadsClone\ThreadsClone\server\node_modules\express\lib\router\route.js:119:3)
2024-12-12T06:20:58.651Z [ERROR]: Error: Cannot populate path `author` because it is not in your schema. Set the `strictPopulate` option to false to override. 
Stack: StrictPopulateError: Cannot populate path `author` because it is not in your schema. Set the `strictPopulate` option to false to override.
    at getModelsMapForPopulate (G:\ThreadsClone\ThreadsClone\server\node_modules\mongoose\lib\helpers\populate\getModelsMapForPopulate.js:50:12)
    at populate (G:\ThreadsClone\ThreadsClone\server\node_modules\mongoose\lib\model.js:4245:21)
    at _populate (G:\ThreadsClone\ThreadsClone\server\node_modules\mongoose\lib\model.js:4205:5)
    at G:\ThreadsClone\ThreadsClone\server\node_modules\mongoose\lib\model.js:4177:5
    at new Promise (<anonymous>)
    at Function.populate (G:\ThreadsClone\ThreadsClone\server\node_modules\mongoose\lib\model.js:4176:10)
    at model.Query._find (G:\ThreadsClone\ThreadsClone\server\node_modules\mongoose\lib\query.js:2347:20)
    at processTicksAndRejections (node:internal/process/task_queues:95:5)
    at async model.Query.exec (G:\ThreadsClone\ThreadsClone\server\node_modules\mongoose\lib\query.js:4412:63)
    at async G:\ThreadsClone\ThreadsClone\server\src\controllers\threadController.ts:185:26
2024-12-12T06:20:58.788Z [ERROR]: Error: Cannot populate path `author` because it is not in your schema. Set the `strictPopulate` option to false to override. 
Stack: StrictPopulateError: Cannot populate path `author` because it is not in your schema. Set the `strictPopulate` option to false to override.
    at getModelsMapForPopulate (G:\ThreadsClone\ThreadsClone\server\node_modules\mongoose\lib\helpers\populate\getModelsMapForPopulate.js:50:12)
    at populate (G:\ThreadsClone\ThreadsClone\server\node_modules\mongoose\lib\model.js:4245:21)
    at _populate (G:\ThreadsClone\ThreadsClone\server\node_modules\mongoose\lib\model.js:4205:5)
    at G:\ThreadsClone\ThreadsClone\server\node_modules\mongoose\lib\model.js:4177:5
    at new Promise (<anonymous>)
    at Function.populate (G:\ThreadsClone\ThreadsClone\server\node_modules\mongoose\lib\model.js:4176:10)
    at model.Query._find (G:\ThreadsClone\ThreadsClone\server\node_modules\mongoose\lib\query.js:2347:20)
    at processTicksAndRejections (node:internal/process/task_queues:95:5)
    at async model.Query.exec (G:\ThreadsClone\ThreadsClone\server\node_modules\mongoose\lib\query.js:4412:63)
    at async G:\ThreadsClone\ThreadsClone\server\src\controllers\threadController.ts:185:26
2024-12-12T06:21:02.800Z [ERROR]: Error: Cannot populate path `author` because it is not in your schema. Set the `strictPopulate` option to false to override. 
Stack: StrictPopulateError: Cannot populate path `author` because it is not in your schema. Set the `strictPopulate` option to false to override.
    at getModelsMapForPopulate (G:\ThreadsClone\ThreadsClone\server\node_modules\mongoose\lib\helpers\populate\getModelsMapForPopulate.js:50:12)
    at populate (G:\ThreadsClone\ThreadsClone\server\node_modules\mongoose\lib\model.js:4245:21)
    at _populate (G:\ThreadsClone\ThreadsClone\server\node_modules\mongoose\lib\model.js:4205:5)
    at G:\ThreadsClone\ThreadsClone\server\node_modules\mongoose\lib\model.js:4177:5
    at new Promise (<anonymous>)
    at Function.populate (G:\ThreadsClone\ThreadsClone\server\node_modules\mongoose\lib\model.js:4176:10)
    at model.Query._find (G:\ThreadsClone\ThreadsClone\server\node_modules\mongoose\lib\query.js:2347:20)
    at processTicksAndRejections (node:internal/process/task_queues:95:5)
    at async model.Query.exec (G:\ThreadsClone\ThreadsClone\server\node_modules\mongoose\lib\query.js:4412:63)
    at async G:\ThreadsClone\ThreadsClone\server\src\controllers\threadController.ts:185:26
2024-12-12T06:21:02.953Z [ERROR]: Error: Cannot populate path `author` because it is not in your schema. Set the `strictPopulate` option to false to override. 
Stack: StrictPopulateError: Cannot populate path `author` because it is not in your schema. Set the `strictPopulate` option to false to override.
    at getModelsMapForPopulate (G:\ThreadsClone\ThreadsClone\server\node_modules\mongoose\lib\helpers\populate\getModelsMapForPopulate.js:50:12)
    at populate (G:\ThreadsClone\ThreadsClone\server\node_modules\mongoose\lib\model.js:4245:21)
    at _populate (G:\ThreadsClone\ThreadsClone\server\node_modules\mongoose\lib\model.js:4205:5)
    at G:\ThreadsClone\ThreadsClone\server\node_modules\mongoose\lib\model.js:4177:5
    at new Promise (<anonymous>)
    at Function.populate (G:\ThreadsClone\ThreadsClone\server\node_modules\mongoose\lib\model.js:4176:10)
    at model.Query._find (G:\ThreadsClone\ThreadsClone\server\node_modules\mongoose\lib\query.js:2347:20)
    at processTicksAndRejections (node:internal/process/task_queues:95:5)
    at async model.Query.exec (G:\ThreadsClone\ThreadsClone\server\node_modules\mongoose\lib\query.js:4412:63)
    at async G:\ThreadsClone\ThreadsClone\server\src\controllers\threadController.ts:185:26
2024-12-12T06:21:04.375Z [ERROR]: Error: Cannot populate path `author` because it is not in your schema. Set the `strictPopulate` option to false to override. 
Stack: StrictPopulateError: Cannot populate path `author` because it is not in your schema. Set the `strictPopulate` option to false to override.
    at getModelsMapForPopulate (G:\ThreadsClone\ThreadsClone\server\node_modules\mongoose\lib\helpers\populate\getModelsMapForPopulate.js:50:12)
    at populate (G:\ThreadsClone\ThreadsClone\server\node_modules\mongoose\lib\model.js:4245:21)
    at _populate (G:\ThreadsClone\ThreadsClone\server\node_modules\mongoose\lib\model.js:4205:5)
    at G:\ThreadsClone\ThreadsClone\server\node_modules\mongoose\lib\model.js:4177:5
    at new Promise (<anonymous>)
    at Function.populate (G:\ThreadsClone\ThreadsClone\server\node_modules\mongoose\lib\model.js:4176:10)
    at model.Query._find (G:\ThreadsClone\ThreadsClone\server\node_modules\mongoose\lib\query.js:2347:20)
    at processTicksAndRejections (node:internal/process/task_queues:95:5)
    at async model.Query.exec (G:\ThreadsClone\ThreadsClone\server\node_modules\mongoose\lib\query.js:4412:63)
    at async G:\ThreadsClone\ThreadsClone\server\src\controllers\threadController.ts:185:26
2024-12-12T06:21:04.447Z [ERROR]: Error: Cannot populate path `author` because it is not in your schema. Set the `strictPopulate` option to false to override. 
Stack: StrictPopulateError: Cannot populate path `author` because it is not in your schema. Set the `strictPopulate` option to false to override.
    at getModelsMapForPopulate (G:\ThreadsClone\ThreadsClone\server\node_modules\mongoose\lib\helpers\populate\getModelsMapForPopulate.js:50:12)
    at populate (G:\ThreadsClone\ThreadsClone\server\node_modules\mongoose\lib\model.js:4245:21)
    at _populate (G:\ThreadsClone\ThreadsClone\server\node_modules\mongoose\lib\model.js:4205:5)
    at G:\ThreadsClone\ThreadsClone\server\node_modules\mongoose\lib\model.js:4177:5
    at new Promise (<anonymous>)
    at Function.populate (G:\ThreadsClone\ThreadsClone\server\node_modules\mongoose\lib\model.js:4176:10)
    at model.Query._find (G:\ThreadsClone\ThreadsClone\server\node_modules\mongoose\lib\query.js:2347:20)
    at processTicksAndRejections (node:internal/process/task_queues:95:5)
    at async model.Query.exec (G:\ThreadsClone\ThreadsClone\server\node_modules\mongoose\lib\query.js:4412:63)
    at async G:\ThreadsClone\ThreadsClone\server\src\controllers\threadController.ts:185:26
2024-12-12T07:19:57.801Z [ERROR]: Error: Cannot set headers after they are sent to the client 
Stack: Error: Cannot set headers after they are sent to the client
    at ServerResponse.setHeader (node:_http_outgoing:703:11)
    at ServerResponse.header (G:\ThreadsClone\ThreadsClone\server\node_modules\express\lib\response.js:794:10)
    at ServerResponse.send (G:\ThreadsClone\ThreadsClone\server\node_modules\express\lib\response.js:174:12)
    at ServerResponse.json (G:\ThreadsClone\ThreadsClone\server\node_modules\express\lib\response.js:278:15)
    at G:\ThreadsClone\ThreadsClone\server\src\controllers\threadController.ts:193:21
    at processTicksAndRejections (node:internal/process/task_queues:95:5)
2024-12-12T07:19:57.964Z [ERROR]: Error: Cannot set headers after they are sent to the client 
Stack: Error: Cannot set headers after they are sent to the client
    at ServerResponse.setHeader (node:_http_outgoing:703:11)
    at ServerResponse.header (G:\ThreadsClone\ThreadsClone\server\node_modules\express\lib\response.js:794:10)
    at ServerResponse.send (G:\ThreadsClone\ThreadsClone\server\node_modules\express\lib\response.js:174:12)
    at ServerResponse.json (G:\ThreadsClone\ThreadsClone\server\node_modules\express\lib\response.js:278:15)
    at G:\ThreadsClone\ThreadsClone\server\src\controllers\threadController.ts:193:21
    at processTicksAndRejections (node:internal/process/task_queues:95:5)
2024-12-12T07:20:03.457Z [ERROR]: Error: Cannot set headers after they are sent to the client 
Stack: Error: Cannot set headers after they are sent to the client
    at ServerResponse.setHeader (node:_http_outgoing:703:11)
    at ServerResponse.header (G:\ThreadsClone\ThreadsClone\server\node_modules\express\lib\response.js:794:10)
    at ServerResponse.send (G:\ThreadsClone\ThreadsClone\server\node_modules\express\lib\response.js:174:12)
    at ServerResponse.json (G:\ThreadsClone\ThreadsClone\server\node_modules\express\lib\response.js:278:15)
    at G:\ThreadsClone\ThreadsClone\server\src\controllers\threadController.ts:193:21
    at processTicksAndRejections (node:internal/process/task_queues:95:5)
2024-12-12T07:20:03.582Z [ERROR]: Error: Cannot set headers after they are sent to the client 
Stack: Error: Cannot set headers after they are sent to the client
    at ServerResponse.setHeader (node:_http_outgoing:703:11)
    at ServerResponse.header (G:\ThreadsClone\ThreadsClone\server\node_modules\express\lib\response.js:794:10)
    at ServerResponse.send (G:\ThreadsClone\ThreadsClone\server\node_modules\express\lib\response.js:174:12)
    at ServerResponse.json (G:\ThreadsClone\ThreadsClone\server\node_modules\express\lib\response.js:278:15)
    at G:\ThreadsClone\ThreadsClone\server\src\controllers\threadController.ts:193:21
    at processTicksAndRejections (node:internal/process/task_queues:95:5)
2024-12-12T07:21:06.211Z [ERROR]: Error: Cannot set headers after they are sent to the client 
Stack: Error: Cannot set headers after they are sent to the client
    at ServerResponse.setHeader (node:_http_outgoing:703:11)
    at ServerResponse.header (G:\ThreadsClone\ThreadsClone\server\node_modules\express\lib\response.js:794:10)
    at ServerResponse.send (G:\ThreadsClone\ThreadsClone\server\node_modules\express\lib\response.js:174:12)
    at ServerResponse.json (G:\ThreadsClone\ThreadsClone\server\node_modules\express\lib\response.js:278:15)
    at G:\ThreadsClone\ThreadsClone\server\src\controllers\threadController.ts:193:21
    at processTicksAndRejections (node:internal/process/task_queues:95:5)
2024-12-12T07:21:06.361Z [ERROR]: Error: Cannot set headers after they are sent to the client 
Stack: Error: Cannot set headers after they are sent to the client
    at ServerResponse.setHeader (node:_http_outgoing:703:11)
    at ServerResponse.header (G:\ThreadsClone\ThreadsClone\server\node_modules\express\lib\response.js:794:10)
    at ServerResponse.send (G:\ThreadsClone\ThreadsClone\server\node_modules\express\lib\response.js:174:12)
    at ServerResponse.json (G:\ThreadsClone\ThreadsClone\server\node_modules\express\lib\response.js:278:15)
    at G:\ThreadsClone\ThreadsClone\server\src\controllers\threadController.ts:193:21
    at processTicksAndRejections (node:internal/process/task_queues:95:5)
2024-12-12T07:37:36.702Z [ERROR]: Error: Cannot populate path `username` because it is not in your schema. Set the `strictPopulate` option to false to override. 
Stack: StrictPopulateError: Cannot populate path `username` because it is not in your schema. Set the `strictPopulate` option to false to override.
    at getModelsMapForPopulate (G:\ThreadsClone\ThreadsClone\server\node_modules\mongoose\lib\helpers\populate\getModelsMapForPopulate.js:50:12)
    at populate (G:\ThreadsClone\ThreadsClone\server\node_modules\mongoose\lib\model.js:4245:21)
    at _populate (G:\ThreadsClone\ThreadsClone\server\node_modules\mongoose\lib\model.js:4205:5)
    at G:\ThreadsClone\ThreadsClone\server\node_modules\mongoose\lib\model.js:4177:5
    at new Promise (<anonymous>)
    at Function.populate (G:\ThreadsClone\ThreadsClone\server\node_modules\mongoose\lib\model.js:4176:10)
    at G:\ThreadsClone\ThreadsClone\server\node_modules\mongoose\lib\query.js:2546:11
    at G:\ThreadsClone\ThreadsClone\server\node_modules\mongoose\lib\query.js:3217:21
    at processTicksAndRejections (node:internal/process/task_queues:77:11)
2024-12-12T07:37:40.533Z [ERROR]: Error: Cannot populate path `username` because it is not in your schema. Set the `strictPopulate` option to false to override. 
Stack: StrictPopulateError: Cannot populate path `username` because it is not in your schema. Set the `strictPopulate` option to false to override.
    at getModelsMapForPopulate (G:\ThreadsClone\ThreadsClone\server\node_modules\mongoose\lib\helpers\populate\getModelsMapForPopulate.js:50:12)
    at populate (G:\ThreadsClone\ThreadsClone\server\node_modules\mongoose\lib\model.js:4245:21)
    at _populate (G:\ThreadsClone\ThreadsClone\server\node_modules\mongoose\lib\model.js:4205:5)
    at G:\ThreadsClone\ThreadsClone\server\node_modules\mongoose\lib\model.js:4177:5
    at new Promise (<anonymous>)
    at Function.populate (G:\ThreadsClone\ThreadsClone\server\node_modules\mongoose\lib\model.js:4176:10)
    at G:\ThreadsClone\ThreadsClone\server\node_modules\mongoose\lib\query.js:2546:11
    at G:\ThreadsClone\ThreadsClone\server\node_modules\mongoose\lib\query.js:3217:21
    at processTicksAndRejections (node:internal/process/task_queues:77:11)
2024-12-12T07:37:40.697Z [ERROR]: Error: Cannot populate path `username` because it is not in your schema. Set the `strictPopulate` option to false to override. 
Stack: StrictPopulateError: Cannot populate path `username` because it is not in your schema. Set the `strictPopulate` option to false to override.
    at getModelsMapForPopulate (G:\ThreadsClone\ThreadsClone\server\node_modules\mongoose\lib\helpers\populate\getModelsMapForPopulate.js:50:12)
    at populate (G:\ThreadsClone\ThreadsClone\server\node_modules\mongoose\lib\model.js:4245:21)
    at _populate (G:\ThreadsClone\ThreadsClone\server\node_modules\mongoose\lib\model.js:4205:5)
    at G:\ThreadsClone\ThreadsClone\server\node_modules\mongoose\lib\model.js:4177:5
    at new Promise (<anonymous>)
    at Function.populate (G:\ThreadsClone\ThreadsClone\server\node_modules\mongoose\lib\model.js:4176:10)
    at G:\ThreadsClone\ThreadsClone\server\node_modules\mongoose\lib\query.js:2546:11
    at G:\ThreadsClone\ThreadsClone\server\node_modules\mongoose\lib\query.js:3217:21
    at processTicksAndRejections (node:internal/process/task_queues:77:11)
2024-12-12T07:37:48.756Z [ERROR]: Error: Cannot populate path `username` because it is not in your schema. Set the `strictPopulate` option to false to override. 
Stack: StrictPopulateError: Cannot populate path `username` because it is not in your schema. Set the `strictPopulate` option to false to override.
    at getModelsMapForPopulate (G:\ThreadsClone\ThreadsClone\server\node_modules\mongoose\lib\helpers\populate\getModelsMapForPopulate.js:50:12)
    at populate (G:\ThreadsClone\ThreadsClone\server\node_modules\mongoose\lib\model.js:4245:21)
    at _populate (G:\ThreadsClone\ThreadsClone\server\node_modules\mongoose\lib\model.js:4205:5)
    at G:\ThreadsClone\ThreadsClone\server\node_modules\mongoose\lib\model.js:4177:5
    at new Promise (<anonymous>)
    at Function.populate (G:\ThreadsClone\ThreadsClone\server\node_modules\mongoose\lib\model.js:4176:10)
    at G:\ThreadsClone\ThreadsClone\server\node_modules\mongoose\lib\query.js:2546:11
    at G:\ThreadsClone\ThreadsClone\server\node_modules\mongoose\lib\query.js:3217:21
    at processTicksAndRejections (node:internal/process/task_queues:77:11)
2024-12-12T07:37:49.369Z [ERROR]: Error: Cannot populate path `username` because it is not in your schema. Set the `strictPopulate` option to false to override. 
Stack: StrictPopulateError: Cannot populate path `username` because it is not in your schema. Set the `strictPopulate` option to false to override.
    at getModelsMapForPopulate (G:\ThreadsClone\ThreadsClone\server\node_modules\mongoose\lib\helpers\populate\getModelsMapForPopulate.js:50:12)
    at populate (G:\ThreadsClone\ThreadsClone\server\node_modules\mongoose\lib\model.js:4245:21)
    at _populate (G:\ThreadsClone\ThreadsClone\server\node_modules\mongoose\lib\model.js:4205:5)
    at G:\ThreadsClone\ThreadsClone\server\node_modules\mongoose\lib\model.js:4177:5
    at new Promise (<anonymous>)
    at Function.populate (G:\ThreadsClone\ThreadsClone\server\node_modules\mongoose\lib\model.js:4176:10)
    at G:\ThreadsClone\ThreadsClone\server\node_modules\mongoose\lib\query.js:2546:11
    at G:\ThreadsClone\ThreadsClone\server\node_modules\mongoose\lib\query.js:3217:21
    at processTicksAndRejections (node:internal/process/task_queues:77:11)
2024-12-12T07:37:50.085Z [ERROR]: Error: Cannot populate path `username` because it is not in your schema. Set the `strictPopulate` option to false to override. 
Stack: StrictPopulateError: Cannot populate path `username` because it is not in your schema. Set the `strictPopulate` option to false to override.
    at getModelsMapForPopulate (G:\ThreadsClone\ThreadsClone\server\node_modules\mongoose\lib\helpers\populate\getModelsMapForPopulate.js:50:12)
    at populate (G:\ThreadsClone\ThreadsClone\server\node_modules\mongoose\lib\model.js:4245:21)
    at _populate (G:\ThreadsClone\ThreadsClone\server\node_modules\mongoose\lib\model.js:4205:5)
    at G:\ThreadsClone\ThreadsClone\server\node_modules\mongoose\lib\model.js:4177:5
    at new Promise (<anonymous>)
    at Function.populate (G:\ThreadsClone\ThreadsClone\server\node_modules\mongoose\lib\model.js:4176:10)
    at G:\ThreadsClone\ThreadsClone\server\node_modules\mongoose\lib\query.js:2546:11
    at G:\ThreadsClone\ThreadsClone\server\node_modules\mongoose\lib\query.js:3217:21
    at processTicksAndRejections (node:internal/process/task_queues:77:11)
2024-12-12T07:37:50.802Z [ERROR]: Error: Cannot populate path `username` because it is not in your schema. Set the `strictPopulate` option to false to override. 
Stack: StrictPopulateError: Cannot populate path `username` because it is not in your schema. Set the `strictPopulate` option to false to override.
    at getModelsMapForPopulate (G:\ThreadsClone\ThreadsClone\server\node_modules\mongoose\lib\helpers\populate\getModelsMapForPopulate.js:50:12)
    at populate (G:\ThreadsClone\ThreadsClone\server\node_modules\mongoose\lib\model.js:4245:21)
    at _populate (G:\ThreadsClone\ThreadsClone\server\node_modules\mongoose\lib\model.js:4205:5)
    at G:\ThreadsClone\ThreadsClone\server\node_modules\mongoose\lib\model.js:4177:5
    at new Promise (<anonymous>)
    at Function.populate (G:\ThreadsClone\ThreadsClone\server\node_modules\mongoose\lib\model.js:4176:10)
    at G:\ThreadsClone\ThreadsClone\server\node_modules\mongoose\lib\query.js:2546:11
    at G:\ThreadsClone\ThreadsClone\server\node_modules\mongoose\lib\query.js:3217:21
    at processTicksAndRejections (node:internal/process/task_queues:77:11)
2024-12-12T07:37:59.692Z [ERROR]: Error: Cannot populate path `username` because it is not in your schema. Set the `strictPopulate` option to false to override. 
Stack: StrictPopulateError: Cannot populate path `username` because it is not in your schema. Set the `strictPopulate` option to false to override.
    at getModelsMapForPopulate (G:\ThreadsClone\ThreadsClone\server\node_modules\mongoose\lib\helpers\populate\getModelsMapForPopulate.js:50:12)
    at populate (G:\ThreadsClone\ThreadsClone\server\node_modules\mongoose\lib\model.js:4245:21)
    at _populate (G:\ThreadsClone\ThreadsClone\server\node_modules\mongoose\lib\model.js:4205:5)
    at G:\ThreadsClone\ThreadsClone\server\node_modules\mongoose\lib\model.js:4177:5
    at new Promise (<anonymous>)
    at Function.populate (G:\ThreadsClone\ThreadsClone\server\node_modules\mongoose\lib\model.js:4176:10)
    at G:\ThreadsClone\ThreadsClone\server\node_modules\mongoose\lib\query.js:2546:11
    at G:\ThreadsClone\ThreadsClone\server\node_modules\mongoose\lib\query.js:3217:21
    at processTicksAndRejections (node:internal/process/task_queues:77:11)
2024-12-12T07:38:18.524Z [ERROR]: Error: Cannot populate path `username` because it is not in your schema. Set the `strictPopulate` option to false to override. 
Stack: StrictPopulateError: Cannot populate path `username` because it is not in your schema. Set the `strictPopulate` option to false to override.
    at getModelsMapForPopulate (G:\ThreadsClone\ThreadsClone\server\node_modules\mongoose\lib\helpers\populate\getModelsMapForPopulate.js:50:12)
    at populate (G:\ThreadsClone\ThreadsClone\server\node_modules\mongoose\lib\model.js:4245:21)
    at _populate (G:\ThreadsClone\ThreadsClone\server\node_modules\mongoose\lib\model.js:4205:5)
    at G:\ThreadsClone\ThreadsClone\server\node_modules\mongoose\lib\model.js:4177:5
    at new Promise (<anonymous>)
    at Function.populate (G:\ThreadsClone\ThreadsClone\server\node_modules\mongoose\lib\model.js:4176:10)
    at G:\ThreadsClone\ThreadsClone\server\node_modules\mongoose\lib\query.js:2546:11
    at G:\ThreadsClone\ThreadsClone\server\node_modules\mongoose\lib\query.js:3217:21
    at processTicksAndRejections (node:internal/process/task_queues:77:11)
2024-12-12T07:38:51.937Z [ERROR]: Error: Cannot populate path `username` because it is not in your schema. Set the `strictPopulate` option to false to override. 
Stack: StrictPopulateError: Cannot populate path `username` because it is not in your schema. Set the `strictPopulate` option to false to override.
    at getModelsMapForPopulate (G:\ThreadsClone\ThreadsClone\server\node_modules\mongoose\lib\helpers\populate\getModelsMapForPopulate.js:50:12)
    at populate (G:\ThreadsClone\ThreadsClone\server\node_modules\mongoose\lib\model.js:4245:21)
    at _populate (G:\ThreadsClone\ThreadsClone\server\node_modules\mongoose\lib\model.js:4205:5)
    at G:\ThreadsClone\ThreadsClone\server\node_modules\mongoose\lib\model.js:4177:5
    at new Promise (<anonymous>)
    at Function.populate (G:\ThreadsClone\ThreadsClone\server\node_modules\mongoose\lib\model.js:4176:10)
    at G:\ThreadsClone\ThreadsClone\server\node_modules\mongoose\lib\query.js:2546:11
    at G:\ThreadsClone\ThreadsClone\server\node_modules\mongoose\lib\query.js:3217:21
    at processTicksAndRejections (node:internal/process/task_queues:77:11)
2024-12-12T07:39:24.316Z [ERROR]: Error: Like validation failed: username: Path `username` is required. 
Stack: ValidationError: Like validation failed: username: Path `username` is required.
    at model.Document.invalidate (G:\ThreadsClone\ThreadsClone\server\node_modules\mongoose\lib\document.js:3318:32)
    at G:\ThreadsClone\ThreadsClone\server\node_modules\mongoose\lib\document.js:3079:17
    at G:\ThreadsClone\ThreadsClone\server\node_modules\mongoose\lib\schemaType.js:1388:9
    at processTicksAndRejections (node:internal/process/task_queues:77:11)
2024-12-12T07:39:51.306Z [ERROR]: Error: Like validation failed: username: Path `username` is required. 
Stack: ValidationError: Like validation failed: username: Path `username` is required.
    at model.Document.invalidate (G:\ThreadsClone\ThreadsClone\server\node_modules\mongoose\lib\document.js:3318:32)
    at G:\ThreadsClone\ThreadsClone\server\node_modules\mongoose\lib\document.js:3079:17
    at G:\ThreadsClone\ThreadsClone\server\node_modules\mongoose\lib\schemaType.js:1388:9
    at processTicksAndRejections (node:internal/process/task_queues:77:11)
2024-12-12T07:40:23.248Z [ERROR]: Error: Like validation failed: username: Path `username` is required. 
Stack: ValidationError: Like validation failed: username: Path `username` is required.
    at model.Document.invalidate (G:\ThreadsClone\ThreadsClone\server\node_modules\mongoose\lib\document.js:3318:32)
    at G:\ThreadsClone\ThreadsClone\server\node_modules\mongoose\lib\document.js:3079:17
    at G:\ThreadsClone\ThreadsClone\server\node_modules\mongoose\lib\schemaType.js:1388:9
    at processTicksAndRejections (node:internal/process/task_queues:77:11)
2024-12-12T07:41:46.958Z [ERROR]: Error: Like validation failed: username: Path `username` is required. 
Stack: ValidationError: Like validation failed: username: Path `username` is required.
    at model.Document.invalidate (G:\ThreadsClone\ThreadsClone\server\node_modules\mongoose\lib\document.js:3318:32)
    at G:\ThreadsClone\ThreadsClone\server\node_modules\mongoose\lib\document.js:3079:17
    at G:\ThreadsClone\ThreadsClone\server\node_modules\mongoose\lib\schemaType.js:1388:9
    at processTicksAndRejections (node:internal/process/task_queues:77:11)
2024-12-12T07:42:17.587Z [ERROR]: Error: Like validation failed: username: Path `username` is required. 
Stack: ValidationError: Like validation failed: username: Path `username` is required.
    at model.Document.invalidate (G:\ThreadsClone\ThreadsClone\server\node_modules\mongoose\lib\document.js:3318:32)
    at G:\ThreadsClone\ThreadsClone\server\node_modules\mongoose\lib\document.js:3079:17
    at G:\ThreadsClone\ThreadsClone\server\node_modules\mongoose\lib\schemaType.js:1388:9
    at processTicksAndRejections (node:internal/process/task_queues:77:11)
2024-12-12T08:08:37.266Z [ERROR]: Error: Cannot set headers after they are sent to the client 
Stack: Error: Cannot set headers after they are sent to the client
    at ServerResponse.setHeader (node:_http_outgoing:703:11)
    at ServerResponse.header (G:\ThreadsClone\ThreadsClone\server\node_modules\express\lib\response.js:794:10)
    at ServerResponse.send (G:\ThreadsClone\ThreadsClone\server\node_modules\express\lib\response.js:174:12)
    at ServerResponse.json (G:\ThreadsClone\ThreadsClone\server\node_modules\express\lib\response.js:278:15)
    at G:\ThreadsClone\ThreadsClone\server\src\controllers\threadController.ts:212:21
    at processTicksAndRejections (node:internal/process/task_queues:95:5)
2024-12-12T08:08:37.379Z [ERROR]: Error: Cannot set headers after they are sent to the client 
Stack: Error: Cannot set headers after they are sent to the client
    at ServerResponse.setHeader (node:_http_outgoing:703:11)
    at ServerResponse.header (G:\ThreadsClone\ThreadsClone\server\node_modules\express\lib\response.js:794:10)
    at ServerResponse.send (G:\ThreadsClone\ThreadsClone\server\node_modules\express\lib\response.js:174:12)
    at ServerResponse.json (G:\ThreadsClone\ThreadsClone\server\node_modules\express\lib\response.js:278:15)
    at G:\ThreadsClone\ThreadsClone\server\src\controllers\threadController.ts:212:21
    at processTicksAndRejections (node:internal/process/task_queues:95:5)
2024-12-12T08:11:08.845Z [ERROR]: Error: File too large 
Stack: MulterError: File too large
    at abortWithCode (G:\ThreadsClone\ThreadsClone\server\node_modules\multer\lib\make-middleware.js:71:22)
    at FileStream.<anonymous> (G:\ThreadsClone\ThreadsClone\server\node_modules\multer\lib\make-middleware.js:134:11)
    at FileStream.emit (node:events:519:28)
    at FileStream.emit (node:domain:488:12)
    at SBMH.ssCb [as _cb] (G:\ThreadsClone\ThreadsClone\server\node_modules\busboy\lib\types\multipart.js:479:32)
    at feed (G:\ThreadsClone\ThreadsClone\server\node_modules\streamsearch\lib\sbmh.js:248:10)
    at SBMH.push (G:\ThreadsClone\ThreadsClone\server\node_modules\streamsearch\lib\sbmh.js:104:16)
    at Multipart._write (G:\ThreadsClone\ThreadsClone\server\node_modules\busboy\lib\types\multipart.js:567:19)
    at writeOrBuffer (node:internal/streams/writable:564:12)
    at _write (node:internal/streams/writable:493:10)
2024-12-12T08:14:08.717Z [ERROR]: Error: File too large 
Stack: MulterError: File too large
    at abortWithCode (G:\ThreadsClone\ThreadsClone\server\node_modules\multer\lib\make-middleware.js:71:22)
    at FileStream.<anonymous> (G:\ThreadsClone\ThreadsClone\server\node_modules\multer\lib\make-middleware.js:134:11)
    at FileStream.emit (node:events:519:28)
    at FileStream.emit (node:domain:488:12)
    at SBMH.ssCb [as _cb] (G:\ThreadsClone\ThreadsClone\server\node_modules\busboy\lib\types\multipart.js:479:32)
    at feed (G:\ThreadsClone\ThreadsClone\server\node_modules\streamsearch\lib\sbmh.js:248:10)
    at SBMH.push (G:\ThreadsClone\ThreadsClone\server\node_modules\streamsearch\lib\sbmh.js:104:16)
    at Multipart._write (G:\ThreadsClone\ThreadsClone\server\node_modules\busboy\lib\types\multipart.js:567:19)
    at writeOrBuffer (node:internal/streams/writable:564:12)
    at _write (node:internal/streams/writable:493:10)
2024-12-12T08:14:24.612Z [ERROR]: Error: File too large 
Stack: MulterError: File too large
    at abortWithCode (G:\ThreadsClone\ThreadsClone\server\node_modules\multer\lib\make-middleware.js:71:22)
    at FileStream.<anonymous> (G:\ThreadsClone\ThreadsClone\server\node_modules\multer\lib\make-middleware.js:134:11)
    at FileStream.emit (node:events:519:28)
    at FileStream.emit (node:domain:488:12)
    at SBMH.ssCb [as _cb] (G:\ThreadsClone\ThreadsClone\server\node_modules\busboy\lib\types\multipart.js:479:32)
    at feed (G:\ThreadsClone\ThreadsClone\server\node_modules\streamsearch\lib\sbmh.js:248:10)
    at SBMH.push (G:\ThreadsClone\ThreadsClone\server\node_modules\streamsearch\lib\sbmh.js:104:16)
    at Multipart._write (G:\ThreadsClone\ThreadsClone\server\node_modules\busboy\lib\types\multipart.js:567:19)
    at writeOrBuffer (node:internal/streams/writable:564:12)
    at _write (node:internal/streams/writable:493:10)
2024-12-12T08:14:38.680Z [ERROR]: Error: File too large 
Stack: MulterError: File too large
    at abortWithCode (G:\ThreadsClone\ThreadsClone\server\node_modules\multer\lib\make-middleware.js:71:22)
    at FileStream.<anonymous> (G:\ThreadsClone\ThreadsClone\server\node_modules\multer\lib\make-middleware.js:134:11)
    at FileStream.emit (node:events:519:28)
    at FileStream.emit (node:domain:488:12)
    at SBMH.ssCb [as _cb] (G:\ThreadsClone\ThreadsClone\server\node_modules\busboy\lib\types\multipart.js:479:32)
    at feed (G:\ThreadsClone\ThreadsClone\server\node_modules\streamsearch\lib\sbmh.js:248:10)
    at SBMH.push (G:\ThreadsClone\ThreadsClone\server\node_modules\streamsearch\lib\sbmh.js:104:16)
    at Multipart._write (G:\ThreadsClone\ThreadsClone\server\node_modules\busboy\lib\types\multipart.js:567:19)
    at writeOrBuffer (node:internal/streams/writable:564:12)
    at _write (node:internal/streams/writable:493:10)
2025-02-17T10:39:29.773Z [ERROR]: Error: Cannot find /api/auth/login on this server 
Stack: Error: Cannot find /api/auth/login on this server
    at G:\ThreadsClone\ThreadsClone\server\src\app.ts:42:8
    at Layer.handle [as handle_request] (G:\ThreadsClone\ThreadsClone\server\node_modules\express\lib\router\layer.js:95:5)
    at next (G:\ThreadsClone\ThreadsClone\server\node_modules\express\lib\router\route.js:149:13)
    at next (G:\ThreadsClone\ThreadsClone\server\node_modules\express\lib\router\route.js:145:7)
    at next (G:\ThreadsClone\ThreadsClone\server\node_modules\express\lib\router\route.js:145:7)
    at next (G:\ThreadsClone\ThreadsClone\server\node_modules\express\lib\router\route.js:145:7)
    at next (G:\ThreadsClone\ThreadsClone\server\node_modules\express\lib\router\route.js:145:7)
    at next (G:\ThreadsClone\ThreadsClone\server\node_modules\express\lib\router\route.js:145:7)
    at next (G:\ThreadsClone\ThreadsClone\server\node_modules\express\lib\router\route.js:145:7)
    at Route.dispatch (G:\ThreadsClone\ThreadsClone\server\node_modules\express\lib\router\route.js:119:3)
2025-02-17T10:39:29.872Z [ERROR]: Error: Cannot find /favicon.ico on this server 
Stack: Error: Cannot find /favicon.ico on this server
    at G:\ThreadsClone\ThreadsClone\server\src\app.ts:42:8
    at Layer.handle [as handle_request] (G:\ThreadsClone\ThreadsClone\server\node_modules\express\lib\router\layer.js:95:5)
    at next (G:\ThreadsClone\ThreadsClone\server\node_modules\express\lib\router\route.js:149:13)
    at next (G:\ThreadsClone\ThreadsClone\server\node_modules\express\lib\router\route.js:145:7)
    at next (G:\ThreadsClone\ThreadsClone\server\node_modules\express\lib\router\route.js:145:7)
    at next (G:\ThreadsClone\ThreadsClone\server\node_modules\express\lib\router\route.js:145:7)
    at next (G:\ThreadsClone\ThreadsClone\server\node_modules\express\lib\router\route.js:145:7)
    at next (G:\ThreadsClone\ThreadsClone\server\node_modules\express\lib\router\route.js:145:7)
    at next (G:\ThreadsClone\ThreadsClone\server\node_modules\express\lib\router\route.js:145:7)
    at Route.dispatch (G:\ThreadsClone\ThreadsClone\server\node_modules\express\lib\router\route.js:119:3)
2025-03-03T02:21:28.564Z [ERROR]: Error: Cannot find /api/users/profile/update-profile on this server 
Stack: Error: Cannot find /api/users/profile/update-profile on this server
    at G:\ThreadsClone\ThreadsClone\server\src\app.ts:42:8
    at Layer.handle [as handle_request] (G:\ThreadsClone\ThreadsClone\server\node_modules\express\lib\router\layer.js:95:5)
    at next (G:\ThreadsClone\ThreadsClone\server\node_modules\express\lib\router\route.js:149:13)
    at next (G:\ThreadsClone\ThreadsClone\server\node_modules\express\lib\router\route.js:145:7)
    at next (G:\ThreadsClone\ThreadsClone\server\node_modules\express\lib\router\route.js:145:7)
    at next (G:\ThreadsClone\ThreadsClone\server\node_modules\express\lib\router\route.js:145:7)
    at next (G:\ThreadsClone\ThreadsClone\server\node_modules\express\lib\router\route.js:145:7)
    at next (G:\ThreadsClone\ThreadsClone\server\node_modules\express\lib\router\route.js:145:7)
    at next (G:\ThreadsClone\ThreadsClone\server\node_modules\express\lib\router\route.js:145:7)
    at next (G:\ThreadsClone\ThreadsClone\server\node_modules\express\lib\router\route.js:145:7)
2025-03-03T02:22:03.480Z [ERROR]: Error: Cannot find /api/users/profile/update-profile on this server 
Stack: Error: Cannot find /api/users/profile/update-profile on this server
    at G:\ThreadsClone\ThreadsClone\server\src\app.ts:42:8
    at Layer.handle [as handle_request] (G:\ThreadsClone\ThreadsClone\server\node_modules\express\lib\router\layer.js:95:5)
    at next (G:\ThreadsClone\ThreadsClone\server\node_modules\express\lib\router\route.js:149:13)
    at next (G:\ThreadsClone\ThreadsClone\server\node_modules\express\lib\router\route.js:145:7)
    at next (G:\ThreadsClone\ThreadsClone\server\node_modules\express\lib\router\route.js:145:7)
    at next (G:\ThreadsClone\ThreadsClone\server\node_modules\express\lib\router\route.js:145:7)
    at next (G:\ThreadsClone\ThreadsClone\server\node_modules\express\lib\router\route.js:145:7)
    at next (G:\ThreadsClone\ThreadsClone\server\node_modules\express\lib\router\route.js:145:7)
    at next (G:\ThreadsClone\ThreadsClone\server\node_modules\express\lib\router\route.js:145:7)
    at next (G:\ThreadsClone\ThreadsClone\server\node_modules\express\lib\router\route.js:145:7)
2025-03-03T02:22:09.528Z [ERROR]: Error: Cannot find /api/users/profile/update-profile on this server 
Stack: Error: Cannot find /api/users/profile/update-profile on this server
    at G:\ThreadsClone\ThreadsClone\server\src\app.ts:42:8
    at Layer.handle [as handle_request] (G:\ThreadsClone\ThreadsClone\server\node_modules\express\lib\router\layer.js:95:5)
    at next (G:\ThreadsClone\ThreadsClone\server\node_modules\express\lib\router\route.js:149:13)
    at next (G:\ThreadsClone\ThreadsClone\server\node_modules\express\lib\router\route.js:145:7)
    at next (G:\ThreadsClone\ThreadsClone\server\node_modules\express\lib\router\route.js:145:7)
    at next (G:\ThreadsClone\ThreadsClone\server\node_modules\express\lib\router\route.js:145:7)
    at next (G:\ThreadsClone\ThreadsClone\server\node_modules\express\lib\router\route.js:145:7)
    at next (G:\ThreadsClone\ThreadsClone\server\node_modules\express\lib\router\route.js:145:7)
    at next (G:\ThreadsClone\ThreadsClone\server\node_modules\express\lib\router\route.js:145:7)
    at Route.dispatch (G:\ThreadsClone\ThreadsClone\server\node_modules\express\lib\router\route.js:119:3)
2025-03-03T02:22:12.985Z [ERROR]: Error: Cannot find /favicon.ico on this server 
Stack: Error: Cannot find /favicon.ico on this server
    at G:\ThreadsClone\ThreadsClone\server\src\app.ts:42:8
    at Layer.handle [as handle_request] (G:\ThreadsClone\ThreadsClone\server\node_modules\express\lib\router\layer.js:95:5)
    at next (G:\ThreadsClone\ThreadsClone\server\node_modules\express\lib\router\route.js:149:13)
    at next (G:\ThreadsClone\ThreadsClone\server\node_modules\express\lib\router\route.js:145:7)
    at next (G:\ThreadsClone\ThreadsClone\server\node_modules\express\lib\router\route.js:145:7)
    at next (G:\ThreadsClone\ThreadsClone\server\node_modules\express\lib\router\route.js:145:7)
    at next (G:\ThreadsClone\ThreadsClone\server\node_modules\express\lib\router\route.js:145:7)
    at next (G:\ThreadsClone\ThreadsClone\server\node_modules\express\lib\router\route.js:145:7)
    at next (G:\ThreadsClone\ThreadsClone\server\node_modules\express\lib\router\route.js:145:7)
    at Route.dispatch (G:\ThreadsClone\ThreadsClone\server\node_modules\express\lib\router\route.js:119:3)
2025-03-03T02:48:25.834Z [ERROR]: Error: User validation failed: bio: Cast to string failed for value "{ bio: "Hi, I'm Trung 👨🏻‍💻." }" (type Object) at path "bio" 
Stack: Error: User validation failed: bio: Cast to string failed for value "{ bio: "Hi, I'm Trung 👨🏻‍💻." }" (type Object) at path "bio"
    at G:\ThreadsClone\ThreadsClone\server\src\controllers\userController.ts:56:21
    at processTicksAndRejections (node:internal/process/task_queues:95:5)
2025-03-03T02:48:28.934Z [ERROR]: Error: User validation failed: bio: Cast to string failed for value "{ bio: "Hi, I'm Trung 👨🏻‍💻." }" (type Object) at path "bio" 
Stack: Error: User validation failed: bio: Cast to string failed for value "{ bio: "Hi, I'm Trung 👨🏻‍💻." }" (type Object) at path "bio"
    at G:\ThreadsClone\ThreadsClone\server\src\controllers\userController.ts:56:21
    at processTicksAndRejections (node:internal/process/task_queues:95:5)
2025-03-03T02:48:37.352Z [ERROR]: Error: User validation failed: bio: Cast to string failed for value "{ bio: "Hi, I'm Trung 👨🏻‍💻." }" (type Object) at path "bio" 
Stack: Error: User validation failed: bio: Cast to string failed for value "{ bio: "Hi, I'm Trung 👨🏻‍💻." }" (type Object) at path "bio"
    at G:\ThreadsClone\ThreadsClone\server\src\controllers\userController.ts:56:21
    at processTicksAndRejections (node:internal/process/task_queues:95:5)
2025-03-03T02:48:48.821Z [ERROR]: Error: Cannot find /api/users/update-profile on this server 
Stack: Error: Cannot find /api/users/update-profile on this server
    at G:\ThreadsClone\ThreadsClone\server\src\app.ts:42:8
    at Layer.handle [as handle_request] (G:\ThreadsClone\ThreadsClone\server\node_modules\express\lib\router\layer.js:95:5)
    at next (G:\ThreadsClone\ThreadsClone\server\node_modules\express\lib\router\route.js:149:13)
    at next (G:\ThreadsClone\ThreadsClone\server\node_modules\express\lib\router\route.js:145:7)
    at next (G:\ThreadsClone\ThreadsClone\server\node_modules\express\lib\router\route.js:145:7)
    at next (G:\ThreadsClone\ThreadsClone\server\node_modules\express\lib\router\route.js:145:7)
    at next (G:\ThreadsClone\ThreadsClone\server\node_modules\express\lib\router\route.js:145:7)
    at next (G:\ThreadsClone\ThreadsClone\server\node_modules\express\lib\router\route.js:145:7)
    at next (G:\ThreadsClone\ThreadsClone\server\node_modules\express\lib\router\route.js:145:7)
    at Route.dispatch (G:\ThreadsClone\ThreadsClone\server\node_modules\express\lib\router\route.js:119:3)
2025-03-03T03:41:20.751Z [ERROR]: Error: Bio cannot exceed 150 characters 
Stack: Error: Bio cannot exceed 150 characters
    at G:\ThreadsClone\ThreadsClone\server\src\controllers\userController.ts:41:21
    at processTicksAndRejections (node:internal/process/task_queues:95:5)
2025-04-03T08:59:29.804Z [ERROR]: Error: Cannot find /api/users/update-profile on this server 
Stack: Error: Cannot find /api/users/update-profile on this server
    at G:\ThreadsClone\ThreadsClone\server\src\app.ts:42:8
    at Layer.handle [as handle_request] (G:\ThreadsClone\ThreadsClone\server\node_modules\express\lib\router\layer.js:95:5)
    at next (G:\ThreadsClone\ThreadsClone\server\node_modules\express\lib\router\route.js:149:13)
    at next (G:\ThreadsClone\ThreadsClone\server\node_modules\express\lib\router\route.js:145:7)
    at next (G:\ThreadsClone\ThreadsClone\server\node_modules\express\lib\router\route.js:145:7)
    at next (G:\ThreadsClone\ThreadsClone\server\node_modules\express\lib\router\route.js:145:7)
    at next (G:\ThreadsClone\ThreadsClone\server\node_modules\express\lib\router\route.js:145:7)
    at next (G:\ThreadsClone\ThreadsClone\server\node_modules\express\lib\router\route.js:145:7)
    at next (G:\ThreadsClone\ThreadsClone\server\node_modules\express\lib\router\route.js:145:7)
    at Route.dispatch (G:\ThreadsClone\ThreadsClone\server\node_modules\express\lib\router\route.js:119:3)
2025-04-03T08:59:30.783Z [ERROR]: Error: Cannot find /favicon.ico on this server 
Stack: Error: Cannot find /favicon.ico on this server
    at G:\ThreadsClone\ThreadsClone\server\src\app.ts:42:8
    at Layer.handle [as handle_request] (G:\ThreadsClone\ThreadsClone\server\node_modules\express\lib\router\layer.js:95:5)
    at next (G:\ThreadsClone\ThreadsClone\server\node_modules\express\lib\router\route.js:149:13)
    at next (G:\ThreadsClone\ThreadsClone\server\node_modules\express\lib\router\route.js:145:7)
    at next (G:\ThreadsClone\ThreadsClone\server\node_modules\express\lib\router\route.js:145:7)
    at next (G:\ThreadsClone\ThreadsClone\server\node_modules\express\lib\router\route.js:145:7)
    at next (G:\ThreadsClone\ThreadsClone\server\node_modules\express\lib\router\route.js:145:7)
    at next (G:\ThreadsClone\ThreadsClone\server\node_modules\express\lib\router\route.js:145:7)
    at next (G:\ThreadsClone\ThreadsClone\server\node_modules\express\lib\router\route.js:145:7)
    at Route.dispatch (G:\ThreadsClone\ThreadsClone\server\node_modules\express\lib\router\route.js:119:3)
2025-04-03T09:18:06.814Z [ERROR]: Error: Cannot find /api/users/update-profile on this server 
Stack: Error: Cannot find /api/users/update-profile on this server
    at G:\ThreadsClone\ThreadsClone\server\src\app.ts:42:8
    at Layer.handle [as handle_request] (G:\ThreadsClone\ThreadsClone\server\node_modules\express\lib\router\layer.js:95:5)
    at next (G:\ThreadsClone\ThreadsClone\server\node_modules\express\lib\router\route.js:149:13)
    at next (G:\ThreadsClone\ThreadsClone\server\node_modules\express\lib\router\route.js:145:7)
    at next (G:\ThreadsClone\ThreadsClone\server\node_modules\express\lib\router\route.js:145:7)
    at next (G:\ThreadsClone\ThreadsClone\server\node_modules\express\lib\router\route.js:145:7)
    at next (G:\ThreadsClone\ThreadsClone\server\node_modules\express\lib\router\route.js:145:7)
    at next (G:\ThreadsClone\ThreadsClone\server\node_modules\express\lib\router\route.js:145:7)
    at next (G:\ThreadsClone\ThreadsClone\server\node_modules\express\lib\router\route.js:145:7)
    at Route.dispatch (G:\ThreadsClone\ThreadsClone\server\node_modules\express\lib\router\route.js:119:3)
2025-04-17T09:48:42.996Z [ERROR]: Error: Unexpected field 
Stack: MulterError: Unexpected field
    at wrappedFileFilter (G:\ThreadsClone\ThreadsClone\server\node_modules\multer\index.js:40:19)
    at Multipart.<anonymous> (G:\ThreadsClone\ThreadsClone\server\node_modules\multer\lib\make-middleware.js:107:7)
    at Multipart.emit (node:events:519:28)
    at Multipart.emit (node:domain:488:12)
    at HeaderParser.cb (G:\ThreadsClone\ThreadsClone\server\node_modules\busboy\lib\types\multipart.js:358:14)
    at HeaderParser.push (G:\ThreadsClone\ThreadsClone\server\node_modules\busboy\lib\types\multipart.js:162:20)
    at SBMH.ssCb [as _cb] (G:\ThreadsClone\ThreadsClone\server\node_modules\busboy\lib\types\multipart.js:394:37)
    at feed (G:\ThreadsClone\ThreadsClone\server\node_modules\streamsearch\lib\sbmh.js:248:10)
    at SBMH.push (G:\ThreadsClone\ThreadsClone\server\node_modules\streamsearch\lib\sbmh.js:104:16)
    at Multipart._write (G:\ThreadsClone\ThreadsClone\server\node_modules\busboy\lib\types\multipart.js:567:19)
2025-04-17T09:49:29.923Z [ERROR]: Error: Unexpected field 
Stack: MulterError: Unexpected field
    at wrappedFileFilter (G:\ThreadsClone\ThreadsClone\server\node_modules\multer\index.js:40:19)
    at Multipart.<anonymous> (G:\ThreadsClone\ThreadsClone\server\node_modules\multer\lib\make-middleware.js:107:7)
    at Multipart.emit (node:events:519:28)
    at Multipart.emit (node:domain:488:12)
    at HeaderParser.cb (G:\ThreadsClone\ThreadsClone\server\node_modules\busboy\lib\types\multipart.js:358:14)
    at HeaderParser.push (G:\ThreadsClone\ThreadsClone\server\node_modules\busboy\lib\types\multipart.js:162:20)
    at SBMH.ssCb [as _cb] (G:\ThreadsClone\ThreadsClone\server\node_modules\busboy\lib\types\multipart.js:394:37)
    at feed (G:\ThreadsClone\ThreadsClone\server\node_modules\streamsearch\lib\sbmh.js:248:10)
    at SBMH.push (G:\ThreadsClone\ThreadsClone\server\node_modules\streamsearch\lib\sbmh.js:104:16)
    at Multipart._write (G:\ThreadsClone\ThreadsClone\server\node_modules\busboy\lib\types\multipart.js:567:19)
2025-04-17T09:49:51.854Z [ERROR]: Error: Unexpected field 
Stack: MulterError: Unexpected field
    at wrappedFileFilter (G:\ThreadsClone\ThreadsClone\server\node_modules\multer\index.js:40:19)
    at Multipart.<anonymous> (G:\ThreadsClone\ThreadsClone\server\node_modules\multer\lib\make-middleware.js:107:7)
    at Multipart.emit (node:events:519:28)
    at Multipart.emit (node:domain:488:12)
    at HeaderParser.cb (G:\ThreadsClone\ThreadsClone\server\node_modules\busboy\lib\types\multipart.js:358:14)
    at HeaderParser.push (G:\ThreadsClone\ThreadsClone\server\node_modules\busboy\lib\types\multipart.js:162:20)
    at SBMH.ssCb [as _cb] (G:\ThreadsClone\ThreadsClone\server\node_modules\busboy\lib\types\multipart.js:394:37)
    at feed (G:\ThreadsClone\ThreadsClone\server\node_modules\streamsearch\lib\sbmh.js:248:10)
    at SBMH.push (G:\ThreadsClone\ThreadsClone\server\node_modules\streamsearch\lib\sbmh.js:104:16)
    at Multipart._write (G:\ThreadsClone\ThreadsClone\server\node_modules\busboy\lib\types\multipart.js:567:19)
2025-04-17T09:50:24.462Z [ERROR]: Error: Unexpected field 
Stack: MulterError: Unexpected field
    at wrappedFileFilter (G:\ThreadsClone\ThreadsClone\server\node_modules\multer\index.js:40:19)
    at Multipart.<anonymous> (G:\ThreadsClone\ThreadsClone\server\node_modules\multer\lib\make-middleware.js:107:7)
    at Multipart.emit (node:events:519:28)
    at Multipart.emit (node:domain:488:12)
    at HeaderParser.cb (G:\ThreadsClone\ThreadsClone\server\node_modules\busboy\lib\types\multipart.js:358:14)
    at HeaderParser.push (G:\ThreadsClone\ThreadsClone\server\node_modules\busboy\lib\types\multipart.js:162:20)
    at SBMH.ssCb [as _cb] (G:\ThreadsClone\ThreadsClone\server\node_modules\busboy\lib\types\multipart.js:394:37)
    at feed (G:\ThreadsClone\ThreadsClone\server\node_modules\streamsearch\lib\sbmh.js:248:10)
    at SBMH.push (G:\ThreadsClone\ThreadsClone\server\node_modules\streamsearch\lib\sbmh.js:104:16)
    at Multipart._write (G:\ThreadsClone\ThreadsClone\server\node_modules\busboy\lib\types\multipart.js:567:19)
2025-04-17T09:50:48.229Z [ERROR]: Error: Unexpected field 
Stack: MulterError: Unexpected field
    at wrappedFileFilter (G:\ThreadsClone\ThreadsClone\server\node_modules\multer\index.js:40:19)
    at Multipart.<anonymous> (G:\ThreadsClone\ThreadsClone\server\node_modules\multer\lib\make-middleware.js:107:7)
    at Multipart.emit (node:events:519:28)
    at Multipart.emit (node:domain:488:12)
    at HeaderParser.cb (G:\ThreadsClone\ThreadsClone\server\node_modules\busboy\lib\types\multipart.js:358:14)
    at HeaderParser.push (G:\ThreadsClone\ThreadsClone\server\node_modules\busboy\lib\types\multipart.js:162:20)
    at SBMH.ssCb [as _cb] (G:\ThreadsClone\ThreadsClone\server\node_modules\busboy\lib\types\multipart.js:394:37)
    at feed (G:\ThreadsClone\ThreadsClone\server\node_modules\streamsearch\lib\sbmh.js:248:10)
    at SBMH.push (G:\ThreadsClone\ThreadsClone\server\node_modules\streamsearch\lib\sbmh.js:104:16)
    at Multipart._write (G:\ThreadsClone\ThreadsClone\server\node_modules\busboy\lib\types\multipart.js:567:19)
2025-04-17T09:51:10.713Z [ERROR]: Error: Unexpected field 
Stack: MulterError: Unexpected field
    at wrappedFileFilter (G:\ThreadsClone\ThreadsClone\server\node_modules\multer\index.js:40:19)
    at Multipart.<anonymous> (G:\ThreadsClone\ThreadsClone\server\node_modules\multer\lib\make-middleware.js:107:7)
    at Multipart.emit (node:events:519:28)
    at Multipart.emit (node:domain:488:12)
    at HeaderParser.cb (G:\ThreadsClone\ThreadsClone\server\node_modules\busboy\lib\types\multipart.js:358:14)
    at HeaderParser.push (G:\ThreadsClone\ThreadsClone\server\node_modules\busboy\lib\types\multipart.js:162:20)
    at SBMH.ssCb [as _cb] (G:\ThreadsClone\ThreadsClone\server\node_modules\busboy\lib\types\multipart.js:394:37)
    at feed (G:\ThreadsClone\ThreadsClone\server\node_modules\streamsearch\lib\sbmh.js:248:10)
    at SBMH.push (G:\ThreadsClone\ThreadsClone\server\node_modules\streamsearch\lib\sbmh.js:104:16)
    at Multipart._write (G:\ThreadsClone\ThreadsClone\server\node_modules\busboy\lib\types\multipart.js:567:19)
2025-04-17T09:51:44.648Z [ERROR]: Error: Unexpected field 
Stack: MulterError: Unexpected field
    at wrappedFileFilter (G:\ThreadsClone\ThreadsClone\server\node_modules\multer\index.js:40:19)
    at Multipart.<anonymous> (G:\ThreadsClone\ThreadsClone\server\node_modules\multer\lib\make-middleware.js:107:7)
    at Multipart.emit (node:events:519:28)
    at Multipart.emit (node:domain:488:12)
    at HeaderParser.cb (G:\ThreadsClone\ThreadsClone\server\node_modules\busboy\lib\types\multipart.js:358:14)
    at HeaderParser.push (G:\ThreadsClone\ThreadsClone\server\node_modules\busboy\lib\types\multipart.js:162:20)
    at SBMH.ssCb [as _cb] (G:\ThreadsClone\ThreadsClone\server\node_modules\busboy\lib\types\multipart.js:394:37)
    at feed (G:\ThreadsClone\ThreadsClone\server\node_modules\streamsearch\lib\sbmh.js:219:14)
    at SBMH.push (G:\ThreadsClone\ThreadsClone\server\node_modules\streamsearch\lib\sbmh.js:104:16)
    at Multipart._write (G:\ThreadsClone\ThreadsClone\server\node_modules\busboy\lib\types\multipart.js:567:19)
2025-04-17T09:51:45.809Z [ERROR]: Error: Unexpected field 
Stack: MulterError: Unexpected field
    at wrappedFileFilter (G:\ThreadsClone\ThreadsClone\server\node_modules\multer\index.js:40:19)
    at Multipart.<anonymous> (G:\ThreadsClone\ThreadsClone\server\node_modules\multer\lib\make-middleware.js:107:7)
    at Multipart.emit (node:events:519:28)
    at Multipart.emit (node:domain:488:12)
    at HeaderParser.cb (G:\ThreadsClone\ThreadsClone\server\node_modules\busboy\lib\types\multipart.js:358:14)
    at HeaderParser.push (G:\ThreadsClone\ThreadsClone\server\node_modules\busboy\lib\types\multipart.js:162:20)
    at SBMH.ssCb [as _cb] (G:\ThreadsClone\ThreadsClone\server\node_modules\busboy\lib\types\multipart.js:394:37)
    at feed (G:\ThreadsClone\ThreadsClone\server\node_modules\streamsearch\lib\sbmh.js:219:14)
    at SBMH.push (G:\ThreadsClone\ThreadsClone\server\node_modules\streamsearch\lib\sbmh.js:104:16)
    at Multipart._write (G:\ThreadsClone\ThreadsClone\server\node_modules\busboy\lib\types\multipart.js:567:19)
2025-04-17T09:51:46.599Z [ERROR]: Error: Unexpected field 
Stack: MulterError: Unexpected field
    at wrappedFileFilter (G:\ThreadsClone\ThreadsClone\server\node_modules\multer\index.js:40:19)
    at Multipart.<anonymous> (G:\ThreadsClone\ThreadsClone\server\node_modules\multer\lib\make-middleware.js:107:7)
    at Multipart.emit (node:events:519:28)
    at Multipart.emit (node:domain:488:12)
    at HeaderParser.cb (G:\ThreadsClone\ThreadsClone\server\node_modules\busboy\lib\types\multipart.js:358:14)
    at HeaderParser.push (G:\ThreadsClone\ThreadsClone\server\node_modules\busboy\lib\types\multipart.js:162:20)
    at SBMH.ssCb [as _cb] (G:\ThreadsClone\ThreadsClone\server\node_modules\busboy\lib\types\multipart.js:394:37)
    at feed (G:\ThreadsClone\ThreadsClone\server\node_modules\streamsearch\lib\sbmh.js:219:14)
    at SBMH.push (G:\ThreadsClone\ThreadsClone\server\node_modules\streamsearch\lib\sbmh.js:104:16)
    at Multipart._write (G:\ThreadsClone\ThreadsClone\server\node_modules\busboy\lib\types\multipart.js:567:19)
2025-04-17T09:51:47.166Z [ERROR]: Error: Unexpected field 
Stack: MulterError: Unexpected field
    at wrappedFileFilter (G:\ThreadsClone\ThreadsClone\server\node_modules\multer\index.js:40:19)
    at Multipart.<anonymous> (G:\ThreadsClone\ThreadsClone\server\node_modules\multer\lib\make-middleware.js:107:7)
    at Multipart.emit (node:events:519:28)
    at Multipart.emit (node:domain:488:12)
    at HeaderParser.cb (G:\ThreadsClone\ThreadsClone\server\node_modules\busboy\lib\types\multipart.js:358:14)
    at HeaderParser.push (G:\ThreadsClone\ThreadsClone\server\node_modules\busboy\lib\types\multipart.js:162:20)
    at SBMH.ssCb [as _cb] (G:\ThreadsClone\ThreadsClone\server\node_modules\busboy\lib\types\multipart.js:394:37)
    at feed (G:\ThreadsClone\ThreadsClone\server\node_modules\streamsearch\lib\sbmh.js:219:14)
    at SBMH.push (G:\ThreadsClone\ThreadsClone\server\node_modules\streamsearch\lib\sbmh.js:104:16)
    at Multipart._write (G:\ThreadsClone\ThreadsClone\server\node_modules\busboy\lib\types\multipart.js:567:19)
2025-04-17T09:51:47.589Z [ERROR]: Error: Unexpected field 
Stack: MulterError: Unexpected field
    at wrappedFileFilter (G:\ThreadsClone\ThreadsClone\server\node_modules\multer\index.js:40:19)
    at Multipart.<anonymous> (G:\ThreadsClone\ThreadsClone\server\node_modules\multer\lib\make-middleware.js:107:7)
    at Multipart.emit (node:events:519:28)
    at Multipart.emit (node:domain:488:12)
    at HeaderParser.cb (G:\ThreadsClone\ThreadsClone\server\node_modules\busboy\lib\types\multipart.js:358:14)
    at HeaderParser.push (G:\ThreadsClone\ThreadsClone\server\node_modules\busboy\lib\types\multipart.js:162:20)
    at SBMH.ssCb [as _cb] (G:\ThreadsClone\ThreadsClone\server\node_modules\busboy\lib\types\multipart.js:394:37)
    at feed (G:\ThreadsClone\ThreadsClone\server\node_modules\streamsearch\lib\sbmh.js:219:14)
    at SBMH.push (G:\ThreadsClone\ThreadsClone\server\node_modules\streamsearch\lib\sbmh.js:104:16)
    at Multipart._write (G:\ThreadsClone\ThreadsClone\server\node_modules\busboy\lib\types\multipart.js:567:19)
2025-04-17T09:51:47.765Z [ERROR]: Error: Unexpected field 
Stack: MulterError: Unexpected field
    at wrappedFileFilter (G:\ThreadsClone\ThreadsClone\server\node_modules\multer\index.js:40:19)
    at Multipart.<anonymous> (G:\ThreadsClone\ThreadsClone\server\node_modules\multer\lib\make-middleware.js:107:7)
    at Multipart.emit (node:events:519:28)
    at Multipart.emit (node:domain:488:12)
    at HeaderParser.cb (G:\ThreadsClone\ThreadsClone\server\node_modules\busboy\lib\types\multipart.js:358:14)
    at HeaderParser.push (G:\ThreadsClone\ThreadsClone\server\node_modules\busboy\lib\types\multipart.js:162:20)
    at SBMH.ssCb [as _cb] (G:\ThreadsClone\ThreadsClone\server\node_modules\busboy\lib\types\multipart.js:394:37)
    at feed (G:\ThreadsClone\ThreadsClone\server\node_modules\streamsearch\lib\sbmh.js:219:14)
    at SBMH.push (G:\ThreadsClone\ThreadsClone\server\node_modules\streamsearch\lib\sbmh.js:104:16)
    at Multipart._write (G:\ThreadsClone\ThreadsClone\server\node_modules\busboy\lib\types\multipart.js:567:19)
2025-04-17T09:51:47.943Z [ERROR]: Error: Unexpected field 
Stack: MulterError: Unexpected field
    at wrappedFileFilter (G:\ThreadsClone\ThreadsClone\server\node_modules\multer\index.js:40:19)
    at Multipart.<anonymous> (G:\ThreadsClone\ThreadsClone\server\node_modules\multer\lib\make-middleware.js:107:7)
    at Multipart.emit (node:events:519:28)
    at Multipart.emit (node:domain:488:12)
    at HeaderParser.cb (G:\ThreadsClone\ThreadsClone\server\node_modules\busboy\lib\types\multipart.js:358:14)
    at HeaderParser.push (G:\ThreadsClone\ThreadsClone\server\node_modules\busboy\lib\types\multipart.js:162:20)
    at SBMH.ssCb [as _cb] (G:\ThreadsClone\ThreadsClone\server\node_modules\busboy\lib\types\multipart.js:394:37)
    at feed (G:\ThreadsClone\ThreadsClone\server\node_modules\streamsearch\lib\sbmh.js:219:14)
    at SBMH.push (G:\ThreadsClone\ThreadsClone\server\node_modules\streamsearch\lib\sbmh.js:104:16)
    at Multipart._write (G:\ThreadsClone\ThreadsClone\server\node_modules\busboy\lib\types\multipart.js:567:19)
2025-04-17T09:51:48.083Z [ERROR]: Error: Unexpected field 
Stack: MulterError: Unexpected field
    at wrappedFileFilter (G:\ThreadsClone\ThreadsClone\server\node_modules\multer\index.js:40:19)
    at Multipart.<anonymous> (G:\ThreadsClone\ThreadsClone\server\node_modules\multer\lib\make-middleware.js:107:7)
    at Multipart.emit (node:events:519:28)
    at Multipart.emit (node:domain:488:12)
    at HeaderParser.cb (G:\ThreadsClone\ThreadsClone\server\node_modules\busboy\lib\types\multipart.js:358:14)
    at HeaderParser.push (G:\ThreadsClone\ThreadsClone\server\node_modules\busboy\lib\types\multipart.js:162:20)
    at SBMH.ssCb [as _cb] (G:\ThreadsClone\ThreadsClone\server\node_modules\busboy\lib\types\multipart.js:394:37)
    at feed (G:\ThreadsClone\ThreadsClone\server\node_modules\streamsearch\lib\sbmh.js:219:14)
    at SBMH.push (G:\ThreadsClone\ThreadsClone\server\node_modules\streamsearch\lib\sbmh.js:104:16)
    at Multipart._write (G:\ThreadsClone\ThreadsClone\server\node_modules\busboy\lib\types\multipart.js:567:19)
2025-04-17T09:52:04.109Z [ERROR]: Error: Unexpected field 
Stack: MulterError: Unexpected field
    at wrappedFileFilter (G:\ThreadsClone\ThreadsClone\server\node_modules\multer\index.js:40:19)
    at Multipart.<anonymous> (G:\ThreadsClone\ThreadsClone\server\node_modules\multer\lib\make-middleware.js:107:7)
    at Multipart.emit (node:events:519:28)
    at Multipart.emit (node:domain:488:12)
    at HeaderParser.cb (G:\ThreadsClone\ThreadsClone\server\node_modules\busboy\lib\types\multipart.js:358:14)
    at HeaderParser.push (G:\ThreadsClone\ThreadsClone\server\node_modules\busboy\lib\types\multipart.js:162:20)
    at SBMH.ssCb [as _cb] (G:\ThreadsClone\ThreadsClone\server\node_modules\busboy\lib\types\multipart.js:394:37)
    at feed (G:\ThreadsClone\ThreadsClone\server\node_modules\streamsearch\lib\sbmh.js:219:14)
    at SBMH.push (G:\ThreadsClone\ThreadsClone\server\node_modules\streamsearch\lib\sbmh.js:104:16)
    at Multipart._write (G:\ThreadsClone\ThreadsClone\server\node_modules\busboy\lib\types\multipart.js:567:19)
2025-04-17T09:52:55.343Z [ERROR]: Error: Unexpected field 
Stack: MulterError: Unexpected field
    at wrappedFileFilter (G:\ThreadsClone\ThreadsClone\server\node_modules\multer\index.js:40:19)
    at Multipart.<anonymous> (G:\ThreadsClone\ThreadsClone\server\node_modules\multer\lib\make-middleware.js:107:7)
    at Multipart.emit (node:events:519:28)
    at Multipart.emit (node:domain:488:12)
    at HeaderParser.cb (G:\ThreadsClone\ThreadsClone\server\node_modules\busboy\lib\types\multipart.js:358:14)
    at HeaderParser.push (G:\ThreadsClone\ThreadsClone\server\node_modules\busboy\lib\types\multipart.js:162:20)
    at SBMH.ssCb [as _cb] (G:\ThreadsClone\ThreadsClone\server\node_modules\busboy\lib\types\multipart.js:394:37)
    at feed (G:\ThreadsClone\ThreadsClone\server\node_modules\streamsearch\lib\sbmh.js:219:14)
    at SBMH.push (G:\ThreadsClone\ThreadsClone\server\node_modules\streamsearch\lib\sbmh.js:104:16)
    at Multipart._write (G:\ThreadsClone\ThreadsClone\server\node_modules\busboy\lib\types\multipart.js:567:19)
2025-04-17T09:53:34.284Z [ERROR]: Error: Unexpected field 
Stack: MulterError: Unexpected field
    at wrappedFileFilter (G:\ThreadsClone\ThreadsClone\server\node_modules\multer\index.js:40:19)
    at Multipart.<anonymous> (G:\ThreadsClone\ThreadsClone\server\node_modules\multer\lib\make-middleware.js:107:7)
    at Multipart.emit (node:events:519:28)
    at Multipart.emit (node:domain:488:12)
    at HeaderParser.cb (G:\ThreadsClone\ThreadsClone\server\node_modules\busboy\lib\types\multipart.js:358:14)
    at HeaderParser.push (G:\ThreadsClone\ThreadsClone\server\node_modules\busboy\lib\types\multipart.js:162:20)
    at SBMH.ssCb [as _cb] (G:\ThreadsClone\ThreadsClone\server\node_modules\busboy\lib\types\multipart.js:394:37)
    at feed (G:\ThreadsClone\ThreadsClone\server\node_modules\streamsearch\lib\sbmh.js:248:10)
    at SBMH.push (G:\ThreadsClone\ThreadsClone\server\node_modules\streamsearch\lib\sbmh.js:104:16)
    at Multipart._write (G:\ThreadsClone\ThreadsClone\server\node_modules\busboy\lib\types\multipart.js:567:19)
2025-04-17T10:29:03.936Z [ERROR]: Error: Unexpected field 
Stack: MulterError: Unexpected field
    at wrappedFileFilter (G:\ThreadsClone\ThreadsClone\server\node_modules\multer\index.js:40:19)
    at Multipart.<anonymous> (G:\ThreadsClone\ThreadsClone\server\node_modules\multer\lib\make-middleware.js:107:7)
    at Multipart.emit (node:events:519:28)
    at Multipart.emit (node:domain:488:12)
    at HeaderParser.cb (G:\ThreadsClone\ThreadsClone\server\node_modules\busboy\lib\types\multipart.js:358:14)
    at HeaderParser.push (G:\ThreadsClone\ThreadsClone\server\node_modules\busboy\lib\types\multipart.js:162:20)
    at SBMH.ssCb [as _cb] (G:\ThreadsClone\ThreadsClone\server\node_modules\busboy\lib\types\multipart.js:394:37)
    at feed (G:\ThreadsClone\ThreadsClone\server\node_modules\streamsearch\lib\sbmh.js:248:10)
    at SBMH.push (G:\ThreadsClone\ThreadsClone\server\node_modules\streamsearch\lib\sbmh.js:104:16)
    at Multipart._write (G:\ThreadsClone\ThreadsClone\server\node_modules\busboy\lib\types\multipart.js:567:19)
2025-04-17T10:29:25.780Z [ERROR]: Error: Chỉ cho phép các định dạng ảnh hoặc video hợp lệ 
Stack: Error: Chỉ cho phép các định dạng ảnh hoặc video hợp lệ
    at fileFilter (G:\ThreadsClone\ThreadsClone\server\src\middlewares\uploadMiddleware.ts:18:8)
    at wrappedFileFilter (G:\ThreadsClone\ThreadsClone\server\node_modules\multer\index.js:44:7)
    at Multipart.<anonymous> (G:\ThreadsClone\ThreadsClone\server\node_modules\multer\lib\make-middleware.js:107:7)
    at Multipart.emit (node:events:519:28)
    at Multipart.emit (node:domain:488:12)
    at HeaderParser.cb (G:\ThreadsClone\ThreadsClone\server\node_modules\busboy\lib\types\multipart.js:358:14)
    at HeaderParser.push (G:\ThreadsClone\ThreadsClone\server\node_modules\busboy\lib\types\multipart.js:162:20)
    at SBMH.ssCb [as _cb] (G:\ThreadsClone\ThreadsClone\server\node_modules\busboy\lib\types\multipart.js:394:37)
    at feed (G:\ThreadsClone\ThreadsClone\server\node_modules\streamsearch\lib\sbmh.js:248:10)
    at SBMH.push (G:\ThreadsClone\ThreadsClone\server\node_modules\streamsearch\lib\sbmh.js:104:16)
2025-04-17T10:29:57.797Z [ERROR]: Error: Chỉ cho phép các định dạng ảnh hoặc video hợp lệ 
Stack: Error: Chỉ cho phép các định dạng ảnh hoặc video hợp lệ
    at fileFilter (G:\ThreadsClone\ThreadsClone\server\src\middlewares\uploadMiddleware.ts:18:8)
    at wrappedFileFilter (G:\ThreadsClone\ThreadsClone\server\node_modules\multer\index.js:44:7)
    at Multipart.<anonymous> (G:\ThreadsClone\ThreadsClone\server\node_modules\multer\lib\make-middleware.js:107:7)
    at Multipart.emit (node:events:519:28)
    at Multipart.emit (node:domain:488:12)
    at HeaderParser.cb (G:\ThreadsClone\ThreadsClone\server\node_modules\busboy\lib\types\multipart.js:358:14)
    at HeaderParser.push (G:\ThreadsClone\ThreadsClone\server\node_modules\busboy\lib\types\multipart.js:162:20)
    at SBMH.ssCb [as _cb] (G:\ThreadsClone\ThreadsClone\server\node_modules\busboy\lib\types\multipart.js:394:37)
    at feed (G:\ThreadsClone\ThreadsClone\server\node_modules\streamsearch\lib\sbmh.js:248:10)
    at SBMH.push (G:\ThreadsClone\ThreadsClone\server\node_modules\streamsearch\lib\sbmh.js:104:16)
2025-04-17T10:50:18.468Z [ERROR]: Error: Chỉ cho phép các định dạng ảnh hoặc video hợp lệ 
Stack: Error: Chỉ cho phép các định dạng ảnh hoặc video hợp lệ
    at fileFilter (G:\ThreadsClone\ThreadsClone\server\src\middlewares\uploadMiddleware.ts:18:8)
    at wrappedFileFilter (G:\ThreadsClone\ThreadsClone\server\node_modules\multer\index.js:44:7)
    at Multipart.<anonymous> (G:\ThreadsClone\ThreadsClone\server\node_modules\multer\lib\make-middleware.js:107:7)
    at Multipart.emit (node:events:519:28)
    at Multipart.emit (node:domain:488:12)
    at HeaderParser.cb (G:\ThreadsClone\ThreadsClone\server\node_modules\busboy\lib\types\multipart.js:358:14)
    at HeaderParser.push (G:\ThreadsClone\ThreadsClone\server\node_modules\busboy\lib\types\multipart.js:162:20)
    at SBMH.ssCb [as _cb] (G:\ThreadsClone\ThreadsClone\server\node_modules\busboy\lib\types\multipart.js:394:37)
    at feed (G:\ThreadsClone\ThreadsClone\server\node_modules\streamsearch\lib\sbmh.js:248:10)
    at SBMH.push (G:\ThreadsClone\ThreadsClone\server\node_modules\streamsearch\lib\sbmh.js:104:16)
2025-04-17T11:21:40.984Z [ERROR]: Error: Chỉ cho phép các định dạng ảnh hoặc video hợp lệ 
Stack: Error: Chỉ cho phép các định dạng ảnh hoặc video hợp lệ
    at fileFilter (G:\ThreadsClone\ThreadsClone\server\src\middlewares\uploadMiddleware.ts:18:8)
    at wrappedFileFilter (G:\ThreadsClone\ThreadsClone\server\node_modules\multer\index.js:44:7)
    at Multipart.<anonymous> (G:\ThreadsClone\ThreadsClone\server\node_modules\multer\lib\make-middleware.js:107:7)
    at Multipart.emit (node:events:519:28)
    at Multipart.emit (node:domain:488:12)
    at HeaderParser.cb (G:\ThreadsClone\ThreadsClone\server\node_modules\busboy\lib\types\multipart.js:358:14)
    at HeaderParser.push (G:\ThreadsClone\ThreadsClone\server\node_modules\busboy\lib\types\multipart.js:162:20)
    at SBMH.ssCb [as _cb] (G:\ThreadsClone\ThreadsClone\server\node_modules\busboy\lib\types\multipart.js:394:37)
    at feed (G:\ThreadsClone\ThreadsClone\server\node_modules\streamsearch\lib\sbmh.js:248:10)
    at SBMH.push (G:\ThreadsClone\ThreadsClone\server\node_modules\streamsearch\lib\sbmh.js:104:16)
2025-04-17T11:26:51.589Z [ERROR]: Error: Chỉ cho phép các định dạng ảnh hoặc video hợp lệ 
Stack: Error: Chỉ cho phép các định dạng ảnh hoặc video hợp lệ
    at fileFilter (G:\ThreadsClone\ThreadsClone\server\src\middlewares\uploadMiddleware.ts:18:8)
    at wrappedFileFilter (G:\ThreadsClone\ThreadsClone\server\node_modules\multer\index.js:44:7)
    at Multipart.<anonymous> (G:\ThreadsClone\ThreadsClone\server\node_modules\multer\lib\make-middleware.js:107:7)
    at Multipart.emit (node:events:519:28)
    at Multipart.emit (node:domain:488:12)
    at HeaderParser.cb (G:\ThreadsClone\ThreadsClone\server\node_modules\busboy\lib\types\multipart.js:358:14)
    at HeaderParser.push (G:\ThreadsClone\ThreadsClone\server\node_modules\busboy\lib\types\multipart.js:162:20)
    at SBMH.ssCb [as _cb] (G:\ThreadsClone\ThreadsClone\server\node_modules\busboy\lib\types\multipart.js:394:37)
    at feed (G:\ThreadsClone\ThreadsClone\server\node_modules\streamsearch\lib\sbmh.js:248:10)
    at SBMH.push (G:\ThreadsClone\ThreadsClone\server\node_modules\streamsearch\lib\sbmh.js:104:16)
2025-04-17T11:32:23.881Z [ERROR]: Error: Chỉ cho phép các định dạng ảnh hoặc video hợp lệ 
Stack: Error: Chỉ cho phép các định dạng ảnh hoặc video hợp lệ
    at fileFilter (G:\ThreadsClone\ThreadsClone\server\src\middlewares\uploadMiddleware.ts:18:8)
    at wrappedFileFilter (G:\ThreadsClone\ThreadsClone\server\node_modules\multer\index.js:44:7)
    at Multipart.<anonymous> (G:\ThreadsClone\ThreadsClone\server\node_modules\multer\lib\make-middleware.js:107:7)
    at Multipart.emit (node:events:519:28)
    at Multipart.emit (node:domain:488:12)
    at HeaderParser.cb (G:\ThreadsClone\ThreadsClone\server\node_modules\busboy\lib\types\multipart.js:358:14)
    at HeaderParser.push (G:\ThreadsClone\ThreadsClone\server\node_modules\busboy\lib\types\multipart.js:162:20)
    at SBMH.ssCb [as _cb] (G:\ThreadsClone\ThreadsClone\server\node_modules\busboy\lib\types\multipart.js:394:37)
    at feed (G:\ThreadsClone\ThreadsClone\server\node_modules\streamsearch\lib\sbmh.js:248:10)
    at SBMH.push (G:\ThreadsClone\ThreadsClone\server\node_modules\streamsearch\lib\sbmh.js:104:16)
2025-04-17T11:32:27.429Z [ERROR]: Error: Chỉ cho phép các định dạng ảnh hoặc video hợp lệ 
Stack: Error: Chỉ cho phép các định dạng ảnh hoặc video hợp lệ
    at fileFilter (G:\ThreadsClone\ThreadsClone\server\src\middlewares\uploadMiddleware.ts:18:8)
    at wrappedFileFilter (G:\ThreadsClone\ThreadsClone\server\node_modules\multer\index.js:44:7)
    at Multipart.<anonymous> (G:\ThreadsClone\ThreadsClone\server\node_modules\multer\lib\make-middleware.js:107:7)
    at Multipart.emit (node:events:519:28)
    at Multipart.emit (node:domain:488:12)
    at HeaderParser.cb (G:\ThreadsClone\ThreadsClone\server\node_modules\busboy\lib\types\multipart.js:358:14)
    at HeaderParser.push (G:\ThreadsClone\ThreadsClone\server\node_modules\busboy\lib\types\multipart.js:162:20)
    at SBMH.ssCb [as _cb] (G:\ThreadsClone\ThreadsClone\server\node_modules\busboy\lib\types\multipart.js:394:37)
    at feed (G:\ThreadsClone\ThreadsClone\server\node_modules\streamsearch\lib\sbmh.js:248:10)
    at SBMH.push (G:\ThreadsClone\ThreadsClone\server\node_modules\streamsearch\lib\sbmh.js:104:16)
2025-04-17T11:36:14.448Z [ERROR]: Error: Chỉ cho phép các định dạng ảnh hoặc video hợp lệ 
Stack: Error: Chỉ cho phép các định dạng ảnh hoặc video hợp lệ
    at fileFilter (G:\ThreadsClone\ThreadsClone\server\src\middlewares\uploadMiddleware.ts:18:8)
    at wrappedFileFilter (G:\ThreadsClone\ThreadsClone\server\node_modules\multer\index.js:44:7)
    at Multipart.<anonymous> (G:\ThreadsClone\ThreadsClone\server\node_modules\multer\lib\make-middleware.js:107:7)
    at Multipart.emit (node:events:519:28)
    at Multipart.emit (node:domain:488:12)
    at HeaderParser.cb (G:\ThreadsClone\ThreadsClone\server\node_modules\busboy\lib\types\multipart.js:358:14)
    at HeaderParser.push (G:\ThreadsClone\ThreadsClone\server\node_modules\busboy\lib\types\multipart.js:162:20)
    at SBMH.ssCb [as _cb] (G:\ThreadsClone\ThreadsClone\server\node_modules\busboy\lib\types\multipart.js:394:37)
    at feed (G:\ThreadsClone\ThreadsClone\server\node_modules\streamsearch\lib\sbmh.js:248:10)
    at SBMH.push (G:\ThreadsClone\ThreadsClone\server\node_modules\streamsearch\lib\sbmh.js:104:16)
2025-04-17T11:36:30.064Z [ERROR]: Error: Unexpected field 
Stack: MulterError: Unexpected field
    at wrappedFileFilter (G:\ThreadsClone\ThreadsClone\server\node_modules\multer\index.js:40:19)
    at Multipart.<anonymous> (G:\ThreadsClone\ThreadsClone\server\node_modules\multer\lib\make-middleware.js:107:7)
    at Multipart.emit (node:events:519:28)
    at Multipart.emit (node:domain:488:12)
    at HeaderParser.cb (G:\ThreadsClone\ThreadsClone\server\node_modules\busboy\lib\types\multipart.js:358:14)
    at HeaderParser.push (G:\ThreadsClone\ThreadsClone\server\node_modules\busboy\lib\types\multipart.js:162:20)
    at SBMH.ssCb [as _cb] (G:\ThreadsClone\ThreadsClone\server\node_modules\busboy\lib\types\multipart.js:394:37)
    at feed (G:\ThreadsClone\ThreadsClone\server\node_modules\streamsearch\lib\sbmh.js:248:10)
    at SBMH.push (G:\ThreadsClone\ThreadsClone\server\node_modules\streamsearch\lib\sbmh.js:104:16)
    at Multipart._write (G:\ThreadsClone\ThreadsClone\server\node_modules\busboy\lib\types\multipart.js:567:19)
2025-04-17T13:10:29.568Z [ERROR]: Error: Chỉ cho phép các định dạng ảnh hoặc video hợp lệ 
Stack: Error: Chỉ cho phép các định dạng ảnh hoặc video hợp lệ
    at fileFilter (G:\ThreadsClone\ThreadsClone\server\src\middlewares\uploadMiddleware.ts:18:8)
    at wrappedFileFilter (G:\ThreadsClone\ThreadsClone\server\node_modules\multer\index.js:44:7)
    at Multipart.<anonymous> (G:\ThreadsClone\ThreadsClone\server\node_modules\multer\lib\make-middleware.js:107:7)
    at Multipart.emit (node:events:519:28)
    at Multipart.emit (node:domain:488:12)
    at HeaderParser.cb (G:\ThreadsClone\ThreadsClone\server\node_modules\busboy\lib\types\multipart.js:358:14)
    at HeaderParser.push (G:\ThreadsClone\ThreadsClone\server\node_modules\busboy\lib\types\multipart.js:162:20)
    at SBMH.ssCb [as _cb] (G:\ThreadsClone\ThreadsClone\server\node_modules\busboy\lib\types\multipart.js:394:37)
    at feed (G:\ThreadsClone\ThreadsClone\server\node_modules\streamsearch\lib\sbmh.js:248:10)
    at SBMH.push (G:\ThreadsClone\ThreadsClone\server\node_modules\streamsearch\lib\sbmh.js:104:16)
2025-04-17T13:12:23.860Z [ERROR]: Error: Chỉ cho phép các định dạng ảnh hoặc video hợp lệ 
Stack: Error: Chỉ cho phép các định dạng ảnh hoặc video hợp lệ
    at fileFilter (G:\ThreadsClone\ThreadsClone\server\src\middlewares\uploadMiddleware.ts:18:8)
    at wrappedFileFilter (G:\ThreadsClone\ThreadsClone\server\node_modules\multer\index.js:44:7)
    at Multipart.<anonymous> (G:\ThreadsClone\ThreadsClone\server\node_modules\multer\lib\make-middleware.js:107:7)
    at Multipart.emit (node:events:519:28)
    at Multipart.emit (node:domain:488:12)
    at HeaderParser.cb (G:\ThreadsClone\ThreadsClone\server\node_modules\busboy\lib\types\multipart.js:358:14)
    at HeaderParser.push (G:\ThreadsClone\ThreadsClone\server\node_modules\busboy\lib\types\multipart.js:162:20)
    at SBMH.ssCb [as _cb] (G:\ThreadsClone\ThreadsClone\server\node_modules\busboy\lib\types\multipart.js:394:37)
    at feed (G:\ThreadsClone\ThreadsClone\server\node_modules\streamsearch\lib\sbmh.js:248:10)
    at SBMH.push (G:\ThreadsClone\ThreadsClone\server\node_modules\streamsearch\lib\sbmh.js:104:16)
2025-04-17T13:12:24.689Z [ERROR]: Error: Chỉ cho phép các định dạng ảnh hoặc video hợp lệ 
Stack: Error: Chỉ cho phép các định dạng ảnh hoặc video hợp lệ
    at fileFilter (G:\ThreadsClone\ThreadsClone\server\src\middlewares\uploadMiddleware.ts:18:8)
    at wrappedFileFilter (G:\ThreadsClone\ThreadsClone\server\node_modules\multer\index.js:44:7)
    at Multipart.<anonymous> (G:\ThreadsClone\ThreadsClone\server\node_modules\multer\lib\make-middleware.js:107:7)
    at Multipart.emit (node:events:519:28)
    at Multipart.emit (node:domain:488:12)
    at HeaderParser.cb (G:\ThreadsClone\ThreadsClone\server\node_modules\busboy\lib\types\multipart.js:358:14)
    at HeaderParser.push (G:\ThreadsClone\ThreadsClone\server\node_modules\busboy\lib\types\multipart.js:162:20)
    at SBMH.ssCb [as _cb] (G:\ThreadsClone\ThreadsClone\server\node_modules\busboy\lib\types\multipart.js:394:37)
    at feed (G:\ThreadsClone\ThreadsClone\server\node_modules\streamsearch\lib\sbmh.js:248:10)
    at SBMH.push (G:\ThreadsClone\ThreadsClone\server\node_modules\streamsearch\lib\sbmh.js:104:16)
2025-04-17T13:12:24.835Z [ERROR]: Error: Chỉ cho phép các định dạng ảnh hoặc video hợp lệ 
Stack: Error: Chỉ cho phép các định dạng ảnh hoặc video hợp lệ
    at fileFilter (G:\ThreadsClone\ThreadsClone\server\src\middlewares\uploadMiddleware.ts:18:8)
    at wrappedFileFilter (G:\ThreadsClone\ThreadsClone\server\node_modules\multer\index.js:44:7)
    at Multipart.<anonymous> (G:\ThreadsClone\ThreadsClone\server\node_modules\multer\lib\make-middleware.js:107:7)
    at Multipart.emit (node:events:519:28)
    at Multipart.emit (node:domain:488:12)
    at HeaderParser.cb (G:\ThreadsClone\ThreadsClone\server\node_modules\busboy\lib\types\multipart.js:358:14)
    at HeaderParser.push (G:\ThreadsClone\ThreadsClone\server\node_modules\busboy\lib\types\multipart.js:162:20)
    at SBMH.ssCb [as _cb] (G:\ThreadsClone\ThreadsClone\server\node_modules\busboy\lib\types\multipart.js:394:37)
    at feed (G:\ThreadsClone\ThreadsClone\server\node_modules\streamsearch\lib\sbmh.js:248:10)
    at SBMH.push (G:\ThreadsClone\ThreadsClone\server\node_modules\streamsearch\lib\sbmh.js:104:16)
2025-04-17T13:12:24.848Z [ERROR]: Error: Chỉ cho phép các định dạng ảnh hoặc video hợp lệ 
Stack: Error: Chỉ cho phép các định dạng ảnh hoặc video hợp lệ
    at fileFilter (G:\ThreadsClone\ThreadsClone\server\src\middlewares\uploadMiddleware.ts:18:8)
    at wrappedFileFilter (G:\ThreadsClone\ThreadsClone\server\node_modules\multer\index.js:44:7)
    at Multipart.<anonymous> (G:\ThreadsClone\ThreadsClone\server\node_modules\multer\lib\make-middleware.js:107:7)
    at Multipart.emit (node:events:519:28)
    at Multipart.emit (node:domain:488:12)
    at HeaderParser.cb (G:\ThreadsClone\ThreadsClone\server\node_modules\busboy\lib\types\multipart.js:358:14)
    at HeaderParser.push (G:\ThreadsClone\ThreadsClone\server\node_modules\busboy\lib\types\multipart.js:162:20)
    at SBMH.ssCb [as _cb] (G:\ThreadsClone\ThreadsClone\server\node_modules\busboy\lib\types\multipart.js:394:37)
    at feed (G:\ThreadsClone\ThreadsClone\server\node_modules\streamsearch\lib\sbmh.js:248:10)
    at SBMH.push (G:\ThreadsClone\ThreadsClone\server\node_modules\streamsearch\lib\sbmh.js:104:16)
2025-04-17T13:12:25.708Z [ERROR]: Error: Chỉ cho phép các định dạng ảnh hoặc video hợp lệ 
Stack: Error: Chỉ cho phép các định dạng ảnh hoặc video hợp lệ
    at fileFilter (G:\ThreadsClone\ThreadsClone\server\src\middlewares\uploadMiddleware.ts:18:8)
    at wrappedFileFilter (G:\ThreadsClone\ThreadsClone\server\node_modules\multer\index.js:44:7)
    at Multipart.<anonymous> (G:\ThreadsClone\ThreadsClone\server\node_modules\multer\lib\make-middleware.js:107:7)
    at Multipart.emit (node:events:519:28)
    at Multipart.emit (node:domain:488:12)
    at HeaderParser.cb (G:\ThreadsClone\ThreadsClone\server\node_modules\busboy\lib\types\multipart.js:358:14)
    at HeaderParser.push (G:\ThreadsClone\ThreadsClone\server\node_modules\busboy\lib\types\multipart.js:162:20)
    at SBMH.ssCb [as _cb] (G:\ThreadsClone\ThreadsClone\server\node_modules\busboy\lib\types\multipart.js:394:37)
    at feed (G:\ThreadsClone\ThreadsClone\server\node_modules\streamsearch\lib\sbmh.js:248:10)
    at SBMH.push (G:\ThreadsClone\ThreadsClone\server\node_modules\streamsearch\lib\sbmh.js:104:16)
2025-04-17T13:13:07.490Z [ERROR]: Error: Chỉ cho phép các định dạng ảnh hoặc video hợp lệ 
Stack: Error: Chỉ cho phép các định dạng ảnh hoặc video hợp lệ
    at fileFilter (G:\ThreadsClone\ThreadsClone\server\src\middlewares\uploadMiddleware.ts:18:8)
    at wrappedFileFilter (G:\ThreadsClone\ThreadsClone\server\node_modules\multer\index.js:44:7)
    at Multipart.<anonymous> (G:\ThreadsClone\ThreadsClone\server\node_modules\multer\lib\make-middleware.js:107:7)
    at Multipart.emit (node:events:519:28)
    at Multipart.emit (node:domain:488:12)
    at HeaderParser.cb (G:\ThreadsClone\ThreadsClone\server\node_modules\busboy\lib\types\multipart.js:358:14)
    at HeaderParser.push (G:\ThreadsClone\ThreadsClone\server\node_modules\busboy\lib\types\multipart.js:162:20)
    at SBMH.ssCb [as _cb] (G:\ThreadsClone\ThreadsClone\server\node_modules\busboy\lib\types\multipart.js:394:37)
    at feed (G:\ThreadsClone\ThreadsClone\server\node_modules\streamsearch\lib\sbmh.js:248:10)
    at SBMH.push (G:\ThreadsClone\ThreadsClone\server\node_modules\streamsearch\lib\sbmh.js:104:16)
2025-04-17T13:13:09.269Z [ERROR]: Error: Chỉ cho phép các định dạng ảnh hoặc video hợp lệ 
Stack: Error: Chỉ cho phép các định dạng ảnh hoặc video hợp lệ
    at fileFilter (G:\ThreadsClone\ThreadsClone\server\src\middlewares\uploadMiddleware.ts:18:8)
    at wrappedFileFilter (G:\ThreadsClone\ThreadsClone\server\node_modules\multer\index.js:44:7)
    at Multipart.<anonymous> (G:\ThreadsClone\ThreadsClone\server\node_modules\multer\lib\make-middleware.js:107:7)
    at Multipart.emit (node:events:519:28)
    at Multipart.emit (node:domain:488:12)
    at HeaderParser.cb (G:\ThreadsClone\ThreadsClone\server\node_modules\busboy\lib\types\multipart.js:358:14)
    at HeaderParser.push (G:\ThreadsClone\ThreadsClone\server\node_modules\busboy\lib\types\multipart.js:162:20)
    at SBMH.ssCb [as _cb] (G:\ThreadsClone\ThreadsClone\server\node_modules\busboy\lib\types\multipart.js:394:37)
    at feed (G:\ThreadsClone\ThreadsClone\server\node_modules\streamsearch\lib\sbmh.js:248:10)
    at SBMH.push (G:\ThreadsClone\ThreadsClone\server\node_modules\streamsearch\lib\sbmh.js:104:16)
2025-04-17T13:13:11.408Z [ERROR]: Error: Chỉ cho phép các định dạng ảnh hoặc video hợp lệ 
Stack: Error: Chỉ cho phép các định dạng ảnh hoặc video hợp lệ
    at fileFilter (G:\ThreadsClone\ThreadsClone\server\src\middlewares\uploadMiddleware.ts:18:8)
    at wrappedFileFilter (G:\ThreadsClone\ThreadsClone\server\node_modules\multer\index.js:44:7)
    at Multipart.<anonymous> (G:\ThreadsClone\ThreadsClone\server\node_modules\multer\lib\make-middleware.js:107:7)
    at Multipart.emit (node:events:519:28)
    at Multipart.emit (node:domain:488:12)
    at HeaderParser.cb (G:\ThreadsClone\ThreadsClone\server\node_modules\busboy\lib\types\multipart.js:358:14)
    at HeaderParser.push (G:\ThreadsClone\ThreadsClone\server\node_modules\busboy\lib\types\multipart.js:162:20)
    at SBMH.ssCb [as _cb] (G:\ThreadsClone\ThreadsClone\server\node_modules\busboy\lib\types\multipart.js:394:37)
    at feed (G:\ThreadsClone\ThreadsClone\server\node_modules\streamsearch\lib\sbmh.js:248:10)
    at SBMH.push (G:\ThreadsClone\ThreadsClone\server\node_modules\streamsearch\lib\sbmh.js:104:16)
2025-04-17T13:13:12.210Z [ERROR]: Error: Chỉ cho phép các định dạng ảnh hoặc video hợp lệ 
Stack: Error: Chỉ cho phép các định dạng ảnh hoặc video hợp lệ
    at fileFilter (G:\ThreadsClone\ThreadsClone\server\src\middlewares\uploadMiddleware.ts:18:8)
    at wrappedFileFilter (G:\ThreadsClone\ThreadsClone\server\node_modules\multer\index.js:44:7)
    at Multipart.<anonymous> (G:\ThreadsClone\ThreadsClone\server\node_modules\multer\lib\make-middleware.js:107:7)
    at Multipart.emit (node:events:519:28)
    at Multipart.emit (node:domain:488:12)
    at HeaderParser.cb (G:\ThreadsClone\ThreadsClone\server\node_modules\busboy\lib\types\multipart.js:358:14)
    at HeaderParser.push (G:\ThreadsClone\ThreadsClone\server\node_modules\busboy\lib\types\multipart.js:162:20)
    at SBMH.ssCb [as _cb] (G:\ThreadsClone\ThreadsClone\server\node_modules\busboy\lib\types\multipart.js:394:37)
    at feed (G:\ThreadsClone\ThreadsClone\server\node_modules\streamsearch\lib\sbmh.js:248:10)
    at SBMH.push (G:\ThreadsClone\ThreadsClone\server\node_modules\streamsearch\lib\sbmh.js:104:16)
2025-04-17T13:14:54.333Z [ERROR]: Error: Chỉ cho phép các định dạng ảnh hoặc video hợp lệ 
Stack: Error: Chỉ cho phép các định dạng ảnh hoặc video hợp lệ
    at fileFilter (G:\ThreadsClone\ThreadsClone\server\src\middlewares\uploadMiddleware.ts:18:8)
    at wrappedFileFilter (G:\ThreadsClone\ThreadsClone\server\node_modules\multer\index.js:44:7)
    at Multipart.<anonymous> (G:\ThreadsClone\ThreadsClone\server\node_modules\multer\lib\make-middleware.js:107:7)
    at Multipart.emit (node:events:519:28)
    at Multipart.emit (node:domain:488:12)
    at HeaderParser.cb (G:\ThreadsClone\ThreadsClone\server\node_modules\busboy\lib\types\multipart.js:358:14)
    at HeaderParser.push (G:\ThreadsClone\ThreadsClone\server\node_modules\busboy\lib\types\multipart.js:162:20)
    at SBMH.ssCb [as _cb] (G:\ThreadsClone\ThreadsClone\server\node_modules\busboy\lib\types\multipart.js:394:37)
    at feed (G:\ThreadsClone\ThreadsClone\server\node_modules\streamsearch\lib\sbmh.js:248:10)
    at SBMH.push (G:\ThreadsClone\ThreadsClone\server\node_modules\streamsearch\lib\sbmh.js:104:16)
2025-04-17T13:20:04.622Z [ERROR]: Error: Chỉ cho phép các định dạng ảnh hoặc video hợp lệ 
Stack: Error: Chỉ cho phép các định dạng ảnh hoặc video hợp lệ
    at fileFilter (G:\ThreadsClone\ThreadsClone\server\src\middlewares\uploadMiddleware.ts:18:8)
    at wrappedFileFilter (G:\ThreadsClone\ThreadsClone\server\node_modules\multer\index.js:44:7)
    at Multipart.<anonymous> (G:\ThreadsClone\ThreadsClone\server\node_modules\multer\lib\make-middleware.js:107:7)
    at Multipart.emit (node:events:519:28)
    at Multipart.emit (node:domain:488:12)
    at HeaderParser.cb (G:\ThreadsClone\ThreadsClone\server\node_modules\busboy\lib\types\multipart.js:358:14)
    at HeaderParser.push (G:\ThreadsClone\ThreadsClone\server\node_modules\busboy\lib\types\multipart.js:162:20)
    at SBMH.ssCb [as _cb] (G:\ThreadsClone\ThreadsClone\server\node_modules\busboy\lib\types\multipart.js:394:37)
    at feed (G:\ThreadsClone\ThreadsClone\server\node_modules\streamsearch\lib\sbmh.js:248:10)
    at SBMH.push (G:\ThreadsClone\ThreadsClone\server\node_modules\streamsearch\lib\sbmh.js:104:16)
2025-04-17T13:37:53.848Z [ERROR]: Error: Unexpected field 
Stack: MulterError: Unexpected field
    at wrappedFileFilter (G:\ThreadsClone\ThreadsClone\server\node_modules\multer\index.js:40:19)
    at Multipart.<anonymous> (G:\ThreadsClone\ThreadsClone\server\node_modules\multer\lib\make-middleware.js:107:7)
    at Multipart.emit (node:events:519:28)
    at Multipart.emit (node:domain:488:12)
    at HeaderParser.cb (G:\ThreadsClone\ThreadsClone\server\node_modules\busboy\lib\types\multipart.js:358:14)
    at HeaderParser.push (G:\ThreadsClone\ThreadsClone\server\node_modules\busboy\lib\types\multipart.js:162:20)
    at SBMH.ssCb [as _cb] (G:\ThreadsClone\ThreadsClone\server\node_modules\busboy\lib\types\multipart.js:394:37)
    at feed (G:\ThreadsClone\ThreadsClone\server\node_modules\streamsearch\lib\sbmh.js:248:10)
    at SBMH.push (G:\ThreadsClone\ThreadsClone\server\node_modules\streamsearch\lib\sbmh.js:104:16)
    at Multipart._write (G:\ThreadsClone\ThreadsClone\server\node_modules\busboy\lib\types\multipart.js:567:19)
2025-04-17T13:37:55.137Z [ERROR]: Error: Unexpected field 
Stack: MulterError: Unexpected field
    at wrappedFileFilter (G:\ThreadsClone\ThreadsClone\server\node_modules\multer\index.js:40:19)
    at Multipart.<anonymous> (G:\ThreadsClone\ThreadsClone\server\node_modules\multer\lib\make-middleware.js:107:7)
    at Multipart.emit (node:events:519:28)
    at Multipart.emit (node:domain:488:12)
    at HeaderParser.cb (G:\ThreadsClone\ThreadsClone\server\node_modules\busboy\lib\types\multipart.js:358:14)
    at HeaderParser.push (G:\ThreadsClone\ThreadsClone\server\node_modules\busboy\lib\types\multipart.js:162:20)
    at SBMH.ssCb [as _cb] (G:\ThreadsClone\ThreadsClone\server\node_modules\busboy\lib\types\multipart.js:394:37)
    at feed (G:\ThreadsClone\ThreadsClone\server\node_modules\streamsearch\lib\sbmh.js:248:10)
    at SBMH.push (G:\ThreadsClone\ThreadsClone\server\node_modules\streamsearch\lib\sbmh.js:104:16)
    at Multipart._write (G:\ThreadsClone\ThreadsClone\server\node_modules\busboy\lib\types\multipart.js:567:19)
2025-04-17T13:43:04.959Z [ERROR]: Error: Unexpected field 
Stack: MulterError: Unexpected field
    at wrappedFileFilter (G:\ThreadsClone\ThreadsClone\server\node_modules\multer\index.js:40:19)
    at Multipart.<anonymous> (G:\ThreadsClone\ThreadsClone\server\node_modules\multer\lib\make-middleware.js:107:7)
    at Multipart.emit (node:events:519:28)
    at Multipart.emit (node:domain:488:12)
    at HeaderParser.cb (G:\ThreadsClone\ThreadsClone\server\node_modules\busboy\lib\types\multipart.js:358:14)
    at HeaderParser.push (G:\ThreadsClone\ThreadsClone\server\node_modules\busboy\lib\types\multipart.js:162:20)
    at SBMH.ssCb [as _cb] (G:\ThreadsClone\ThreadsClone\server\node_modules\busboy\lib\types\multipart.js:394:37)
    at feed (G:\ThreadsClone\ThreadsClone\server\node_modules\streamsearch\lib\sbmh.js:248:10)
    at SBMH.push (G:\ThreadsClone\ThreadsClone\server\node_modules\streamsearch\lib\sbmh.js:104:16)
    at Multipart._write (G:\ThreadsClone\ThreadsClone\server\node_modules\busboy\lib\types\multipart.js:567:19)
2025-04-17T13:45:08.434Z [ERROR]: Error: Chỉ cho phép các định dạng ảnh hoặc video hợp lệ 
Stack: Error: Chỉ cho phép các định dạng ảnh hoặc video hợp lệ
    at fileFilter (G:\ThreadsClone\ThreadsClone\server\src\middlewares\uploadMiddleware.ts:18:8)
    at wrappedFileFilter (G:\ThreadsClone\ThreadsClone\server\node_modules\multer\index.js:44:7)
    at Multipart.<anonymous> (G:\ThreadsClone\ThreadsClone\server\node_modules\multer\lib\make-middleware.js:107:7)
    at Multipart.emit (node:events:519:28)
    at Multipart.emit (node:domain:488:12)
    at HeaderParser.cb (G:\ThreadsClone\ThreadsClone\server\node_modules\busboy\lib\types\multipart.js:358:14)
    at HeaderParser.push (G:\ThreadsClone\ThreadsClone\server\node_modules\busboy\lib\types\multipart.js:162:20)
    at SBMH.ssCb [as _cb] (G:\ThreadsClone\ThreadsClone\server\node_modules\busboy\lib\types\multipart.js:394:37)
    at feed (G:\ThreadsClone\ThreadsClone\server\node_modules\streamsearch\lib\sbmh.js:248:10)
    at SBMH.push (G:\ThreadsClone\ThreadsClone\server\node_modules\streamsearch\lib\sbmh.js:104:16)
2025-04-17T13:45:13.064Z [ERROR]: Error: Chỉ cho phép các định dạng ảnh hoặc video hợp lệ 
Stack: Error: Chỉ cho phép các định dạng ảnh hoặc video hợp lệ
    at fileFilter (G:\ThreadsClone\ThreadsClone\server\src\middlewares\uploadMiddleware.ts:18:8)
    at wrappedFileFilter (G:\ThreadsClone\ThreadsClone\server\node_modules\multer\index.js:44:7)
    at Multipart.<anonymous> (G:\ThreadsClone\ThreadsClone\server\node_modules\multer\lib\make-middleware.js:107:7)
    at Multipart.emit (node:events:519:28)
    at Multipart.emit (node:domain:488:12)
    at HeaderParser.cb (G:\ThreadsClone\ThreadsClone\server\node_modules\busboy\lib\types\multipart.js:358:14)
    at HeaderParser.push (G:\ThreadsClone\ThreadsClone\server\node_modules\busboy\lib\types\multipart.js:162:20)
    at SBMH.ssCb [as _cb] (G:\ThreadsClone\ThreadsClone\server\node_modules\busboy\lib\types\multipart.js:394:37)
    at feed (G:\ThreadsClone\ThreadsClone\server\node_modules\streamsearch\lib\sbmh.js:248:10)
    at SBMH.push (G:\ThreadsClone\ThreadsClone\server\node_modules\streamsearch\lib\sbmh.js:104:16)
2025-04-17T13:56:52.831Z [ERROR]: Error: Chỉ cho phép các định dạng ảnh hoặc video hợp lệ 
Stack: Error: Chỉ cho phép các định dạng ảnh hoặc video hợp lệ
    at fileFilter (G:\ThreadsClone\ThreadsClone\server\src\middlewares\uploadMiddleware.ts:18:8)
    at wrappedFileFilter (G:\ThreadsClone\ThreadsClone\server\node_modules\multer\index.js:44:7)
    at Multipart.<anonymous> (G:\ThreadsClone\ThreadsClone\server\node_modules\multer\lib\make-middleware.js:107:7)
    at Multipart.emit (node:events:519:28)
    at Multipart.emit (node:domain:488:12)
    at HeaderParser.cb (G:\ThreadsClone\ThreadsClone\server\node_modules\busboy\lib\types\multipart.js:358:14)
    at HeaderParser.push (G:\ThreadsClone\ThreadsClone\server\node_modules\busboy\lib\types\multipart.js:162:20)
    at SBMH.ssCb [as _cb] (G:\ThreadsClone\ThreadsClone\server\node_modules\busboy\lib\types\multipart.js:394:37)
    at feed (G:\ThreadsClone\ThreadsClone\server\node_modules\streamsearch\lib\sbmh.js:248:10)
    at SBMH.push (G:\ThreadsClone\ThreadsClone\server\node_modules\streamsearch\lib\sbmh.js:104:16)
2025-04-17T13:56:53.282Z [ERROR]: Error: Chỉ cho phép các định dạng ảnh hoặc video hợp lệ 
Stack: Error: Chỉ cho phép các định dạng ảnh hoặc video hợp lệ
    at fileFilter (G:\ThreadsClone\ThreadsClone\server\src\middlewares\uploadMiddleware.ts:18:8)
    at wrappedFileFilter (G:\ThreadsClone\ThreadsClone\server\node_modules\multer\index.js:44:7)
    at Multipart.<anonymous> (G:\ThreadsClone\ThreadsClone\server\node_modules\multer\lib\make-middleware.js:107:7)
    at Multipart.emit (node:events:519:28)
    at Multipart.emit (node:domain:488:12)
    at HeaderParser.cb (G:\ThreadsClone\ThreadsClone\server\node_modules\busboy\lib\types\multipart.js:358:14)
    at HeaderParser.push (G:\ThreadsClone\ThreadsClone\server\node_modules\busboy\lib\types\multipart.js:162:20)
    at SBMH.ssCb [as _cb] (G:\ThreadsClone\ThreadsClone\server\node_modules\busboy\lib\types\multipart.js:394:37)
    at feed (G:\ThreadsClone\ThreadsClone\server\node_modules\streamsearch\lib\sbmh.js:248:10)
    at SBMH.push (G:\ThreadsClone\ThreadsClone\server\node_modules\streamsearch\lib\sbmh.js:104:16)
2025-04-17T14:25:06.104Z [ERROR]: Error: Chỉ cho phép các định dạng ảnh hoặc video hợp lệ 
Stack: Error: Chỉ cho phép các định dạng ảnh hoặc video hợp lệ
    at fileFilter (G:\ThreadsClone\ThreadsClone\server\src\middlewares\uploadMiddleware.ts:18:8)
    at wrappedFileFilter (G:\ThreadsClone\ThreadsClone\server\node_modules\multer\index.js:44:7)
    at Multipart.<anonymous> (G:\ThreadsClone\ThreadsClone\server\node_modules\multer\lib\make-middleware.js:107:7)
    at Multipart.emit (node:events:519:28)
    at Multipart.emit (node:domain:488:12)
    at HeaderParser.cb (G:\ThreadsClone\ThreadsClone\server\node_modules\busboy\lib\types\multipart.js:358:14)
    at HeaderParser.push (G:\ThreadsClone\ThreadsClone\server\node_modules\busboy\lib\types\multipart.js:162:20)
    at SBMH.ssCb [as _cb] (G:\ThreadsClone\ThreadsClone\server\node_modules\busboy\lib\types\multipart.js:394:37)
    at feed (G:\ThreadsClone\ThreadsClone\server\node_modules\streamsearch\lib\sbmh.js:248:10)
    at SBMH.push (G:\ThreadsClone\ThreadsClone\server\node_modules\streamsearch\lib\sbmh.js:104:16)
2025-04-17T14:30:35.612Z [ERROR]: Error: Chỉ cho phép các định dạng ảnh hoặc video hợp lệ 
Stack: Error: Chỉ cho phép các định dạng ảnh hoặc video hợp lệ
    at fileFilter (G:\ThreadsClone\ThreadsClone\server\src\middlewares\uploadMiddleware.ts:18:8)
    at wrappedFileFilter (G:\ThreadsClone\ThreadsClone\server\node_modules\multer\index.js:44:7)
    at Multipart.<anonymous> (G:\ThreadsClone\ThreadsClone\server\node_modules\multer\lib\make-middleware.js:107:7)
    at Multipart.emit (node:events:519:28)
    at Multipart.emit (node:domain:488:12)
    at HeaderParser.cb (G:\ThreadsClone\ThreadsClone\server\node_modules\busboy\lib\types\multipart.js:358:14)
    at HeaderParser.push (G:\ThreadsClone\ThreadsClone\server\node_modules\busboy\lib\types\multipart.js:162:20)
    at SBMH.ssCb [as _cb] (G:\ThreadsClone\ThreadsClone\server\node_modules\busboy\lib\types\multipart.js:394:37)
    at feed (G:\ThreadsClone\ThreadsClone\server\node_modules\streamsearch\lib\sbmh.js:248:10)
    at SBMH.push (G:\ThreadsClone\ThreadsClone\server\node_modules\streamsearch\lib\sbmh.js:104:16)
2025-04-17T15:05:46.229Z [ERROR]: Error: Chỉ cho phép các định dạng ảnh hoặc video hợp lệ 
Stack: Error: Chỉ cho phép các định dạng ảnh hoặc video hợp lệ
    at fileFilter (G:\ThreadsClone\ThreadsClone\server\src\middlewares\uploadMiddleware.ts:18:8)
    at wrappedFileFilter (G:\ThreadsClone\ThreadsClone\server\node_modules\multer\index.js:44:7)
    at Multipart.<anonymous> (G:\ThreadsClone\ThreadsClone\server\node_modules\multer\lib\make-middleware.js:107:7)
    at Multipart.emit (node:events:519:28)
    at Multipart.emit (node:domain:488:12)
    at HeaderParser.cb (G:\ThreadsClone\ThreadsClone\server\node_modules\busboy\lib\types\multipart.js:358:14)
    at HeaderParser.push (G:\ThreadsClone\ThreadsClone\server\node_modules\busboy\lib\types\multipart.js:162:20)
    at SBMH.ssCb [as _cb] (G:\ThreadsClone\ThreadsClone\server\node_modules\busboy\lib\types\multipart.js:394:37)
    at feed (G:\ThreadsClone\ThreadsClone\server\node_modules\streamsearch\lib\sbmh.js:248:10)
    at SBMH.push (G:\ThreadsClone\ThreadsClone\server\node_modules\streamsearch\lib\sbmh.js:104:16)
2025-04-17T15:06:30.672Z [ERROR]: Error: Unexpected field 
Stack: MulterError: Unexpected field
    at wrappedFileFilter (G:\ThreadsClone\ThreadsClone\server\node_modules\multer\index.js:40:19)
    at Multipart.<anonymous> (G:\ThreadsClone\ThreadsClone\server\node_modules\multer\lib\make-middleware.js:107:7)
    at Multipart.emit (node:events:519:28)
    at Multipart.emit (node:domain:488:12)
    at HeaderParser.cb (G:\ThreadsClone\ThreadsClone\server\node_modules\busboy\lib\types\multipart.js:358:14)
    at HeaderParser.push (G:\ThreadsClone\ThreadsClone\server\node_modules\busboy\lib\types\multipart.js:162:20)
    at SBMH.ssCb [as _cb] (G:\ThreadsClone\ThreadsClone\server\node_modules\busboy\lib\types\multipart.js:394:37)
    at feed (G:\ThreadsClone\ThreadsClone\server\node_modules\streamsearch\lib\sbmh.js:248:10)
    at SBMH.push (G:\ThreadsClone\ThreadsClone\server\node_modules\streamsearch\lib\sbmh.js:104:16)
    at Multipart._write (G:\ThreadsClone\ThreadsClone\server\node_modules\busboy\lib\types\multipart.js:567:19)
2025-04-17T15:06:31.491Z [ERROR]: Error: Unexpected field 
Stack: MulterError: Unexpected field
    at wrappedFileFilter (G:\ThreadsClone\ThreadsClone\server\node_modules\multer\index.js:40:19)
    at Multipart.<anonymous> (G:\ThreadsClone\ThreadsClone\server\node_modules\multer\lib\make-middleware.js:107:7)
    at Multipart.emit (node:events:519:28)
    at Multipart.emit (node:domain:488:12)
    at HeaderParser.cb (G:\ThreadsClone\ThreadsClone\server\node_modules\busboy\lib\types\multipart.js:358:14)
    at HeaderParser.push (G:\ThreadsClone\ThreadsClone\server\node_modules\busboy\lib\types\multipart.js:162:20)
    at SBMH.ssCb [as _cb] (G:\ThreadsClone\ThreadsClone\server\node_modules\busboy\lib\types\multipart.js:394:37)
    at feed (G:\ThreadsClone\ThreadsClone\server\node_modules\streamsearch\lib\sbmh.js:248:10)
    at SBMH.push (G:\ThreadsClone\ThreadsClone\server\node_modules\streamsearch\lib\sbmh.js:104:16)
    at Multipart._write (G:\ThreadsClone\ThreadsClone\server\node_modules\busboy\lib\types\multipart.js:567:19)
2025-04-17T15:06:32.860Z [ERROR]: Error: Unexpected field 
Stack: MulterError: Unexpected field
    at wrappedFileFilter (G:\ThreadsClone\ThreadsClone\server\node_modules\multer\index.js:40:19)
    at Multipart.<anonymous> (G:\ThreadsClone\ThreadsClone\server\node_modules\multer\lib\make-middleware.js:107:7)
    at Multipart.emit (node:events:519:28)
    at Multipart.emit (node:domain:488:12)
    at HeaderParser.cb (G:\ThreadsClone\ThreadsClone\server\node_modules\busboy\lib\types\multipart.js:358:14)
    at HeaderParser.push (G:\ThreadsClone\ThreadsClone\server\node_modules\busboy\lib\types\multipart.js:162:20)
    at SBMH.ssCb [as _cb] (G:\ThreadsClone\ThreadsClone\server\node_modules\busboy\lib\types\multipart.js:394:37)
    at feed (G:\ThreadsClone\ThreadsClone\server\node_modules\streamsearch\lib\sbmh.js:248:10)
    at SBMH.push (G:\ThreadsClone\ThreadsClone\server\node_modules\streamsearch\lib\sbmh.js:104:16)
    at Multipart._write (G:\ThreadsClone\ThreadsClone\server\node_modules\busboy\lib\types\multipart.js:567:19)
2025-04-17T15:06:33.755Z [ERROR]: Error: Unexpected field 
Stack: MulterError: Unexpected field
    at wrappedFileFilter (G:\ThreadsClone\ThreadsClone\server\node_modules\multer\index.js:40:19)
    at Multipart.<anonymous> (G:\ThreadsClone\ThreadsClone\server\node_modules\multer\lib\make-middleware.js:107:7)
    at Multipart.emit (node:events:519:28)
    at Multipart.emit (node:domain:488:12)
    at HeaderParser.cb (G:\ThreadsClone\ThreadsClone\server\node_modules\busboy\lib\types\multipart.js:358:14)
    at HeaderParser.push (G:\ThreadsClone\ThreadsClone\server\node_modules\busboy\lib\types\multipart.js:162:20)
    at SBMH.ssCb [as _cb] (G:\ThreadsClone\ThreadsClone\server\node_modules\busboy\lib\types\multipart.js:394:37)
    at feed (G:\ThreadsClone\ThreadsClone\server\node_modules\streamsearch\lib\sbmh.js:248:10)
    at SBMH.push (G:\ThreadsClone\ThreadsClone\server\node_modules\streamsearch\lib\sbmh.js:104:16)
    at Multipart._write (G:\ThreadsClone\ThreadsClone\server\node_modules\busboy\lib\types\multipart.js:567:19)
2025-04-17T15:11:36.290Z [ERROR]: Error: Unexpected field 
Stack: MulterError: Unexpected field
    at wrappedFileFilter (G:\ThreadsClone\ThreadsClone\server\node_modules\multer\index.js:40:19)
    at Multipart.<anonymous> (G:\ThreadsClone\ThreadsClone\server\node_modules\multer\lib\make-middleware.js:107:7)
    at Multipart.emit (node:events:519:28)
    at Multipart.emit (node:domain:488:12)
    at HeaderParser.cb (G:\ThreadsClone\ThreadsClone\server\node_modules\busboy\lib\types\multipart.js:358:14)
    at HeaderParser.push (G:\ThreadsClone\ThreadsClone\server\node_modules\busboy\lib\types\multipart.js:162:20)
    at SBMH.ssCb [as _cb] (G:\ThreadsClone\ThreadsClone\server\node_modules\busboy\lib\types\multipart.js:394:37)
    at feed (G:\ThreadsClone\ThreadsClone\server\node_modules\streamsearch\lib\sbmh.js:248:10)
    at SBMH.push (G:\ThreadsClone\ThreadsClone\server\node_modules\streamsearch\lib\sbmh.js:104:16)
    at Multipart._write (G:\ThreadsClone\ThreadsClone\server\node_modules\busboy\lib\types\multipart.js:567:19)
2025-04-17T15:11:36.304Z [ERROR]: Error: Unexpected field 
Stack: MulterError: Unexpected field
    at wrappedFileFilter (G:\ThreadsClone\ThreadsClone\server\node_modules\multer\index.js:40:19)
    at Multipart.<anonymous> (G:\ThreadsClone\ThreadsClone\server\node_modules\multer\lib\make-middleware.js:107:7)
    at Multipart.emit (node:events:519:28)
    at Multipart.emit (node:domain:488:12)
    at HeaderParser.cb (G:\ThreadsClone\ThreadsClone\server\node_modules\busboy\lib\types\multipart.js:358:14)
    at HeaderParser.push (G:\ThreadsClone\ThreadsClone\server\node_modules\busboy\lib\types\multipart.js:162:20)
    at SBMH.ssCb [as _cb] (G:\ThreadsClone\ThreadsClone\server\node_modules\busboy\lib\types\multipart.js:394:37)
    at feed (G:\ThreadsClone\ThreadsClone\server\node_modules\streamsearch\lib\sbmh.js:248:10)
    at SBMH.push (G:\ThreadsClone\ThreadsClone\server\node_modules\streamsearch\lib\sbmh.js:104:16)
    at Multipart._write (G:\ThreadsClone\ThreadsClone\server\node_modules\busboy\lib\types\multipart.js:567:19)
2025-04-17T15:11:36.314Z [ERROR]: Error: Unexpected field 
Stack: MulterError: Unexpected field
    at wrappedFileFilter (G:\ThreadsClone\ThreadsClone\server\node_modules\multer\index.js:40:19)
    at Multipart.<anonymous> (G:\ThreadsClone\ThreadsClone\server\node_modules\multer\lib\make-middleware.js:107:7)
    at Multipart.emit (node:events:519:28)
    at Multipart.emit (node:domain:488:12)
    at HeaderParser.cb (G:\ThreadsClone\ThreadsClone\server\node_modules\busboy\lib\types\multipart.js:358:14)
    at HeaderParser.push (G:\ThreadsClone\ThreadsClone\server\node_modules\busboy\lib\types\multipart.js:162:20)
    at SBMH.ssCb [as _cb] (G:\ThreadsClone\ThreadsClone\server\node_modules\busboy\lib\types\multipart.js:394:37)
    at feed (G:\ThreadsClone\ThreadsClone\server\node_modules\streamsearch\lib\sbmh.js:248:10)
    at SBMH.push (G:\ThreadsClone\ThreadsClone\server\node_modules\streamsearch\lib\sbmh.js:104:16)
    at Multipart._write (G:\ThreadsClone\ThreadsClone\server\node_modules\busboy\lib\types\multipart.js:567:19)
2025-04-17T15:11:36.328Z [ERROR]: Error: Unexpected field 
Stack: MulterError: Unexpected field
    at wrappedFileFilter (G:\ThreadsClone\ThreadsClone\server\node_modules\multer\index.js:40:19)
    at Multipart.<anonymous> (G:\ThreadsClone\ThreadsClone\server\node_modules\multer\lib\make-middleware.js:107:7)
    at Multipart.emit (node:events:519:28)
    at Multipart.emit (node:domain:488:12)
    at HeaderParser.cb (G:\ThreadsClone\ThreadsClone\server\node_modules\busboy\lib\types\multipart.js:358:14)
    at HeaderParser.push (G:\ThreadsClone\ThreadsClone\server\node_modules\busboy\lib\types\multipart.js:162:20)
    at SBMH.ssCb [as _cb] (G:\ThreadsClone\ThreadsClone\server\node_modules\busboy\lib\types\multipart.js:394:37)
    at feed (G:\ThreadsClone\ThreadsClone\server\node_modules\streamsearch\lib\sbmh.js:248:10)
    at SBMH.push (G:\ThreadsClone\ThreadsClone\server\node_modules\streamsearch\lib\sbmh.js:104:16)
    at Multipart._write (G:\ThreadsClone\ThreadsClone\server\node_modules\busboy\lib\types\multipart.js:567:19)
2025-04-17T15:12:52.131Z [ERROR]: Error: Unexpected field 
Stack: MulterError: Unexpected field
    at wrappedFileFilter (G:\ThreadsClone\ThreadsClone\server\node_modules\multer\index.js:40:19)
    at Multipart.<anonymous> (G:\ThreadsClone\ThreadsClone\server\node_modules\multer\lib\make-middleware.js:107:7)
    at Multipart.emit (node:events:519:28)
    at Multipart.emit (node:domain:488:12)
    at HeaderParser.cb (G:\ThreadsClone\ThreadsClone\server\node_modules\busboy\lib\types\multipart.js:358:14)
    at HeaderParser.push (G:\ThreadsClone\ThreadsClone\server\node_modules\busboy\lib\types\multipart.js:162:20)
    at SBMH.ssCb [as _cb] (G:\ThreadsClone\ThreadsClone\server\node_modules\busboy\lib\types\multipart.js:394:37)
    at feed (G:\ThreadsClone\ThreadsClone\server\node_modules\streamsearch\lib\sbmh.js:248:10)
    at SBMH.push (G:\ThreadsClone\ThreadsClone\server\node_modules\streamsearch\lib\sbmh.js:104:16)
    at Multipart._write (G:\ThreadsClone\ThreadsClone\server\node_modules\busboy\lib\types\multipart.js:567:19)
2025-04-17T15:43:33.502Z [ERROR]: Error: Chỉ cho phép các định dạng ảnh hoặc video hợp lệ 
Stack: Error: Chỉ cho phép các định dạng ảnh hoặc video hợp lệ
    at fileFilter (G:\ThreadsClone\ThreadsClone\server\src\middlewares\uploadMiddleware.ts:18:8)
    at wrappedFileFilter (G:\ThreadsClone\ThreadsClone\server\node_modules\multer\index.js:44:7)
    at Multipart.<anonymous> (G:\ThreadsClone\ThreadsClone\server\node_modules\multer\lib\make-middleware.js:107:7)
    at Multipart.emit (node:events:519:28)
    at Multipart.emit (node:domain:488:12)
    at HeaderParser.cb (G:\ThreadsClone\ThreadsClone\server\node_modules\busboy\lib\types\multipart.js:358:14)
    at HeaderParser.push (G:\ThreadsClone\ThreadsClone\server\node_modules\busboy\lib\types\multipart.js:162:20)
    at SBMH.ssCb [as _cb] (G:\ThreadsClone\ThreadsClone\server\node_modules\busboy\lib\types\multipart.js:394:37)
    at feed (G:\ThreadsClone\ThreadsClone\server\node_modules\streamsearch\lib\sbmh.js:248:10)
    at SBMH.push (G:\ThreadsClone\ThreadsClone\server\node_modules\streamsearch\lib\sbmh.js:104:16)
2025-04-17T15:43:52.230Z [ERROR]: Error: Cannot find /api/threads/upload on this server 
Stack: Error: Cannot find /api/threads/upload on this server
    at G:\ThreadsClone\ThreadsClone\server\src\app.ts:42:8
    at Layer.handle [as handle_request] (G:\ThreadsClone\ThreadsClone\server\node_modules\express\lib\router\layer.js:95:5)
    at next (G:\ThreadsClone\ThreadsClone\server\node_modules\express\lib\router\route.js:149:13)
    at next (G:\ThreadsClone\ThreadsClone\server\node_modules\express\lib\router\route.js:145:7)
    at next (G:\ThreadsClone\ThreadsClone\server\node_modules\express\lib\router\route.js:145:7)
    at next (G:\ThreadsClone\ThreadsClone\server\node_modules\express\lib\router\route.js:145:7)
    at next (G:\ThreadsClone\ThreadsClone\server\node_modules\express\lib\router\route.js:145:7)
    at next (G:\ThreadsClone\ThreadsClone\server\node_modules\express\lib\router\route.js:145:7)
    at next (G:\ThreadsClone\ThreadsClone\server\node_modules\express\lib\router\route.js:145:7)
    at Route.dispatch (G:\ThreadsClone\ThreadsClone\server\node_modules\express\lib\router\route.js:119:3)
2025-04-17T15:43:53.401Z [ERROR]: Error: Cannot find /favicon.ico on this server 
Stack: Error: Cannot find /favicon.ico on this server
    at G:\ThreadsClone\ThreadsClone\server\src\app.ts:42:8
    at Layer.handle [as handle_request] (G:\ThreadsClone\ThreadsClone\server\node_modules\express\lib\router\layer.js:95:5)
    at next (G:\ThreadsClone\ThreadsClone\server\node_modules\express\lib\router\route.js:149:13)
    at next (G:\ThreadsClone\ThreadsClone\server\node_modules\express\lib\router\route.js:145:7)
    at next (G:\ThreadsClone\ThreadsClone\server\node_modules\express\lib\router\route.js:145:7)
    at next (G:\ThreadsClone\ThreadsClone\server\node_modules\express\lib\router\route.js:145:7)
    at next (G:\ThreadsClone\ThreadsClone\server\node_modules\express\lib\router\route.js:145:7)
    at next (G:\ThreadsClone\ThreadsClone\server\node_modules\express\lib\router\route.js:145:7)
    at next (G:\ThreadsClone\ThreadsClone\server\node_modules\express\lib\router\route.js:145:7)
    at Route.dispatch (G:\ThreadsClone\ThreadsClone\server\node_modules\express\lib\router\route.js:119:3)
2025-04-17T15:44:20.189Z [ERROR]: Error: Chỉ cho phép các định dạng ảnh hoặc video hợp lệ 
Stack: Error: Chỉ cho phép các định dạng ảnh hoặc video hợp lệ
    at fileFilter (G:\ThreadsClone\ThreadsClone\server\src\middlewares\uploadMiddleware.ts:18:8)
    at wrappedFileFilter (G:\ThreadsClone\ThreadsClone\server\node_modules\multer\index.js:44:7)
    at Multipart.<anonymous> (G:\ThreadsClone\ThreadsClone\server\node_modules\multer\lib\make-middleware.js:107:7)
    at Multipart.emit (node:events:519:28)
    at Multipart.emit (node:domain:488:12)
    at HeaderParser.cb (G:\ThreadsClone\ThreadsClone\server\node_modules\busboy\lib\types\multipart.js:358:14)
    at HeaderParser.push (G:\ThreadsClone\ThreadsClone\server\node_modules\busboy\lib\types\multipart.js:162:20)
    at SBMH.ssCb [as _cb] (G:\ThreadsClone\ThreadsClone\server\node_modules\busboy\lib\types\multipart.js:394:37)
    at feed (G:\ThreadsClone\ThreadsClone\server\node_modules\streamsearch\lib\sbmh.js:248:10)
    at SBMH.push (G:\ThreadsClone\ThreadsClone\server\node_modules\streamsearch\lib\sbmh.js:104:16)
2025-04-17T15:45:10.889Z [ERROR]: Error: Chỉ cho phép các định dạng ảnh hoặc video hợp lệ 
Stack: Error: Chỉ cho phép các định dạng ảnh hoặc video hợp lệ
    at fileFilter (G:\ThreadsClone\ThreadsClone\server\src\middlewares\uploadMiddleware.ts:18:8)
    at wrappedFileFilter (G:\ThreadsClone\ThreadsClone\server\node_modules\multer\index.js:44:7)
    at Multipart.<anonymous> (G:\ThreadsClone\ThreadsClone\server\node_modules\multer\lib\make-middleware.js:107:7)
    at Multipart.emit (node:events:519:28)
    at Multipart.emit (node:domain:488:12)
    at HeaderParser.cb (G:\ThreadsClone\ThreadsClone\server\node_modules\busboy\lib\types\multipart.js:358:14)
    at HeaderParser.push (G:\ThreadsClone\ThreadsClone\server\node_modules\busboy\lib\types\multipart.js:162:20)
    at SBMH.ssCb [as _cb] (G:\ThreadsClone\ThreadsClone\server\node_modules\busboy\lib\types\multipart.js:394:37)
    at feed (G:\ThreadsClone\ThreadsClone\server\node_modules\streamsearch\lib\sbmh.js:248:10)
    at SBMH.push (G:\ThreadsClone\ThreadsClone\server\node_modules\streamsearch\lib\sbmh.js:104:16)
2025-04-17T15:45:45.223Z [ERROR]: Error: Chỉ cho phép các định dạng ảnh hoặc video hợp lệ 
Stack: Error: Chỉ cho phép các định dạng ảnh hoặc video hợp lệ
    at fileFilter (G:\ThreadsClone\ThreadsClone\server\src\middlewares\uploadMiddleware.ts:18:8)
    at wrappedFileFilter (G:\ThreadsClone\ThreadsClone\server\node_modules\multer\index.js:44:7)
    at Multipart.<anonymous> (G:\ThreadsClone\ThreadsClone\server\node_modules\multer\lib\make-middleware.js:107:7)
    at Multipart.emit (node:events:519:28)
    at Multipart.emit (node:domain:488:12)
    at HeaderParser.cb (G:\ThreadsClone\ThreadsClone\server\node_modules\busboy\lib\types\multipart.js:358:14)
    at HeaderParser.push (G:\ThreadsClone\ThreadsClone\server\node_modules\busboy\lib\types\multipart.js:162:20)
    at SBMH.ssCb [as _cb] (G:\ThreadsClone\ThreadsClone\server\node_modules\busboy\lib\types\multipart.js:394:37)
    at feed (G:\ThreadsClone\ThreadsClone\server\node_modules\streamsearch\lib\sbmh.js:248:10)
    at SBMH.push (G:\ThreadsClone\ThreadsClone\server\node_modules\streamsearch\lib\sbmh.js:104:16)
2025-04-17T15:48:32.687Z [ERROR]: Error: Chỉ cho phép các định dạng ảnh hoặc video hợp lệ 
Stack: Error: Chỉ cho phép các định dạng ảnh hoặc video hợp lệ
    at fileFilter (G:\ThreadsClone\ThreadsClone\server\src\middlewares\uploadMiddleware.ts:18:8)
    at wrappedFileFilter (G:\ThreadsClone\ThreadsClone\server\node_modules\multer\index.js:44:7)
    at Multipart.<anonymous> (G:\ThreadsClone\ThreadsClone\server\node_modules\multer\lib\make-middleware.js:107:7)
    at Multipart.emit (node:events:519:28)
    at Multipart.emit (node:domain:488:12)
    at HeaderParser.cb (G:\ThreadsClone\ThreadsClone\server\node_modules\busboy\lib\types\multipart.js:358:14)
    at HeaderParser.push (G:\ThreadsClone\ThreadsClone\server\node_modules\busboy\lib\types\multipart.js:162:20)
    at SBMH.ssCb [as _cb] (G:\ThreadsClone\ThreadsClone\server\node_modules\busboy\lib\types\multipart.js:394:37)
    at feed (G:\ThreadsClone\ThreadsClone\server\node_modules\streamsearch\lib\sbmh.js:248:10)
    at SBMH.push (G:\ThreadsClone\ThreadsClone\server\node_modules\streamsearch\lib\sbmh.js:104:16)
2025-04-17T15:49:18.799Z [ERROR]: Error: Chỉ cho phép các định dạng ảnh hoặc video hợp lệ 
Stack: Error: Chỉ cho phép các định dạng ảnh hoặc video hợp lệ
    at fileFilter (G:\ThreadsClone\ThreadsClone\server\src\middlewares\uploadMiddleware.ts:18:8)
    at wrappedFileFilter (G:\ThreadsClone\ThreadsClone\server\node_modules\multer\index.js:44:7)
    at Multipart.<anonymous> (G:\ThreadsClone\ThreadsClone\server\node_modules\multer\lib\make-middleware.js:107:7)
    at Multipart.emit (node:events:519:28)
    at Multipart.emit (node:domain:488:12)
    at HeaderParser.cb (G:\ThreadsClone\ThreadsClone\server\node_modules\busboy\lib\types\multipart.js:358:14)
    at HeaderParser.push (G:\ThreadsClone\ThreadsClone\server\node_modules\busboy\lib\types\multipart.js:162:20)
    at SBMH.ssCb [as _cb] (G:\ThreadsClone\ThreadsClone\server\node_modules\busboy\lib\types\multipart.js:394:37)
    at feed (G:\ThreadsClone\ThreadsClone\server\node_modules\streamsearch\lib\sbmh.js:248:10)
    at SBMH.push (G:\ThreadsClone\ThreadsClone\server\node_modules\streamsearch\lib\sbmh.js:104:16)
2025-04-17T16:00:40.247Z [ERROR]: Error: Failed to upload avatar 
Stack: Error: Failed to upload avatar
    at Writable.<anonymous> (G:\ThreadsClone\ThreadsClone\server\src\controllers\userController.ts:82:23)
    at Writable.emit (node:events:531:35)
    at Writable.emit (node:domain:488:12)
    at emitErrorNT (node:internal/streams/destroy:169:8)
    at emitErrorCloseNT (node:internal/streams/destroy:128:3)
    at processTicksAndRejections (node:internal/process/task_queues:82:21)
2025-04-17T16:00:42.217Z [ERROR]: Error: Failed to upload avatar 
Stack: Error: Failed to upload avatar
    at Writable.<anonymous> (G:\ThreadsClone\ThreadsClone\server\src\controllers\userController.ts:82:23)
    at Writable.emit (node:events:531:35)
    at Writable.emit (node:domain:488:12)
    at emitErrorNT (node:internal/streams/destroy:169:8)
    at emitErrorCloseNT (node:internal/streams/destroy:128:3)
    at processTicksAndRejections (node:internal/process/task_queues:82:21)
2025-04-17T16:00:42.628Z [ERROR]: Error: Failed to upload avatar 
Stack: Error: Failed to upload avatar
    at Writable.<anonymous> (G:\ThreadsClone\ThreadsClone\server\src\controllers\userController.ts:82:23)
    at Writable.emit (node:events:531:35)
    at Writable.emit (node:domain:488:12)
    at emitErrorNT (node:internal/streams/destroy:169:8)
    at emitErrorCloseNT (node:internal/streams/destroy:128:3)
    at processTicksAndRejections (node:internal/process/task_queues:82:21)
2025-04-17T16:00:43.231Z [ERROR]: Error: Failed to upload avatar 
Stack: Error: Failed to upload avatar
    at Writable.<anonymous> (G:\ThreadsClone\ThreadsClone\server\src\controllers\userController.ts:82:23)
    at Writable.emit (node:events:531:35)
    at Writable.emit (node:domain:488:12)
    at emitErrorNT (node:internal/streams/destroy:169:8)
    at emitErrorCloseNT (node:internal/streams/destroy:128:3)
    at processTicksAndRejections (node:internal/process/task_queues:82:21)
2025-04-17T16:00:43.420Z [ERROR]: Error: Failed to upload avatar 
Stack: Error: Failed to upload avatar
    at Writable.<anonymous> (G:\ThreadsClone\ThreadsClone\server\src\controllers\userController.ts:82:23)
    at Writable.emit (node:events:531:35)
    at Writable.emit (node:domain:488:12)
    at emitErrorNT (node:internal/streams/destroy:169:8)
    at emitErrorCloseNT (node:internal/streams/destroy:128:3)
    at processTicksAndRejections (node:internal/process/task_queues:82:21)
2025-04-17T16:00:43.727Z [ERROR]: Error: Failed to upload avatar 
Stack: Error: Failed to upload avatar
    at Writable.<anonymous> (G:\ThreadsClone\ThreadsClone\server\src\controllers\userController.ts:82:23)
    at Writable.emit (node:events:531:35)
    at Writable.emit (node:domain:488:12)
    at emitErrorNT (node:internal/streams/destroy:169:8)
    at emitErrorCloseNT (node:internal/streams/destroy:128:3)
    at processTicksAndRejections (node:internal/process/task_queues:82:21)
2025-04-17T16:00:43.918Z [ERROR]: Error: Failed to upload avatar 
Stack: Error: Failed to upload avatar
    at Writable.<anonymous> (G:\ThreadsClone\ThreadsClone\server\src\controllers\userController.ts:82:23)
    at Writable.emit (node:events:531:35)
    at Writable.emit (node:domain:488:12)
    at emitErrorNT (node:internal/streams/destroy:169:8)
    at emitErrorCloseNT (node:internal/streams/destroy:128:3)
    at processTicksAndRejections (node:internal/process/task_queues:82:21)
2025-04-17T16:00:44.164Z [ERROR]: Error: Failed to upload avatar 
Stack: Error: Failed to upload avatar
    at Writable.<anonymous> (G:\ThreadsClone\ThreadsClone\server\src\controllers\userController.ts:82:23)
    at Writable.emit (node:events:531:35)
    at Writable.emit (node:domain:488:12)
    at emitErrorNT (node:internal/streams/destroy:169:8)
    at emitErrorCloseNT (node:internal/streams/destroy:128:3)
    at processTicksAndRejections (node:internal/process/task_queues:82:21)
2025-04-17T16:00:44.328Z [ERROR]: Error: Failed to upload avatar 
Stack: Error: Failed to upload avatar
    at Writable.<anonymous> (G:\ThreadsClone\ThreadsClone\server\src\controllers\userController.ts:82:23)
    at Writable.emit (node:events:531:35)
    at Writable.emit (node:domain:488:12)
    at emitErrorNT (node:internal/streams/destroy:169:8)
    at emitErrorCloseNT (node:internal/streams/destroy:128:3)
    at processTicksAndRejections (node:internal/process/task_queues:82:21)
2025-04-17T16:00:44.814Z [ERROR]: Error: Failed to upload avatar 
Stack: Error: Failed to upload avatar
    at Writable.<anonymous> (G:\ThreadsClone\ThreadsClone\server\src\controllers\userController.ts:82:23)
    at Writable.emit (node:events:531:35)
    at Writable.emit (node:domain:488:12)
    at emitErrorNT (node:internal/streams/destroy:169:8)
    at emitErrorCloseNT (node:internal/streams/destroy:128:3)
    at processTicksAndRejections (node:internal/process/task_queues:82:21)
2025-04-17T16:00:45.062Z [ERROR]: Error: Failed to upload avatar 
Stack: Error: Failed to upload avatar
    at Writable.<anonymous> (G:\ThreadsClone\ThreadsClone\server\src\controllers\userController.ts:82:23)
    at Writable.emit (node:events:531:35)
    at Writable.emit (node:domain:488:12)
    at emitErrorNT (node:internal/streams/destroy:169:8)
    at emitErrorCloseNT (node:internal/streams/destroy:128:3)
    at processTicksAndRejections (node:internal/process/task_queues:82:21)
2025-04-17T16:00:45.198Z [ERROR]: Error: Failed to upload avatar 
Stack: Error: Failed to upload avatar
    at Writable.<anonymous> (G:\ThreadsClone\ThreadsClone\server\src\controllers\userController.ts:82:23)
    at Writable.emit (node:events:531:35)
    at Writable.emit (node:domain:488:12)
    at emitErrorNT (node:internal/streams/destroy:169:8)
    at emitErrorCloseNT (node:internal/streams/destroy:128:3)
    at processTicksAndRejections (node:internal/process/task_queues:82:21)
2025-04-17T16:00:45.367Z [ERROR]: Error: Failed to upload avatar 
Stack: Error: Failed to upload avatar
    at Writable.<anonymous> (G:\ThreadsClone\ThreadsClone\server\src\controllers\userController.ts:82:23)
    at Writable.emit (node:events:531:35)
    at Writable.emit (node:domain:488:12)
    at emitErrorNT (node:internal/streams/destroy:169:8)
    at emitErrorCloseNT (node:internal/streams/destroy:128:3)
    at processTicksAndRejections (node:internal/process/task_queues:82:21)
2025-04-17T16:00:45.415Z [ERROR]: Error: Failed to upload avatar 
Stack: Error: Failed to upload avatar
    at Writable.<anonymous> (G:\ThreadsClone\ThreadsClone\server\src\controllers\userController.ts:82:23)
    at Writable.emit (node:events:531:35)
    at Writable.emit (node:domain:488:12)
    at emitErrorNT (node:internal/streams/destroy:169:8)
    at emitErrorCloseNT (node:internal/streams/destroy:128:3)
    at processTicksAndRejections (node:internal/process/task_queues:82:21)
2025-04-17T16:00:45.657Z [ERROR]: Error: Failed to upload avatar 
Stack: Error: Failed to upload avatar
    at Writable.<anonymous> (G:\ThreadsClone\ThreadsClone\server\src\controllers\userController.ts:82:23)
    at Writable.emit (node:events:531:35)
    at Writable.emit (node:domain:488:12)
    at emitErrorNT (node:internal/streams/destroy:169:8)
    at emitErrorCloseNT (node:internal/streams/destroy:128:3)
    at processTicksAndRejections (node:internal/process/task_queues:82:21)
2025-04-17T16:00:46.025Z [ERROR]: Error: Failed to upload avatar 
Stack: Error: Failed to upload avatar
    at Writable.<anonymous> (G:\ThreadsClone\ThreadsClone\server\src\controllers\userController.ts:82:23)
    at Writable.emit (node:events:531:35)
    at Writable.emit (node:domain:488:12)
    at emitErrorNT (node:internal/streams/destroy:169:8)
    at emitErrorCloseNT (node:internal/streams/destroy:128:3)
    at processTicksAndRejections (node:internal/process/task_queues:82:21)
2025-04-17T16:00:46.178Z [ERROR]: Error: Failed to upload avatar 
Stack: Error: Failed to upload avatar
    at Writable.<anonymous> (G:\ThreadsClone\ThreadsClone\server\src\controllers\userController.ts:82:23)
    at Writable.emit (node:events:531:35)
    at Writable.emit (node:domain:488:12)
    at emitErrorNT (node:internal/streams/destroy:169:8)
    at emitErrorCloseNT (node:internal/streams/destroy:128:3)
    at processTicksAndRejections (node:internal/process/task_queues:82:21)
2025-04-17T16:00:46.359Z [ERROR]: Error: Failed to upload avatar 
Stack: Error: Failed to upload avatar
    at Writable.<anonymous> (G:\ThreadsClone\ThreadsClone\server\src\controllers\userController.ts:82:23)
    at Writable.emit (node:events:531:35)
    at Writable.emit (node:domain:488:12)
    at emitErrorNT (node:internal/streams/destroy:169:8)
    at emitErrorCloseNT (node:internal/streams/destroy:128:3)
    at processTicksAndRejections (node:internal/process/task_queues:82:21)
2025-04-17T16:00:46.661Z [ERROR]: Error: Failed to upload avatar 
Stack: Error: Failed to upload avatar
    at Writable.<anonymous> (G:\ThreadsClone\ThreadsClone\server\src\controllers\userController.ts:82:23)
    at Writable.emit (node:events:531:35)
    at Writable.emit (node:domain:488:12)
    at emitErrorNT (node:internal/streams/destroy:169:8)
    at emitErrorCloseNT (node:internal/streams/destroy:128:3)
    at processTicksAndRejections (node:internal/process/task_queues:82:21)
2025-04-17T16:00:47.064Z [ERROR]: Error: Failed to upload avatar 
Stack: Error: Failed to upload avatar
    at Writable.<anonymous> (G:\ThreadsClone\ThreadsClone\server\src\controllers\userController.ts:82:23)
    at Writable.emit (node:events:531:35)
    at Writable.emit (node:domain:488:12)
    at emitErrorNT (node:internal/streams/destroy:169:8)
    at emitErrorCloseNT (node:internal/streams/destroy:128:3)
    at processTicksAndRejections (node:internal/process/task_queues:82:21)
2025-04-17T16:00:47.269Z [ERROR]: Error: Failed to upload avatar 
Stack: Error: Failed to upload avatar
    at Writable.<anonymous> (G:\ThreadsClone\ThreadsClone\server\src\controllers\userController.ts:82:23)
    at Writable.emit (node:events:531:35)
    at Writable.emit (node:domain:488:12)
    at emitErrorNT (node:internal/streams/destroy:169:8)
    at emitErrorCloseNT (node:internal/streams/destroy:128:3)
    at processTicksAndRejections (node:internal/process/task_queues:82:21)
2025-04-17T16:00:47.323Z [ERROR]: Error: Failed to upload avatar 
Stack: Error: Failed to upload avatar
    at Writable.<anonymous> (G:\ThreadsClone\ThreadsClone\server\src\controllers\userController.ts:82:23)
    at Writable.emit (node:events:531:35)
    at Writable.emit (node:domain:488:12)
    at emitErrorNT (node:internal/streams/destroy:169:8)
    at emitErrorCloseNT (node:internal/streams/destroy:128:3)
    at processTicksAndRejections (node:internal/process/task_queues:82:21)
2025-04-17T16:00:47.391Z [ERROR]: Error: Failed to upload avatar 
Stack: Error: Failed to upload avatar
    at Writable.<anonymous> (G:\ThreadsClone\ThreadsClone\server\src\controllers\userController.ts:82:23)
    at Writable.emit (node:events:531:35)
    at Writable.emit (node:domain:488:12)
    at emitErrorNT (node:internal/streams/destroy:169:8)
    at emitErrorCloseNT (node:internal/streams/destroy:128:3)
    at processTicksAndRejections (node:internal/process/task_queues:82:21)
2025-04-17T16:00:47.594Z [ERROR]: Error: Failed to upload avatar 
Stack: Error: Failed to upload avatar
    at Writable.<anonymous> (G:\ThreadsClone\ThreadsClone\server\src\controllers\userController.ts:82:23)
    at Writable.emit (node:events:531:35)
    at Writable.emit (node:domain:488:12)
    at emitErrorNT (node:internal/streams/destroy:169:8)
    at emitErrorCloseNT (node:internal/streams/destroy:128:3)
    at processTicksAndRejections (node:internal/process/task_queues:82:21)
2025-04-17T16:00:51.337Z [ERROR]: Error: Failed to upload avatar 
Stack: Error: Failed to upload avatar
    at Writable.<anonymous> (G:\ThreadsClone\ThreadsClone\server\src\controllers\userController.ts:82:23)
    at Writable.emit (node:events:531:35)
    at Writable.emit (node:domain:488:12)
    at emitErrorNT (node:internal/streams/destroy:169:8)
    at emitErrorCloseNT (node:internal/streams/destroy:128:3)
    at processTicksAndRejections (node:internal/process/task_queues:82:21)
2025-04-17T16:00:51.564Z [ERROR]: Error: Failed to upload avatar 
Stack: Error: Failed to upload avatar
    at Writable.<anonymous> (G:\ThreadsClone\ThreadsClone\server\src\controllers\userController.ts:82:23)
    at Writable.emit (node:events:531:35)
    at Writable.emit (node:domain:488:12)
    at emitErrorNT (node:internal/streams/destroy:169:8)
    at emitErrorCloseNT (node:internal/streams/destroy:128:3)
    at processTicksAndRejections (node:internal/process/task_queues:82:21)
2025-04-18T00:18:56.908Z [ERROR]: Error: Failed to upload avatar 
Stack: Error: Failed to upload avatar
    at Writable.<anonymous> (G:\ThreadsClone\ThreadsClone\server\src\controllers\userController.ts:82:23)
    at Writable.emit (node:events:531:35)
    at Writable.emit (node:domain:488:12)
    at emitErrorNT (node:internal/streams/destroy:169:8)
    at emitErrorCloseNT (node:internal/streams/destroy:128:3)
    at processTicksAndRejections (node:internal/process/task_queues:82:21)
2025-04-18T00:41:33.052Z [ERROR]: Error: Failed to upload avatar 
Stack: Error: Failed to upload avatar
    at Writable.<anonymous> (G:\ThreadsClone\ThreadsClone\server\src\controllers\userController.ts:82:23)
    at Writable.emit (node:events:531:35)
    at Writable.emit (node:domain:488:12)
    at emitErrorNT (node:internal/streams/destroy:169:8)
    at emitErrorCloseNT (node:internal/streams/destroy:128:3)
    at processTicksAndRejections (node:internal/process/task_queues:82:21)
2025-04-18T00:48:13.642Z [ERROR]: Error: Failed to upload avatar 
Stack: Error: Failed to upload avatar
    at Writable.<anonymous> (G:\ThreadsClone\ThreadsClone\server\src\controllers\userController.ts:82:23)
    at Writable.emit (node:events:531:35)
    at Writable.emit (node:domain:488:12)
    at emitErrorNT (node:internal/streams/destroy:169:8)
    at emitErrorCloseNT (node:internal/streams/destroy:128:3)
    at processTicksAndRejections (node:internal/process/task_queues:82:21)
2025-04-18T04:02:18.970Z [ERROR]: Error: Chỉ cho phép các định dạng ảnh hoặc video hợp lệ 
Stack: Error: Chỉ cho phép các định dạng ảnh hoặc video hợp lệ
    at fileFilter (G:\ThreadsClone\ThreadsClone\server\src\middlewares\uploadMiddleware.ts:18:8)
    at wrappedFileFilter (G:\ThreadsClone\ThreadsClone\server\node_modules\multer\index.js:44:7)
    at Multipart.<anonymous> (G:\ThreadsClone\ThreadsClone\server\node_modules\multer\lib\make-middleware.js:109:7)
    at Multipart.emit (node:events:519:28)
    at Multipart.emit (node:domain:488:12)
    at HeaderParser.cb (G:\ThreadsClone\ThreadsClone\server\node_modules\busboy\lib\types\multipart.js:358:14)
    at HeaderParser.push (G:\ThreadsClone\ThreadsClone\server\node_modules\busboy\lib\types\multipart.js:162:20)
    at SBMH.ssCb [as _cb] (G:\ThreadsClone\ThreadsClone\server\node_modules\busboy\lib\types\multipart.js:394:37)
    at feed (G:\ThreadsClone\ThreadsClone\server\node_modules\streamsearch\lib\sbmh.js:248:10)
    at SBMH.push (G:\ThreadsClone\ThreadsClone\server\node_modules\streamsearch\lib\sbmh.js:104:16)
2025-04-18T04:07:00.731Z [ERROR]: Error: Chỉ cho phép các định dạng ảnh hoặc video hợp lệ 
Stack: Error: Chỉ cho phép các định dạng ảnh hoặc video hợp lệ
    at fileFilter (G:\ThreadsClone\ThreadsClone\server\src\middlewares\uploadMiddleware.ts:18:8)
    at wrappedFileFilter (G:\ThreadsClone\ThreadsClone\server\node_modules\multer\index.js:44:7)
    at Multipart.<anonymous> (G:\ThreadsClone\ThreadsClone\server\node_modules\multer\lib\make-middleware.js:109:7)
    at Multipart.emit (node:events:519:28)
    at Multipart.emit (node:domain:488:12)
    at HeaderParser.cb (G:\ThreadsClone\ThreadsClone\server\node_modules\busboy\lib\types\multipart.js:358:14)
    at HeaderParser.push (G:\ThreadsClone\ThreadsClone\server\node_modules\busboy\lib\types\multipart.js:162:20)
    at SBMH.ssCb [as _cb] (G:\ThreadsClone\ThreadsClone\server\node_modules\busboy\lib\types\multipart.js:394:37)
    at feed (G:\ThreadsClone\ThreadsClone\server\node_modules\streamsearch\lib\sbmh.js:248:10)
    at SBMH.push (G:\ThreadsClone\ThreadsClone\server\node_modules\streamsearch\lib\sbmh.js:104:16)
2025-04-18T04:17:05.785Z [ERROR]: Error: Invalid file type: mimetype=image/jpeg, extname=.. Allowed mimetypes: image/jpeg, image/jpg, image/png, image/gif, image/webp, video/mp4, video/mpeg, video/webm, video/quicktime, video/x-msvideo 
Stack: Error: Invalid file type: mimetype=image/jpeg, extname=.. Allowed mimetypes: image/jpeg, image/jpg, image/png, image/gif, image/webp, video/mp4, video/mpeg, video/webm, video/quicktime, video/x-msvideo
    at fileFilter (G:\ThreadsClone\ThreadsClone\server\src\middlewares\uploadMiddleware.ts:60:8)
    at wrappedFileFilter (G:\ThreadsClone\ThreadsClone\server\node_modules\multer\index.js:44:7)
    at Multipart.<anonymous> (G:\ThreadsClone\ThreadsClone\server\node_modules\multer\lib\make-middleware.js:109:7)
    at Multipart.emit (node:events:519:28)
    at Multipart.emit (node:domain:488:12)
    at HeaderParser.cb (G:\ThreadsClone\ThreadsClone\server\node_modules\busboy\lib\types\multipart.js:358:14)
    at HeaderParser.push (G:\ThreadsClone\ThreadsClone\server\node_modules\busboy\lib\types\multipart.js:162:20)
    at SBMH.ssCb [as _cb] (G:\ThreadsClone\ThreadsClone\server\node_modules\busboy\lib\types\multipart.js:394:37)
    at feed (G:\ThreadsClone\ThreadsClone\server\node_modules\streamsearch\lib\sbmh.js:248:10)
    at SBMH.push (G:\ThreadsClone\ThreadsClone\server\node_modules\streamsearch\lib\sbmh.js:104:16)
2025-04-25T09:18:35.148Z [ERROR]: Error: Thread validation failed: content: thread content is required 
Stack: ValidationError: Thread validation failed: content: thread content is required
    at model.Document.invalidate (G:\ThreadsClone\ThreadsClone\server\node_modules\mongoose\lib\document.js:3318:32)
    at G:\ThreadsClone\ThreadsClone\server\node_modules\mongoose\lib\document.js:3079:17
    at G:\ThreadsClone\ThreadsClone\server\node_modules\mongoose\lib\schemaType.js:1388:9
    at processTicksAndRejections (node:internal/process/task_queues:77:11)
2025-04-25T09:24:30.856Z [ERROR]: Error: Thread validation failed: content: thread content is required 
Stack: ValidationError: Thread validation failed: content: thread content is required
    at model.Document.invalidate (G:\ThreadsClone\ThreadsClone\server\node_modules\mongoose\lib\document.js:3318:32)
    at G:\ThreadsClone\ThreadsClone\server\node_modules\mongoose\lib\document.js:3079:17
    at G:\ThreadsClone\ThreadsClone\server\node_modules\mongoose\lib\schemaType.js:1388:9
    at processTicksAndRejections (node:internal/process/task_queues:77:11)
2025-04-26T02:41:49.719Z [ERROR]: Error: No files uploaded 
Stack: Error: No files uploaded
    at G:\ThreadsClone\ThreadsClone\server\src\controllers\threadController.ts:23:13
    at G:\ThreadsClone\ThreadsClone\server\src\middlewares\asyncHandler.ts:7:5
    at Layer.handle [as handle_request] (G:\ThreadsClone\ThreadsClone\server\node_modules\express\lib\router\layer.js:95:5)
    at next (G:\ThreadsClone\ThreadsClone\server\node_modules\express\lib\router\route.js:149:13)
    at authMiddleware (G:\ThreadsClone\ThreadsClone\server\src\middlewares\auth.ts:39:5)
    at processTicksAndRejections (node:internal/process/task_queues:95:5)
2025-04-26T02:41:51.243Z [ERROR]: Error: No files uploaded 
Stack: Error: No files uploaded
    at G:\ThreadsClone\ThreadsClone\server\src\controllers\threadController.ts:23:13
    at G:\ThreadsClone\ThreadsClone\server\src\middlewares\asyncHandler.ts:7:5
    at Layer.handle [as handle_request] (G:\ThreadsClone\ThreadsClone\server\node_modules\express\lib\router\layer.js:95:5)
    at next (G:\ThreadsClone\ThreadsClone\server\node_modules\express\lib\router\route.js:149:13)
    at authMiddleware (G:\ThreadsClone\ThreadsClone\server\src\middlewares\auth.ts:39:5)
    at processTicksAndRejections (node:internal/process/task_queues:95:5)
2025-04-26T02:41:51.995Z [ERROR]: Error: No files uploaded 
Stack: Error: No files uploaded
    at G:\ThreadsClone\ThreadsClone\server\src\controllers\threadController.ts:23:13
    at G:\ThreadsClone\ThreadsClone\server\src\middlewares\asyncHandler.ts:7:5
    at Layer.handle [as handle_request] (G:\ThreadsClone\ThreadsClone\server\node_modules\express\lib\router\layer.js:95:5)
    at next (G:\ThreadsClone\ThreadsClone\server\node_modules\express\lib\router\route.js:149:13)
    at authMiddleware (G:\ThreadsClone\ThreadsClone\server\src\middlewares\auth.ts:39:5)
    at processTicksAndRejections (node:internal/process/task_queues:95:5)
2025-04-26T02:41:52.652Z [ERROR]: Error: No files uploaded 
Stack: Error: No files uploaded
    at G:\ThreadsClone\ThreadsClone\server\src\controllers\threadController.ts:23:13
    at G:\ThreadsClone\ThreadsClone\server\src\middlewares\asyncHandler.ts:7:5
    at Layer.handle [as handle_request] (G:\ThreadsClone\ThreadsClone\server\node_modules\express\lib\router\layer.js:95:5)
    at next (G:\ThreadsClone\ThreadsClone\server\node_modules\express\lib\router\route.js:149:13)
    at authMiddleware (G:\ThreadsClone\ThreadsClone\server\src\middlewares\auth.ts:39:5)
    at processTicksAndRejections (node:internal/process/task_queues:95:5)
2025-04-26T02:42:03.780Z [ERROR]: Error: No files uploaded 
Stack: Error: No files uploaded
    at G:\ThreadsClone\ThreadsClone\server\src\controllers\threadController.ts:23:13
    at G:\ThreadsClone\ThreadsClone\server\src\middlewares\asyncHandler.ts:7:5
    at Layer.handle [as handle_request] (G:\ThreadsClone\ThreadsClone\server\node_modules\express\lib\router\layer.js:95:5)
    at next (G:\ThreadsClone\ThreadsClone\server\node_modules\express\lib\router\route.js:149:13)
    at authMiddleware (G:\ThreadsClone\ThreadsClone\server\src\middlewares\auth.ts:39:5)
    at processTicksAndRejections (node:internal/process/task_queues:95:5)
2025-05-05T03:20:41.140Z [ERROR]: Error: Cannot find /auth/verify-email?token=14c2a707963feeebecd8cf65b9f4acda3b1c836286c49ec987a5810add5d2c52 on this server 
Stack: Error: Cannot find /auth/verify-email?token=14c2a707963feeebecd8cf65b9f4acda3b1c836286c49ec987a5810add5d2c52 on this server
    at G:\ThreadsClone\ThreadsClone\server\src\app.ts:46:8
    at Layer.handle [as handle_request] (G:\ThreadsClone\ThreadsClone\server\node_modules\express\lib\router\layer.js:95:5)
    at next (G:\ThreadsClone\ThreadsClone\server\node_modules\express\lib\router\route.js:149:13)
    at next (G:\ThreadsClone\ThreadsClone\server\node_modules\express\lib\router\route.js:145:7)
    at next (G:\ThreadsClone\ThreadsClone\server\node_modules\express\lib\router\route.js:145:7)
    at next (G:\ThreadsClone\ThreadsClone\server\node_modules\express\lib\router\route.js:145:7)
    at next (G:\ThreadsClone\ThreadsClone\server\node_modules\express\lib\router\route.js:145:7)
    at next (G:\ThreadsClone\ThreadsClone\server\node_modules\express\lib\router\route.js:145:7)
    at next (G:\ThreadsClone\ThreadsClone\server\node_modules\express\lib\router\route.js:145:7)
    at Route.dispatch (G:\ThreadsClone\ThreadsClone\server\node_modules\express\lib\router\route.js:119:3)
2025-05-05T03:20:42.241Z [ERROR]: Error: Cannot find /favicon.ico on this server 
Stack: Error: Cannot find /favicon.ico on this server
    at G:\ThreadsClone\ThreadsClone\server\src\app.ts:46:8
    at Layer.handle [as handle_request] (G:\ThreadsClone\ThreadsClone\server\node_modules\express\lib\router\layer.js:95:5)
    at next (G:\ThreadsClone\ThreadsClone\server\node_modules\express\lib\router\route.js:149:13)
    at next (G:\ThreadsClone\ThreadsClone\server\node_modules\express\lib\router\route.js:145:7)
    at next (G:\ThreadsClone\ThreadsClone\server\node_modules\express\lib\router\route.js:145:7)
    at next (G:\ThreadsClone\ThreadsClone\server\node_modules\express\lib\router\route.js:145:7)
    at next (G:\ThreadsClone\ThreadsClone\server\node_modules\express\lib\router\route.js:145:7)
    at next (G:\ThreadsClone\ThreadsClone\server\node_modules\express\lib\router\route.js:145:7)
    at next (G:\ThreadsClone\ThreadsClone\server\node_modules\express\lib\router\route.js:145:7)
    at Route.dispatch (G:\ThreadsClone\ThreadsClone\server\node_modules\express\lib\router\route.js:119:3)
2025-05-05T03:28:26.518Z [ERROR]: Error: Cannot find /auth/verify-email?token=5fb8941885a06c4cb9c56e1dd78a17794cb6ff63457e47cb83880de50e080356 on this server 
Stack: Error: Cannot find /auth/verify-email?token=5fb8941885a06c4cb9c56e1dd78a17794cb6ff63457e47cb83880de50e080356 on this server
    at G:\ThreadsClone\ThreadsClone\server\src\app.ts:46:8
    at Layer.handle [as handle_request] (G:\ThreadsClone\ThreadsClone\server\node_modules\express\lib\router\layer.js:95:5)
    at next (G:\ThreadsClone\ThreadsClone\server\node_modules\express\lib\router\route.js:149:13)
    at next (G:\ThreadsClone\ThreadsClone\server\node_modules\express\lib\router\route.js:145:7)
    at next (G:\ThreadsClone\ThreadsClone\server\node_modules\express\lib\router\route.js:145:7)
    at next (G:\ThreadsClone\ThreadsClone\server\node_modules\express\lib\router\route.js:145:7)
    at next (G:\ThreadsClone\ThreadsClone\server\node_modules\express\lib\router\route.js:145:7)
    at next (G:\ThreadsClone\ThreadsClone\server\node_modules\express\lib\router\route.js:145:7)
    at next (G:\ThreadsClone\ThreadsClone\server\node_modules\express\lib\router\route.js:145:7)
    at Route.dispatch (G:\ThreadsClone\ThreadsClone\server\node_modules\express\lib\router\route.js:119:3)
2025-05-05T03:29:56.024Z [ERROR]: Error: Cannot find /api/auth/verify-email?token=34270419e737274c1267f8578366ee875443380b86b7212ce0e961c658232ffb on this server 
Stack: Error: Cannot find /api/auth/verify-email?token=34270419e737274c1267f8578366ee875443380b86b7212ce0e961c658232ffb on this server
    at G:\ThreadsClone\ThreadsClone\server\src\app.ts:46:8
    at Layer.handle [as handle_request] (G:\ThreadsClone\ThreadsClone\server\node_modules\express\lib\router\layer.js:95:5)
    at next (G:\ThreadsClone\ThreadsClone\server\node_modules\express\lib\router\route.js:149:13)
    at next (G:\ThreadsClone\ThreadsClone\server\node_modules\express\lib\router\route.js:145:7)
    at next (G:\ThreadsClone\ThreadsClone\server\node_modules\express\lib\router\route.js:145:7)
    at next (G:\ThreadsClone\ThreadsClone\server\node_modules\express\lib\router\route.js:145:7)
    at next (G:\ThreadsClone\ThreadsClone\server\node_modules\express\lib\router\route.js:145:7)
    at next (G:\ThreadsClone\ThreadsClone\server\node_modules\express\lib\router\route.js:145:7)
    at next (G:\ThreadsClone\ThreadsClone\server\node_modules\express\lib\router\route.js:145:7)
    at Route.dispatch (G:\ThreadsClone\ThreadsClone\server\node_modules\express\lib\router\route.js:119:3)
2025-05-05T03:53:05.587Z [ERROR]: Register service error: E11000 duplicate key error collection: Threads.users index: name_1 dup key: { name: "AdminGens" }
2025-05-05T03:53:05.595Z [ERROR]: Register error: Internal server error
2025-05-05T03:53:12.361Z [ERROR]: Register service error: E11000 duplicate key error collection: Threads.users index: name_1 dup key: { name: "AdminGens" }
2025-05-05T03:53:12.363Z [ERROR]: Register error: Internal server error
2025-05-05T03:54:43.786Z [ERROR]: Error: Cannot find /api/auth/verify-email?token=85f322477f35019fc31f9d683a2710df3117da9ab16e69a38ea206ebbc859a90 on this server 
Stack: Error: Cannot find /api/auth/verify-email?token=85f322477f35019fc31f9d683a2710df3117da9ab16e69a38ea206ebbc859a90 on this server
    at G:\ThreadsClone\ThreadsClone\server\src\app.ts:46:8
    at Layer.handle [as handle_request] (G:\ThreadsClone\ThreadsClone\server\node_modules\express\lib\router\layer.js:95:5)
    at next (G:\ThreadsClone\ThreadsClone\server\node_modules\express\lib\router\route.js:149:13)
    at next (G:\ThreadsClone\ThreadsClone\server\node_modules\express\lib\router\route.js:145:7)
    at next (G:\ThreadsClone\ThreadsClone\server\node_modules\express\lib\router\route.js:145:7)
    at next (G:\ThreadsClone\ThreadsClone\server\node_modules\express\lib\router\route.js:145:7)
    at next (G:\ThreadsClone\ThreadsClone\server\node_modules\express\lib\router\route.js:145:7)
    at next (G:\ThreadsClone\ThreadsClone\server\node_modules\express\lib\router\route.js:145:7)
    at next (G:\ThreadsClone\ThreadsClone\server\node_modules\express\lib\router\route.js:145:7)
    at Route.dispatch (G:\ThreadsClone\ThreadsClone\server\node_modules\express\lib\router\route.js:119:3)
2025-05-05T03:56:56.779Z [INFO]: Email verified for user: trungthpthy123@gmail.com
2025-05-05T04:26:32.326Z [INFO]: Email verified for user: trungthpthy123@gmail.com
2025-05-05T04:38:12.106Z [INFO]: Email verified for user: trungthpthy123@gmail.com
2025-05-05T04:38:12.113Z [ERROR]: Error: Failed to lookup view "verify-success" in views directory "G:\ThreadsClone\ThreadsClone\server\src\views" 
Stack: Error: Failed to lookup view "verify-success" in views directory "G:\ThreadsClone\ThreadsClone\server\src\views"
    at Function.render (G:\ThreadsClone\ThreadsClone\server\node_modules\express\lib\application.js:597:17)
    at ServerResponse.render (G:\ThreadsClone\ThreadsClone\server\node_modules\express\lib\response.js:1049:7)
    at G:\ThreadsClone\ThreadsClone\server\src\controllers\authController.ts:153:34
    at processTicksAndRejections (node:internal/process/task_queues:95:5)
2025-05-05T04:39:52.015Z [ERROR]: Verify email service error: Invalid or expired verification token
2025-05-05T04:39:52.018Z [ERROR]: Verify email error: Invalid or expired verification token
2025-05-05T04:39:55.192Z [ERROR]: Verify email service error: Invalid or expired verification token
2025-05-05T04:39:55.193Z [ERROR]: Verify email error: Invalid or expired verification token
2025-05-05T04:40:20.539Z [INFO]: Email verified for user: trungthpthy123@gmail.com
2025-05-05T08:23:09.539Z [INFO]: Email verified for user: trungthpthy123@gmail.com
2025-05-05T08:23:10.581Z [ERROR]: Error: Cannot find /favicon.ico on this server 
Stack: Error: Cannot find /favicon.ico on this server
    at G:\ThreadsClone\ThreadsClone\server\src\app.ts:51:8
    at Layer.handle [as handle_request] (G:\ThreadsClone\ThreadsClone\server\node_modules\express\lib\router\layer.js:95:5)
    at next (G:\ThreadsClone\ThreadsClone\server\node_modules\express\lib\router\route.js:149:13)
    at next (G:\ThreadsClone\ThreadsClone\server\node_modules\express\lib\router\route.js:145:7)
    at next (G:\ThreadsClone\ThreadsClone\server\node_modules\express\lib\router\route.js:145:7)
    at next (G:\ThreadsClone\ThreadsClone\server\node_modules\express\lib\router\route.js:145:7)
    at next (G:\ThreadsClone\ThreadsClone\server\node_modules\express\lib\router\route.js:145:7)
    at next (G:\ThreadsClone\ThreadsClone\server\node_modules\express\lib\router\route.js:145:7)
    at next (G:\ThreadsClone\ThreadsClone\server\node_modules\express\lib\router\route.js:145:7)
    at Route.dispatch (G:\ThreadsClone\ThreadsClone\server\node_modules\express\lib\router\route.js:119:3)
2025-05-05T09:07:31.513Z [ERROR]: Error: Cannot set headers after they are sent to the client 
Stack: Error: Cannot set headers after they are sent to the client
    at ServerResponse.setHeader (node:_http_outgoing:703:11)
    at ServerResponse.header (G:\ThreadsClone\ThreadsClone\server\node_modules\express\lib\response.js:794:10)
    at ServerResponse.send (G:\ThreadsClone\ThreadsClone\server\node_modules\express\lib\response.js:174:12)
    at ServerResponse.json (G:\ThreadsClone\ThreadsClone\server\node_modules\express\lib\response.js:278:15)
    at ServerResponse.send (G:\ThreadsClone\ThreadsClone\server\node_modules\express\lib\response.js:162:21)
    at G:\ThreadsClone\ThreadsClone\server\src\controllers\authController.ts:216:23
    at processTicksAndRejections (node:internal/process/task_queues:95:5)
2025-05-05T09:08:39.669Z [ERROR]: Error: Cannot set headers after they are sent to the client 
Stack: Error: Cannot set headers after they are sent to the client
    at ServerResponse.setHeader (node:_http_outgoing:703:11)
    at ServerResponse.header (G:\ThreadsClone\ThreadsClone\server\node_modules\express\lib\response.js:794:10)
    at ServerResponse.send (G:\ThreadsClone\ThreadsClone\server\node_modules\express\lib\response.js:174:12)
    at ServerResponse.json (G:\ThreadsClone\ThreadsClone\server\node_modules\express\lib\response.js:278:15)
    at ServerResponse.send (G:\ThreadsClone\ThreadsClone\server\node_modules\express\lib\response.js:162:21)
    at G:\ThreadsClone\ThreadsClone\server\src\controllers\authController.ts:220:23
    at processTicksAndRejections (node:internal/process/task_queues:95:5)
2025-05-05T09:11:34.838Z [ERROR]: Error: Cannot set headers after they are sent to the client 
Stack: Error: Cannot set headers after they are sent to the client
    at ServerResponse.setHeader (node:_http_outgoing:703:11)
    at ServerResponse.header (G:\ThreadsClone\ThreadsClone\server\node_modules\express\lib\response.js:794:10)
    at ServerResponse.send (G:\ThreadsClone\ThreadsClone\server\node_modules\express\lib\response.js:174:12)
    at ServerResponse.json (G:\ThreadsClone\ThreadsClone\server\node_modules\express\lib\response.js:278:15)
    at ServerResponse.send (G:\ThreadsClone\ThreadsClone\server\node_modules\express\lib\response.js:162:21)
    at G:\ThreadsClone\ThreadsClone\server\src\controllers\authController.ts:220:23
    at processTicksAndRejections (node:internal/process/task_queues:95:5)
2025-05-05T09:23:27.234Z [ERROR]: Login error: Invalid email or password
2025-05-05T09:23:42.890Z [ERROR]: Login error: Invalid email or password
2025-05-05T09:23:59.827Z [ERROR]: Login error: Invalid email or password
2025-05-05T09:24:30.242Z [ERROR]: Login error: Invalid email or password
2025-05-05T09:24:31.922Z [ERROR]: Login error: Invalid email or password
2025-05-05T09:24:32.603Z [ERROR]: Login error: Invalid email or password
2025-05-05T09:24:32.753Z [ERROR]: Login error: Invalid email or password
2025-05-05T09:24:38.043Z [ERROR]: Login error: Invalid email or password
2025-05-05T09:24:47.989Z [ERROR]: Login error: Invalid email or password
2025-05-05T09:25:11.240Z [ERROR]: Login error: Invalid email or password
2025-05-06T04:00:09.392Z [ERROR]: Error: Cannot set headers after they are sent to the client 
Stack: Error: Cannot set headers after they are sent to the client
    at ServerResponse.setHeader (node:_http_outgoing:703:11)
    at ServerResponse.header (G:\ThreadsClone\ThreadsClone\server\node_modules\express\lib\response.js:794:10)
    at ServerResponse.send (G:\ThreadsClone\ThreadsClone\server\node_modules\express\lib\response.js:174:12)
    at ServerResponse.json (G:\ThreadsClone\ThreadsClone\server\node_modules\express\lib\response.js:278:15)
    at ServerResponse.send (G:\ThreadsClone\ThreadsClone\server\node_modules\express\lib\response.js:162:21)
    at G:\ThreadsClone\ThreadsClone\server\src\controllers\authController.ts:220:23
    at processTicksAndRejections (node:internal/process/task_queues:95:5)
2025-05-06T04:00:55.880Z [ERROR]: Error: Cannot set headers after they are sent to the client 
Stack: Error: Cannot set headers after they are sent to the client
    at ServerResponse.setHeader (node:_http_outgoing:703:11)
    at ServerResponse.header (G:\ThreadsClone\ThreadsClone\server\node_modules\express\lib\response.js:794:10)
    at ServerResponse.send (G:\ThreadsClone\ThreadsClone\server\node_modules\express\lib\response.js:174:12)
    at ServerResponse.json (G:\ThreadsClone\ThreadsClone\server\node_modules\express\lib\response.js:278:15)
    at ServerResponse.send (G:\ThreadsClone\ThreadsClone\server\node_modules\express\lib\response.js:162:21)
    at G:\ThreadsClone\ThreadsClone\server\src\controllers\authController.ts:220:23
    at processTicksAndRejections (node:internal/process/task_queues:95:5)
2025-05-06T04:01:36.470Z [ERROR]: Error: Cannot set headers after they are sent to the client 
Stack: Error: Cannot set headers after they are sent to the client
    at ServerResponse.setHeader (node:_http_outgoing:703:11)
    at ServerResponse.header (G:\ThreadsClone\ThreadsClone\server\node_modules\express\lib\response.js:794:10)
    at ServerResponse.send (G:\ThreadsClone\ThreadsClone\server\node_modules\express\lib\response.js:174:12)
    at ServerResponse.json (G:\ThreadsClone\ThreadsClone\server\node_modules\express\lib\response.js:278:15)
    at ServerResponse.send (G:\ThreadsClone\ThreadsClone\server\node_modules\express\lib\response.js:162:21)
    at G:\ThreadsClone\ThreadsClone\server\src\controllers\authController.ts:220:23
    at processTicksAndRejections (node:internal/process/task_queues:95:5)
2025-05-06T04:07:24.179Z [ERROR]: Login error: Login is Unsuccessful
2025-05-06T04:07:29.167Z [ERROR]: Error: Cannot set headers after they are sent to the client 
Stack: Error: Cannot set headers after they are sent to the client
    at ServerResponse.setHeader (node:_http_outgoing:703:11)
    at ServerResponse.header (G:\ThreadsClone\ThreadsClone\server\node_modules\express\lib\response.js:794:10)
    at ServerResponse.send (G:\ThreadsClone\ThreadsClone\server\node_modules\express\lib\response.js:174:12)
    at ServerResponse.json (G:\ThreadsClone\ThreadsClone\server\node_modules\express\lib\response.js:278:15)
    at G:\ThreadsClone\ThreadsClone\server\src\controllers\threadController.ts:219:21
    at processTicksAndRejections (node:internal/process/task_queues:95:5)
2025-05-06T04:07:29.296Z [ERROR]: Error: Cannot set headers after they are sent to the client 
Stack: Error: Cannot set headers after they are sent to the client
    at ServerResponse.setHeader (node:_http_outgoing:703:11)
    at ServerResponse.header (G:\ThreadsClone\ThreadsClone\server\node_modules\express\lib\response.js:794:10)
    at ServerResponse.send (G:\ThreadsClone\ThreadsClone\server\node_modules\express\lib\response.js:174:12)
    at ServerResponse.json (G:\ThreadsClone\ThreadsClone\server\node_modules\express\lib\response.js:278:15)
    at G:\ThreadsClone\ThreadsClone\server\src\controllers\threadController.ts:219:21
    at processTicksAndRejections (node:internal/process/task_queues:95:5)
2025-05-06T04:07:34.763Z [ERROR]: Error: Cannot set headers after they are sent to the client 
Stack: Error: Cannot set headers after they are sent to the client
    at ServerResponse.setHeader (node:_http_outgoing:703:11)
    at ServerResponse.header (G:\ThreadsClone\ThreadsClone\server\node_modules\express\lib\response.js:794:10)
    at ServerResponse.send (G:\ThreadsClone\ThreadsClone\server\node_modules\express\lib\response.js:174:12)
    at ServerResponse.json (G:\ThreadsClone\ThreadsClone\server\node_modules\express\lib\response.js:278:15)
    at G:\ThreadsClone\ThreadsClone\server\src\controllers\threadController.ts:219:21
    at processTicksAndRejections (node:internal/process/task_queues:95:5)
2025-05-06T04:07:34.949Z [ERROR]: Error: Cannot set headers after they are sent to the client 
Stack: Error: Cannot set headers after they are sent to the client
    at ServerResponse.setHeader (node:_http_outgoing:703:11)
    at ServerResponse.header (G:\ThreadsClone\ThreadsClone\server\node_modules\express\lib\response.js:794:10)
    at ServerResponse.send (G:\ThreadsClone\ThreadsClone\server\node_modules\express\lib\response.js:174:12)
    at ServerResponse.json (G:\ThreadsClone\ThreadsClone\server\node_modules\express\lib\response.js:278:15)
    at G:\ThreadsClone\ThreadsClone\server\src\controllers\threadController.ts:219:21
    at processTicksAndRejections (node:internal/process/task_queues:95:5)
2025-05-06T04:07:56.462Z [ERROR]: Error: Cannot set headers after they are sent to the client 
Stack: Error: Cannot set headers after they are sent to the client
    at ServerResponse.setHeader (node:_http_outgoing:703:11)
    at ServerResponse.header (G:\ThreadsClone\ThreadsClone\server\node_modules\express\lib\response.js:794:10)
    at ServerResponse.send (G:\ThreadsClone\ThreadsClone\server\node_modules\express\lib\response.js:174:12)
    at ServerResponse.json (G:\ThreadsClone\ThreadsClone\server\node_modules\express\lib\response.js:278:15)
    at G:\ThreadsClone\ThreadsClone\server\src\controllers\threadController.ts:219:21
    at processTicksAndRejections (node:internal/process/task_queues:95:5)
2025-05-06T04:07:56.590Z [ERROR]: Error: Cannot set headers after they are sent to the client 
Stack: Error: Cannot set headers after they are sent to the client
    at ServerResponse.setHeader (node:_http_outgoing:703:11)
    at ServerResponse.header (G:\ThreadsClone\ThreadsClone\server\node_modules\express\lib\response.js:794:10)
    at ServerResponse.send (G:\ThreadsClone\ThreadsClone\server\node_modules\express\lib\response.js:174:12)
    at ServerResponse.json (G:\ThreadsClone\ThreadsClone\server\node_modules\express\lib\response.js:278:15)
    at G:\ThreadsClone\ThreadsClone\server\src\controllers\threadController.ts:219:21
    at processTicksAndRejections (node:internal/process/task_queues:95:5)
2025-05-06T04:10:04.150Z [ERROR]: Error: Cannot set headers after they are sent to the client 
Stack: Error: Cannot set headers after they are sent to the client
    at ServerResponse.setHeader (node:_http_outgoing:703:11)
    at ServerResponse.header (G:\ThreadsClone\ThreadsClone\server\node_modules\express\lib\response.js:794:10)
    at ServerResponse.send (G:\ThreadsClone\ThreadsClone\server\node_modules\express\lib\response.js:174:12)
    at ServerResponse.json (G:\ThreadsClone\ThreadsClone\server\node_modules\express\lib\response.js:278:15)
    at G:\ThreadsClone\ThreadsClone\server\src\controllers\threadController.ts:219:21
    at processTicksAndRejections (node:internal/process/task_queues:95:5)
2025-05-06T04:10:04.333Z [ERROR]: Error: Cannot set headers after they are sent to the client 
Stack: Error: Cannot set headers after they are sent to the client
    at ServerResponse.setHeader (node:_http_outgoing:703:11)
    at ServerResponse.header (G:\ThreadsClone\ThreadsClone\server\node_modules\express\lib\response.js:794:10)
    at ServerResponse.send (G:\ThreadsClone\ThreadsClone\server\node_modules\express\lib\response.js:174:12)
    at ServerResponse.json (G:\ThreadsClone\ThreadsClone\server\node_modules\express\lib\response.js:278:15)
    at G:\ThreadsClone\ThreadsClone\server\src\controllers\threadController.ts:219:21
    at processTicksAndRejections (node:internal/process/task_queues:95:5)
2025-05-06T04:10:05.898Z [ERROR]: Error: Cannot set headers after they are sent to the client 
Stack: Error: Cannot set headers after they are sent to the client
    at ServerResponse.setHeader (node:_http_outgoing:703:11)
    at ServerResponse.header (G:\ThreadsClone\ThreadsClone\server\node_modules\express\lib\response.js:794:10)
    at ServerResponse.send (G:\ThreadsClone\ThreadsClone\server\node_modules\express\lib\response.js:174:12)
    at ServerResponse.json (G:\ThreadsClone\ThreadsClone\server\node_modules\express\lib\response.js:278:15)
    at G:\ThreadsClone\ThreadsClone\server\src\controllers\threadController.ts:219:21
    at processTicksAndRejections (node:internal/process/task_queues:95:5)
2025-05-06T04:10:06.013Z [ERROR]: Error: Cannot set headers after they are sent to the client 
Stack: Error: Cannot set headers after they are sent to the client
    at ServerResponse.setHeader (node:_http_outgoing:703:11)
    at ServerResponse.header (G:\ThreadsClone\ThreadsClone\server\node_modules\express\lib\response.js:794:10)
    at ServerResponse.send (G:\ThreadsClone\ThreadsClone\server\node_modules\express\lib\response.js:174:12)
    at ServerResponse.json (G:\ThreadsClone\ThreadsClone\server\node_modules\express\lib\response.js:278:15)
    at G:\ThreadsClone\ThreadsClone\server\src\controllers\threadController.ts:219:21
    at processTicksAndRejections (node:internal/process/task_queues:95:5)
2025-05-06T04:14:03.842Z [ERROR]: Login error: Login is Unsuccessful
2025-05-06T04:14:05.771Z [ERROR]: Error: Cannot set headers after they are sent to the client 
Stack: Error: Cannot set headers after they are sent to the client
    at ServerResponse.setHeader (node:_http_outgoing:703:11)
    at ServerResponse.header (G:\ThreadsClone\ThreadsClone\server\node_modules\express\lib\response.js:794:10)
    at ServerResponse.send (G:\ThreadsClone\ThreadsClone\server\node_modules\express\lib\response.js:174:12)
    at ServerResponse.json (G:\ThreadsClone\ThreadsClone\server\node_modules\express\lib\response.js:278:15)
    at G:\ThreadsClone\ThreadsClone\server\src\controllers\threadController.ts:219:21
    at processTicksAndRejections (node:internal/process/task_queues:95:5)
2025-05-06T04:14:05.889Z [ERROR]: Error: Cannot set headers after they are sent to the client 
Stack: Error: Cannot set headers after they are sent to the client
    at ServerResponse.setHeader (node:_http_outgoing:703:11)
    at ServerResponse.header (G:\ThreadsClone\ThreadsClone\server\node_modules\express\lib\response.js:794:10)
    at ServerResponse.send (G:\ThreadsClone\ThreadsClone\server\node_modules\express\lib\response.js:174:12)
    at ServerResponse.json (G:\ThreadsClone\ThreadsClone\server\node_modules\express\lib\response.js:278:15)
    at G:\ThreadsClone\ThreadsClone\server\src\controllers\threadController.ts:219:21
    at processTicksAndRejections (node:internal/process/task_queues:95:5)
2025-05-06T04:14:15.731Z [ERROR]: Error: Cannot set headers after they are sent to the client 
Stack: Error: Cannot set headers after they are sent to the client
    at ServerResponse.setHeader (node:_http_outgoing:703:11)
    at ServerResponse.header (G:\ThreadsClone\ThreadsClone\server\node_modules\express\lib\response.js:794:10)
    at ServerResponse.send (G:\ThreadsClone\ThreadsClone\server\node_modules\express\lib\response.js:174:12)
    at ServerResponse.json (G:\ThreadsClone\ThreadsClone\server\node_modules\express\lib\response.js:278:15)
    at G:\ThreadsClone\ThreadsClone\server\src\controllers\threadController.ts:219:21
    at processTicksAndRejections (node:internal/process/task_queues:95:5)
2025-05-06T04:14:43.364Z [ERROR]: Error: Cannot set headers after they are sent to the client 
Stack: Error: Cannot set headers after they are sent to the client
    at ServerResponse.setHeader (node:_http_outgoing:703:11)
    at ServerResponse.header (G:\ThreadsClone\ThreadsClone\server\node_modules\express\lib\response.js:794:10)
    at ServerResponse.send (G:\ThreadsClone\ThreadsClone\server\node_modules\express\lib\response.js:174:12)
    at ServerResponse.json (G:\ThreadsClone\ThreadsClone\server\node_modules\express\lib\response.js:278:15)
    at G:\ThreadsClone\ThreadsClone\server\src\controllers\threadController.ts:219:21
    at processTicksAndRejections (node:internal/process/task_queues:95:5)
2025-05-06T04:14:43.544Z [ERROR]: Error: Cannot set headers after they are sent to the client 
Stack: Error: Cannot set headers after they are sent to the client
    at ServerResponse.setHeader (node:_http_outgoing:703:11)
    at ServerResponse.header (G:\ThreadsClone\ThreadsClone\server\node_modules\express\lib\response.js:794:10)
    at ServerResponse.send (G:\ThreadsClone\ThreadsClone\server\node_modules\express\lib\response.js:174:12)
    at ServerResponse.json (G:\ThreadsClone\ThreadsClone\server\node_modules\express\lib\response.js:278:15)
    at G:\ThreadsClone\ThreadsClone\server\src\controllers\threadController.ts:219:21
    at processTicksAndRejections (node:internal/process/task_queues:95:5)
2025-05-06T04:14:46.101Z [ERROR]: Error: Cannot set headers after they are sent to the client 
Stack: Error: Cannot set headers after they are sent to the client
    at ServerResponse.setHeader (node:_http_outgoing:703:11)
    at ServerResponse.header (G:\ThreadsClone\ThreadsClone\server\node_modules\express\lib\response.js:794:10)
    at ServerResponse.send (G:\ThreadsClone\ThreadsClone\server\node_modules\express\lib\response.js:174:12)
    at ServerResponse.json (G:\ThreadsClone\ThreadsClone\server\node_modules\express\lib\response.js:278:15)
    at G:\ThreadsClone\ThreadsClone\server\src\controllers\threadController.ts:219:21
    at processTicksAndRejections (node:internal/process/task_queues:95:5)
2025-05-06T04:14:46.269Z [ERROR]: Error: Cannot set headers after they are sent to the client 
Stack: Error: Cannot set headers after they are sent to the client
    at ServerResponse.setHeader (node:_http_outgoing:703:11)
    at ServerResponse.header (G:\ThreadsClone\ThreadsClone\server\node_modules\express\lib\response.js:794:10)
    at ServerResponse.send (G:\ThreadsClone\ThreadsClone\server\node_modules\express\lib\response.js:174:12)
    at ServerResponse.json (G:\ThreadsClone\ThreadsClone\server\node_modules\express\lib\response.js:278:15)
    at G:\ThreadsClone\ThreadsClone\server\src\controllers\threadController.ts:219:21
    at processTicksAndRejections (node:internal/process/task_queues:95:5)
2025-05-06T04:19:39.450Z [WARN]: Headers already sent, skipping errorHandler
2025-05-06T04:19:39.629Z [WARN]: Headers already sent, skipping errorHandler
2025-05-06T04:30:10.194Z [WARN]: Headers already sent, skipping errorHandler
2025-05-06T04:30:10.414Z [WARN]: Headers already sent, skipping errorHandler
2025-05-06T04:31:37.067Z [WARN]: Headers already sent, skipping errorHandler
2025-05-06T04:31:37.233Z [WARN]: Headers already sent, skipping errorHandler
2025-05-06T04:34:11.161Z [WARN]: Headers already sent, skipping errorHandler
2025-05-06T04:38:03.332Z [WARN]: Headers already sent, skipping errorHandler
2025-05-06T04:39:07.818Z [WARN]: Headers already sent, skipping errorHandler
2025-05-06T04:39:07.957Z [WARN]: Headers already sent, skipping errorHandler
2025-05-06T04:39:23.254Z [ERROR]: Verify email service error: Invalid or expired verification token
2025-05-06T04:39:23.255Z [ERROR]: Verify email error: Invalid or expired verification token
2025-05-06T04:39:24.321Z [ERROR]: Error: Cannot find /favicon.ico on this server 
Stack: Error: Cannot find /favicon.ico on this server
    at G:\ThreadsClone\ThreadsClone\server\src\app.ts:51:8
    at Layer.handle [as handle_request] (G:\ThreadsClone\ThreadsClone\server\node_modules\express\lib\router\layer.js:95:5)
    at next (G:\ThreadsClone\ThreadsClone\server\node_modules\express\lib\router\route.js:149:13)
    at next (G:\ThreadsClone\ThreadsClone\server\node_modules\express\lib\router\route.js:145:7)
    at next (G:\ThreadsClone\ThreadsClone\server\node_modules\express\lib\router\route.js:145:7)
    at next (G:\ThreadsClone\ThreadsClone\server\node_modules\express\lib\router\route.js:145:7)
    at next (G:\ThreadsClone\ThreadsClone\server\node_modules\express\lib\router\route.js:145:7)
    at next (G:\ThreadsClone\ThreadsClone\server\node_modules\express\lib\router\route.js:145:7)
    at next (G:\ThreadsClone\ThreadsClone\server\node_modules\express\lib\router\route.js:145:7)
    at Route.dispatch (G:\ThreadsClone\ThreadsClone\server\node_modules\express\lib\router\route.js:119:3)
2025-05-06T04:39:29.940Z [INFO]: Email verified for user: trungthpthy123@gmail.com
2025-05-06T04:39:32.422Z [WARN]: Headers already sent, skipping errorHandler
2025-05-06T04:39:32.620Z [WARN]: Headers already sent, skipping errorHandler
2025-05-06T04:39:36.689Z [WARN]: Headers already sent, skipping errorHandler
2025-05-06T04:39:36.847Z [WARN]: Headers already sent, skipping errorHandler
2025-05-06T04:40:20.975Z [WARN]: Headers already sent, skipping errorHandler
2025-05-06T04:40:21.138Z [WARN]: Headers already sent, skipping errorHandler
2025-05-06T08:44:32.586Z [ERROR]: Register service error: E11000 duplicate key error collection: Threads.users index: name_1 dup key: { name: "Heo Con" }
2025-05-06T08:44:32.588Z [ERROR]: Register error: Internal server error
2025-05-10T09:28:50.605Z [ERROR]: Error: Cannot find /api/users/profile/:id on this server 
Stack: Error: Cannot find /api/users/profile/:id on this server
    at G:\ThreadsClone\ThreadsClone\server\src\app.ts:51:8
    at Layer.handle [as handle_request] (G:\ThreadsClone\ThreadsClone\server\node_modules\express\lib\router\layer.js:95:5)
    at next (G:\ThreadsClone\ThreadsClone\server\node_modules\express\lib\router\route.js:149:13)
    at next (G:\ThreadsClone\ThreadsClone\server\node_modules\express\lib\router\route.js:145:7)
    at next (G:\ThreadsClone\ThreadsClone\server\node_modules\express\lib\router\route.js:145:7)
    at next (G:\ThreadsClone\ThreadsClone\server\node_modules\express\lib\router\route.js:145:7)
    at next (G:\ThreadsClone\ThreadsClone\server\node_modules\express\lib\router\route.js:145:7)
    at next (G:\ThreadsClone\ThreadsClone\server\node_modules\express\lib\router\route.js:145:7)
    at next (G:\ThreadsClone\ThreadsClone\server\node_modules\express\lib\router\route.js:145:7)
    at Route.dispatch (G:\ThreadsClone\ThreadsClone\server\node_modules\express\lib\router\route.js:119:3)
2025-05-10T09:29:43.475Z [ERROR]: Error: Cannot find /api/users/profile/681c376158ac95ae022b4c4a on this server 
Stack: Error: Cannot find /api/users/profile/681c376158ac95ae022b4c4a on this server
    at G:\ThreadsClone\ThreadsClone\server\src\app.ts:51:8
    at Layer.handle [as handle_request] (G:\ThreadsClone\ThreadsClone\server\node_modules\express\lib\router\layer.js:95:5)
    at next (G:\ThreadsClone\ThreadsClone\server\node_modules\express\lib\router\route.js:149:13)
    at next (G:\ThreadsClone\ThreadsClone\server\node_modules\express\lib\router\route.js:145:7)
    at next (G:\ThreadsClone\ThreadsClone\server\node_modules\express\lib\router\route.js:145:7)
    at next (G:\ThreadsClone\ThreadsClone\server\node_modules\express\lib\router\route.js:145:7)
    at next (G:\ThreadsClone\ThreadsClone\server\node_modules\express\lib\router\route.js:145:7)
    at next (G:\ThreadsClone\ThreadsClone\server\node_modules\express\lib\router\route.js:145:7)
    at next (G:\ThreadsClone\ThreadsClone\server\node_modules\express\lib\router\route.js:145:7)
    at Route.dispatch (G:\ThreadsClone\ThreadsClone\server\node_modules\express\lib\router\route.js:119:3)
2025-05-10T09:29:50.904Z [ERROR]: Error: Cannot find /api/users/profile/'681c376158ac95ae022b4c4a' on this server 
Stack: Error: Cannot find /api/users/profile/'681c376158ac95ae022b4c4a' on this server
    at G:\ThreadsClone\ThreadsClone\server\src\app.ts:51:8
    at Layer.handle [as handle_request] (G:\ThreadsClone\ThreadsClone\server\node_modules\express\lib\router\layer.js:95:5)
    at next (G:\ThreadsClone\ThreadsClone\server\node_modules\express\lib\router\route.js:149:13)
    at next (G:\ThreadsClone\ThreadsClone\server\node_modules\express\lib\router\route.js:145:7)
    at next (G:\ThreadsClone\ThreadsClone\server\node_modules\express\lib\router\route.js:145:7)
    at next (G:\ThreadsClone\ThreadsClone\server\node_modules\express\lib\router\route.js:145:7)
    at next (G:\ThreadsClone\ThreadsClone\server\node_modules\express\lib\router\route.js:145:7)
    at next (G:\ThreadsClone\ThreadsClone\server\node_modules\express\lib\router\route.js:145:7)
    at next (G:\ThreadsClone\ThreadsClone\server\node_modules\express\lib\router\route.js:145:7)
    at Route.dispatch (G:\ThreadsClone\ThreadsClone\server\node_modules\express\lib\router\route.js:119:3)
2025-05-10T09:29:59.406Z [ERROR]: Error: Cannot find /api/users/profile/:'681c376158ac95ae022b4c4a' on this server 
Stack: Error: Cannot find /api/users/profile/:'681c376158ac95ae022b4c4a' on this server
    at G:\ThreadsClone\ThreadsClone\server\src\app.ts:51:8
    at Layer.handle [as handle_request] (G:\ThreadsClone\ThreadsClone\server\node_modules\express\lib\router\layer.js:95:5)
    at next (G:\ThreadsClone\ThreadsClone\server\node_modules\express\lib\router\route.js:149:13)
    at next (G:\ThreadsClone\ThreadsClone\server\node_modules\express\lib\router\route.js:145:7)
    at next (G:\ThreadsClone\ThreadsClone\server\node_modules\express\lib\router\route.js:145:7)
    at next (G:\ThreadsClone\ThreadsClone\server\node_modules\express\lib\router\route.js:145:7)
    at next (G:\ThreadsClone\ThreadsClone\server\node_modules\express\lib\router\route.js:145:7)
    at next (G:\ThreadsClone\ThreadsClone\server\node_modules\express\lib\router\route.js:145:7)
    at next (G:\ThreadsClone\ThreadsClone\server\node_modules\express\lib\router\route.js:145:7)
    at Route.dispatch (G:\ThreadsClone\ThreadsClone\server\node_modules\express\lib\router\route.js:119:3)
2025-05-10T09:33:33.129Z [ERROR]: Error: Cannot find /api/users/profile/:681c376158ac95ae022b4c4a on this server 
Stack: Error: Cannot find /api/users/profile/:681c376158ac95ae022b4c4a on this server
    at G:\ThreadsClone\ThreadsClone\server\src\app.ts:51:8
    at Layer.handle [as handle_request] (G:\ThreadsClone\ThreadsClone\server\node_modules\express\lib\router\layer.js:95:5)
    at next (G:\ThreadsClone\ThreadsClone\server\node_modules\express\lib\router\route.js:149:13)
    at next (G:\ThreadsClone\ThreadsClone\server\node_modules\express\lib\router\route.js:145:7)
    at next (G:\ThreadsClone\ThreadsClone\server\node_modules\express\lib\router\route.js:145:7)
    at next (G:\ThreadsClone\ThreadsClone\server\node_modules\express\lib\router\route.js:145:7)
    at next (G:\ThreadsClone\ThreadsClone\server\node_modules\express\lib\router\route.js:145:7)
    at next (G:\ThreadsClone\ThreadsClone\server\node_modules\express\lib\router\route.js:145:7)
    at next (G:\ThreadsClone\ThreadsClone\server\node_modules\express\lib\router\route.js:145:7)
    at Route.dispatch (G:\ThreadsClone\ThreadsClone\server\node_modules\express\lib\router\route.js:119:3)
2025-05-10T09:34:23.715Z [ERROR]: Error: Cannot find /api/users/profile/:681c376158ac95ae022b4c4a on this server 
Stack: Error: Cannot find /api/users/profile/:681c376158ac95ae022b4c4a on this server
    at G:\ThreadsClone\ThreadsClone\server\src\app.ts:51:8
    at Layer.handle [as handle_request] (G:\ThreadsClone\ThreadsClone\server\node_modules\express\lib\router\layer.js:95:5)
    at next (G:\ThreadsClone\ThreadsClone\server\node_modules\express\lib\router\route.js:149:13)
    at next (G:\ThreadsClone\ThreadsClone\server\node_modules\express\lib\router\route.js:145:7)
    at next (G:\ThreadsClone\ThreadsClone\server\node_modules\express\lib\router\route.js:145:7)
    at next (G:\ThreadsClone\ThreadsClone\server\node_modules\express\lib\router\route.js:145:7)
    at next (G:\ThreadsClone\ThreadsClone\server\node_modules\express\lib\router\route.js:145:7)
    at next (G:\ThreadsClone\ThreadsClone\server\node_modules\express\lib\router\route.js:145:7)
    at next (G:\ThreadsClone\ThreadsClone\server\node_modules\express\lib\router\route.js:145:7)
    at Route.dispatch (G:\ThreadsClone\ThreadsClone\server\node_modules\express\lib\router\route.js:119:3)
2025-05-10T09:40:53.304Z [ERROR]: Error: Cannot find /api/users/profile/?_id=681c376158ac95ae022b4c4a on this server 
Stack: Error: Cannot find /api/users/profile/?_id=681c376158ac95ae022b4c4a on this server
    at G:\ThreadsClone\ThreadsClone\server\src\app.ts:51:8
    at Layer.handle [as handle_request] (G:\ThreadsClone\ThreadsClone\server\node_modules\express\lib\router\layer.js:95:5)
    at next (G:\ThreadsClone\ThreadsClone\server\node_modules\express\lib\router\route.js:149:13)
    at next (G:\ThreadsClone\ThreadsClone\server\node_modules\express\lib\router\route.js:145:7)
    at next (G:\ThreadsClone\ThreadsClone\server\node_modules\express\lib\router\route.js:145:7)
    at next (G:\ThreadsClone\ThreadsClone\server\node_modules\express\lib\router\route.js:145:7)
    at next (G:\ThreadsClone\ThreadsClone\server\node_modules\express\lib\router\route.js:145:7)
    at next (G:\ThreadsClone\ThreadsClone\server\node_modules\express\lib\router\route.js:145:7)
    at next (G:\ThreadsClone\ThreadsClone\server\node_modules\express\lib\router\route.js:145:7)
    at Route.dispatch (G:\ThreadsClone\ThreadsClone\server\node_modules\express\lib\router\route.js:119:3)
2025-05-10T09:41:19.487Z [ERROR]: Error: Cannot find /api/users/profile/?_id=681c376158ac95ae022b4c4a on this server 
Stack: Error: Cannot find /api/users/profile/?_id=681c376158ac95ae022b4c4a on this server
    at G:\ThreadsClone\ThreadsClone\server\src\app.ts:51:8
    at Layer.handle [as handle_request] (G:\ThreadsClone\ThreadsClone\server\node_modules\express\lib\router\layer.js:95:5)
    at next (G:\ThreadsClone\ThreadsClone\server\node_modules\express\lib\router\route.js:149:13)
    at next (G:\ThreadsClone\ThreadsClone\server\node_modules\express\lib\router\route.js:145:7)
    at next (G:\ThreadsClone\ThreadsClone\server\node_modules\express\lib\router\route.js:145:7)
    at next (G:\ThreadsClone\ThreadsClone\server\node_modules\express\lib\router\route.js:145:7)
    at next (G:\ThreadsClone\ThreadsClone\server\node_modules\express\lib\router\route.js:145:7)
    at next (G:\ThreadsClone\ThreadsClone\server\node_modules\express\lib\router\route.js:145:7)
    at next (G:\ThreadsClone\ThreadsClone\server\node_modules\express\lib\router\route.js:145:7)
    at Route.dispatch (G:\ThreadsClone\ThreadsClone\server\node_modules\express\lib\router\route.js:119:3)
2025-05-10T09:44:28.133Z [ERROR]: Error: ID is invalid 
Stack: HttpError: ID is invalid
    at G:\ThreadsClone\ThreadsClone\server\src\middlewares\validation.ts:53:13
    at Layer.handle [as handle_request] (G:\ThreadsClone\ThreadsClone\server\node_modules\express\lib\router\layer.js:95:5)
    at next (G:\ThreadsClone\ThreadsClone\server\node_modules\express\lib\router\route.js:149:13)
    at authMiddleware (G:\ThreadsClone\ThreadsClone\server\src\middlewares\auth.ts:39:5)
    at processTicksAndRejections (node:internal/process/task_queues:95:5)
2025-05-10T09:44:42.054Z [ERROR]: Error: ID is invalid 
Stack: HttpError: ID is invalid
    at G:\ThreadsClone\ThreadsClone\server\src\middlewares\validation.ts:53:13
    at Layer.handle [as handle_request] (G:\ThreadsClone\ThreadsClone\server\node_modules\express\lib\router\layer.js:95:5)
    at next (G:\ThreadsClone\ThreadsClone\server\node_modules\express\lib\router\route.js:149:13)
    at authMiddleware (G:\ThreadsClone\ThreadsClone\server\src\middlewares\auth.ts:39:5)
    at processTicksAndRejections (node:internal/process/task_queues:95:5)
2025-05-10T09:45:12.359Z [ERROR]: Error: ID is invalid 
Stack: HttpError: ID is invalid
    at G:\ThreadsClone\ThreadsClone\server\src\middlewares\validation.ts:53:13
    at Layer.handle [as handle_request] (G:\ThreadsClone\ThreadsClone\server\node_modules\express\lib\router\layer.js:95:5)
    at next (G:\ThreadsClone\ThreadsClone\server\node_modules\express\lib\router\route.js:149:13)
    at authMiddleware (G:\ThreadsClone\ThreadsClone\server\src\middlewares\auth.ts:39:5)
    at processTicksAndRejections (node:internal/process/task_queues:95:5)
2025-05-10T09:46:10.535Z [ERROR]: Error: ID is invalid 
Stack: HttpError: ID is invalid
    at G:\ThreadsClone\ThreadsClone\server\src\middlewares\validation.ts:53:13
    at Layer.handle [as handle_request] (G:\ThreadsClone\ThreadsClone\server\node_modules\express\lib\router\layer.js:95:5)
    at next (G:\ThreadsClone\ThreadsClone\server\node_modules\express\lib\router\route.js:149:13)
    at authMiddleware (G:\ThreadsClone\ThreadsClone\server\src\middlewares\auth.ts:39:5)
    at processTicksAndRejections (node:internal/process/task_queues:95:5)
2025-05-10T09:46:13.303Z [ERROR]: Error: ID is invalid 
Stack: HttpError: ID is invalid
    at G:\ThreadsClone\ThreadsClone\server\src\middlewares\validation.ts:53:13
    at Layer.handle [as handle_request] (G:\ThreadsClone\ThreadsClone\server\node_modules\express\lib\router\layer.js:95:5)
    at next (G:\ThreadsClone\ThreadsClone\server\node_modules\express\lib\router\route.js:149:13)
    at authMiddleware (G:\ThreadsClone\ThreadsClone\server\src\middlewares\auth.ts:39:5)
    at processTicksAndRejections (node:internal/process/task_queues:95:5)
2025-05-10T09:46:17.772Z [ERROR]: Error: ID is invalid 
Stack: HttpError: ID is invalid
    at G:\ThreadsClone\ThreadsClone\server\src\middlewares\validation.ts:53:13
    at Layer.handle [as handle_request] (G:\ThreadsClone\ThreadsClone\server\node_modules\express\lib\router\layer.js:95:5)
    at next (G:\ThreadsClone\ThreadsClone\server\node_modules\express\lib\router\route.js:149:13)
    at authMiddleware (G:\ThreadsClone\ThreadsClone\server\src\middlewares\auth.ts:39:5)
    at processTicksAndRejections (node:internal/process/task_queues:95:5)
2025-05-10T09:46:57.334Z [ERROR]: Error: Cannot find /api/users/profile/?_id=66dfbd050bdfe18c723f1066 on this server 
Stack: Error: Cannot find /api/users/profile/?_id=66dfbd050bdfe18c723f1066 on this server
    at G:\ThreadsClone\ThreadsClone\server\src\app.ts:51:8
    at Layer.handle [as handle_request] (G:\ThreadsClone\ThreadsClone\server\node_modules\express\lib\router\layer.js:95:5)
    at next (G:\ThreadsClone\ThreadsClone\server\node_modules\express\lib\router\route.js:149:13)
    at next (G:\ThreadsClone\ThreadsClone\server\node_modules\express\lib\router\route.js:145:7)
    at next (G:\ThreadsClone\ThreadsClone\server\node_modules\express\lib\router\route.js:145:7)
    at next (G:\ThreadsClone\ThreadsClone\server\node_modules\express\lib\router\route.js:145:7)
    at next (G:\ThreadsClone\ThreadsClone\server\node_modules\express\lib\router\route.js:145:7)
    at next (G:\ThreadsClone\ThreadsClone\server\node_modules\express\lib\router\route.js:145:7)
    at next (G:\ThreadsClone\ThreadsClone\server\node_modules\express\lib\router\route.js:145:7)
    at Route.dispatch (G:\ThreadsClone\ThreadsClone\server\node_modules\express\lib\router\route.js:119:3)
2025-05-10T09:47:07.971Z [ERROR]: Error: Cannot find /api/users/profile/?_id=%2766dfbd050bdfe18c723f1066%27 on this server 
Stack: Error: Cannot find /api/users/profile/?_id=%2766dfbd050bdfe18c723f1066%27 on this server
    at G:\ThreadsClone\ThreadsClone\server\src\app.ts:51:8
    at Layer.handle [as handle_request] (G:\ThreadsClone\ThreadsClone\server\node_modules\express\lib\router\layer.js:95:5)
    at next (G:\ThreadsClone\ThreadsClone\server\node_modules\express\lib\router\route.js:149:13)
    at next (G:\ThreadsClone\ThreadsClone\server\node_modules\express\lib\router\route.js:145:7)
    at next (G:\ThreadsClone\ThreadsClone\server\node_modules\express\lib\router\route.js:145:7)
    at next (G:\ThreadsClone\ThreadsClone\server\node_modules\express\lib\router\route.js:145:7)
    at next (G:\ThreadsClone\ThreadsClone\server\node_modules\express\lib\router\route.js:145:7)
    at next (G:\ThreadsClone\ThreadsClone\server\node_modules\express\lib\router\route.js:145:7)
    at next (G:\ThreadsClone\ThreadsClone\server\node_modules\express\lib\router\route.js:145:7)
    at Route.dispatch (G:\ThreadsClone\ThreadsClone\server\node_modules\express\lib\router\route.js:119:3)
2025-05-10T09:48:03.449Z [ERROR]: Error: ID is invalid 
Stack: HttpError: ID is invalid
    at G:\ThreadsClone\ThreadsClone\server\src\middlewares\validation.ts:53:13
    at Layer.handle [as handle_request] (G:\ThreadsClone\ThreadsClone\server\node_modules\express\lib\router\layer.js:95:5)
    at next (G:\ThreadsClone\ThreadsClone\server\node_modules\express\lib\router\route.js:149:13)
    at authMiddleware (G:\ThreadsClone\ThreadsClone\server\src\middlewares\auth.ts:39:5)
    at processTicksAndRejections (node:internal/process/task_queues:95:5)
2025-05-10T09:48:34.509Z [ERROR]: Get user profile service error: User not found
2025-05-10T09:48:34.511Z [ERROR]: Get user profile error: User not found
2025-05-10T09:48:35.351Z [ERROR]: Get user profile service error: User not found
2025-05-10T09:48:35.352Z [ERROR]: Get user profile error: User not found
2025-05-10T09:48:45.083Z [ERROR]: Get user profile service error: User not found
2025-05-10T09:48:45.084Z [ERROR]: Get user profile error: User not found
2025-05-10T09:49:44.275Z [ERROR]: Get user profile service error: User not found
2025-05-10T09:49:44.279Z [ERROR]: Get user profile error: User not found
2025-05-10T09:49:47.063Z [ERROR]: Get user profile service error: User not found
2025-05-10T09:49:47.063Z [ERROR]: Get user profile error: User not found
2025-05-10T09:52:36.167Z [ERROR]: Error: ID is invalid 
Stack: HttpError: ID is invalid
    at G:\ThreadsClone\ThreadsClone\server\src\middlewares\validation.ts:53:13
    at Layer.handle [as handle_request] (G:\ThreadsClone\ThreadsClone\server\node_modules\express\lib\router\layer.js:95:5)
    at next (G:\ThreadsClone\ThreadsClone\server\node_modules\express\lib\router\route.js:149:13)
    at authMiddleware (G:\ThreadsClone\ThreadsClone\server\src\middlewares\auth.ts:39:5)
    at processTicksAndRejections (node:internal/process/task_queues:95:5)
2025-05-10T09:52:36.695Z [ERROR]: Error: ID is invalid 
Stack: HttpError: ID is invalid
    at G:\ThreadsClone\ThreadsClone\server\src\middlewares\validation.ts:53:13
    at Layer.handle [as handle_request] (G:\ThreadsClone\ThreadsClone\server\node_modules\express\lib\router\layer.js:95:5)
    at next (G:\ThreadsClone\ThreadsClone\server\node_modules\express\lib\router\route.js:149:13)
    at authMiddleware (G:\ThreadsClone\ThreadsClone\server\src\middlewares\auth.ts:39:5)
    at processTicksAndRejections (node:internal/process/task_queues:95:5)
2025-05-10T09:52:48.919Z [ERROR]: Error: ID is invalid 
Stack: HttpError: ID is invalid
    at G:\ThreadsClone\ThreadsClone\server\src\middlewares\validation.ts:53:13
    at Layer.handle [as handle_request] (G:\ThreadsClone\ThreadsClone\server\node_modules\express\lib\router\layer.js:95:5)
    at next (G:\ThreadsClone\ThreadsClone\server\node_modules\express\lib\router\route.js:149:13)
    at authMiddleware (G:\ThreadsClone\ThreadsClone\server\src\middlewares\auth.ts:39:5)
    at processTicksAndRejections (node:internal/process/task_queues:95:5)
2025-05-10T09:53:09.295Z [ERROR]: Error: ID is invalid 
Stack: HttpError: ID is invalid
    at G:\ThreadsClone\ThreadsClone\server\src\middlewares\validation.ts:53:13
    at Layer.handle [as handle_request] (G:\ThreadsClone\ThreadsClone\server\node_modules\express\lib\router\layer.js:95:5)
    at next (G:\ThreadsClone\ThreadsClone\server\node_modules\express\lib\router\route.js:149:13)
    at authMiddleware (G:\ThreadsClone\ThreadsClone\server\src\middlewares\auth.ts:39:5)
    at processTicksAndRejections (node:internal/process/task_queues:95:5)
2025-05-10T09:56:52.377Z [ERROR]: Get user profile service error: User not found
2025-05-10T09:56:52.380Z [ERROR]: Get user profile error: User not found
2025-05-10T09:56:52.987Z [ERROR]: Get user profile service error: User not found
2025-05-10T09:56:52.988Z [ERROR]: Get user profile error: User not found
2025-05-10T09:57:10.885Z [ERROR]: Get user profile service error: User not found
2025-05-10T09:57:10.888Z [ERROR]: Get user profile error: User not found
2025-05-11T07:53:01.885Z [ERROR]: Error: Cannot find /api/users/profile on this server 
Stack: Error: Cannot find /api/users/profile on this server
    at G:\ThreadsClone\ThreadsClone\server\src\app.ts:51:8
    at Layer.handle [as handle_request] (G:\ThreadsClone\ThreadsClone\server\node_modules\express\lib\router\layer.js:95:5)
    at next (G:\ThreadsClone\ThreadsClone\server\node_modules\express\lib\router\route.js:149:13)
    at next (G:\ThreadsClone\ThreadsClone\server\node_modules\express\lib\router\route.js:145:7)
    at next (G:\ThreadsClone\ThreadsClone\server\node_modules\express\lib\router\route.js:145:7)
    at next (G:\ThreadsClone\ThreadsClone\server\node_modules\express\lib\router\route.js:145:7)
    at next (G:\ThreadsClone\ThreadsClone\server\node_modules\express\lib\router\route.js:145:7)
    at next (G:\ThreadsClone\ThreadsClone\server\node_modules\express\lib\router\route.js:145:7)
    at next (G:\ThreadsClone\ThreadsClone\server\node_modules\express\lib\router\route.js:145:7)
    at Route.dispatch (G:\ThreadsClone\ThreadsClone\server\node_modules\express\lib\router\route.js:119:3)
2025-05-11T07:53:01.890Z [ERROR]: Error: Cannot find /api/users/profile on this server 
Stack: Error: Cannot find /api/users/profile on this server
    at G:\ThreadsClone\ThreadsClone\server\src\app.ts:51:8
    at Layer.handle [as handle_request] (G:\ThreadsClone\ThreadsClone\server\node_modules\express\lib\router\layer.js:95:5)
    at next (G:\ThreadsClone\ThreadsClone\server\node_modules\express\lib\router\route.js:149:13)
    at next (G:\ThreadsClone\ThreadsClone\server\node_modules\express\lib\router\route.js:145:7)
    at next (G:\ThreadsClone\ThreadsClone\server\node_modules\express\lib\router\route.js:145:7)
    at next (G:\ThreadsClone\ThreadsClone\server\node_modules\express\lib\router\route.js:145:7)
    at next (G:\ThreadsClone\ThreadsClone\server\node_modules\express\lib\router\route.js:145:7)
    at next (G:\ThreadsClone\ThreadsClone\server\node_modules\express\lib\router\route.js:145:7)
    at next (G:\ThreadsClone\ThreadsClone\server\node_modules\express\lib\router\route.js:145:7)
    at Route.dispatch (G:\ThreadsClone\ThreadsClone\server\node_modules\express\lib\router\route.js:119:3)
2025-05-11T07:53:01.893Z [ERROR]: Error: Cannot find /api/users/profile on this server 
Stack: Error: Cannot find /api/users/profile on this server
    at G:\ThreadsClone\ThreadsClone\server\src\app.ts:51:8
    at Layer.handle [as handle_request] (G:\ThreadsClone\ThreadsClone\server\node_modules\express\lib\router\layer.js:95:5)
    at next (G:\ThreadsClone\ThreadsClone\server\node_modules\express\lib\router\route.js:149:13)
    at next (G:\ThreadsClone\ThreadsClone\server\node_modules\express\lib\router\route.js:145:7)
    at next (G:\ThreadsClone\ThreadsClone\server\node_modules\express\lib\router\route.js:145:7)
    at next (G:\ThreadsClone\ThreadsClone\server\node_modules\express\lib\router\route.js:145:7)
    at next (G:\ThreadsClone\ThreadsClone\server\node_modules\express\lib\router\route.js:145:7)
    at next (G:\ThreadsClone\ThreadsClone\server\node_modules\express\lib\router\route.js:145:7)
    at next (G:\ThreadsClone\ThreadsClone\server\node_modules\express\lib\router\route.js:145:7)
    at Route.dispatch (G:\ThreadsClone\ThreadsClone\server\node_modules\express\lib\router\route.js:119:3)
2025-05-11T07:53:01.896Z [ERROR]: Error: Cannot find /api/users/profile on this server 
Stack: Error: Cannot find /api/users/profile on this server
    at G:\ThreadsClone\ThreadsClone\server\src\app.ts:51:8
    at Layer.handle [as handle_request] (G:\ThreadsClone\ThreadsClone\server\node_modules\express\lib\router\layer.js:95:5)
    at next (G:\ThreadsClone\ThreadsClone\server\node_modules\express\lib\router\route.js:149:13)
    at next (G:\ThreadsClone\ThreadsClone\server\node_modules\express\lib\router\route.js:145:7)
    at next (G:\ThreadsClone\ThreadsClone\server\node_modules\express\lib\router\route.js:145:7)
    at next (G:\ThreadsClone\ThreadsClone\server\node_modules\express\lib\router\route.js:145:7)
    at next (G:\ThreadsClone\ThreadsClone\server\node_modules\express\lib\router\route.js:145:7)
    at next (G:\ThreadsClone\ThreadsClone\server\node_modules\express\lib\router\route.js:145:7)
    at next (G:\ThreadsClone\ThreadsClone\server\node_modules\express\lib\router\route.js:145:7)
    at Route.dispatch (G:\ThreadsClone\ThreadsClone\server\node_modules\express\lib\router\route.js:119:3)
2025-05-11T07:53:43.226Z [ERROR]: Error: Cannot find /api/users/profile on this server 
Stack: Error: Cannot find /api/users/profile on this server
    at G:\ThreadsClone\ThreadsClone\server\src\app.ts:51:8
    at Layer.handle [as handle_request] (G:\ThreadsClone\ThreadsClone\server\node_modules\express\lib\router\layer.js:95:5)
    at next (G:\ThreadsClone\ThreadsClone\server\node_modules\express\lib\router\route.js:149:13)
    at next (G:\ThreadsClone\ThreadsClone\server\node_modules\express\lib\router\route.js:145:7)
    at next (G:\ThreadsClone\ThreadsClone\server\node_modules\express\lib\router\route.js:145:7)
    at next (G:\ThreadsClone\ThreadsClone\server\node_modules\express\lib\router\route.js:145:7)
    at next (G:\ThreadsClone\ThreadsClone\server\node_modules\express\lib\router\route.js:145:7)
    at next (G:\ThreadsClone\ThreadsClone\server\node_modules\express\lib\router\route.js:145:7)
    at next (G:\ThreadsClone\ThreadsClone\server\node_modules\express\lib\router\route.js:145:7)
    at Route.dispatch (G:\ThreadsClone\ThreadsClone\server\node_modules\express\lib\router\route.js:119:3)
2025-05-11T07:53:43.236Z [ERROR]: Error: Cannot find /api/users/profile on this server 
Stack: Error: Cannot find /api/users/profile on this server
    at G:\ThreadsClone\ThreadsClone\server\src\app.ts:51:8
    at Layer.handle [as handle_request] (G:\ThreadsClone\ThreadsClone\server\node_modules\express\lib\router\layer.js:95:5)
    at next (G:\ThreadsClone\ThreadsClone\server\node_modules\express\lib\router\route.js:149:13)
    at next (G:\ThreadsClone\ThreadsClone\server\node_modules\express\lib\router\route.js:145:7)
    at next (G:\ThreadsClone\ThreadsClone\server\node_modules\express\lib\router\route.js:145:7)
    at next (G:\ThreadsClone\ThreadsClone\server\node_modules\express\lib\router\route.js:145:7)
    at next (G:\ThreadsClone\ThreadsClone\server\node_modules\express\lib\router\route.js:145:7)
    at next (G:\ThreadsClone\ThreadsClone\server\node_modules\express\lib\router\route.js:145:7)
    at next (G:\ThreadsClone\ThreadsClone\server\node_modules\express\lib\router\route.js:145:7)
    at Route.dispatch (G:\ThreadsClone\ThreadsClone\server\node_modules\express\lib\router\route.js:119:3)
2025-05-11T07:53:43.243Z [ERROR]: Error: Cannot find /api/users/profile on this server 
Stack: Error: Cannot find /api/users/profile on this server
    at G:\ThreadsClone\ThreadsClone\server\src\app.ts:51:8
    at Layer.handle [as handle_request] (G:\ThreadsClone\ThreadsClone\server\node_modules\express\lib\router\layer.js:95:5)
    at next (G:\ThreadsClone\ThreadsClone\server\node_modules\express\lib\router\route.js:149:13)
    at next (G:\ThreadsClone\ThreadsClone\server\node_modules\express\lib\router\route.js:145:7)
    at next (G:\ThreadsClone\ThreadsClone\server\node_modules\express\lib\router\route.js:145:7)
    at next (G:\ThreadsClone\ThreadsClone\server\node_modules\express\lib\router\route.js:145:7)
    at next (G:\ThreadsClone\ThreadsClone\server\node_modules\express\lib\router\route.js:145:7)
    at next (G:\ThreadsClone\ThreadsClone\server\node_modules\express\lib\router\route.js:145:7)
    at next (G:\ThreadsClone\ThreadsClone\server\node_modules\express\lib\router\route.js:145:7)
    at Route.dispatch (G:\ThreadsClone\ThreadsClone\server\node_modules\express\lib\router\route.js:119:3)
2025-05-11T07:53:43.248Z [ERROR]: Error: Cannot find /api/users/profile on this server 
Stack: Error: Cannot find /api/users/profile on this server
    at G:\ThreadsClone\ThreadsClone\server\src\app.ts:51:8
    at Layer.handle [as handle_request] (G:\ThreadsClone\ThreadsClone\server\node_modules\express\lib\router\layer.js:95:5)
    at next (G:\ThreadsClone\ThreadsClone\server\node_modules\express\lib\router\route.js:149:13)
    at next (G:\ThreadsClone\ThreadsClone\server\node_modules\express\lib\router\route.js:145:7)
    at next (G:\ThreadsClone\ThreadsClone\server\node_modules\express\lib\router\route.js:145:7)
    at next (G:\ThreadsClone\ThreadsClone\server\node_modules\express\lib\router\route.js:145:7)
    at next (G:\ThreadsClone\ThreadsClone\server\node_modules\express\lib\router\route.js:145:7)
    at next (G:\ThreadsClone\ThreadsClone\server\node_modules\express\lib\router\route.js:145:7)
    at next (G:\ThreadsClone\ThreadsClone\server\node_modules\express\lib\router\route.js:145:7)
    at Route.dispatch (G:\ThreadsClone\ThreadsClone\server\node_modules\express\lib\router\route.js:119:3)
2025-05-11T07:59:02.414Z [ERROR]: Error: ID is invalid 
Stack: HttpError: ID is invalid
    at G:\ThreadsClone\ThreadsClone\server\src\middlewares\validation.ts:53:13
    at Layer.handle [as handle_request] (G:\ThreadsClone\ThreadsClone\server\node_modules\express\lib\router\layer.js:95:5)
    at next (G:\ThreadsClone\ThreadsClone\server\node_modules\express\lib\router\route.js:149:13)
    at authMiddleware (G:\ThreadsClone\ThreadsClone\server\src\middlewares\auth.ts:39:5)
    at processTicksAndRejections (node:internal/process/task_queues:95:5)
2025-05-11T07:59:02.451Z [ERROR]: Error: ID is invalid 
Stack: HttpError: ID is invalid
    at G:\ThreadsClone\ThreadsClone\server\src\middlewares\validation.ts:53:13
    at Layer.handle [as handle_request] (G:\ThreadsClone\ThreadsClone\server\node_modules\express\lib\router\layer.js:95:5)
    at next (G:\ThreadsClone\ThreadsClone\server\node_modules\express\lib\router\route.js:149:13)
    at authMiddleware (G:\ThreadsClone\ThreadsClone\server\src\middlewares\auth.ts:39:5)
    at processTicksAndRejections (node:internal/process/task_queues:95:5)
2025-05-11T08:40:44.394Z [ERROR]: Error: ID is invalid 
Stack: HttpError: ID is invalid
    at G:\ThreadsClone\ThreadsClone\server\src\middlewares\validation.ts:53:13
    at Layer.handle [as handle_request] (G:\ThreadsClone\ThreadsClone\server\node_modules\express\lib\router\layer.js:95:5)
    at next (G:\ThreadsClone\ThreadsClone\server\node_modules\express\lib\router\route.js:149:13)
    at authMiddleware (G:\ThreadsClone\ThreadsClone\server\src\middlewares\auth.ts:39:5)
    at processTicksAndRejections (node:internal/process/task_queues:95:5)
2025-05-11T08:40:44.435Z [ERROR]: Error: ID is invalid 
Stack: HttpError: ID is invalid
    at G:\ThreadsClone\ThreadsClone\server\src\middlewares\validation.ts:53:13
    at Layer.handle [as handle_request] (G:\ThreadsClone\ThreadsClone\server\node_modules\express\lib\router\layer.js:95:5)
    at next (G:\ThreadsClone\ThreadsClone\server\node_modules\express\lib\router\route.js:149:13)
    at authMiddleware (G:\ThreadsClone\ThreadsClone\server\src\middlewares\auth.ts:39:5)
    at processTicksAndRejections (node:internal/process/task_queues:95:5)
2025-05-11T08:40:48.472Z [ERROR]: Error: ID is invalid 
Stack: HttpError: ID is invalid
    at G:\ThreadsClone\ThreadsClone\server\src\middlewares\validation.ts:53:13
    at Layer.handle [as handle_request] (G:\ThreadsClone\ThreadsClone\server\node_modules\express\lib\router\layer.js:95:5)
    at next (G:\ThreadsClone\ThreadsClone\server\node_modules\express\lib\router\route.js:149:13)
    at authMiddleware (G:\ThreadsClone\ThreadsClone\server\src\middlewares\auth.ts:39:5)
    at processTicksAndRejections (node:internal/process/task_queues:95:5)
2025-05-11T08:40:48.507Z [ERROR]: Error: ID is invalid 
Stack: HttpError: ID is invalid
    at G:\ThreadsClone\ThreadsClone\server\src\middlewares\validation.ts:53:13
    at Layer.handle [as handle_request] (G:\ThreadsClone\ThreadsClone\server\node_modules\express\lib\router\layer.js:95:5)
    at next (G:\ThreadsClone\ThreadsClone\server\node_modules\express\lib\router\route.js:149:13)
    at authMiddleware (G:\ThreadsClone\ThreadsClone\server\src\middlewares\auth.ts:39:5)
    at processTicksAndRejections (node:internal/process/task_queues:95:5)
2025-05-11T08:40:48.543Z [ERROR]: Error: ID is invalid 
Stack: HttpError: ID is invalid
    at G:\ThreadsClone\ThreadsClone\server\src\middlewares\validation.ts:53:13
    at Layer.handle [as handle_request] (G:\ThreadsClone\ThreadsClone\server\node_modules\express\lib\router\layer.js:95:5)
    at next (G:\ThreadsClone\ThreadsClone\server\node_modules\express\lib\router\route.js:149:13)
    at authMiddleware (G:\ThreadsClone\ThreadsClone\server\src\middlewares\auth.ts:39:5)
    at processTicksAndRejections (node:internal/process/task_queues:95:5)
2025-05-11T08:40:48.580Z [ERROR]: Error: ID is invalid 
Stack: HttpError: ID is invalid
    at G:\ThreadsClone\ThreadsClone\server\src\middlewares\validation.ts:53:13
    at Layer.handle [as handle_request] (G:\ThreadsClone\ThreadsClone\server\node_modules\express\lib\router\layer.js:95:5)
    at next (G:\ThreadsClone\ThreadsClone\server\node_modules\express\lib\router\route.js:149:13)
    at authMiddleware (G:\ThreadsClone\ThreadsClone\server\src\middlewares\auth.ts:39:5)
    at processTicksAndRejections (node:internal/process/task_queues:95:5)
2025-05-11T08:52:34.970Z [ERROR]: Error: ID is invalid 
Stack: HttpError: ID is invalid
    at G:\ThreadsClone\ThreadsClone\server\src\middlewares\validation.ts:53:13
    at Layer.handle [as handle_request] (G:\ThreadsClone\ThreadsClone\server\node_modules\express\lib\router\layer.js:95:5)
    at next (G:\ThreadsClone\ThreadsClone\server\node_modules\express\lib\router\route.js:149:13)
    at authMiddleware (G:\ThreadsClone\ThreadsClone\server\src\middlewares\auth.ts:39:5)
    at processTicksAndRejections (node:internal/process/task_queues:95:5)
2025-05-11T08:52:35.018Z [ERROR]: Error: ID is invalid 
Stack: HttpError: ID is invalid
    at G:\ThreadsClone\ThreadsClone\server\src\middlewares\validation.ts:53:13
    at Layer.handle [as handle_request] (G:\ThreadsClone\ThreadsClone\server\node_modules\express\lib\router\layer.js:95:5)
    at next (G:\ThreadsClone\ThreadsClone\server\node_modules\express\lib\router\route.js:149:13)
    at authMiddleware (G:\ThreadsClone\ThreadsClone\server\src\middlewares\auth.ts:39:5)
    at processTicksAndRejections (node:internal/process/task_queues:95:5)
2025-05-11T08:52:35.061Z [ERROR]: Error: ID is invalid 
Stack: HttpError: ID is invalid
    at G:\ThreadsClone\ThreadsClone\server\src\middlewares\validation.ts:53:13
    at Layer.handle [as handle_request] (G:\ThreadsClone\ThreadsClone\server\node_modules\express\lib\router\layer.js:95:5)
    at next (G:\ThreadsClone\ThreadsClone\server\node_modules\express\lib\router\route.js:149:13)
    at authMiddleware (G:\ThreadsClone\ThreadsClone\server\src\middlewares\auth.ts:39:5)
    at processTicksAndRejections (node:internal/process/task_queues:95:5)
2025-05-11T08:52:35.097Z [ERROR]: Error: ID is invalid 
Stack: HttpError: ID is invalid
    at G:\ThreadsClone\ThreadsClone\server\src\middlewares\validation.ts:53:13
    at Layer.handle [as handle_request] (G:\ThreadsClone\ThreadsClone\server\node_modules\express\lib\router\layer.js:95:5)
    at next (G:\ThreadsClone\ThreadsClone\server\node_modules\express\lib\router\route.js:149:13)
    at authMiddleware (G:\ThreadsClone\ThreadsClone\server\src\middlewares\auth.ts:39:5)
    at processTicksAndRejections (node:internal/process/task_queues:95:5)
2025-05-11T08:52:37.802Z [ERROR]: Error: ID is invalid 
Stack: HttpError: ID is invalid
    at G:\ThreadsClone\ThreadsClone\server\src\middlewares\validation.ts:53:13
    at Layer.handle [as handle_request] (G:\ThreadsClone\ThreadsClone\server\node_modules\express\lib\router\layer.js:95:5)
    at next (G:\ThreadsClone\ThreadsClone\server\node_modules\express\lib\router\route.js:149:13)
    at authMiddleware (G:\ThreadsClone\ThreadsClone\server\src\middlewares\auth.ts:39:5)
    at processTicksAndRejections (node:internal/process/task_queues:95:5)
2025-05-11T08:52:37.838Z [ERROR]: Error: ID is invalid 
Stack: HttpError: ID is invalid
    at G:\ThreadsClone\ThreadsClone\server\src\middlewares\validation.ts:53:13
    at Layer.handle [as handle_request] (G:\ThreadsClone\ThreadsClone\server\node_modules\express\lib\router\layer.js:95:5)
    at next (G:\ThreadsClone\ThreadsClone\server\node_modules\express\lib\router\route.js:149:13)
    at authMiddleware (G:\ThreadsClone\ThreadsClone\server\src\middlewares\auth.ts:39:5)
    at processTicksAndRejections (node:internal/process/task_queues:95:5)
2025-05-11T08:52:37.876Z [ERROR]: Error: ID is invalid 
Stack: HttpError: ID is invalid
    at G:\ThreadsClone\ThreadsClone\server\src\middlewares\validation.ts:53:13
    at Layer.handle [as handle_request] (G:\ThreadsClone\ThreadsClone\server\node_modules\express\lib\router\layer.js:95:5)
    at next (G:\ThreadsClone\ThreadsClone\server\node_modules\express\lib\router\route.js:149:13)
    at authMiddleware (G:\ThreadsClone\ThreadsClone\server\src\middlewares\auth.ts:39:5)
    at processTicksAndRejections (node:internal/process/task_queues:95:5)
2025-05-11T08:52:37.926Z [ERROR]: Error: ID is invalid 
Stack: HttpError: ID is invalid
    at G:\ThreadsClone\ThreadsClone\server\src\middlewares\validation.ts:53:13
    at Layer.handle [as handle_request] (G:\ThreadsClone\ThreadsClone\server\node_modules\express\lib\router\layer.js:95:5)
    at next (G:\ThreadsClone\ThreadsClone\server\node_modules\express\lib\router\route.js:149:13)
    at authMiddleware (G:\ThreadsClone\ThreadsClone\server\src\middlewares\auth.ts:39:5)
    at processTicksAndRejections (node:internal/process/task_queues:95:5)
2025-05-11T08:53:48.825Z [ERROR]: Error: ID is invalid 
Stack: HttpError: ID is invalid
    at G:\ThreadsClone\ThreadsClone\server\src\middlewares\validation.ts:53:13
    at Layer.handle [as handle_request] (G:\ThreadsClone\ThreadsClone\server\node_modules\express\lib\router\layer.js:95:5)
    at next (G:\ThreadsClone\ThreadsClone\server\node_modules\express\lib\router\route.js:149:13)
    at authMiddleware (G:\ThreadsClone\ThreadsClone\server\src\middlewares\auth.ts:39:5)
    at processTicksAndRejections (node:internal/process/task_queues:95:5)
2025-05-11T08:53:48.860Z [ERROR]: Error: ID is invalid 
Stack: HttpError: ID is invalid
    at G:\ThreadsClone\ThreadsClone\server\src\middlewares\validation.ts:53:13
    at Layer.handle [as handle_request] (G:\ThreadsClone\ThreadsClone\server\node_modules\express\lib\router\layer.js:95:5)
    at next (G:\ThreadsClone\ThreadsClone\server\node_modules\express\lib\router\route.js:149:13)
    at authMiddleware (G:\ThreadsClone\ThreadsClone\server\src\middlewares\auth.ts:39:5)
    at processTicksAndRejections (node:internal/process/task_queues:95:5)
2025-05-11T08:53:48.895Z [ERROR]: Error: ID is invalid 
Stack: HttpError: ID is invalid
    at G:\ThreadsClone\ThreadsClone\server\src\middlewares\validation.ts:53:13
    at Layer.handle [as handle_request] (G:\ThreadsClone\ThreadsClone\server\node_modules\express\lib\router\layer.js:95:5)
    at next (G:\ThreadsClone\ThreadsClone\server\node_modules\express\lib\router\route.js:149:13)
    at authMiddleware (G:\ThreadsClone\ThreadsClone\server\src\middlewares\auth.ts:39:5)
    at processTicksAndRejections (node:internal/process/task_queues:95:5)
2025-05-11T08:53:48.934Z [ERROR]: Error: ID is invalid 
Stack: HttpError: ID is invalid
    at G:\ThreadsClone\ThreadsClone\server\src\middlewares\validation.ts:53:13
    at Layer.handle [as handle_request] (G:\ThreadsClone\ThreadsClone\server\node_modules\express\lib\router\layer.js:95:5)
    at next (G:\ThreadsClone\ThreadsClone\server\node_modules\express\lib\router\route.js:149:13)
    at authMiddleware (G:\ThreadsClone\ThreadsClone\server\src\middlewares\auth.ts:39:5)
    at processTicksAndRejections (node:internal/process/task_queues:95:5)
2025-05-11T08:54:08.081Z [ERROR]: Error: ID is invalid 
Stack: HttpError: ID is invalid
    at G:\ThreadsClone\ThreadsClone\server\src\middlewares\validation.ts:53:13
    at Layer.handle [as handle_request] (G:\ThreadsClone\ThreadsClone\server\node_modules\express\lib\router\layer.js:95:5)
    at next (G:\ThreadsClone\ThreadsClone\server\node_modules\express\lib\router\route.js:149:13)
    at authMiddleware (G:\ThreadsClone\ThreadsClone\server\src\middlewares\auth.ts:39:5)
    at processTicksAndRejections (node:internal/process/task_queues:95:5)
2025-05-11T08:54:08.090Z [ERROR]: Error: ID is invalid 
Stack: HttpError: ID is invalid
    at G:\ThreadsClone\ThreadsClone\server\src\middlewares\validation.ts:53:13
    at Layer.handle [as handle_request] (G:\ThreadsClone\ThreadsClone\server\node_modules\express\lib\router\layer.js:95:5)
    at next (G:\ThreadsClone\ThreadsClone\server\node_modules\express\lib\router\route.js:149:13)
    at authMiddleware (G:\ThreadsClone\ThreadsClone\server\src\middlewares\auth.ts:39:5)
    at processTicksAndRejections (node:internal/process/task_queues:95:5)
2025-05-11T08:54:08.095Z [ERROR]: Error: ID is invalid 
Stack: HttpError: ID is invalid
    at G:\ThreadsClone\ThreadsClone\server\src\middlewares\validation.ts:53:13
    at Layer.handle [as handle_request] (G:\ThreadsClone\ThreadsClone\server\node_modules\express\lib\router\layer.js:95:5)
    at next (G:\ThreadsClone\ThreadsClone\server\node_modules\express\lib\router\route.js:149:13)
    at authMiddleware (G:\ThreadsClone\ThreadsClone\server\src\middlewares\auth.ts:39:5)
    at processTicksAndRejections (node:internal/process/task_queues:95:5)
2025-05-11T08:54:08.098Z [ERROR]: Error: ID is invalid 
Stack: HttpError: ID is invalid
    at G:\ThreadsClone\ThreadsClone\server\src\middlewares\validation.ts:53:13
    at Layer.handle [as handle_request] (G:\ThreadsClone\ThreadsClone\server\node_modules\express\lib\router\layer.js:95:5)
    at next (G:\ThreadsClone\ThreadsClone\server\node_modules\express\lib\router\route.js:149:13)
    at authMiddleware (G:\ThreadsClone\ThreadsClone\server\src\middlewares\auth.ts:39:5)
    at processTicksAndRejections (node:internal/process/task_queues:95:5)
2025-05-11T08:54:32.662Z [ERROR]: Error: ID is invalid 
Stack: HttpError: ID is invalid
    at G:\ThreadsClone\ThreadsClone\server\src\middlewares\validation.ts:53:13
    at Layer.handle [as handle_request] (G:\ThreadsClone\ThreadsClone\server\node_modules\express\lib\router\layer.js:95:5)
    at next (G:\ThreadsClone\ThreadsClone\server\node_modules\express\lib\router\route.js:149:13)
    at authMiddleware (G:\ThreadsClone\ThreadsClone\server\src\middlewares\auth.ts:39:5)
    at processTicksAndRejections (node:internal/process/task_queues:95:5)
2025-05-11T08:54:32.670Z [ERROR]: Error: ID is invalid 
Stack: HttpError: ID is invalid
    at G:\ThreadsClone\ThreadsClone\server\src\middlewares\validation.ts:53:13
    at Layer.handle [as handle_request] (G:\ThreadsClone\ThreadsClone\server\node_modules\express\lib\router\layer.js:95:5)
    at next (G:\ThreadsClone\ThreadsClone\server\node_modules\express\lib\router\route.js:149:13)
    at authMiddleware (G:\ThreadsClone\ThreadsClone\server\src\middlewares\auth.ts:39:5)
    at processTicksAndRejections (node:internal/process/task_queues:95:5)
2025-05-11T08:54:32.673Z [ERROR]: Error: ID is invalid 
Stack: HttpError: ID is invalid
    at G:\ThreadsClone\ThreadsClone\server\src\middlewares\validation.ts:53:13
    at Layer.handle [as handle_request] (G:\ThreadsClone\ThreadsClone\server\node_modules\express\lib\router\layer.js:95:5)
    at next (G:\ThreadsClone\ThreadsClone\server\node_modules\express\lib\router\route.js:149:13)
    at authMiddleware (G:\ThreadsClone\ThreadsClone\server\src\middlewares\auth.ts:39:5)
    at processTicksAndRejections (node:internal/process/task_queues:95:5)
2025-05-11T08:54:32.677Z [ERROR]: Error: ID is invalid 
Stack: HttpError: ID is invalid
    at G:\ThreadsClone\ThreadsClone\server\src\middlewares\validation.ts:53:13
    at Layer.handle [as handle_request] (G:\ThreadsClone\ThreadsClone\server\node_modules\express\lib\router\layer.js:95:5)
    at next (G:\ThreadsClone\ThreadsClone\server\node_modules\express\lib\router\route.js:149:13)
    at authMiddleware (G:\ThreadsClone\ThreadsClone\server\src\middlewares\auth.ts:39:5)
    at processTicksAndRejections (node:internal/process/task_queues:95:5)
2025-05-11T08:57:13.942Z [ERROR]: Error: ID is invalid 
Stack: HttpError: ID is invalid
    at G:\ThreadsClone\ThreadsClone\server\src\middlewares\validation.ts:53:13
    at Layer.handle [as handle_request] (G:\ThreadsClone\ThreadsClone\server\node_modules\express\lib\router\layer.js:95:5)
    at next (G:\ThreadsClone\ThreadsClone\server\node_modules\express\lib\router\route.js:149:13)
    at authMiddleware (G:\ThreadsClone\ThreadsClone\server\src\middlewares\auth.ts:39:5)
    at processTicksAndRejections (node:internal/process/task_queues:95:5)
2025-05-11T08:57:13.977Z [ERROR]: Error: ID is invalid 
Stack: HttpError: ID is invalid
    at G:\ThreadsClone\ThreadsClone\server\src\middlewares\validation.ts:53:13
    at Layer.handle [as handle_request] (G:\ThreadsClone\ThreadsClone\server\node_modules\express\lib\router\layer.js:95:5)
    at next (G:\ThreadsClone\ThreadsClone\server\node_modules\express\lib\router\route.js:149:13)
    at authMiddleware (G:\ThreadsClone\ThreadsClone\server\src\middlewares\auth.ts:39:5)
    at processTicksAndRejections (node:internal/process/task_queues:95:5)
2025-05-11T08:57:14.012Z [ERROR]: Error: ID is invalid 
Stack: HttpError: ID is invalid
    at G:\ThreadsClone\ThreadsClone\server\src\middlewares\validation.ts:53:13
    at Layer.handle [as handle_request] (G:\ThreadsClone\ThreadsClone\server\node_modules\express\lib\router\layer.js:95:5)
    at next (G:\ThreadsClone\ThreadsClone\server\node_modules\express\lib\router\route.js:149:13)
    at authMiddleware (G:\ThreadsClone\ThreadsClone\server\src\middlewares\auth.ts:39:5)
    at processTicksAndRejections (node:internal/process/task_queues:95:5)
2025-05-11T08:57:14.050Z [ERROR]: Error: ID is invalid 
Stack: HttpError: ID is invalid
    at G:\ThreadsClone\ThreadsClone\server\src\middlewares\validation.ts:53:13
    at Layer.handle [as handle_request] (G:\ThreadsClone\ThreadsClone\server\node_modules\express\lib\router\layer.js:95:5)
    at next (G:\ThreadsClone\ThreadsClone\server\node_modules\express\lib\router\route.js:149:13)
    at authMiddleware (G:\ThreadsClone\ThreadsClone\server\src\middlewares\auth.ts:39:5)
    at processTicksAndRejections (node:internal/process/task_queues:95:5)
2025-05-11T09:00:32.559Z [ERROR]: Error: ID is invalid 
Stack: HttpError: ID is invalid
    at G:\ThreadsClone\ThreadsClone\server\src\middlewares\validation.ts:53:13
    at Layer.handle [as handle_request] (G:\ThreadsClone\ThreadsClone\server\node_modules\express\lib\router\layer.js:95:5)
    at next (G:\ThreadsClone\ThreadsClone\server\node_modules\express\lib\router\route.js:149:13)
    at authMiddleware (G:\ThreadsClone\ThreadsClone\server\src\middlewares\auth.ts:39:5)
    at processTicksAndRejections (node:internal/process/task_queues:95:5)
2025-05-11T09:00:32.563Z [ERROR]: Error: ID is invalid 
Stack: HttpError: ID is invalid
    at G:\ThreadsClone\ThreadsClone\server\src\middlewares\validation.ts:53:13
    at Layer.handle [as handle_request] (G:\ThreadsClone\ThreadsClone\server\node_modules\express\lib\router\layer.js:95:5)
    at next (G:\ThreadsClone\ThreadsClone\server\node_modules\express\lib\router\route.js:149:13)
    at authMiddleware (G:\ThreadsClone\ThreadsClone\server\src\middlewares\auth.ts:39:5)
    at processTicksAndRejections (node:internal/process/task_queues:95:5)
2025-05-11T09:00:32.569Z [ERROR]: Error: ID is invalid 
Stack: HttpError: ID is invalid
    at G:\ThreadsClone\ThreadsClone\server\src\middlewares\validation.ts:53:13
    at Layer.handle [as handle_request] (G:\ThreadsClone\ThreadsClone\server\node_modules\express\lib\router\layer.js:95:5)
    at next (G:\ThreadsClone\ThreadsClone\server\node_modules\express\lib\router\route.js:149:13)
    at authMiddleware (G:\ThreadsClone\ThreadsClone\server\src\middlewares\auth.ts:39:5)
    at processTicksAndRejections (node:internal/process/task_queues:95:5)
2025-05-11T09:00:32.575Z [ERROR]: Error: ID is invalid 
Stack: HttpError: ID is invalid
    at G:\ThreadsClone\ThreadsClone\server\src\middlewares\validation.ts:53:13
    at Layer.handle [as handle_request] (G:\ThreadsClone\ThreadsClone\server\node_modules\express\lib\router\layer.js:95:5)
    at next (G:\ThreadsClone\ThreadsClone\server\node_modules\express\lib\router\route.js:149:13)
    at authMiddleware (G:\ThreadsClone\ThreadsClone\server\src\middlewares\auth.ts:39:5)
    at processTicksAndRejections (node:internal/process/task_queues:95:5)
2025-05-11T09:02:49.132Z [ERROR]: Error: ID is invalid 
Stack: HttpError: ID is invalid
    at G:\ThreadsClone\ThreadsClone\server\src\middlewares\validation.ts:53:13
    at Layer.handle [as handle_request] (G:\ThreadsClone\ThreadsClone\server\node_modules\express\lib\router\layer.js:95:5)
    at next (G:\ThreadsClone\ThreadsClone\server\node_modules\express\lib\router\route.js:149:13)
    at authMiddleware (G:\ThreadsClone\ThreadsClone\server\src\middlewares\auth.ts:39:5)
    at processTicksAndRejections (node:internal/process/task_queues:95:5)
2025-05-11T09:02:49.135Z [ERROR]: Error: ID is invalid 
Stack: HttpError: ID is invalid
    at G:\ThreadsClone\ThreadsClone\server\src\middlewares\validation.ts:53:13
    at Layer.handle [as handle_request] (G:\ThreadsClone\ThreadsClone\server\node_modules\express\lib\router\layer.js:95:5)
    at next (G:\ThreadsClone\ThreadsClone\server\node_modules\express\lib\router\route.js:149:13)
    at authMiddleware (G:\ThreadsClone\ThreadsClone\server\src\middlewares\auth.ts:39:5)
    at processTicksAndRejections (node:internal/process/task_queues:95:5)
2025-05-11T09:02:49.139Z [ERROR]: Error: ID is invalid 
Stack: HttpError: ID is invalid
    at G:\ThreadsClone\ThreadsClone\server\src\middlewares\validation.ts:53:13
    at Layer.handle [as handle_request] (G:\ThreadsClone\ThreadsClone\server\node_modules\express\lib\router\layer.js:95:5)
    at next (G:\ThreadsClone\ThreadsClone\server\node_modules\express\lib\router\route.js:149:13)
    at authMiddleware (G:\ThreadsClone\ThreadsClone\server\src\middlewares\auth.ts:39:5)
    at processTicksAndRejections (node:internal/process/task_queues:95:5)
2025-05-11T09:02:49.144Z [ERROR]: Error: ID is invalid 
Stack: HttpError: ID is invalid
    at G:\ThreadsClone\ThreadsClone\server\src\middlewares\validation.ts:53:13
    at Layer.handle [as handle_request] (G:\ThreadsClone\ThreadsClone\server\node_modules\express\lib\router\layer.js:95:5)
    at next (G:\ThreadsClone\ThreadsClone\server\node_modules\express\lib\router\route.js:149:13)
    at authMiddleware (G:\ThreadsClone\ThreadsClone\server\src\middlewares\auth.ts:39:5)
    at processTicksAndRejections (node:internal/process/task_queues:95:5)
2025-05-11T09:04:02.404Z [ERROR]: Error: ID is invalid 
Stack: HttpError: ID is invalid
    at G:\ThreadsClone\ThreadsClone\server\src\middlewares\validation.ts:53:13
    at Layer.handle [as handle_request] (G:\ThreadsClone\ThreadsClone\server\node_modules\express\lib\router\layer.js:95:5)
    at next (G:\ThreadsClone\ThreadsClone\server\node_modules\express\lib\router\route.js:149:13)
    at authMiddleware (G:\ThreadsClone\ThreadsClone\server\src\middlewares\auth.ts:39:5)
    at processTicksAndRejections (node:internal/process/task_queues:95:5)
2025-05-11T09:04:02.410Z [ERROR]: Error: ID is invalid 
Stack: HttpError: ID is invalid
    at G:\ThreadsClone\ThreadsClone\server\src\middlewares\validation.ts:53:13
    at Layer.handle [as handle_request] (G:\ThreadsClone\ThreadsClone\server\node_modules\express\lib\router\layer.js:95:5)
    at next (G:\ThreadsClone\ThreadsClone\server\node_modules\express\lib\router\route.js:149:13)
    at authMiddleware (G:\ThreadsClone\ThreadsClone\server\src\middlewares\auth.ts:39:5)
    at processTicksAndRejections (node:internal/process/task_queues:95:5)
2025-05-11T09:04:02.413Z [ERROR]: Error: ID is invalid 
Stack: HttpError: ID is invalid
    at G:\ThreadsClone\ThreadsClone\server\src\middlewares\validation.ts:53:13
    at Layer.handle [as handle_request] (G:\ThreadsClone\ThreadsClone\server\node_modules\express\lib\router\layer.js:95:5)
    at next (G:\ThreadsClone\ThreadsClone\server\node_modules\express\lib\router\route.js:149:13)
    at authMiddleware (G:\ThreadsClone\ThreadsClone\server\src\middlewares\auth.ts:39:5)
    at processTicksAndRejections (node:internal/process/task_queues:95:5)
2025-05-11T09:04:02.418Z [ERROR]: Error: ID is invalid 
Stack: HttpError: ID is invalid
    at G:\ThreadsClone\ThreadsClone\server\src\middlewares\validation.ts:53:13
    at Layer.handle [as handle_request] (G:\ThreadsClone\ThreadsClone\server\node_modules\express\lib\router\layer.js:95:5)
    at next (G:\ThreadsClone\ThreadsClone\server\node_modules\express\lib\router\route.js:149:13)
    at authMiddleware (G:\ThreadsClone\ThreadsClone\server\src\middlewares\auth.ts:39:5)
    at processTicksAndRejections (node:internal/process/task_queues:95:5)
2025-05-11T09:04:05.955Z [ERROR]: Error: ID is invalid 
Stack: HttpError: ID is invalid
    at G:\ThreadsClone\ThreadsClone\server\src\middlewares\validation.ts:53:13
    at Layer.handle [as handle_request] (G:\ThreadsClone\ThreadsClone\server\node_modules\express\lib\router\layer.js:95:5)
    at next (G:\ThreadsClone\ThreadsClone\server\node_modules\express\lib\router\route.js:149:13)
    at authMiddleware (G:\ThreadsClone\ThreadsClone\server\src\middlewares\auth.ts:39:5)
    at processTicksAndRejections (node:internal/process/task_queues:95:5)
2025-05-11T09:04:05.960Z [ERROR]: Error: ID is invalid 
Stack: HttpError: ID is invalid
    at G:\ThreadsClone\ThreadsClone\server\src\middlewares\validation.ts:53:13
    at Layer.handle [as handle_request] (G:\ThreadsClone\ThreadsClone\server\node_modules\express\lib\router\layer.js:95:5)
    at next (G:\ThreadsClone\ThreadsClone\server\node_modules\express\lib\router\route.js:149:13)
    at authMiddleware (G:\ThreadsClone\ThreadsClone\server\src\middlewares\auth.ts:39:5)
    at processTicksAndRejections (node:internal/process/task_queues:95:5)
2025-05-11T09:04:05.966Z [ERROR]: Error: ID is invalid 
Stack: HttpError: ID is invalid
    at G:\ThreadsClone\ThreadsClone\server\src\middlewares\validation.ts:53:13
    at Layer.handle [as handle_request] (G:\ThreadsClone\ThreadsClone\server\node_modules\express\lib\router\layer.js:95:5)
    at next (G:\ThreadsClone\ThreadsClone\server\node_modules\express\lib\router\route.js:149:13)
    at authMiddleware (G:\ThreadsClone\ThreadsClone\server\src\middlewares\auth.ts:39:5)
    at processTicksAndRejections (node:internal/process/task_queues:95:5)
2025-05-11T09:04:05.974Z [ERROR]: Error: ID is invalid 
Stack: HttpError: ID is invalid
    at G:\ThreadsClone\ThreadsClone\server\src\middlewares\validation.ts:53:13
    at Layer.handle [as handle_request] (G:\ThreadsClone\ThreadsClone\server\node_modules\express\lib\router\layer.js:95:5)
    at next (G:\ThreadsClone\ThreadsClone\server\node_modules\express\lib\router\route.js:149:13)
    at authMiddleware (G:\ThreadsClone\ThreadsClone\server\src\middlewares\auth.ts:39:5)
    at processTicksAndRejections (node:internal/process/task_queues:95:5)
2025-05-11T09:06:04.927Z [ERROR]: Error: ID is invalid 
Stack: HttpError: ID is invalid
    at G:\ThreadsClone\ThreadsClone\server\src\middlewares\validation.ts:53:13
    at Layer.handle [as handle_request] (G:\ThreadsClone\ThreadsClone\server\node_modules\express\lib\router\layer.js:95:5)
    at next (G:\ThreadsClone\ThreadsClone\server\node_modules\express\lib\router\route.js:149:13)
    at authMiddleware (G:\ThreadsClone\ThreadsClone\server\src\middlewares\auth.ts:39:5)
    at processTicksAndRejections (node:internal/process/task_queues:95:5)
2025-05-11T09:06:04.932Z [ERROR]: Error: ID is invalid 
Stack: HttpError: ID is invalid
    at G:\ThreadsClone\ThreadsClone\server\src\middlewares\validation.ts:53:13
    at Layer.handle [as handle_request] (G:\ThreadsClone\ThreadsClone\server\node_modules\express\lib\router\layer.js:95:5)
    at next (G:\ThreadsClone\ThreadsClone\server\node_modules\express\lib\router\route.js:149:13)
    at authMiddleware (G:\ThreadsClone\ThreadsClone\server\src\middlewares\auth.ts:39:5)
    at processTicksAndRejections (node:internal/process/task_queues:95:5)
2025-05-11T09:06:04.936Z [ERROR]: Error: ID is invalid 
Stack: HttpError: ID is invalid
    at G:\ThreadsClone\ThreadsClone\server\src\middlewares\validation.ts:53:13
    at Layer.handle [as handle_request] (G:\ThreadsClone\ThreadsClone\server\node_modules\express\lib\router\layer.js:95:5)
    at next (G:\ThreadsClone\ThreadsClone\server\node_modules\express\lib\router\route.js:149:13)
    at authMiddleware (G:\ThreadsClone\ThreadsClone\server\src\middlewares\auth.ts:39:5)
    at processTicksAndRejections (node:internal/process/task_queues:95:5)
2025-05-11T09:06:04.941Z [ERROR]: Error: ID is invalid 
Stack: HttpError: ID is invalid
    at G:\ThreadsClone\ThreadsClone\server\src\middlewares\validation.ts:53:13
    at Layer.handle [as handle_request] (G:\ThreadsClone\ThreadsClone\server\node_modules\express\lib\router\layer.js:95:5)
    at next (G:\ThreadsClone\ThreadsClone\server\node_modules\express\lib\router\route.js:149:13)
    at authMiddleware (G:\ThreadsClone\ThreadsClone\server\src\middlewares\auth.ts:39:5)
    at processTicksAndRejections (node:internal/process/task_queues:95:5)
2025-05-11T09:06:56.523Z [ERROR]: Error: ID is invalid 
Stack: HttpError: ID is invalid
    at G:\ThreadsClone\ThreadsClone\server\src\middlewares\validation.ts:53:13
    at Layer.handle [as handle_request] (G:\ThreadsClone\ThreadsClone\server\node_modules\express\lib\router\layer.js:95:5)
    at next (G:\ThreadsClone\ThreadsClone\server\node_modules\express\lib\router\route.js:149:13)
    at authMiddleware (G:\ThreadsClone\ThreadsClone\server\src\middlewares\auth.ts:39:5)
    at processTicksAndRejections (node:internal/process/task_queues:95:5)
2025-05-11T09:06:56.530Z [ERROR]: Error: ID is invalid 
Stack: HttpError: ID is invalid
    at G:\ThreadsClone\ThreadsClone\server\src\middlewares\validation.ts:53:13
    at Layer.handle [as handle_request] (G:\ThreadsClone\ThreadsClone\server\node_modules\express\lib\router\layer.js:95:5)
    at next (G:\ThreadsClone\ThreadsClone\server\node_modules\express\lib\router\route.js:149:13)
    at authMiddleware (G:\ThreadsClone\ThreadsClone\server\src\middlewares\auth.ts:39:5)
    at processTicksAndRejections (node:internal/process/task_queues:95:5)
2025-05-11T09:06:56.533Z [ERROR]: Error: ID is invalid 
Stack: HttpError: ID is invalid
    at G:\ThreadsClone\ThreadsClone\server\src\middlewares\validation.ts:53:13
    at Layer.handle [as handle_request] (G:\ThreadsClone\ThreadsClone\server\node_modules\express\lib\router\layer.js:95:5)
    at next (G:\ThreadsClone\ThreadsClone\server\node_modules\express\lib\router\route.js:149:13)
    at authMiddleware (G:\ThreadsClone\ThreadsClone\server\src\middlewares\auth.ts:39:5)
    at processTicksAndRejections (node:internal/process/task_queues:95:5)
2025-05-11T09:06:56.539Z [ERROR]: Error: ID is invalid 
Stack: HttpError: ID is invalid
    at G:\ThreadsClone\ThreadsClone\server\src\middlewares\validation.ts:53:13
    at Layer.handle [as handle_request] (G:\ThreadsClone\ThreadsClone\server\node_modules\express\lib\router\layer.js:95:5)
    at next (G:\ThreadsClone\ThreadsClone\server\node_modules\express\lib\router\route.js:149:13)
    at authMiddleware (G:\ThreadsClone\ThreadsClone\server\src\middlewares\auth.ts:39:5)
    at processTicksAndRejections (node:internal/process/task_queues:95:5)
2025-05-11T09:10:18.408Z [ERROR]: Error: ID is invalid 
Stack: HttpError: ID is invalid
    at G:\ThreadsClone\ThreadsClone\server\src\middlewares\validation.ts:53:13
    at Layer.handle [as handle_request] (G:\ThreadsClone\ThreadsClone\server\node_modules\express\lib\router\layer.js:95:5)
    at next (G:\ThreadsClone\ThreadsClone\server\node_modules\express\lib\router\route.js:149:13)
    at authMiddleware (G:\ThreadsClone\ThreadsClone\server\src\middlewares\auth.ts:39:5)
    at processTicksAndRejections (node:internal/process/task_queues:95:5)
2025-05-11T09:10:22.148Z [ERROR]: Error: ID is invalid 
Stack: HttpError: ID is invalid
    at G:\ThreadsClone\ThreadsClone\server\src\middlewares\validation.ts:53:13
    at Layer.handle [as handle_request] (G:\ThreadsClone\ThreadsClone\server\node_modules\express\lib\router\layer.js:95:5)
    at next (G:\ThreadsClone\ThreadsClone\server\node_modules\express\lib\router\route.js:149:13)
    at authMiddleware (G:\ThreadsClone\ThreadsClone\server\src\middlewares\auth.ts:39:5)
    at processTicksAndRejections (node:internal/process/task_queues:95:5)
2025-05-11T09:10:22.162Z [ERROR]: Error: ID is invalid 
Stack: HttpError: ID is invalid
    at G:\ThreadsClone\ThreadsClone\server\src\middlewares\validation.ts:53:13
    at Layer.handle [as handle_request] (G:\ThreadsClone\ThreadsClone\server\node_modules\express\lib\router\layer.js:95:5)
    at next (G:\ThreadsClone\ThreadsClone\server\node_modules\express\lib\router\route.js:149:13)
    at authMiddleware (G:\ThreadsClone\ThreadsClone\server\src\middlewares\auth.ts:39:5)
    at processTicksAndRejections (node:internal/process/task_queues:95:5)
2025-05-11T09:10:22.167Z [ERROR]: Error: ID is invalid 
Stack: HttpError: ID is invalid
    at G:\ThreadsClone\ThreadsClone\server\src\middlewares\validation.ts:53:13
    at Layer.handle [as handle_request] (G:\ThreadsClone\ThreadsClone\server\node_modules\express\lib\router\layer.js:95:5)
    at next (G:\ThreadsClone\ThreadsClone\server\node_modules\express\lib\router\route.js:149:13)
    at authMiddleware (G:\ThreadsClone\ThreadsClone\server\src\middlewares\auth.ts:39:5)
    at processTicksAndRejections (node:internal/process/task_queues:95:5)
2025-05-11T09:10:22.178Z [ERROR]: Error: ID is invalid 
Stack: HttpError: ID is invalid
    at G:\ThreadsClone\ThreadsClone\server\src\middlewares\validation.ts:53:13
    at Layer.handle [as handle_request] (G:\ThreadsClone\ThreadsClone\server\node_modules\express\lib\router\layer.js:95:5)
    at next (G:\ThreadsClone\ThreadsClone\server\node_modules\express\lib\router\route.js:149:13)
    at authMiddleware (G:\ThreadsClone\ThreadsClone\server\src\middlewares\auth.ts:39:5)
    at processTicksAndRejections (node:internal/process/task_queues:95:5)
2025-05-11T09:10:25.397Z [ERROR]: Error: ID is invalid 
Stack: HttpError: ID is invalid
    at G:\ThreadsClone\ThreadsClone\server\src\middlewares\validation.ts:53:13
    at Layer.handle [as handle_request] (G:\ThreadsClone\ThreadsClone\server\node_modules\express\lib\router\layer.js:95:5)
    at next (G:\ThreadsClone\ThreadsClone\server\node_modules\express\lib\router\route.js:149:13)
    at authMiddleware (G:\ThreadsClone\ThreadsClone\server\src\middlewares\auth.ts:39:5)
    at processTicksAndRejections (node:internal/process/task_queues:95:5)
2025-05-11T09:13:14.296Z [ERROR]: Error: ID is invalid 
Stack: HttpError: ID is invalid
    at G:\ThreadsClone\ThreadsClone\server\src\middlewares\validation.ts:53:13
    at Layer.handle [as handle_request] (G:\ThreadsClone\ThreadsClone\server\node_modules\express\lib\router\layer.js:95:5)
    at next (G:\ThreadsClone\ThreadsClone\server\node_modules\express\lib\router\route.js:149:13)
    at authMiddleware (G:\ThreadsClone\ThreadsClone\server\src\middlewares\auth.ts:39:5)
    at processTicksAndRejections (node:internal/process/task_queues:95:5)
2025-05-11T09:13:14.300Z [ERROR]: Error: ID is invalid 
Stack: HttpError: ID is invalid
    at G:\ThreadsClone\ThreadsClone\server\src\middlewares\validation.ts:53:13
    at Layer.handle [as handle_request] (G:\ThreadsClone\ThreadsClone\server\node_modules\express\lib\router\layer.js:95:5)
    at next (G:\ThreadsClone\ThreadsClone\server\node_modules\express\lib\router\route.js:149:13)
    at authMiddleware (G:\ThreadsClone\ThreadsClone\server\src\middlewares\auth.ts:39:5)
    at processTicksAndRejections (node:internal/process/task_queues:95:5)
2025-05-11T09:13:14.304Z [ERROR]: Error: ID is invalid 
Stack: HttpError: ID is invalid
    at G:\ThreadsClone\ThreadsClone\server\src\middlewares\validation.ts:53:13
    at Layer.handle [as handle_request] (G:\ThreadsClone\ThreadsClone\server\node_modules\express\lib\router\layer.js:95:5)
    at next (G:\ThreadsClone\ThreadsClone\server\node_modules\express\lib\router\route.js:149:13)
    at authMiddleware (G:\ThreadsClone\ThreadsClone\server\src\middlewares\auth.ts:39:5)
    at processTicksAndRejections (node:internal/process/task_queues:95:5)
2025-05-11T09:13:14.313Z [ERROR]: Error: ID is invalid 
Stack: HttpError: ID is invalid
    at G:\ThreadsClone\ThreadsClone\server\src\middlewares\validation.ts:53:13
    at Layer.handle [as handle_request] (G:\ThreadsClone\ThreadsClone\server\node_modules\express\lib\router\layer.js:95:5)
    at next (G:\ThreadsClone\ThreadsClone\server\node_modules\express\lib\router\route.js:149:13)
    at authMiddleware (G:\ThreadsClone\ThreadsClone\server\src\middlewares\auth.ts:39:5)
    at processTicksAndRejections (node:internal/process/task_queues:95:5)
2025-05-11T09:13:57.197Z [ERROR]: Error: ID is invalid 
Stack: HttpError: ID is invalid
    at G:\ThreadsClone\ThreadsClone\server\src\middlewares\validation.ts:53:13
    at Layer.handle [as handle_request] (G:\ThreadsClone\ThreadsClone\server\node_modules\express\lib\router\layer.js:95:5)
    at next (G:\ThreadsClone\ThreadsClone\server\node_modules\express\lib\router\route.js:149:13)
    at authMiddleware (G:\ThreadsClone\ThreadsClone\server\src\middlewares\auth.ts:39:5)
    at processTicksAndRejections (node:internal/process/task_queues:95:5)
2025-05-11T09:13:57.200Z [ERROR]: Error: ID is invalid 
Stack: HttpError: ID is invalid
    at G:\ThreadsClone\ThreadsClone\server\src\middlewares\validation.ts:53:13
    at Layer.handle [as handle_request] (G:\ThreadsClone\ThreadsClone\server\node_modules\express\lib\router\layer.js:95:5)
    at next (G:\ThreadsClone\ThreadsClone\server\node_modules\express\lib\router\route.js:149:13)
    at authMiddleware (G:\ThreadsClone\ThreadsClone\server\src\middlewares\auth.ts:39:5)
    at processTicksAndRejections (node:internal/process/task_queues:95:5)
2025-05-11T09:13:57.202Z [ERROR]: Error: ID is invalid 
Stack: HttpError: ID is invalid
    at G:\ThreadsClone\ThreadsClone\server\src\middlewares\validation.ts:53:13
    at Layer.handle [as handle_request] (G:\ThreadsClone\ThreadsClone\server\node_modules\express\lib\router\layer.js:95:5)
    at next (G:\ThreadsClone\ThreadsClone\server\node_modules\express\lib\router\route.js:149:13)
    at authMiddleware (G:\ThreadsClone\ThreadsClone\server\src\middlewares\auth.ts:39:5)
    at processTicksAndRejections (node:internal/process/task_queues:95:5)
2025-05-11T09:13:57.206Z [ERROR]: Error: ID is invalid 
Stack: HttpError: ID is invalid
    at G:\ThreadsClone\ThreadsClone\server\src\middlewares\validation.ts:53:13
    at Layer.handle [as handle_request] (G:\ThreadsClone\ThreadsClone\server\node_modules\express\lib\router\layer.js:95:5)
    at next (G:\ThreadsClone\ThreadsClone\server\node_modules\express\lib\router\route.js:149:13)
    at authMiddleware (G:\ThreadsClone\ThreadsClone\server\src\middlewares\auth.ts:39:5)
    at processTicksAndRejections (node:internal/process/task_queues:95:5)
2025-05-11T09:14:54.674Z [ERROR]: Error: ID is invalid 
Stack: HttpError: ID is invalid
    at G:\ThreadsClone\ThreadsClone\server\src\middlewares\validation.ts:53:13
    at Layer.handle [as handle_request] (G:\ThreadsClone\ThreadsClone\server\node_modules\express\lib\router\layer.js:95:5)
    at next (G:\ThreadsClone\ThreadsClone\server\node_modules\express\lib\router\route.js:149:13)
    at authMiddleware (G:\ThreadsClone\ThreadsClone\server\src\middlewares\auth.ts:39:5)
    at processTicksAndRejections (node:internal/process/task_queues:95:5)
2025-05-11T09:14:54.678Z [ERROR]: Error: ID is invalid 
Stack: HttpError: ID is invalid
    at G:\ThreadsClone\ThreadsClone\server\src\middlewares\validation.ts:53:13
    at Layer.handle [as handle_request] (G:\ThreadsClone\ThreadsClone\server\node_modules\express\lib\router\layer.js:95:5)
    at next (G:\ThreadsClone\ThreadsClone\server\node_modules\express\lib\router\route.js:149:13)
    at authMiddleware (G:\ThreadsClone\ThreadsClone\server\src\middlewares\auth.ts:39:5)
    at processTicksAndRejections (node:internal/process/task_queues:95:5)
2025-05-11T09:14:54.681Z [ERROR]: Error: ID is invalid 
Stack: HttpError: ID is invalid
    at G:\ThreadsClone\ThreadsClone\server\src\middlewares\validation.ts:53:13
    at Layer.handle [as handle_request] (G:\ThreadsClone\ThreadsClone\server\node_modules\express\lib\router\layer.js:95:5)
    at next (G:\ThreadsClone\ThreadsClone\server\node_modules\express\lib\router\route.js:149:13)
    at authMiddleware (G:\ThreadsClone\ThreadsClone\server\src\middlewares\auth.ts:39:5)
    at processTicksAndRejections (node:internal/process/task_queues:95:5)
2025-05-11T09:14:54.686Z [ERROR]: Error: ID is invalid 
Stack: HttpError: ID is invalid
    at G:\ThreadsClone\ThreadsClone\server\src\middlewares\validation.ts:53:13
    at Layer.handle [as handle_request] (G:\ThreadsClone\ThreadsClone\server\node_modules\express\lib\router\layer.js:95:5)
    at next (G:\ThreadsClone\ThreadsClone\server\node_modules\express\lib\router\route.js:149:13)
    at authMiddleware (G:\ThreadsClone\ThreadsClone\server\src\middlewares\auth.ts:39:5)
    at processTicksAndRejections (node:internal/process/task_queues:95:5)
2025-05-11T09:15:24.889Z [ERROR]: Error: ID is invalid 
Stack: HttpError: ID is invalid
    at G:\ThreadsClone\ThreadsClone\server\src\middlewares\validation.ts:53:13
    at Layer.handle [as handle_request] (G:\ThreadsClone\ThreadsClone\server\node_modules\express\lib\router\layer.js:95:5)
    at next (G:\ThreadsClone\ThreadsClone\server\node_modules\express\lib\router\route.js:149:13)
    at authMiddleware (G:\ThreadsClone\ThreadsClone\server\src\middlewares\auth.ts:39:5)
    at processTicksAndRejections (node:internal/process/task_queues:95:5)
2025-05-11T09:15:24.892Z [ERROR]: Error: ID is invalid 
Stack: HttpError: ID is invalid
    at G:\ThreadsClone\ThreadsClone\server\src\middlewares\validation.ts:53:13
    at Layer.handle [as handle_request] (G:\ThreadsClone\ThreadsClone\server\node_modules\express\lib\router\layer.js:95:5)
    at next (G:\ThreadsClone\ThreadsClone\server\node_modules\express\lib\router\route.js:149:13)
    at authMiddleware (G:\ThreadsClone\ThreadsClone\server\src\middlewares\auth.ts:39:5)
    at processTicksAndRejections (node:internal/process/task_queues:95:5)
2025-05-11T09:15:24.895Z [ERROR]: Error: ID is invalid 
Stack: HttpError: ID is invalid
    at G:\ThreadsClone\ThreadsClone\server\src\middlewares\validation.ts:53:13
    at Layer.handle [as handle_request] (G:\ThreadsClone\ThreadsClone\server\node_modules\express\lib\router\layer.js:95:5)
    at next (G:\ThreadsClone\ThreadsClone\server\node_modules\express\lib\router\route.js:149:13)
    at authMiddleware (G:\ThreadsClone\ThreadsClone\server\src\middlewares\auth.ts:39:5)
    at processTicksAndRejections (node:internal/process/task_queues:95:5)
2025-05-11T09:15:24.903Z [ERROR]: Error: ID is invalid 
Stack: HttpError: ID is invalid
    at G:\ThreadsClone\ThreadsClone\server\src\middlewares\validation.ts:53:13
    at Layer.handle [as handle_request] (G:\ThreadsClone\ThreadsClone\server\node_modules\express\lib\router\layer.js:95:5)
    at next (G:\ThreadsClone\ThreadsClone\server\node_modules\express\lib\router\route.js:149:13)
    at authMiddleware (G:\ThreadsClone\ThreadsClone\server\src\middlewares\auth.ts:39:5)
    at processTicksAndRejections (node:internal/process/task_queues:95:5)
2025-05-11T09:15:48.699Z [ERROR]: Error: ID is invalid 
Stack: HttpError: ID is invalid
    at G:\ThreadsClone\ThreadsClone\server\src\middlewares\validation.ts:53:13
    at Layer.handle [as handle_request] (G:\ThreadsClone\ThreadsClone\server\node_modules\express\lib\router\layer.js:95:5)
    at next (G:\ThreadsClone\ThreadsClone\server\node_modules\express\lib\router\route.js:149:13)
    at authMiddleware (G:\ThreadsClone\ThreadsClone\server\src\middlewares\auth.ts:39:5)
    at processTicksAndRejections (node:internal/process/task_queues:95:5)
2025-05-11T09:15:48.706Z [ERROR]: Error: ID is invalid 
Stack: HttpError: ID is invalid
    at G:\ThreadsClone\ThreadsClone\server\src\middlewares\validation.ts:53:13
    at Layer.handle [as handle_request] (G:\ThreadsClone\ThreadsClone\server\node_modules\express\lib\router\layer.js:95:5)
    at next (G:\ThreadsClone\ThreadsClone\server\node_modules\express\lib\router\route.js:149:13)
    at authMiddleware (G:\ThreadsClone\ThreadsClone\server\src\middlewares\auth.ts:39:5)
    at processTicksAndRejections (node:internal/process/task_queues:95:5)
2025-05-11T09:15:48.710Z [ERROR]: Error: ID is invalid 
Stack: HttpError: ID is invalid
    at G:\ThreadsClone\ThreadsClone\server\src\middlewares\validation.ts:53:13
    at Layer.handle [as handle_request] (G:\ThreadsClone\ThreadsClone\server\node_modules\express\lib\router\layer.js:95:5)
    at next (G:\ThreadsClone\ThreadsClone\server\node_modules\express\lib\router\route.js:149:13)
    at authMiddleware (G:\ThreadsClone\ThreadsClone\server\src\middlewares\auth.ts:39:5)
    at processTicksAndRejections (node:internal/process/task_queues:95:5)
2025-05-11T09:15:48.719Z [ERROR]: Error: ID is invalid 
Stack: HttpError: ID is invalid
    at G:\ThreadsClone\ThreadsClone\server\src\middlewares\validation.ts:53:13
    at Layer.handle [as handle_request] (G:\ThreadsClone\ThreadsClone\server\node_modules\express\lib\router\layer.js:95:5)
    at next (G:\ThreadsClone\ThreadsClone\server\node_modules\express\lib\router\route.js:149:13)
    at authMiddleware (G:\ThreadsClone\ThreadsClone\server\src\middlewares\auth.ts:39:5)
    at processTicksAndRejections (node:internal/process/task_queues:95:5)
2025-05-11T09:16:53.397Z [ERROR]: Error: ID is invalid 
Stack: HttpError: ID is invalid
    at G:\ThreadsClone\ThreadsClone\server\src\middlewares\validation.ts:53:13
    at Layer.handle [as handle_request] (G:\ThreadsClone\ThreadsClone\server\node_modules\express\lib\router\layer.js:95:5)
    at next (G:\ThreadsClone\ThreadsClone\server\node_modules\express\lib\router\route.js:149:13)
    at authMiddleware (G:\ThreadsClone\ThreadsClone\server\src\middlewares\auth.ts:39:5)
    at processTicksAndRejections (node:internal/process/task_queues:95:5)
2025-05-11T09:17:06.390Z [ERROR]: Error: ID is invalid 
Stack: HttpError: ID is invalid
    at G:\ThreadsClone\ThreadsClone\server\src\middlewares\validation.ts:53:13
    at Layer.handle [as handle_request] (G:\ThreadsClone\ThreadsClone\server\node_modules\express\lib\router\layer.js:95:5)
    at next (G:\ThreadsClone\ThreadsClone\server\node_modules\express\lib\router\route.js:149:13)
    at authMiddleware (G:\ThreadsClone\ThreadsClone\server\src\middlewares\auth.ts:39:5)
    at processTicksAndRejections (node:internal/process/task_queues:95:5)
2025-05-11T09:17:06.392Z [ERROR]: Error: ID is invalid 
Stack: HttpError: ID is invalid
    at G:\ThreadsClone\ThreadsClone\server\src\middlewares\validation.ts:53:13
    at Layer.handle [as handle_request] (G:\ThreadsClone\ThreadsClone\server\node_modules\express\lib\router\layer.js:95:5)
    at next (G:\ThreadsClone\ThreadsClone\server\node_modules\express\lib\router\route.js:149:13)
    at authMiddleware (G:\ThreadsClone\ThreadsClone\server\src\middlewares\auth.ts:39:5)
    at processTicksAndRejections (node:internal/process/task_queues:95:5)
2025-05-11T09:17:56.073Z [ERROR]: Error: ID is invalid 
Stack: HttpError: ID is invalid
    at G:\ThreadsClone\ThreadsClone\server\src\middlewares\validation.ts:53:13
    at Layer.handle [as handle_request] (G:\ThreadsClone\ThreadsClone\server\node_modules\express\lib\router\layer.js:95:5)
    at next (G:\ThreadsClone\ThreadsClone\server\node_modules\express\lib\router\route.js:149:13)
    at authMiddleware (G:\ThreadsClone\ThreadsClone\server\src\middlewares\auth.ts:39:5)
    at processTicksAndRejections (node:internal/process/task_queues:95:5)
2025-05-11T09:17:56.076Z [ERROR]: Error: ID is invalid 
Stack: HttpError: ID is invalid
    at G:\ThreadsClone\ThreadsClone\server\src\middlewares\validation.ts:53:13
    at Layer.handle [as handle_request] (G:\ThreadsClone\ThreadsClone\server\node_modules\express\lib\router\layer.js:95:5)
    at next (G:\ThreadsClone\ThreadsClone\server\node_modules\express\lib\router\route.js:149:13)
    at authMiddleware (G:\ThreadsClone\ThreadsClone\server\src\middlewares\auth.ts:39:5)
    at processTicksAndRejections (node:internal/process/task_queues:95:5)
2025-05-11T09:18:11.285Z [ERROR]: Error: ID is invalid 
Stack: HttpError: ID is invalid
    at G:\ThreadsClone\ThreadsClone\server\src\middlewares\validation.ts:53:13
    at Layer.handle [as handle_request] (G:\ThreadsClone\ThreadsClone\server\node_modules\express\lib\router\layer.js:95:5)
    at next (G:\ThreadsClone\ThreadsClone\server\node_modules\express\lib\router\route.js:149:13)
    at authMiddleware (G:\ThreadsClone\ThreadsClone\server\src\middlewares\auth.ts:39:5)
    at processTicksAndRejections (node:internal/process/task_queues:95:5)
2025-05-11T09:18:11.289Z [ERROR]: Error: ID is invalid 
Stack: HttpError: ID is invalid
    at G:\ThreadsClone\ThreadsClone\server\src\middlewares\validation.ts:53:13
    at Layer.handle [as handle_request] (G:\ThreadsClone\ThreadsClone\server\node_modules\express\lib\router\layer.js:95:5)
    at next (G:\ThreadsClone\ThreadsClone\server\node_modules\express\lib\router\route.js:149:13)
    at authMiddleware (G:\ThreadsClone\ThreadsClone\server\src\middlewares\auth.ts:39:5)
    at processTicksAndRejections (node:internal/process/task_queues:95:5)
2025-05-11T09:18:47.903Z [ERROR]: Error: ID is invalid 
Stack: HttpError: ID is invalid
    at G:\ThreadsClone\ThreadsClone\server\src\middlewares\validation.ts:53:13
    at Layer.handle [as handle_request] (G:\ThreadsClone\ThreadsClone\server\node_modules\express\lib\router\layer.js:95:5)
    at next (G:\ThreadsClone\ThreadsClone\server\node_modules\express\lib\router\route.js:149:13)
    at authMiddleware (G:\ThreadsClone\ThreadsClone\server\src\middlewares\auth.ts:39:5)
    at processTicksAndRejections (node:internal/process/task_queues:95:5)
2025-05-11T09:18:47.906Z [ERROR]: Error: ID is invalid 
Stack: HttpError: ID is invalid
    at G:\ThreadsClone\ThreadsClone\server\src\middlewares\validation.ts:53:13
    at Layer.handle [as handle_request] (G:\ThreadsClone\ThreadsClone\server\node_modules\express\lib\router\layer.js:95:5)
    at next (G:\ThreadsClone\ThreadsClone\server\node_modules\express\lib\router\route.js:149:13)
    at authMiddleware (G:\ThreadsClone\ThreadsClone\server\src\middlewares\auth.ts:39:5)
    at processTicksAndRejections (node:internal/process/task_queues:95:5)
2025-05-11T09:21:46.260Z [ERROR]: Error: ID is invalid 
Stack: HttpError: ID is invalid
    at G:\ThreadsClone\ThreadsClone\server\src\middlewares\validation.ts:53:13
    at Layer.handle [as handle_request] (G:\ThreadsClone\ThreadsClone\server\node_modules\express\lib\router\layer.js:95:5)
    at next (G:\ThreadsClone\ThreadsClone\server\node_modules\express\lib\router\route.js:149:13)
    at authMiddleware (G:\ThreadsClone\ThreadsClone\server\src\middlewares\auth.ts:39:5)
    at processTicksAndRejections (node:internal/process/task_queues:95:5)
2025-05-11T09:21:46.263Z [ERROR]: Error: ID is invalid 
Stack: HttpError: ID is invalid
    at G:\ThreadsClone\ThreadsClone\server\src\middlewares\validation.ts:53:13
    at Layer.handle [as handle_request] (G:\ThreadsClone\ThreadsClone\server\node_modules\express\lib\router\layer.js:95:5)
    at next (G:\ThreadsClone\ThreadsClone\server\node_modules\express\lib\router\route.js:149:13)
    at authMiddleware (G:\ThreadsClone\ThreadsClone\server\src\middlewares\auth.ts:39:5)
    at processTicksAndRejections (node:internal/process/task_queues:95:5)
2025-05-11T09:21:49.312Z [ERROR]: Error: ID is invalid 
Stack: HttpError: ID is invalid
    at G:\ThreadsClone\ThreadsClone\server\src\middlewares\validation.ts:53:13
    at Layer.handle [as handle_request] (G:\ThreadsClone\ThreadsClone\server\node_modules\express\lib\router\layer.js:95:5)
    at next (G:\ThreadsClone\ThreadsClone\server\node_modules\express\lib\router\route.js:149:13)
    at authMiddleware (G:\ThreadsClone\ThreadsClone\server\src\middlewares\auth.ts:39:5)
    at processTicksAndRejections (node:internal/process/task_queues:95:5)
2025-05-11T09:21:49.318Z [ERROR]: Error: ID is invalid 
Stack: HttpError: ID is invalid
    at G:\ThreadsClone\ThreadsClone\server\src\middlewares\validation.ts:53:13
    at Layer.handle [as handle_request] (G:\ThreadsClone\ThreadsClone\server\node_modules\express\lib\router\layer.js:95:5)
    at next (G:\ThreadsClone\ThreadsClone\server\node_modules\express\lib\router\route.js:149:13)
    at authMiddleware (G:\ThreadsClone\ThreadsClone\server\src\middlewares\auth.ts:39:5)
    at processTicksAndRejections (node:internal/process/task_queues:95:5)
2025-05-11T09:22:22.235Z [ERROR]: Error: ID is invalid 
Stack: HttpError: ID is invalid
    at G:\ThreadsClone\ThreadsClone\server\src\middlewares\validation.ts:53:13
    at Layer.handle [as handle_request] (G:\ThreadsClone\ThreadsClone\server\node_modules\express\lib\router\layer.js:95:5)
    at next (G:\ThreadsClone\ThreadsClone\server\node_modules\express\lib\router\route.js:149:13)
    at authMiddleware (G:\ThreadsClone\ThreadsClone\server\src\middlewares\auth.ts:39:5)
    at processTicksAndRejections (node:internal/process/task_queues:95:5)
2025-05-11T09:22:22.250Z [ERROR]: Error: ID is invalid 
Stack: HttpError: ID is invalid
    at G:\ThreadsClone\ThreadsClone\server\src\middlewares\validation.ts:53:13
    at Layer.handle [as handle_request] (G:\ThreadsClone\ThreadsClone\server\node_modules\express\lib\router\layer.js:95:5)
    at next (G:\ThreadsClone\ThreadsClone\server\node_modules\express\lib\router\route.js:149:13)
    at authMiddleware (G:\ThreadsClone\ThreadsClone\server\src\middlewares\auth.ts:39:5)
    at processTicksAndRejections (node:internal/process/task_queues:95:5)
2025-05-11T09:22:27.237Z [ERROR]: Error: ID is invalid 
Stack: HttpError: ID is invalid
    at G:\ThreadsClone\ThreadsClone\server\src\middlewares\validation.ts:53:13
    at Layer.handle [as handle_request] (G:\ThreadsClone\ThreadsClone\server\node_modules\express\lib\router\layer.js:95:5)
    at next (G:\ThreadsClone\ThreadsClone\server\node_modules\express\lib\router\route.js:149:13)
    at authMiddleware (G:\ThreadsClone\ThreadsClone\server\src\middlewares\auth.ts:39:5)
    at processTicksAndRejections (node:internal/process/task_queues:95:5)
2025-05-11T09:22:27.239Z [ERROR]: Error: ID is invalid 
Stack: HttpError: ID is invalid
    at G:\ThreadsClone\ThreadsClone\server\src\middlewares\validation.ts:53:13
    at Layer.handle [as handle_request] (G:\ThreadsClone\ThreadsClone\server\node_modules\express\lib\router\layer.js:95:5)
    at next (G:\ThreadsClone\ThreadsClone\server\node_modules\express\lib\router\route.js:149:13)
    at authMiddleware (G:\ThreadsClone\ThreadsClone\server\src\middlewares\auth.ts:39:5)
    at processTicksAndRejections (node:internal/process/task_queues:95:5)
2025-05-11T09:22:41.616Z [ERROR]: Error: ID is invalid 
Stack: HttpError: ID is invalid
    at G:\ThreadsClone\ThreadsClone\server\src\middlewares\validation.ts:53:13
    at Layer.handle [as handle_request] (G:\ThreadsClone\ThreadsClone\server\node_modules\express\lib\router\layer.js:95:5)
    at next (G:\ThreadsClone\ThreadsClone\server\node_modules\express\lib\router\route.js:149:13)
    at authMiddleware (G:\ThreadsClone\ThreadsClone\server\src\middlewares\auth.ts:39:5)
    at processTicksAndRejections (node:internal/process/task_queues:95:5)
2025-05-11T09:22:41.622Z [ERROR]: Error: ID is invalid 
Stack: HttpError: ID is invalid
    at G:\ThreadsClone\ThreadsClone\server\src\middlewares\validation.ts:53:13
    at Layer.handle [as handle_request] (G:\ThreadsClone\ThreadsClone\server\node_modules\express\lib\router\layer.js:95:5)
    at next (G:\ThreadsClone\ThreadsClone\server\node_modules\express\lib\router\route.js:149:13)
    at authMiddleware (G:\ThreadsClone\ThreadsClone\server\src\middlewares\auth.ts:39:5)
    at processTicksAndRejections (node:internal/process/task_queues:95:5)
2025-05-11T09:23:33.091Z [ERROR]: Error: ID is invalid 
Stack: HttpError: ID is invalid
    at G:\ThreadsClone\ThreadsClone\server\src\middlewares\validation.ts:53:13
    at Layer.handle [as handle_request] (G:\ThreadsClone\ThreadsClone\server\node_modules\express\lib\router\layer.js:95:5)
    at next (G:\ThreadsClone\ThreadsClone\server\node_modules\express\lib\router\route.js:149:13)
    at authMiddleware (G:\ThreadsClone\ThreadsClone\server\src\middlewares\auth.ts:39:5)
    at processTicksAndRejections (node:internal/process/task_queues:95:5)
2025-05-11T09:23:33.096Z [ERROR]: Error: ID is invalid 
Stack: HttpError: ID is invalid
    at G:\ThreadsClone\ThreadsClone\server\src\middlewares\validation.ts:53:13
    at Layer.handle [as handle_request] (G:\ThreadsClone\ThreadsClone\server\node_modules\express\lib\router\layer.js:95:5)
    at next (G:\ThreadsClone\ThreadsClone\server\node_modules\express\lib\router\route.js:149:13)
    at authMiddleware (G:\ThreadsClone\ThreadsClone\server\src\middlewares\auth.ts:39:5)
    at processTicksAndRejections (node:internal/process/task_queues:95:5)
2025-05-11T09:27:48.935Z [ERROR]: Error: ID is invalid 
Stack: HttpError: ID is invalid
    at G:\ThreadsClone\ThreadsClone\server\src\middlewares\validation.ts:53:13
    at Layer.handle [as handle_request] (G:\ThreadsClone\ThreadsClone\server\node_modules\express\lib\router\layer.js:95:5)
    at next (G:\ThreadsClone\ThreadsClone\server\node_modules\express\lib\router\route.js:149:13)
    at authMiddleware (G:\ThreadsClone\ThreadsClone\server\src\middlewares\auth.ts:39:5)
    at processTicksAndRejections (node:internal/process/task_queues:95:5)
2025-05-11T09:27:48.973Z [ERROR]: Error: ID is invalid 
Stack: HttpError: ID is invalid
    at G:\ThreadsClone\ThreadsClone\server\src\middlewares\validation.ts:53:13
    at Layer.handle [as handle_request] (G:\ThreadsClone\ThreadsClone\server\node_modules\express\lib\router\layer.js:95:5)
    at next (G:\ThreadsClone\ThreadsClone\server\node_modules\express\lib\router\route.js:149:13)
    at authMiddleware (G:\ThreadsClone\ThreadsClone\server\src\middlewares\auth.ts:39:5)
    at processTicksAndRejections (node:internal/process/task_queues:95:5)
2025-05-11T09:28:36.403Z [ERROR]: Error: ID is invalid 
Stack: HttpError: ID is invalid
    at G:\ThreadsClone\ThreadsClone\server\src\middlewares\validation.ts:53:13
    at Layer.handle [as handle_request] (G:\ThreadsClone\ThreadsClone\server\node_modules\express\lib\router\layer.js:95:5)
    at next (G:\ThreadsClone\ThreadsClone\server\node_modules\express\lib\router\route.js:149:13)
    at authMiddleware (G:\ThreadsClone\ThreadsClone\server\src\middlewares\auth.ts:39:5)
    at processTicksAndRejections (node:internal/process/task_queues:95:5)
2025-05-11T09:28:36.439Z [ERROR]: Error: ID is invalid 
Stack: HttpError: ID is invalid
    at G:\ThreadsClone\ThreadsClone\server\src\middlewares\validation.ts:53:13
    at Layer.handle [as handle_request] (G:\ThreadsClone\ThreadsClone\server\node_modules\express\lib\router\layer.js:95:5)
    at next (G:\ThreadsClone\ThreadsClone\server\node_modules\express\lib\router\route.js:149:13)
    at authMiddleware (G:\ThreadsClone\ThreadsClone\server\src\middlewares\auth.ts:39:5)
    at processTicksAndRejections (node:internal/process/task_queues:95:5)
2025-05-11T09:29:33.622Z [ERROR]: Error: ID is invalid 
Stack: HttpError: ID is invalid
    at G:\ThreadsClone\ThreadsClone\server\src\middlewares\validation.ts:53:13
    at Layer.handle [as handle_request] (G:\ThreadsClone\ThreadsClone\server\node_modules\express\lib\router\layer.js:95:5)
    at next (G:\ThreadsClone\ThreadsClone\server\node_modules\express\lib\router\route.js:149:13)
    at authMiddleware (G:\ThreadsClone\ThreadsClone\server\src\middlewares\auth.ts:39:5)
    at processTicksAndRejections (node:internal/process/task_queues:95:5)
2025-05-11T09:29:33.661Z [ERROR]: Error: ID is invalid 
Stack: HttpError: ID is invalid
    at G:\ThreadsClone\ThreadsClone\server\src\middlewares\validation.ts:53:13
    at Layer.handle [as handle_request] (G:\ThreadsClone\ThreadsClone\server\node_modules\express\lib\router\layer.js:95:5)
    at next (G:\ThreadsClone\ThreadsClone\server\node_modules\express\lib\router\route.js:149:13)
    at authMiddleware (G:\ThreadsClone\ThreadsClone\server\src\middlewares\auth.ts:39:5)
    at processTicksAndRejections (node:internal/process/task_queues:95:5)
2025-05-11T09:29:43.151Z [ERROR]: Error: ID is invalid 
Stack: HttpError: ID is invalid
    at G:\ThreadsClone\ThreadsClone\server\src\middlewares\validation.ts:53:13
    at Layer.handle [as handle_request] (G:\ThreadsClone\ThreadsClone\server\node_modules\express\lib\router\layer.js:95:5)
    at next (G:\ThreadsClone\ThreadsClone\server\node_modules\express\lib\router\route.js:149:13)
    at authMiddleware (G:\ThreadsClone\ThreadsClone\server\src\middlewares\auth.ts:39:5)
    at processTicksAndRejections (node:internal/process/task_queues:95:5)
2025-05-11T09:29:43.154Z [ERROR]: Error: ID is invalid 
Stack: HttpError: ID is invalid
    at G:\ThreadsClone\ThreadsClone\server\src\middlewares\validation.ts:53:13
    at Layer.handle [as handle_request] (G:\ThreadsClone\ThreadsClone\server\node_modules\express\lib\router\layer.js:95:5)
    at next (G:\ThreadsClone\ThreadsClone\server\node_modules\express\lib\router\route.js:149:13)
    at authMiddleware (G:\ThreadsClone\ThreadsClone\server\src\middlewares\auth.ts:39:5)
    at processTicksAndRejections (node:internal/process/task_queues:95:5)
2025-05-11T09:30:19.799Z [ERROR]: Error: ID is invalid 
Stack: HttpError: ID is invalid
    at G:\ThreadsClone\ThreadsClone\server\src\middlewares\validation.ts:53:13
    at Layer.handle [as handle_request] (G:\ThreadsClone\ThreadsClone\server\node_modules\express\lib\router\layer.js:95:5)
    at next (G:\ThreadsClone\ThreadsClone\server\node_modules\express\lib\router\route.js:149:13)
    at authMiddleware (G:\ThreadsClone\ThreadsClone\server\src\middlewares\auth.ts:39:5)
    at processTicksAndRejections (node:internal/process/task_queues:95:5)
2025-05-11T09:30:19.803Z [ERROR]: Error: ID is invalid 
Stack: HttpError: ID is invalid
    at G:\ThreadsClone\ThreadsClone\server\src\middlewares\validation.ts:53:13
    at Layer.handle [as handle_request] (G:\ThreadsClone\ThreadsClone\server\node_modules\express\lib\router\layer.js:95:5)
    at next (G:\ThreadsClone\ThreadsClone\server\node_modules\express\lib\router\route.js:149:13)
    at authMiddleware (G:\ThreadsClone\ThreadsClone\server\src\middlewares\auth.ts:39:5)
    at processTicksAndRejections (node:internal/process/task_queues:95:5)
2025-05-11T09:32:50.016Z [ERROR]: Error: ID is invalid 
Stack: HttpError: ID is invalid
    at G:\ThreadsClone\ThreadsClone\server\src\middlewares\validation.ts:53:13
    at Layer.handle [as handle_request] (G:\ThreadsClone\ThreadsClone\server\node_modules\express\lib\router\layer.js:95:5)
    at next (G:\ThreadsClone\ThreadsClone\server\node_modules\express\lib\router\route.js:149:13)
    at authMiddleware (G:\ThreadsClone\ThreadsClone\server\src\middlewares\auth.ts:39:5)
    at processTicksAndRejections (node:internal/process/task_queues:95:5)
2025-05-11T09:32:50.035Z [ERROR]: Error: ID is invalid 
Stack: HttpError: ID is invalid
    at G:\ThreadsClone\ThreadsClone\server\src\middlewares\validation.ts:53:13
    at Layer.handle [as handle_request] (G:\ThreadsClone\ThreadsClone\server\node_modules\express\lib\router\layer.js:95:5)
    at next (G:\ThreadsClone\ThreadsClone\server\node_modules\express\lib\router\route.js:149:13)
    at authMiddleware (G:\ThreadsClone\ThreadsClone\server\src\middlewares\auth.ts:39:5)
    at processTicksAndRejections (node:internal/process/task_queues:95:5)
2025-05-11T09:34:19.231Z [ERROR]: Error: ID is invalid 
Stack: HttpError: ID is invalid
    at G:\ThreadsClone\ThreadsClone\server\src\middlewares\validation.ts:53:13
    at Layer.handle [as handle_request] (G:\ThreadsClone\ThreadsClone\server\node_modules\express\lib\router\layer.js:95:5)
    at next (G:\ThreadsClone\ThreadsClone\server\node_modules\express\lib\router\route.js:149:13)
    at authMiddleware (G:\ThreadsClone\ThreadsClone\server\src\middlewares\auth.ts:39:5)
    at processTicksAndRejections (node:internal/process/task_queues:95:5)
2025-05-11T09:34:19.238Z [ERROR]: Error: ID is invalid 
Stack: HttpError: ID is invalid
    at G:\ThreadsClone\ThreadsClone\server\src\middlewares\validation.ts:53:13
    at Layer.handle [as handle_request] (G:\ThreadsClone\ThreadsClone\server\node_modules\express\lib\router\layer.js:95:5)
    at next (G:\ThreadsClone\ThreadsClone\server\node_modules\express\lib\router\route.js:149:13)
    at authMiddleware (G:\ThreadsClone\ThreadsClone\server\src\middlewares\auth.ts:39:5)
    at processTicksAndRejections (node:internal/process/task_queues:95:5)
2025-05-11T09:35:46.390Z [ERROR]: Error: ID is invalid 
Stack: HttpError: ID is invalid
    at G:\ThreadsClone\ThreadsClone\server\src\middlewares\validation.ts:53:13
    at Layer.handle [as handle_request] (G:\ThreadsClone\ThreadsClone\server\node_modules\express\lib\router\layer.js:95:5)
    at next (G:\ThreadsClone\ThreadsClone\server\node_modules\express\lib\router\route.js:149:13)
    at authMiddleware (G:\ThreadsClone\ThreadsClone\server\src\middlewares\auth.ts:39:5)
    at processTicksAndRejections (node:internal/process/task_queues:95:5)
2025-05-11T09:58:14.894Z [ERROR]: Error: ID is invalid 
Stack: HttpError: ID is invalid
    at G:\ThreadsClone\ThreadsClone\server\src\middlewares\validation.ts:53:13
    at Layer.handle [as handle_request] (G:\ThreadsClone\ThreadsClone\server\node_modules\express\lib\router\layer.js:95:5)
    at next (G:\ThreadsClone\ThreadsClone\server\node_modules\express\lib\router\route.js:149:13)
    at authMiddleware (G:\ThreadsClone\ThreadsClone\server\src\middlewares\auth.ts:39:5)
    at processTicksAndRejections (node:internal/process/task_queues:95:5)
2025-05-11T09:58:17.603Z [ERROR]: Error: ID is invalid 
Stack: HttpError: ID is invalid
    at G:\ThreadsClone\ThreadsClone\server\src\middlewares\validation.ts:53:13
    at Layer.handle [as handle_request] (G:\ThreadsClone\ThreadsClone\server\node_modules\express\lib\router\layer.js:95:5)
    at next (G:\ThreadsClone\ThreadsClone\server\node_modules\express\lib\router\route.js:149:13)
    at authMiddleware (G:\ThreadsClone\ThreadsClone\server\src\middlewares\auth.ts:39:5)
    at processTicksAndRejections (node:internal/process/task_queues:95:5)
2025-05-11T09:58:17.618Z [ERROR]: Error: ID is invalid 
Stack: HttpError: ID is invalid
    at G:\ThreadsClone\ThreadsClone\server\src\middlewares\validation.ts:53:13
    at Layer.handle [as handle_request] (G:\ThreadsClone\ThreadsClone\server\node_modules\express\lib\router\layer.js:95:5)
    at next (G:\ThreadsClone\ThreadsClone\server\node_modules\express\lib\router\route.js:149:13)
    at authMiddleware (G:\ThreadsClone\ThreadsClone\server\src\middlewares\auth.ts:39:5)
    at processTicksAndRejections (node:internal/process/task_queues:95:5)
2025-05-11T09:58:36.394Z [ERROR]: Error: ID is invalid 
Stack: HttpError: ID is invalid
    at G:\ThreadsClone\ThreadsClone\server\src\middlewares\validation.ts:53:13
    at Layer.handle [as handle_request] (G:\ThreadsClone\ThreadsClone\server\node_modules\express\lib\router\layer.js:95:5)
    at next (G:\ThreadsClone\ThreadsClone\server\node_modules\express\lib\router\route.js:149:13)
    at authMiddleware (G:\ThreadsClone\ThreadsClone\server\src\middlewares\auth.ts:39:5)
    at processTicksAndRejections (node:internal/process/task_queues:95:5)
2025-05-11T09:58:44.947Z [ERROR]: Error: ID is invalid 
Stack: HttpError: ID is invalid
    at G:\ThreadsClone\ThreadsClone\server\src\middlewares\validation.ts:53:13
    at Layer.handle [as handle_request] (G:\ThreadsClone\ThreadsClone\server\node_modules\express\lib\router\layer.js:95:5)
    at next (G:\ThreadsClone\ThreadsClone\server\node_modules\express\lib\router\route.js:149:13)
    at authMiddleware (G:\ThreadsClone\ThreadsClone\server\src\middlewares\auth.ts:39:5)
    at processTicksAndRejections (node:internal/process/task_queues:95:5)
2025-05-11T09:58:44.953Z [ERROR]: Error: ID is invalid 
Stack: HttpError: ID is invalid
    at G:\ThreadsClone\ThreadsClone\server\src\middlewares\validation.ts:53:13
    at Layer.handle [as handle_request] (G:\ThreadsClone\ThreadsClone\server\node_modules\express\lib\router\layer.js:95:5)
    at next (G:\ThreadsClone\ThreadsClone\server\node_modules\express\lib\router\route.js:149:13)
    at authMiddleware (G:\ThreadsClone\ThreadsClone\server\src\middlewares\auth.ts:39:5)
    at processTicksAndRejections (node:internal/process/task_queues:95:5)
2025-05-11T09:59:21.348Z [ERROR]: Error: ID is invalid 
Stack: HttpError: ID is invalid
    at G:\ThreadsClone\ThreadsClone\server\src\middlewares\validation.ts:53:13
    at Layer.handle [as handle_request] (G:\ThreadsClone\ThreadsClone\server\node_modules\express\lib\router\layer.js:95:5)
    at next (G:\ThreadsClone\ThreadsClone\server\node_modules\express\lib\router\route.js:149:13)
    at authMiddleware (G:\ThreadsClone\ThreadsClone\server\src\middlewares\auth.ts:39:5)
    at processTicksAndRejections (node:internal/process/task_queues:95:5)
2025-05-11T09:59:21.353Z [ERROR]: Error: ID is invalid 
Stack: HttpError: ID is invalid
    at G:\ThreadsClone\ThreadsClone\server\src\middlewares\validation.ts:53:13
    at Layer.handle [as handle_request] (G:\ThreadsClone\ThreadsClone\server\node_modules\express\lib\router\layer.js:95:5)
    at next (G:\ThreadsClone\ThreadsClone\server\node_modules\express\lib\router\route.js:149:13)
    at authMiddleware (G:\ThreadsClone\ThreadsClone\server\src\middlewares\auth.ts:39:5)
    at processTicksAndRejections (node:internal/process/task_queues:95:5)
2025-05-11T10:00:04.384Z [ERROR]: Error: ID is invalid 
Stack: HttpError: ID is invalid
    at G:\ThreadsClone\ThreadsClone\server\src\middlewares\validation.ts:53:13
    at Layer.handle [as handle_request] (G:\ThreadsClone\ThreadsClone\server\node_modules\express\lib\router\layer.js:95:5)
    at next (G:\ThreadsClone\ThreadsClone\server\node_modules\express\lib\router\route.js:149:13)
    at authMiddleware (G:\ThreadsClone\ThreadsClone\server\src\middlewares\auth.ts:39:5)
    at processTicksAndRejections (node:internal/process/task_queues:95:5)
2025-05-11T10:00:09.272Z [ERROR]: Error: ID is invalid 
Stack: HttpError: ID is invalid
    at G:\ThreadsClone\ThreadsClone\server\src\middlewares\validation.ts:53:13
    at Layer.handle [as handle_request] (G:\ThreadsClone\ThreadsClone\server\node_modules\express\lib\router\layer.js:95:5)
    at next (G:\ThreadsClone\ThreadsClone\server\node_modules\express\lib\router\route.js:149:13)
    at authMiddleware (G:\ThreadsClone\ThreadsClone\server\src\middlewares\auth.ts:39:5)
    at processTicksAndRejections (node:internal/process/task_queues:95:5)
2025-05-11T10:00:09.280Z [ERROR]: Error: ID is invalid 
Stack: HttpError: ID is invalid
    at G:\ThreadsClone\ThreadsClone\server\src\middlewares\validation.ts:53:13
    at Layer.handle [as handle_request] (G:\ThreadsClone\ThreadsClone\server\node_modules\express\lib\router\layer.js:95:5)
    at next (G:\ThreadsClone\ThreadsClone\server\node_modules\express\lib\router\route.js:149:13)
    at authMiddleware (G:\ThreadsClone\ThreadsClone\server\src\middlewares\auth.ts:39:5)
    at processTicksAndRejections (node:internal/process/task_queues:95:5)
2025-05-11T10:00:30.739Z [ERROR]: Error: ID is invalid 
Stack: HttpError: ID is invalid
    at G:\ThreadsClone\ThreadsClone\server\src\middlewares\validation.ts:53:13
    at Layer.handle [as handle_request] (G:\ThreadsClone\ThreadsClone\server\node_modules\express\lib\router\layer.js:95:5)
    at next (G:\ThreadsClone\ThreadsClone\server\node_modules\express\lib\router\route.js:149:13)
    at authMiddleware (G:\ThreadsClone\ThreadsClone\server\src\middlewares\auth.ts:39:5)
    at processTicksAndRejections (node:internal/process/task_queues:95:5)
2025-05-11T10:00:30.744Z [ERROR]: Error: ID is invalid 
Stack: HttpError: ID is invalid
    at G:\ThreadsClone\ThreadsClone\server\src\middlewares\validation.ts:53:13
    at Layer.handle [as handle_request] (G:\ThreadsClone\ThreadsClone\server\node_modules\express\lib\router\layer.js:95:5)
    at next (G:\ThreadsClone\ThreadsClone\server\node_modules\express\lib\router\route.js:149:13)
    at authMiddleware (G:\ThreadsClone\ThreadsClone\server\src\middlewares\auth.ts:39:5)
    at processTicksAndRejections (node:internal/process/task_queues:95:5)
2025-05-11T10:01:36.380Z [ERROR]: Error: ID is invalid 
Stack: HttpError: ID is invalid
    at G:\ThreadsClone\ThreadsClone\server\src\middlewares\validation.ts:53:13
    at Layer.handle [as handle_request] (G:\ThreadsClone\ThreadsClone\server\node_modules\express\lib\router\layer.js:95:5)
    at next (G:\ThreadsClone\ThreadsClone\server\node_modules\express\lib\router\route.js:149:13)
    at authMiddleware (G:\ThreadsClone\ThreadsClone\server\src\middlewares\auth.ts:39:5)
    at processTicksAndRejections (node:internal/process/task_queues:95:5)
2025-05-11T10:01:40.833Z [ERROR]: Error: ID is invalid 
Stack: HttpError: ID is invalid
    at G:\ThreadsClone\ThreadsClone\server\src\middlewares\validation.ts:53:13
    at Layer.handle [as handle_request] (G:\ThreadsClone\ThreadsClone\server\node_modules\express\lib\router\layer.js:95:5)
    at next (G:\ThreadsClone\ThreadsClone\server\node_modules\express\lib\router\route.js:149:13)
    at authMiddleware (G:\ThreadsClone\ThreadsClone\server\src\middlewares\auth.ts:39:5)
    at processTicksAndRejections (node:internal/process/task_queues:95:5)
2025-05-11T10:01:40.847Z [ERROR]: Error: ID is invalid 
Stack: HttpError: ID is invalid
    at G:\ThreadsClone\ThreadsClone\server\src\middlewares\validation.ts:53:13
    at Layer.handle [as handle_request] (G:\ThreadsClone\ThreadsClone\server\node_modules\express\lib\router\layer.js:95:5)
    at next (G:\ThreadsClone\ThreadsClone\server\node_modules\express\lib\router\route.js:149:13)
    at authMiddleware (G:\ThreadsClone\ThreadsClone\server\src\middlewares\auth.ts:39:5)
    at processTicksAndRejections (node:internal/process/task_queues:95:5)
2025-05-11T10:04:08.006Z [ERROR]: Error: ID is invalid 
Stack: HttpError: ID is invalid
    at G:\ThreadsClone\ThreadsClone\server\src\middlewares\validation.ts:53:13
    at Layer.handle [as handle_request] (G:\ThreadsClone\ThreadsClone\server\node_modules\express\lib\router\layer.js:95:5)
    at next (G:\ThreadsClone\ThreadsClone\server\node_modules\express\lib\router\route.js:149:13)
    at authMiddleware (G:\ThreadsClone\ThreadsClone\server\src\middlewares\auth.ts:39:5)
    at processTicksAndRejections (node:internal/process/task_queues:95:5)
2025-05-11T10:04:08.010Z [ERROR]: Error: ID is invalid 
Stack: HttpError: ID is invalid
    at G:\ThreadsClone\ThreadsClone\server\src\middlewares\validation.ts:53:13
    at Layer.handle [as handle_request] (G:\ThreadsClone\ThreadsClone\server\node_modules\express\lib\router\layer.js:95:5)
    at next (G:\ThreadsClone\ThreadsClone\server\node_modules\express\lib\router\route.js:149:13)
    at authMiddleware (G:\ThreadsClone\ThreadsClone\server\src\middlewares\auth.ts:39:5)
    at processTicksAndRejections (node:internal/process/task_queues:95:5)
2025-05-11T10:06:33.004Z [ERROR]: Error: ID is invalid 
Stack: HttpError: ID is invalid
    at G:\ThreadsClone\ThreadsClone\server\src\middlewares\validation.ts:53:13
    at Layer.handle [as handle_request] (G:\ThreadsClone\ThreadsClone\server\node_modules\express\lib\router\layer.js:95:5)
    at next (G:\ThreadsClone\ThreadsClone\server\node_modules\express\lib\router\route.js:149:13)
    at authMiddleware (G:\ThreadsClone\ThreadsClone\server\src\middlewares\auth.ts:39:5)
    at processTicksAndRejections (node:internal/process/task_queues:95:5)
2025-05-11T10:06:33.034Z [ERROR]: Error: ID is invalid 
Stack: HttpError: ID is invalid
    at G:\ThreadsClone\ThreadsClone\server\src\middlewares\validation.ts:53:13
    at Layer.handle [as handle_request] (G:\ThreadsClone\ThreadsClone\server\node_modules\express\lib\router\layer.js:95:5)
    at next (G:\ThreadsClone\ThreadsClone\server\node_modules\express\lib\router\route.js:149:13)
    at authMiddleware (G:\ThreadsClone\ThreadsClone\server\src\middlewares\auth.ts:39:5)
    at processTicksAndRejections (node:internal/process/task_queues:95:5)
2025-05-11T10:08:26.397Z [ERROR]: Error: ID is invalid 
Stack: HttpError: ID is invalid
    at G:\ThreadsClone\ThreadsClone\server\src\middlewares\validation.ts:53:13
    at Layer.handle [as handle_request] (G:\ThreadsClone\ThreadsClone\server\node_modules\express\lib\router\layer.js:95:5)
    at next (G:\ThreadsClone\ThreadsClone\server\node_modules\express\lib\router\route.js:149:13)
    at authMiddleware (G:\ThreadsClone\ThreadsClone\server\src\middlewares\auth.ts:39:5)
    at processTicksAndRejections (node:internal/process/task_queues:95:5)
2025-05-11T10:08:26.405Z [ERROR]: Error: ID is invalid 
Stack: HttpError: ID is invalid
    at G:\ThreadsClone\ThreadsClone\server\src\middlewares\validation.ts:53:13
    at Layer.handle [as handle_request] (G:\ThreadsClone\ThreadsClone\server\node_modules\express\lib\router\layer.js:95:5)
    at next (G:\ThreadsClone\ThreadsClone\server\node_modules\express\lib\router\route.js:149:13)
    at authMiddleware (G:\ThreadsClone\ThreadsClone\server\src\middlewares\auth.ts:39:5)
    at processTicksAndRejections (node:internal/process/task_queues:95:5)
2025-05-11T10:24:38.193Z [ERROR]: Login error: Login is Unsuccessful
2025-05-11T10:40:39.675Z [ERROR]: Login error: Login is Unsuccessful
2025-05-11T11:02:03.094Z [ERROR]: Error: ID is invalid 
Stack: HttpError: ID is invalid
    at G:\ThreadsClone\ThreadsClone\server\src\middlewares\validation.ts:53:13
    at Layer.handle [as handle_request] (G:\ThreadsClone\ThreadsClone\server\node_modules\express\lib\router\layer.js:95:5)
    at next (G:\ThreadsClone\ThreadsClone\server\node_modules\express\lib\router\route.js:149:13)
    at authMiddleware (G:\ThreadsClone\ThreadsClone\server\src\middlewares\auth.ts:39:5)
    at processTicksAndRejections (node:internal/process/task_queues:95:5)
2025-05-11T11:05:24.145Z [ERROR]: Error: ID is invalid 
Stack: HttpError: ID is invalid
    at G:\ThreadsClone\ThreadsClone\server\src\middlewares\validation.ts:53:13
    at Layer.handle [as handle_request] (G:\ThreadsClone\ThreadsClone\server\node_modules\express\lib\router\layer.js:95:5)
    at next (G:\ThreadsClone\ThreadsClone\server\node_modules\express\lib\router\route.js:149:13)
    at authMiddleware (G:\ThreadsClone\ThreadsClone\server\src\middlewares\auth.ts:39:5)
    at processTicksAndRejections (node:internal/process/task_queues:95:5)
2025-05-11T11:22:33.395Z [ERROR]: Error: ID is invalid 
Stack: HttpError: ID is invalid
    at G:\ThreadsClone\ThreadsClone\server\src\middlewares\validation.ts:53:13
    at Layer.handle [as handle_request] (G:\ThreadsClone\ThreadsClone\server\node_modules\express\lib\router\layer.js:95:5)
    at next (G:\ThreadsClone\ThreadsClone\server\node_modules\express\lib\router\route.js:149:13)
    at authMiddleware (G:\ThreadsClone\ThreadsClone\server\src\middlewares\auth.ts:39:5)
    at processTicksAndRejections (node:internal/process/task_queues:95:5)
2025-05-11T11:22:58.596Z [ERROR]: Error: ID is invalid 
Stack: HttpError: ID is invalid
    at G:\ThreadsClone\ThreadsClone\server\src\middlewares\validation.ts:53:13
    at Layer.handle [as handle_request] (G:\ThreadsClone\ThreadsClone\server\node_modules\express\lib\router\layer.js:95:5)
    at next (G:\ThreadsClone\ThreadsClone\server\node_modules\express\lib\router\route.js:149:13)
    at authMiddleware (G:\ThreadsClone\ThreadsClone\server\src\middlewares\auth.ts:39:5)
    at processTicksAndRejections (node:internal/process/task_queues:95:5)
2025-05-11T11:22:59.987Z [ERROR]: Error: ID is invalid 
Stack: HttpError: ID is invalid
    at G:\ThreadsClone\ThreadsClone\server\src\middlewares\validation.ts:53:13
    at Layer.handle [as handle_request] (G:\ThreadsClone\ThreadsClone\server\node_modules\express\lib\router\layer.js:95:5)
    at next (G:\ThreadsClone\ThreadsClone\server\node_modules\express\lib\router\route.js:149:13)
    at authMiddleware (G:\ThreadsClone\ThreadsClone\server\src\middlewares\auth.ts:39:5)
    at processTicksAndRejections (node:internal/process/task_queues:95:5)
2025-05-11T11:23:00.893Z [ERROR]: Error: ID is invalid 
Stack: HttpError: ID is invalid
    at G:\ThreadsClone\ThreadsClone\server\src\middlewares\validation.ts:53:13
    at Layer.handle [as handle_request] (G:\ThreadsClone\ThreadsClone\server\node_modules\express\lib\router\layer.js:95:5)
    at next (G:\ThreadsClone\ThreadsClone\server\node_modules\express\lib\router\route.js:149:13)
    at authMiddleware (G:\ThreadsClone\ThreadsClone\server\src\middlewares\auth.ts:39:5)
    at processTicksAndRejections (node:internal/process/task_queues:95:5)
2025-05-11T11:23:01.679Z [ERROR]: Error: ID is invalid 
Stack: HttpError: ID is invalid
    at G:\ThreadsClone\ThreadsClone\server\src\middlewares\validation.ts:53:13
    at Layer.handle [as handle_request] (G:\ThreadsClone\ThreadsClone\server\node_modules\express\lib\router\layer.js:95:5)
    at next (G:\ThreadsClone\ThreadsClone\server\node_modules\express\lib\router\route.js:149:13)
    at authMiddleware (G:\ThreadsClone\ThreadsClone\server\src\middlewares\auth.ts:39:5)
    at processTicksAndRejections (node:internal/process/task_queues:95:5)
2025-05-11T11:23:10.315Z [ERROR]: Error: ID is invalid 
Stack: HttpError: ID is invalid
    at G:\ThreadsClone\ThreadsClone\server\src\middlewares\validation.ts:53:13
    at Layer.handle [as handle_request] (G:\ThreadsClone\ThreadsClone\server\node_modules\express\lib\router\layer.js:95:5)
    at next (G:\ThreadsClone\ThreadsClone\server\node_modules\express\lib\router\route.js:149:13)
    at authMiddleware (G:\ThreadsClone\ThreadsClone\server\src\middlewares\auth.ts:39:5)
    at processTicksAndRejections (node:internal/process/task_queues:95:5)
2025-05-11T11:27:17.775Z [ERROR]: Error: ID is invalid 
Stack: HttpError: ID is invalid
    at G:\ThreadsClone\ThreadsClone\server\src\middlewares\validation.ts:53:13
    at Layer.handle [as handle_request] (G:\ThreadsClone\ThreadsClone\server\node_modules\express\lib\router\layer.js:95:5)
    at next (G:\ThreadsClone\ThreadsClone\server\node_modules\express\lib\router\route.js:149:13)
    at authMiddleware (G:\ThreadsClone\ThreadsClone\server\src\middlewares\auth.ts:39:5)
    at processTicksAndRejections (node:internal/process/task_queues:95:5)
2025-05-11T11:28:13.464Z [ERROR]: Error: ID is invalid 
Stack: HttpError: ID is invalid
    at G:\ThreadsClone\ThreadsClone\server\src\middlewares\validation.ts:53:13
    at Layer.handle [as handle_request] (G:\ThreadsClone\ThreadsClone\server\node_modules\express\lib\router\layer.js:95:5)
    at next (G:\ThreadsClone\ThreadsClone\server\node_modules\express\lib\router\route.js:149:13)
    at authMiddleware (G:\ThreadsClone\ThreadsClone\server\src\middlewares\auth.ts:39:5)
    at processTicksAndRejections (node:internal/process/task_queues:95:5)
2025-05-11T11:28:39.219Z [ERROR]: Error: ID is invalid 
Stack: HttpError: ID is invalid
    at G:\ThreadsClone\ThreadsClone\server\src\middlewares\validation.ts:53:13
    at Layer.handle [as handle_request] (G:\ThreadsClone\ThreadsClone\server\node_modules\express\lib\router\layer.js:95:5)
    at next (G:\ThreadsClone\ThreadsClone\server\node_modules\express\lib\router\route.js:149:13)
    at authMiddleware (G:\ThreadsClone\ThreadsClone\server\src\middlewares\auth.ts:39:5)
    at processTicksAndRejections (node:internal/process/task_queues:95:5)
2025-05-11T11:28:41.064Z [ERROR]: Error: ID is invalid 
Stack: HttpError: ID is invalid
    at G:\ThreadsClone\ThreadsClone\server\src\middlewares\validation.ts:53:13
    at Layer.handle [as handle_request] (G:\ThreadsClone\ThreadsClone\server\node_modules\express\lib\router\layer.js:95:5)
    at next (G:\ThreadsClone\ThreadsClone\server\node_modules\express\lib\router\route.js:149:13)
    at authMiddleware (G:\ThreadsClone\ThreadsClone\server\src\middlewares\auth.ts:39:5)
    at processTicksAndRejections (node:internal/process/task_queues:95:5)
2025-05-11T11:29:44.420Z [ERROR]: Error: ID is invalid 
Stack: HttpError: ID is invalid
    at G:\ThreadsClone\ThreadsClone\server\src\middlewares\validation.ts:53:13
    at Layer.handle [as handle_request] (G:\ThreadsClone\ThreadsClone\server\node_modules\express\lib\router\layer.js:95:5)
    at next (G:\ThreadsClone\ThreadsClone\server\node_modules\express\lib\router\route.js:149:13)
    at authMiddleware (G:\ThreadsClone\ThreadsClone\server\src\middlewares\auth.ts:39:5)
    at processTicksAndRejections (node:internal/process/task_queues:95:5)
2025-05-11T11:31:32.354Z [ERROR]: Error: ID is invalid 
Stack: HttpError: ID is invalid
    at G:\ThreadsClone\ThreadsClone\server\src\middlewares\validation.ts:53:13
    at Layer.handle [as handle_request] (G:\ThreadsClone\ThreadsClone\server\node_modules\express\lib\router\layer.js:95:5)
    at next (G:\ThreadsClone\ThreadsClone\server\node_modules\express\lib\router\route.js:149:13)
    at authMiddleware (G:\ThreadsClone\ThreadsClone\server\src\middlewares\auth.ts:39:5)
    at processTicksAndRejections (node:internal/process/task_queues:95:5)
2025-05-18T15:27:18.495Z [ERROR]: Cannot find /api/auth/login on this server
2025-05-18T15:27:20.528Z [ERROR]: Cannot find /favicon.ico on this server
2025-05-18T15:43:18.418Z [ERROR]: ID is invalid
2025-05-18T15:51:29.395Z [ERROR]: ID is invalid
2025-05-19T07:37:01.675Z [ERROR]: Already following
2025-05-19T07:37:46.532Z [ERROR]: Cannot find /api/users/681c376158ac95ae022b4c4a/unfollow on this server
2025-05-19T07:39:20.169Z [ERROR]: Cannot find /api/users/681c376158ac95ae022b4c4a/unfollow on this server
2025-05-19T07:40:14.354Z [INFO]: User 66dfbd050bdfe18c723f1066 unfollowed user 681c376158ac95ae022b4c4a
2025-05-19T07:40:17.014Z [INFO]: User 66dfbd050bdfe18c723f1066 followed user 681c376158ac95ae022b4c4a
2025-05-19T07:40:19.735Z [ERROR]: Cannot find /api/users/681c376158ac95ae022b4c4a/follower on this server
2025-05-19T07:40:29.333Z [ERROR]: Schema hasn't been registered for model "name".
Use mongoose.model(name, schema)
2025-05-19T07:41:29.403Z [ERROR]: Schema hasn't been registered for model "name".
Use mongoose.model(name, schema)
2025-05-19T07:41:54.180Z [ERROR]: Schema hasn't been registered for model "name".
Use mongoose.model(name, schema)
2025-05-19T07:42:30.085Z [ERROR]: Schema hasn't been registered for model "avatar".
Use mongoose.model(name, schema)
2025-05-19T07:43:05.689Z [ERROR]: Schema hasn't been registered for model "avatar".
Use mongoose.model(name, schema)
2025-05-19T07:44:16.251Z [ERROR]: Schema hasn't been registered for model "name".
Use mongoose.model(name, schema)
2025-05-19T08:01:32.554Z [ERROR]: ID is invalid
2025-05-19T08:01:34.999Z [ERROR]: ID is invalid
2025-05-19T08:01:56.977Z [ERROR]: ID is invalid
2025-05-19T08:01:57.011Z [ERROR]: ID is invalid
2025-05-19T08:02:36.592Z [ERROR]: ID is invalid
2025-05-19T08:02:54.696Z [ERROR]: ID is invalid
2025-05-19T08:04:28.181Z [ERROR]: ID is invalid
2025-05-19T08:05:06.712Z [ERROR]: ID is invalid
2025-05-19T08:05:09.637Z [ERROR]: ID is invalid
2025-05-19T08:05:18.617Z [ERROR]: ID is invalid
2025-05-19T08:05:26.301Z [ERROR]: ID is invalid
2025-05-19T08:11:34.831Z [ERROR]: ID is invalid
2025-05-19T08:32:57.019Z [ERROR]: ID is invalid
2025-05-19T08:32:58.170Z [ERROR]: ID is invalid
2025-05-19T08:33:00.191Z [ERROR]: ID is invalid
2025-05-19T08:37:44.174Z [ERROR]: ID is invalid
2025-05-19T08:37:47.440Z [ERROR]: ID is invalid
2025-05-19T08:42:33.816Z [ERROR]: ID is invalid
2025-05-19T08:42:36.283Z [ERROR]: ID is invalid
2025-05-19T08:43:02.782Z [ERROR]: ID is invalid
2025-05-19T08:44:38.570Z [ERROR]: ID is invalid
2025-05-19T08:45:22.496Z [ERROR]: ID is invalid
2025-05-19T08:45:28.759Z [ERROR]: ID is invalid
2025-05-19T08:45:30.584Z [ERROR]: ID is invalid
2025-05-19T08:45:31.947Z [ERROR]: ID is invalid
2025-05-19T08:46:17.316Z [ERROR]: ID is invalid
2025-05-19T08:46:22.235Z [ERROR]: ID is invalid
2025-05-19T08:46:23.701Z [ERROR]: ID is invalid
2025-05-19T08:46:25.459Z [ERROR]: ID is invalid
2025-05-19T08:46:28.405Z [ERROR]: ID is invalid
2025-05-19T08:46:29.595Z [ERROR]: ID is invalid
2025-05-19T08:46:30.695Z [ERROR]: ID is invalid
2025-05-19T08:46:42.022Z [ERROR]: ID is invalid
2025-05-19T08:46:43.590Z [ERROR]: ID is invalid
2025-05-19T08:46:44.724Z [ERROR]: ID is invalid
2025-05-19T08:49:48.289Z [ERROR]: ID is invalid
2025-05-19T08:50:47.277Z [ERROR]: ID is invalid
2025-05-19T08:50:53.234Z [ERROR]: ID is invalid
2025-05-19T09:04:45.626Z [ERROR]: ID is invalid
2025-05-19T09:04:56.683Z [ERROR]: ID is invalid
2025-05-19T09:12:56.432Z [ERROR]: ID is invalid
2025-05-19T09:12:58.714Z [ERROR]: ID is invalid
2025-05-19T09:13:05.358Z [ERROR]: ID is invalid
2025-05-19T09:13:46.609Z [ERROR]: ID is invalid
2025-05-19T09:31:11.338Z [ERROR]: ID is invalid
2025-05-19T09:33:05.453Z [INFO]: User 681c376158ac95ae022b4c4a followed user 66dfbd050bdfe18c723f1066
2025-05-19T09:33:12.187Z [ERROR]: Schema hasn't been registered for model "name".
Use mongoose.model(name, schema)
2025-05-19T09:33:12.268Z [ERROR]: Schema hasn't been registered for model "name".
Use mongoose.model(name, schema)
2025-05-19T09:33:24.552Z [ERROR]: Schema hasn't been registered for model "name".
Use mongoose.model(name, schema)
2025-05-19T09:33:47.402Z [ERROR]: Schema hasn't been registered for model "name".
Use mongoose.model(name, schema)
2025-05-19T09:34:18.495Z [ERROR]: Schema hasn't been registered for model "name".
Use mongoose.model(name, schema)
2025-05-19T09:34:21.979Z [ERROR]: Schema hasn't been registered for model "name".
Use mongoose.model(name, schema)
2025-05-19T09:35:08.795Z [ERROR]: Already following
2025-05-19T09:35:12.855Z [ERROR]: Schema hasn't been registered for model "name".
Use mongoose.model(name, schema)
2025-05-19T09:35:15.146Z [ERROR]: Schema hasn't been registered for model "name".
Use mongoose.model(name, schema)
2025-05-19T09:35:19.509Z [ERROR]: Schema hasn't been registered for model "name".
Use mongoose.model(name, schema)
2025-05-19T09:35:20.702Z [ERROR]: Schema hasn't been registered for model "name".
Use mongoose.model(name, schema)
2025-05-19T09:35:55.434Z [ERROR]: Schema hasn't been registered for model "name".
Use mongoose.model(name, schema)
2025-05-21T06:56:27.420Z [ERROR]: ID is invalid
2025-05-21T07:16:44.258Z [ERROR]: Cannot find /api/users/66dfbd050bdfe18c723f1066/following on this server
2025-05-21T07:18:28.792Z [ERROR]: Cannot find /api/users/66dfbd050bdfe18c723f1066/following on this server
2025-05-21T07:18:31.272Z [ERROR]: Cannot find /api/users/66dfbd050bdfe18c723f1066/following on this server
2025-05-21T07:19:10.882Z [ERROR]: Cannot find /api/users/66dfbd050bdfe18c723f1066/following on this server
2025-05-21T07:19:48.995Z [ERROR]: Cannot find /api/users/66dfbd050bdfe18c723f1066/following on this server
2025-05-21T07:20:29.501Z [ERROR]: Cannot find /api/users/66dfbd050bdfe18c723f1066/following on this server
2025-05-21T07:20:39.264Z [ERROR]: Cannot find /api/users/66dfbd050bdfe18c723f1066/following on this server
2025-05-21T07:21:33.748Z [ERROR]: Cannot find /api/users/66dfbd050bdfe18c723f1066/following on this server
2025-05-21T07:22:23.598Z [ERROR]: Cannot find /api/users/66dfbd050bdfe18c723f1066/following on this server
2025-05-21T07:22:25.333Z [ERROR]: Cannot find /api/users/66dfbd050bdfe18c723f1066/following on this server
2025-05-21T07:22:28.402Z [ERROR]: Cannot find /api/users/66dfbd050bdfe18c723f1066/following on this server
2025-05-21T07:22:32.629Z [ERROR]: Cannot find /api/users/66dfbd050bdfe18c723f1066/following on this server
2025-05-21T07:29:52.655Z [ERROR]: Cannot find /api/users/66dfbd050bdfe18c723f1066/following on this server
2025-05-21T07:30:21.148Z [ERROR]: Cannot find /api/users/66dfbd050bdfe18c723f1066/following on this server
2025-05-21T07:31:12.432Z [ERROR]: Cannot find /api/users/66dfbd050bdfe18c723f1066/following on this server
2025-05-21T08:42:31.968Z [ERROR]: ID is invalid
2025-05-21T08:43:38.870Z [ERROR]: ID is invalid
2025-05-21T08:43:38.874Z [ERROR]: ID is invalid
2025-05-21T08:43:55.577Z [ERROR]: User validation failed: username: Username phải bắt đầu bằng '@' và chỉ chứa chữ cái, số, gạch dưới, dài từ 3 đến 30 ký tự.
2025-05-21T08:44:07.060Z [ERROR]: User validation failed: username: Username phải bắt đầu bằng '@' và chỉ chứa chữ cái, số, gạch dưới, dài từ 3 đến 30 ký tự.
2025-05-21T08:44:27.393Z [ERROR]: User validation failed: username: Username phải bắt đầu bằng '@' và chỉ chứa chữ cái, số, gạch dưới, dài từ 3 đến 30 ký tự.
2025-05-21T08:44:30.785Z [ERROR]: ID is invalid
2025-05-21T08:44:30.820Z [ERROR]: ID is invalid
2025-05-21T08:44:38.032Z [ERROR]: ID is invalid
2025-05-21T08:44:44.502Z [ERROR]: User validation failed: username: Username phải bắt đầu bằng '@' và chỉ chứa chữ cái, số, gạch dưới, dài từ 3 đến 30 ký tự.
2025-05-21T08:45:49.965Z [ERROR]: ID is invalid
2025-05-21T08:45:58.217Z [ERROR]: User validation failed: username: Username phải bắt đầu bằng '@' và chỉ chứa chữ cái, số, gạch dưới, dài từ 3 đến 30 ký tự.
2025-05-21T08:59:05.323Z [ERROR]: ID is invalid
2025-05-21T09:02:59.266Z [ERROR]: ID is invalid
2025-05-21T09:07:36.868Z [ERROR]: ID is invalid
2025-05-21T09:08:02.850Z [INFO]: User 681c376158ac95ae022b4c4a followed user 66dfbd050bdfe18c723f1066
2025-05-21T09:21:30.996Z [ERROR]: Cannot find /api/users/66dfbd050bdfe18c723f1066/unfollow on this server
2025-05-21T09:21:33.823Z [ERROR]: Cannot find /api/users/66dfbd050bdfe18c723f1066/unfollow on this server
2025-05-21T09:21:34.088Z [ERROR]: Cannot find /api/users/66dfbd050bdfe18c723f1066/unfollow on this server
2025-05-21T09:21:34.245Z [ERROR]: Cannot find /api/users/66dfbd050bdfe18c723f1066/unfollow on this server
2025-05-21T09:21:34.412Z [ERROR]: Cannot find /api/users/66dfbd050bdfe18c723f1066/unfollow on this server
2025-05-21T09:21:34.557Z [ERROR]: Cannot find /api/users/66dfbd050bdfe18c723f1066/unfollow on this server
2025-05-21T09:21:37.319Z [ERROR]: Cannot find /api/users/66dfbd050bdfe18c723f1066/unfollow on this server
2025-05-21T09:21:37.512Z [ERROR]: Cannot find /api/users/66dfbd050bdfe18c723f1066/unfollow on this server
2025-05-21T09:21:37.681Z [ERROR]: Cannot find /api/users/66dfbd050bdfe18c723f1066/unfollow on this server
2025-05-21T09:21:37.866Z [ERROR]: Cannot find /api/users/66dfbd050bdfe18c723f1066/unfollow on this server
2025-05-21T09:21:38.025Z [ERROR]: Cannot find /api/users/66dfbd050bdfe18c723f1066/unfollow on this server
2025-05-21T09:21:38.247Z [ERROR]: Cannot find /api/users/66dfbd050bdfe18c723f1066/unfollow on this server
2025-05-21T09:21:38.430Z [ERROR]: Cannot find /api/users/66dfbd050bdfe18c723f1066/unfollow on this server
2025-05-21T09:21:38.602Z [ERROR]: Cannot find /api/users/66dfbd050bdfe18c723f1066/unfollow on this server
2025-05-21T09:21:38.785Z [ERROR]: Cannot find /api/users/66dfbd050bdfe18c723f1066/unfollow on this server
2025-05-21T09:21:38.954Z [ERROR]: Cannot find /api/users/66dfbd050bdfe18c723f1066/unfollow on this server
2025-05-21T09:21:39.121Z [ERROR]: Cannot find /api/users/66dfbd050bdfe18c723f1066/unfollow on this server
2025-05-21T09:21:39.286Z [ERROR]: Cannot find /api/users/66dfbd050bdfe18c723f1066/unfollow on this server
2025-05-21T09:21:39.471Z [ERROR]: Cannot find /api/users/66dfbd050bdfe18c723f1066/unfollow on this server
2025-05-21T09:24:30.875Z [ERROR]: ID is invalid
2025-05-22T08:28:27.577Z [ERROR]: Cannot find /api/users/681c376158ac95ae022b4c4a/unfollow on this server
2025-05-22T08:28:40.452Z [ERROR]: Cannot find /api/users/681c376158ac95ae022b4c4a/unfollow on this server
2025-05-22T08:28:40.797Z [ERROR]: Cannot find /api/users/681c376158ac95ae022b4c4a/unfollow on this server
2025-05-22T08:28:46.531Z [ERROR]: Cannot find /api/users/681c376158ac95ae022b4c4a/unfollow on this server
2025-05-22T08:30:04.530Z [ERROR]: Cannot find /api/users/66dfbd050bdfe18c723f1066/unfollow on this server
2025-05-22T08:30:54.671Z [ERROR]: Cannot find /api/users/681c376158ac95ae022b4c4a/unfollow on this server
2025-05-22T08:32:46.026Z [INFO]: User 66dfbd050bdfe18c723f1066 followed user 681c376158ac95ae022b4c4a
2025-05-22T08:34:11.686Z [ERROR]: Cannot find /api/users/66dfbd050bdfe18c723f1066/unfollow on this server
2025-05-22T08:36:20.195Z [ERROR]: Cannot find /api/users/681c376158ac95ae022b4c4a/unfollow on this server
2025-05-22T08:39:14.556Z [INFO]: User 66dfbd050bdfe18c723f1066 unfollowed user 681c376158ac95ae022b4c4a
2025-05-22T08:39:27.767Z [INFO]: User 66dfbd050bdfe18c723f1066 followed user 681c376158ac95ae022b4c4a
2025-05-22T08:41:52.398Z [ERROR]: Cannot find /api/users/681c376158ac95ae022b4c4a/unfollow on this server
2025-05-22T08:42:24.439Z [ERROR]: Cannot find /api/users/681c376158ac95ae022b4c4a/unfollow on this server
2025-05-22T08:43:33.902Z [ERROR]: Cannot find /api/users/681c376158ac95ae022b4c4a/unfollow on this server
2025-05-22T08:43:35.709Z [ERROR]: Cannot find /api/users/681c376158ac95ae022b4c4a/unfollow on this server
2025-05-22T08:43:35.959Z [ERROR]: Cannot find /api/users/681c376158ac95ae022b4c4a/unfollow on this server
2025-05-22T08:43:36.170Z [ERROR]: Cannot find /api/users/681c376158ac95ae022b4c4a/unfollow on this server
2025-05-22T08:43:36.360Z [ERROR]: Cannot find /api/users/681c376158ac95ae022b4c4a/unfollow on this server
2025-05-22T08:44:03.962Z [ERROR]: Cannot find /api/users/681c376158ac95ae022b4c4a/unfollow on this server
2025-05-22T08:44:05.081Z [ERROR]: Cannot find /api/users/681c376158ac95ae022b4c4a/unfollow on this server
2025-05-22T08:44:05.231Z [ERROR]: Cannot find /api/users/681c376158ac95ae022b4c4a/unfollow on this server
2025-05-22T08:44:05.497Z [ERROR]: Cannot find /api/users/681c376158ac95ae022b4c4a/unfollow on this server
2025-05-22T08:45:30.601Z [ERROR]: Cannot find /api/users/681c376158ac95ae022b4c4a/unfollow on this server
2025-05-22T08:48:07.644Z [INFO]: User 66dfbd050bdfe18c723f1066 unfollowed user 681c376158ac95ae022b4c4a
2025-05-22T08:48:14.000Z [INFO]: User 66dfbd050bdfe18c723f1066 followed user 681c376158ac95ae022b4c4a
2025-05-22T09:03:46.376Z [INFO]: User 66dfbd050bdfe18c723f1066 unfollowed user 681c376158ac95ae022b4c4a
2025-05-22T09:07:08.448Z [INFO]: User 66dfbd050bdfe18c723f1066 followed user 681c376158ac95ae022b4c4a
2025-05-22T09:10:56.545Z [INFO]: User 66dfbd050bdfe18c723f1066 unfollowed user 681c376158ac95ae022b4c4a
2025-05-22T09:15:45.776Z [INFO]: User 66dfbd050bdfe18c723f1066 followed user 681c376158ac95ae022b4c4a
2025-05-22T09:15:57.340Z [INFO]: User 66dfbd050bdfe18c723f1066 unfollowed user 681c376158ac95ae022b4c4a
2025-05-22T09:16:05.469Z [INFO]: User 66dfbd050bdfe18c723f1066 followed user 681c376158ac95ae022b4c4a
2025-05-22T09:17:25.470Z [INFO]: User 66dfbd050bdfe18c723f1066 unfollowed user 681c376158ac95ae022b4c4a
2025-05-22T09:17:30.311Z [INFO]: User 66dfbd050bdfe18c723f1066 followed user 681c376158ac95ae022b4c4a
2025-05-22T09:22:37.707Z [INFO]: User 66dfbd050bdfe18c723f1066 unfollowed user 681c376158ac95ae022b4c4a
2025-05-22T09:22:39.945Z [INFO]: User 66dfbd050bdfe18c723f1066 followed user 681c376158ac95ae022b4c4a
2025-05-22T09:22:53.336Z [INFO]: User 66dfbd050bdfe18c723f1066 unfollowed user 681c376158ac95ae022b4c4a
2025-05-22T09:22:55.293Z [INFO]: User 66dfbd050bdfe18c723f1066 followed user 681c376158ac95ae022b4c4a
2025-05-22T09:24:26.522Z [ERROR]: ID is invalid
2025-05-22T09:26:03.700Z [ERROR]: ID is invalid
2025-05-22T09:26:05.621Z [ERROR]: ID is invalid
2025-05-22T09:56:40.918Z [INFO]: User 66dfbd050bdfe18c723f1066 unfollowed user 681c376158ac95ae022b4c4a
2025-05-22T09:56:42.678Z [INFO]: User 66dfbd050bdfe18c723f1066 followed user 681c376158ac95ae022b4c4a
2025-05-22T10:02:32.293Z [ERROR]: Cannot find /api/users/66dfbd050bdfe18c723f1066/following on this server
2025-05-22T10:02:32.345Z [ERROR]: Cannot find /api/users/66dfbd050bdfe18c723f1066/following on this server
2025-05-22T10:02:32.394Z [ERROR]: Cannot find /api/users/66dfbd050bdfe18c723f1066/following on this server
2025-05-22T10:02:32.450Z [ERROR]: Cannot find /api/users/66dfbd050bdfe18c723f1066/following on this server
2025-05-22T10:02:34.949Z [ERROR]: Cannot find /api/users/66dfbd050bdfe18c723f1066/following on this server
2025-05-22T10:02:36.018Z [ERROR]: Cannot find /api/users/66dfbd050bdfe18c723f1066/following on this server
2025-05-22T10:03:11.850Z [ERROR]: Cannot find /api/users/66dfbd050bdfe18c723f1066/following on this server
2025-05-22T10:03:17.906Z [ERROR]: Cannot find /api/users/66dfbd050bdfe18c723f1066/following on this server
2025-05-22T10:03:43.336Z [ERROR]: Cannot find /api/users/66dfbd050bdfe18c723f1066/following on this server
2025-05-22T10:08:43.767Z [INFO]: User 66dfbd050bdfe18c723f1066 unfollowed user 681c376158ac95ae022b4c4a
2025-05-22T10:08:44.646Z [INFO]: User 66dfbd050bdfe18c723f1066 followed user 681c376158ac95ae022b4c4a
2025-05-22T10:08:48.474Z [INFO]: User 66dfbd050bdfe18c723f1066 unfollowed user 681c376158ac95ae022b4c4a
2025-05-22T10:08:49.259Z [INFO]: User 66dfbd050bdfe18c723f1066 followed user 681c376158ac95ae022b4c4a
2025-05-22T10:08:51.811Z [INFO]: User 66dfbd050bdfe18c723f1066 unfollowed user 681c376158ac95ae022b4c4a
2025-05-22T10:09:00.458Z [ERROR]: Not following
2025-05-22T10:09:02.316Z [ERROR]: Not following
2025-05-22T10:09:02.482Z [ERROR]: Not following
2025-05-22T10:09:02.696Z [ERROR]: Not following
2025-05-22T10:09:02.854Z [ERROR]: Not following
2025-05-22T10:11:30.998Z [INFO]: User 66dfbd050bdfe18c723f1066 followed user 681c376158ac95ae022b4c4a
2025-05-22T10:11:36.821Z [ERROR]: Already following
2025-05-22T10:11:39.466Z [INFO]: User 66dfbd050bdfe18c723f1066 unfollowed user 681c376158ac95ae022b4c4a
2025-05-22T10:11:41.885Z [INFO]: User 66dfbd050bdfe18c723f1066 followed user 681c376158ac95ae022b4c4a
2025-05-22T10:11:43.838Z [ERROR]: Already following
2025-05-22T10:11:45.885Z [INFO]: User 66dfbd050bdfe18c723f1066 unfollowed user 681c376158ac95ae022b4c4a
2025-05-22T10:11:51.655Z [INFO]: User 66dfbd050bdfe18c723f1066 followed user 681c376158ac95ae022b4c4a
2025-05-22T10:11:54.164Z [ERROR]: Already following
2025-05-22T10:18:58.376Z [INFO]: User 66dfbd050bdfe18c723f1066 followed user 681c376158ac95ae022b4c4a
2025-05-22T10:20:22.464Z [INFO]: User 66dfbd050bdfe18c723f1066 unfollowed user 681c376158ac95ae022b4c4a
2025-05-22T10:20:24.082Z [INFO]: User 66dfbd050bdfe18c723f1066 followed user 681c376158ac95ae022b4c4a
2025-05-22T10:22:04.349Z [ERROR]: You can't follow yourself
2025-05-22T10:22:14.845Z [ERROR]: Already following
2025-05-22T13:27:30.783Z [ERROR]: ID is invalid
2025-05-22T13:27:30.820Z [ERROR]: ID is invalid
2025-05-23T00:52:54.565Z [ERROR]: Cannot find /api/users/total-posts on this server
2025-05-23T00:57:17.493Z [ERROR]: Cannot find /api/posts/total-posts on this server
2025-05-23T07:47:29.066Z [INFO]: User 66dfbd050bdfe18c723f1066 unfollowed user 681c376158ac95ae022b4c4a
2025-05-23T07:47:36.377Z [INFO]: User 66dfbd050bdfe18c723f1066 followed user 681c376158ac95ae022b4c4a
2025-05-23T07:47:38.649Z [INFO]: User 66dfbd050bdfe18c723f1066 unfollowed user 681c376158ac95ae022b4c4a
2025-05-23T07:47:50.885Z [INFO]: User 66dfbd050bdfe18c723f1066 followed user 681c376158ac95ae022b4c4a
2025-05-23T07:48:33.587Z [ERROR]: ID is invalid
2025-05-23T07:48:59.601Z [ERROR]: ID is invalid
2025-05-23T07:49:03.032Z [ERROR]: ID is invalid
2025-05-23T07:52:29.725Z [ERROR]: ID is invalid
2025-05-23T08:20:13.721Z [ERROR]: Cannot find /api/threads/66dfbd050bdfe18c723f1066/posts on this server
2025-05-23T08:20:17.740Z [ERROR]: Cannot find /api/threads/66dfbd050bdfe18c723f1066/posts on this server
2025-05-23T08:20:25.921Z [ERROR]: Cannot find /api/threads/66dfbd050bdfe18c723f1066/posts on this server
2025-05-23T08:20:26.930Z [ERROR]: Cannot find /api/threads/66dfbd050bdfe18c723f1066/posts on this server
2025-05-23T08:20:58.150Z [ERROR]: Cannot find /api/threads/66dfbd050bdfe18c723f1066/posts on this server
2025-05-23T08:21:03.360Z [ERROR]: Cannot find /api/threads/66dfbd050bdfe18c723f1066/posts on this server
2025-05-23T08:21:05.236Z [ERROR]: Cannot find /api/threads/66dfbd050bdfe18c723f1066/posts on this server
2025-05-23T08:21:06.248Z [ERROR]: Cannot find /api/threads/66dfbd050bdfe18c723f1066/posts on this server
2025-05-23T08:21:08.416Z [ERROR]: Cannot find /api/threads/66dfbd050bdfe18c723f1066/posts on this server
2025-05-23T08:21:18.391Z [ERROR]: Cannot find /api/threads/66dfbd050bdfe18c723f1066/posts on this server
2025-05-23T08:21:31.896Z [ERROR]: Cannot find /api/threads/66dfbd050bdfe18c723f1066/posts on this server
2025-05-23T08:21:34.982Z [ERROR]: Cannot find /api/threads/66dfbd050bdfe18c723f1066/posts on this server
2025-05-23T08:21:36.012Z [ERROR]: Cannot find /api/threads/66dfbd050bdfe18c723f1066/posts on this server
2025-05-23T08:21:38.024Z [ERROR]: Cannot find /api/threads/66dfbd050bdfe18c723f1066/posts on this server
2025-05-23T08:21:42.046Z [ERROR]: Cannot find /api/threads/66dfbd050bdfe18c723f1066/posts on this server
2025-05-23T08:29:04.512Z [ERROR]: Cannot find /api/threads/66dfbd050bdfe18c723f1066/posts on this server
2025-05-23T08:29:06.521Z [ERROR]: Cannot find /api/threads/66dfbd050bdfe18c723f1066/posts on this server
2025-05-23T08:29:07.576Z [ERROR]: Cannot find /api/threads/66dfbd050bdfe18c723f1066/posts on this server
2025-05-23T08:29:11.040Z [ERROR]: Cannot find /api/threads/66dfbd050bdfe18c723f1066/posts on this server
2025-05-23T08:29:12.051Z [ERROR]: Cannot find /api/threads/66dfbd050bdfe18c723f1066/posts on this server
2025-05-23T08:30:30.693Z [ERROR]: Cannot find /api/threads/681c376158ac95ae022b4c4a/posts on this server
2025-05-23T09:22:37.013Z [ERROR]: Failed to fetch user posts
2025-05-23T09:22:39.078Z [ERROR]: Failed to fetch user posts
2025-05-23T09:22:43.157Z [ERROR]: Failed to fetch user posts
2025-05-23T09:22:46.117Z [ERROR]: Failed to fetch user posts
2025-05-23T09:22:47.563Z [ERROR]: Failed to fetch user posts
2025-05-23T09:22:48.664Z [ERROR]: Failed to fetch user posts
2025-05-23T09:22:50.758Z [ERROR]: Failed to fetch user posts
2025-05-23T09:22:54.840Z [ERROR]: Failed to fetch user posts
2025-05-23T09:23:16.288Z [ERROR]: Failed to fetch user posts
2025-05-23T09:23:17.634Z [ERROR]: Failed to fetch user posts
2025-05-23T09:23:18.713Z [ERROR]: Failed to fetch user posts
2025-05-23T09:23:20.789Z [ERROR]: Failed to fetch user posts
2025-05-23T09:23:24.883Z [ERROR]: Failed to fetch user posts
2025-05-23T09:27:23.796Z [ERROR]: ID is invalid
2025-05-23T09:36:34.856Z [ERROR]: ID is invalid
2025-05-23T09:36:44.770Z [ERROR]: ID is invalid
2025-05-23T09:42:47.590Z [ERROR]: ID is invalid
2025-05-23T09:42:53.163Z [ERROR]: ID is invalid
2025-05-23T09:43:26.088Z [ERROR]: ID is invalid
2025-05-23T09:43:26.126Z [ERROR]: ID is invalid
2025-05-23T09:43:36.225Z [ERROR]: ID is invalid
2025-05-23T09:43:36.269Z [ERROR]: ID is invalid
2025-05-23T09:48:43.343Z [ERROR]: ID is invalid
2025-05-23T09:49:03.265Z [ERROR]: ID is invalid
2025-05-23T13:36:39.518Z [ERROR]: Already following
2025-05-23T13:37:44.405Z [ERROR]: Already following
2025-05-23T13:37:50.138Z [ERROR]: Already following
2025-05-23T13:58:19.329Z [ERROR]: Already following
2025-05-23T14:10:40.121Z [ERROR]: ID is invalid
2025-05-23T14:41:30.818Z [ERROR]: ID is invalid
2025-05-23T14:41:33.101Z [INFO]: User 66dfbd050bdfe18c723f1066 unfollowed user 681c376158ac95ae022b4c4a
2025-05-23T14:41:35.246Z [ERROR]: Not following
2025-05-23T14:41:40.842Z [ERROR]: Not following
2025-05-23T14:42:07.371Z [INFO]: User 66dfbd050bdfe18c723f1066 followed user 681c376158ac95ae022b4c4a
2025-05-23T14:42:08.700Z [INFO]: User 66dfbd050bdfe18c723f1066 unfollowed user 681c376158ac95ae022b4c4a
2025-05-23T14:42:38.241Z [INFO]: User 66dfbd050bdfe18c723f1066 followed user 681c376158ac95ae022b4c4a
2025-05-23T14:42:39.137Z [ERROR]: You can't follow yourself
2025-05-23T14:42:48.667Z [ERROR]: You can't follow yourself
2025-05-23T14:42:51.093Z [ERROR]: ID is invalid
2025-05-23T14:42:53.742Z [ERROR]: You can't follow yourself
2025-05-23T14:44:03.118Z [ERROR]: You can't follow yourself
2025-05-23T14:45:29.403Z [INFO]: User 66dfbd050bdfe18c723f1066 unfollowed user 681c376158ac95ae022b4c4a
2025-05-23T14:45:43.060Z [INFO]: User 66dfbd050bdfe18c723f1066 followed user 681c376158ac95ae022b4c4a
2025-05-23T14:47:41.574Z [INFO]: User 66dfbd050bdfe18c723f1066 unfollowed user 681c376158ac95ae022b4c4a
2025-05-23T14:47:43.111Z [INFO]: User 66dfbd050bdfe18c723f1066 followed user 681c376158ac95ae022b4c4a
2025-05-23T14:47:45.861Z [INFO]: User 66dfbd050bdfe18c723f1066 unfollowed user 681c376158ac95ae022b4c4a
2025-05-23T14:47:46.803Z [INFO]: User 66dfbd050bdfe18c723f1066 followed user 681c376158ac95ae022b4c4a
2025-05-23T14:48:15.405Z [INFO]: User 66dfbd050bdfe18c723f1066 unfollowed user 681c376158ac95ae022b4c4a
2025-05-23T14:48:30.777Z [INFO]: User 66dfbd050bdfe18c723f1066 followed user 681c376158ac95ae022b4c4a
2025-05-23T14:48:41.869Z [ERROR]: You can't follow yourself
2025-05-23T14:48:43.399Z [ERROR]: You can't follow yourself
2025-05-23T14:48:44.248Z [ERROR]: You can't follow yourself
2025-05-23T14:48:44.758Z [ERROR]: You can't follow yourself
2025-05-23T14:48:48.336Z [INFO]: User 66dfbd050bdfe18c723f1066 unfollowed user 681c376158ac95ae022b4c4a
2025-05-23T14:48:49.369Z [INFO]: User 66dfbd050bdfe18c723f1066 followed user 681c376158ac95ae022b4c4a
2025-05-23T14:48:51.929Z [INFO]: User 66dfbd050bdfe18c723f1066 unfollowed user 681c376158ac95ae022b4c4a
2025-05-23T14:48:52.869Z [INFO]: User 66dfbd050bdfe18c723f1066 followed user 681c376158ac95ae022b4c4a
2025-05-23T14:49:02.484Z [INFO]: User 66dfbd050bdfe18c723f1066 unfollowed user 681c376158ac95ae022b4c4a
2025-05-23T14:49:03.782Z [INFO]: User 66dfbd050bdfe18c723f1066 followed user 681c376158ac95ae022b4c4a
2025-05-23T14:50:02.962Z [INFO]: User 66dfbd050bdfe18c723f1066 unfollowed user 681c376158ac95ae022b4c4a
2025-05-23T14:50:07.044Z [INFO]: User 66dfbd050bdfe18c723f1066 followed user 681c376158ac95ae022b4c4a
2025-05-23T14:50:10.162Z [INFO]: User 66dfbd050bdfe18c723f1066 unfollowed user 681c376158ac95ae022b4c4a
2025-05-23T14:50:12.791Z [INFO]: User 66dfbd050bdfe18c723f1066 followed user 681c376158ac95ae022b4c4a
2025-05-23T14:50:59.803Z [INFO]: User 66dfbd050bdfe18c723f1066 unfollowed user 681c376158ac95ae022b4c4a
2025-05-23T14:51:05.260Z [INFO]: User 66dfbd050bdfe18c723f1066 followed user 681c376158ac95ae022b4c4a
2025-05-23T14:51:24.552Z [INFO]: User 66dfbd050bdfe18c723f1066 unfollowed user 681c376158ac95ae022b4c4a
2025-05-23T14:51:34.684Z [INFO]: User 66dfbd050bdfe18c723f1066 followed user 681c376158ac95ae022b4c4a
2025-05-23T14:51:59.493Z [ERROR]: You can't follow yourself
2025-05-23T14:52:00.856Z [ERROR]: You can't follow yourself
2025-05-23T14:52:01.247Z [ERROR]: You can't follow yourself
2025-05-23T14:52:04.216Z [INFO]: User 66dfbd050bdfe18c723f1066 unfollowed user 681c376158ac95ae022b4c4a
2025-05-23T14:52:06.164Z [INFO]: User 66dfbd050bdfe18c723f1066 followed user 681c376158ac95ae022b4c4a
2025-05-23T14:52:07.526Z [ERROR]: You can't follow yourself
2025-05-23T14:52:13.338Z [INFO]: User 66dfbd050bdfe18c723f1066 unfollowed user 681c376158ac95ae022b4c4a
2025-05-23T14:52:20.426Z [INFO]: User 66dfbd050bdfe18c723f1066 followed user 681c376158ac95ae022b4c4a
2025-05-23T14:54:37.215Z [ERROR]: You can't follow yourself
2025-05-23T14:54:38.164Z [ERROR]: You can't follow yourself
2025-05-23T14:54:38.639Z [ERROR]: You can't follow yourself
2025-05-23T14:54:38.822Z [ERROR]: You can't follow yourself
2025-05-23T14:54:39.007Z [ERROR]: You can't follow yourself
2025-05-23T14:54:39.163Z [ERROR]: You can't follow yourself
2025-05-23T14:54:39.315Z [ERROR]: You can't follow yourself
2025-05-23T14:56:15.323Z [INFO]: User 66dfbd050bdfe18c723f1066 unfollowed user 681c376158ac95ae022b4c4a
2025-05-23T14:56:16.867Z [INFO]: User 66dfbd050bdfe18c723f1066 followed user 681c376158ac95ae022b4c4a
2025-05-23T14:58:42.425Z [INFO]: User 66dfbd050bdfe18c723f1066 unfollowed user 681c376158ac95ae022b4c4a
2025-05-23T14:58:56.630Z [INFO]: User 66dfbd050bdfe18c723f1066 followed user 681c376158ac95ae022b4c4a
2025-05-23T15:01:29.588Z [INFO]: User 66dfbd050bdfe18c723f1066 unfollowed user 681c376158ac95ae022b4c4a
2025-05-23T15:01:30.978Z [INFO]: User 66dfbd050bdfe18c723f1066 followed user 681c376158ac95ae022b4c4a
2025-05-23T15:01:36.387Z [INFO]: User 66dfbd050bdfe18c723f1066 unfollowed user 681c376158ac95ae022b4c4a
2025-05-23T15:01:42.382Z [INFO]: User 66dfbd050bdfe18c723f1066 followed user 681c376158ac95ae022b4c4a
2025-05-24T02:52:09.529Z [ERROR]: Cannot find /api/threads/recommendations on this server
2025-05-24T02:52:09.682Z [ERROR]: Cannot find /api/threads/recommendations on this server
2025-05-24T02:53:12.969Z [ERROR]: Cannot find /api/threads/recommendations on this server
2025-05-24T02:53:12.991Z [ERROR]: Cannot find /api/threads/recommendations on this server
2025-05-24T02:54:23.254Z [ERROR]: Cannot find /api/threads/recommendations on this server
2025-05-24T02:54:54.237Z [ERROR]: Cannot find /api/threads/recommendations on this server
2025-05-24T02:58:36.123Z [ERROR]: Cannot find /api/threads/recommendations on this server
2025-05-24T02:58:36.224Z [ERROR]: Cannot find /api/threads/recommendations on this server
2025-05-24T02:58:51.825Z [ERROR]: Cannot find /api/threads/recommendations on this server
2025-05-24T02:58:52.368Z [ERROR]: Cannot find /api/threads/recommendations on this server
2025-05-24T02:58:56.352Z [ERROR]: Cannot find /api/threads/recommendations on this server
2025-05-24T02:58:56.382Z [ERROR]: Cannot find /api/threads/recommendations on this server
2025-05-24T03:09:27.781Z [ERROR]: Cannot find /api/threads/posts/multiple on this server
2025-05-24T03:09:29.022Z [ERROR]: Cannot find /api/threads/posts/multiple on this server
2025-05-24T03:09:51.925Z [ERROR]: Cannot find /api/threads/posts/multiple on this server
2025-05-24T03:09:53.429Z [ERROR]: Cannot find /api/threads/posts/multiple on this server
2025-05-24T08:57:45.543Z [ERROR]: Register service error: E11000 duplicate key error collection: Threads.users index: name_1 dup key: { name: "cristiano" }
2025-05-24T08:57:45.545Z [ERROR]: Register error: Internal server error
2025-05-24T09:07:58.786Z [ERROR]: ID is invalid
2025-05-24T09:21:35.647Z [ERROR]: ID is invalid
2025-05-24T09:23:45.182Z [ERROR]: ID is invalid
2025-05-24T09:25:46.858Z [INFO]: User 68318f7dff888836007ecc99 followed user 683189f4417a5ff1adf23052
2025-05-24T09:26:17.984Z [ERROR]: Already following
2025-05-24T09:26:51.312Z [INFO]: User 683189f4417a5ff1adf23052 followed user 68318f7dff888836007ecc99
2025-05-25T07:48:57.275Z [INFO]: User 66dfbd050bdfe18c723f1066 followed user 68318f7dff888836007ecc99
2025-05-25T07:49:00.925Z [INFO]: User 66dfbd050bdfe18c723f1066 unfollowed user 68318f7dff888836007ecc99
2025-05-25T07:49:08.277Z [INFO]: User 66dfbd050bdfe18c723f1066 followed user 68318f7dff888836007ecc99
2025-05-25T07:49:16.461Z [ERROR]: Already following
2025-05-25T07:49:31.243Z [ERROR]: Already following
2025-05-25T08:01:56.436Z [ERROR]: Already following
2025-05-25T08:05:21.356Z [ERROR]: Already following
2025-05-25T08:25:29.528Z [ERROR]: Cannot find /api/users/66dfbd050bdfe18c723f1066remove-follower on this server
2025-05-25T08:25:30.479Z [ERROR]: Cannot find /api/users/66dfbd050bdfe18c723f1066remove-follower on this server
2025-05-25T08:25:36.840Z [ERROR]: Cannot find /api/users/66dfbd050bdfe18c723f1066remove-follower on this server
2025-05-25T08:25:37.180Z [ERROR]: Cannot find /api/users/66dfbd050bdfe18c723f1066remove-follower on this server
2025-05-25T08:25:37.681Z [ERROR]: Cannot find /api/users/66dfbd050bdfe18c723f1066remove-follower on this server
2025-05-25T08:25:37.864Z [ERROR]: Cannot find /api/users/66dfbd050bdfe18c723f1066remove-follower on this server
2025-05-25T08:25:38.037Z [ERROR]: Cannot find /api/users/66dfbd050bdfe18c723f1066remove-follower on this server
2025-05-25T08:25:38.230Z [ERROR]: Cannot find /api/users/66dfbd050bdfe18c723f1066remove-follower on this server
2025-05-25T08:25:38.400Z [ERROR]: Cannot find /api/users/66dfbd050bdfe18c723f1066remove-follower on this server
2025-05-25T08:25:38.565Z [ERROR]: Cannot find /api/users/66dfbd050bdfe18c723f1066remove-follower on this server
2025-05-25T08:25:52.438Z [ERROR]: Cannot find /api/users/66dfbd050bdfe18c723f1066remove-follower on this server
2025-05-25T08:26:14.305Z [ERROR]: You can't remove yourself
2025-05-25T08:26:33.413Z [INFO]: User 66dfbd050bdfe18c723f1066 removed follower 681c376158ac95ae022b4c4a
2025-05-25T08:27:31.466Z [INFO]: User 681c376158ac95ae022b4c4a followed user 66dfbd050bdfe18c723f1066
2025-05-25T08:33:03.826Z [ERROR]: ID is invalid
2025-05-25T08:47:36.215Z [INFO]: User 681c376158ac95ae022b4c4a unfollowed user 66dfbd050bdfe18c723f1066
2025-05-25T08:47:37.989Z [INFO]: User 681c376158ac95ae022b4c4a followed user 66dfbd050bdfe18c723f1066
2025-05-25T09:15:22.883Z [INFO]: User 681c376158ac95ae022b4c4a unfollowed user 66dfbd050bdfe18c723f1066
2025-05-25T09:15:28.625Z [INFO]: User 681c376158ac95ae022b4c4a followed user 66dfbd050bdfe18c723f1066
2025-05-25T10:20:21.325Z [ERROR]: ID is invalid
2025-05-25T10:20:35.395Z [ERROR]: ID is invalid
2025-05-25T10:20:44.668Z [ERROR]: ID is invalid
2025-05-25T10:20:57.805Z [ERROR]: ID is invalid
2025-05-25T10:21:26.013Z [ERROR]: ID is invalid
2025-05-25T10:21:49.562Z [ERROR]: ID is invalid
2025-05-25T10:21:54.947Z [ERROR]: ID is invalid
2025-05-26T02:38:15.805Z [ERROR]: Get post by id service error: Cast to ObjectId failed for value "liked" (type string) at path "_id" for model "Thread"
2025-05-26T02:38:15.811Z [ERROR]: Internal server error
2025-05-26T02:38:15.852Z [ERROR]: Get post by id service error: Cast to ObjectId failed for value "liked" (type string) at path "_id" for model "Thread"
2025-05-26T02:38:15.853Z [ERROR]: Internal server error
2025-05-26T02:38:21.049Z [ERROR]: Get post by id service error: Cast to ObjectId failed for value "liked" (type string) at path "_id" for model "Thread"
2025-05-26T02:38:21.051Z [ERROR]: Internal server error
2025-05-26T02:38:21.150Z [ERROR]: Get post by id service error: Cast to ObjectId failed for value "liked" (type string) at path "_id" for model "Thread"
2025-05-26T02:38:21.152Z [ERROR]: Internal server error
2025-05-26T02:38:34.308Z [ERROR]: Get post by id service error: Cast to ObjectId failed for value "liked" (type string) at path "_id" for model "Thread"
2025-05-26T02:38:34.310Z [ERROR]: Internal server error
2025-05-26T02:38:34.479Z [ERROR]: Get post by id service error: Cast to ObjectId failed for value "liked" (type string) at path "_id" for model "Thread"
2025-05-26T02:38:34.480Z [ERROR]: Internal server error
2025-05-26T02:39:24.532Z [ERROR]: Get post by id service error: Cast to ObjectId failed for value "liked" (type string) at path "_id" for model "Thread"
2025-05-26T02:39:24.533Z [ERROR]: Internal server error
2025-05-26T02:39:24.617Z [ERROR]: Get post by id service error: Cast to ObjectId failed for value "liked" (type string) at path "_id" for model "Thread"
2025-05-26T02:39:24.618Z [ERROR]: Internal server error
2025-05-26T02:39:27.927Z [ERROR]: Get post by id service error: Cast to ObjectId failed for value "liked" (type string) at path "_id" for model "Thread"
2025-05-26T02:39:27.928Z [ERROR]: Internal server error
2025-05-26T02:39:28.087Z [ERROR]: Get post by id service error: Cast to ObjectId failed for value "liked" (type string) at path "_id" for model "Thread"
2025-05-26T02:39:28.088Z [ERROR]: Internal server error
2025-05-26T02:39:49.400Z [ERROR]: Get post by id service error: Cast to ObjectId failed for value "liked" (type string) at path "_id" for model "Thread"
2025-05-26T02:39:49.401Z [ERROR]: Internal server error
2025-05-26T02:39:49.491Z [ERROR]: Get post by id service error: Cast to ObjectId failed for value "liked" (type string) at path "_id" for model "Thread"
2025-05-26T02:39:49.493Z [ERROR]: Internal server error
2025-05-26T02:39:52.326Z [ERROR]: Get post by id service error: Cast to ObjectId failed for value "liked" (type string) at path "_id" for model "Thread"
2025-05-26T02:39:52.327Z [ERROR]: Internal server error
2025-05-26T02:39:52.486Z [ERROR]: Get post by id service error: Cast to ObjectId failed for value "liked" (type string) at path "_id" for model "Thread"
2025-05-26T02:39:52.488Z [ERROR]: Internal server error
2025-05-26T02:39:58.883Z [ERROR]: Get post by id service error: Cast to ObjectId failed for value "liked" (type string) at path "_id" for model "Thread"
2025-05-26T02:39:58.885Z [ERROR]: Internal server error
2025-05-26T02:43:01.520Z [ERROR]: Get post by id service error: Cast to ObjectId failed for value "liked" (type string) at path "_id" for model "Thread"
2025-05-26T02:43:01.524Z [ERROR]: Internal server error
2025-05-26T02:43:01.798Z [ERROR]: Get post by id service error: Cast to ObjectId failed for value "liked" (type string) at path "_id" for model "Thread"
2025-05-26T02:43:01.799Z [ERROR]: Internal server error
2025-05-26T02:45:14.406Z [ERROR]: Get post by id service error: Cast to ObjectId failed for value "liked" (type string) at path "_id" for model "Thread"
2025-05-26T02:45:14.407Z [ERROR]: Internal server error
2025-05-26T02:45:14.507Z [ERROR]: Get post by id service error: Cast to ObjectId failed for value "liked" (type string) at path "_id" for model "Thread"
2025-05-26T02:45:14.508Z [ERROR]: Internal server error
2025-05-26T02:47:16.936Z [ERROR]: Get post by id service error: Cast to ObjectId failed for value "liked" (type string) at path "_id" for model "Thread"
2025-05-26T02:47:16.942Z [ERROR]: Internal server error
2025-05-26T02:47:16.973Z [ERROR]: Get post by id service error: Cast to ObjectId failed for value "liked" (type string) at path "_id" for model "Thread"
2025-05-26T02:47:16.976Z [ERROR]: Internal server error
2025-05-26T02:48:23.495Z [ERROR]: Get post by id service error: Cast to ObjectId failed for value "liked" (type string) at path "_id" for model "Thread"
2025-05-26T02:48:23.498Z [ERROR]: Internal server error
2025-05-26T02:48:23.503Z [ERROR]: Get post by id service error: Cast to ObjectId failed for value "liked" (type string) at path "_id" for model "Thread"
2025-05-26T02:48:23.504Z [ERROR]: Internal server error
2025-05-26T02:58:52.207Z [ERROR]: Get post by id service error: Cast to ObjectId failed for value "liked" (type string) at path "_id" for model "Thread"
2025-05-26T02:58:52.211Z [ERROR]: Internal server error
2025-05-26T02:58:52.215Z [ERROR]: Get post by id service error: Cast to ObjectId failed for value "liked" (type string) at path "_id" for model "Thread"
2025-05-26T02:58:52.216Z [ERROR]: Internal server error
2025-05-26T03:05:52.528Z [INFO]: Fetching post with ID: liked, userId: 683189f4417a5ff1adf23052
2025-05-26T03:05:52.530Z [WARN]: Invalid post ID: liked
2025-05-26T03:05:52.531Z [ERROR]: Get post by id service error: Invalid post ID
2025-05-26T03:05:52.535Z [ERROR]: Invalid post ID
2025-05-26T03:05:52.766Z [INFO]: Fetching post with ID: liked, userId: 683189f4417a5ff1adf23052
2025-05-26T03:05:52.767Z [WARN]: Invalid post ID: liked
2025-05-26T03:05:52.768Z [ERROR]: Get post by id service error: Invalid post ID
2025-05-26T03:05:52.770Z [ERROR]: Invalid post ID
2025-05-26T03:06:06.031Z [ERROR]: Cannot find /favicon.ico on this server
2025-05-26T03:08:03.180Z [INFO]: Fetching post with ID: liked, userId: 683189f4417a5ff1adf23052
2025-05-26T03:08:03.182Z [WARN]: Invalid post ID: liked
2025-05-26T03:08:03.182Z [ERROR]: Get post by id service error: Invalid post ID
2025-05-26T03:08:03.185Z [ERROR]: Invalid post ID
2025-05-26T03:08:03.214Z [INFO]: Fetching post with ID: liked, userId: 683189f4417a5ff1adf23052
2025-05-26T03:08:03.215Z [WARN]: Invalid post ID: liked
2025-05-26T03:08:03.215Z [ERROR]: Get post by id service error: Invalid post ID
2025-05-26T03:08:03.216Z [ERROR]: Invalid post ID
2025-05-26T03:08:31.360Z [INFO]: Fetching post with ID: liked, userId: 683189f4417a5ff1adf23052
2025-05-26T03:08:31.362Z [WARN]: Invalid post ID: liked
2025-05-26T03:08:31.362Z [ERROR]: Get post by id service error: Invalid post ID
2025-05-26T03:08:31.365Z [ERROR]: Invalid post ID
2025-05-26T03:08:31.468Z [INFO]: Fetching post with ID: liked, userId: 683189f4417a5ff1adf23052
2025-05-26T03:08:31.468Z [WARN]: Invalid post ID: liked
2025-05-26T03:08:31.468Z [ERROR]: Get post by id service error: Invalid post ID
2025-05-26T03:08:31.469Z [ERROR]: Invalid post ID
2025-05-26T03:09:04.939Z [INFO]: Fetching post with ID: liked, userId: 683189f4417a5ff1adf23052
2025-05-26T03:09:04.941Z [WARN]: Invalid post ID: liked
2025-05-26T03:09:04.942Z [ERROR]: Get post by id service error: Invalid post ID
2025-05-26T03:09:04.945Z [ERROR]: Invalid post ID
2025-05-26T03:16:42.386Z [ERROR]: Cannot find /api/threads/threads/68318d33ff888836007ecadb/comments on this server
2025-05-26T03:16:42.394Z [INFO]: Fetching post with ID: 68318d33ff888836007ecadb, userId: 683189f4417a5ff1adf23052
2025-05-26T03:16:42.397Z [ERROR]: Cannot find /api/threads/threads/68318d33ff888836007ecadb/comments on this server
2025-05-26T03:16:42.426Z [ERROR]: Get post by id service error: Cannot populate path `comments` because it is not in your schema. Set the `strictPopulate` option to false to override.
2025-05-26T03:16:42.434Z [ERROR]: Internal server error
2025-05-26T03:16:42.479Z [INFO]: Fetching post with ID: 68318d33ff888836007ecadb, userId: 683189f4417a5ff1adf23052
2025-05-26T03:16:42.513Z [ERROR]: Get post by id service error: Cannot populate path `comments` because it is not in your schema. Set the `strictPopulate` option to false to override.
2025-05-26T03:16:42.515Z [ERROR]: Internal server error
2025-05-26T03:16:51.281Z [ERROR]: Cannot find /api/threads/threads/68318d33ff888836007ecadb/comments on this server
2025-05-26T03:16:51.297Z [ERROR]: Cannot find /api/threads/threads/68318d33ff888836007ecadb/comments on this server
2025-05-26T03:16:51.314Z [INFO]: Fetching post with ID: 68318d33ff888836007ecadb, userId: 683189f4417a5ff1adf23052
2025-05-26T03:16:51.322Z [INFO]: Fetching post with ID: 68318d33ff888836007ecadb, userId: 683189f4417a5ff1adf23052
2025-05-26T03:16:51.359Z [ERROR]: Get post by id service error: Cannot populate path `comments` because it is not in your schema. Set the `strictPopulate` option to false to override.
2025-05-26T03:16:51.362Z [ERROR]: Internal server error
2025-05-26T03:16:51.369Z [ERROR]: Get post by id service error: Cannot populate path `comments` because it is not in your schema. Set the `strictPopulate` option to false to override.
2025-05-26T03:16:51.373Z [ERROR]: Internal server error
2025-05-26T03:18:06.810Z [INFO]: Fetching post with ID: 68319085ff888836007ecd14, userId: 683189f4417a5ff1adf23052
2025-05-26T03:18:06.815Z [ERROR]: Get comments by post id service error: Post not found
2025-05-26T03:18:06.817Z [ERROR]: Internal server error
2025-05-26T03:18:06.848Z [ERROR]: Get post by id service error: Cannot populate path `comments` because it is not in your schema. Set the `strictPopulate` option to false to override.
2025-05-26T03:18:06.849Z [ERROR]: Internal server error
2025-05-26T03:18:06.857Z [ERROR]: Get comments by post id service error: Post not found
2025-05-26T03:18:06.858Z [ERROR]: Internal server error
2025-05-26T03:18:06.896Z [INFO]: Fetching post with ID: 68319085ff888836007ecd14, userId: 683189f4417a5ff1adf23052
2025-05-26T03:18:06.942Z [ERROR]: Get post by id service error: Cannot populate path `comments` because it is not in your schema. Set the `strictPopulate` option to false to override.
2025-05-26T03:18:06.943Z [ERROR]: Internal server error
2025-05-26T03:18:10.632Z [INFO]: Fetching post with ID: 68319085ff888836007ecd14, userId: 683189f4417a5ff1adf23052
2025-05-26T03:18:10.636Z [ERROR]: Get comments by post id service error: Post not found
2025-05-26T03:18:10.638Z [ERROR]: Internal server error
2025-05-26T03:18:10.656Z [ERROR]: Get comments by post id service error: Post not found
2025-05-26T03:18:10.658Z [ERROR]: Internal server error
2025-05-26T03:18:10.668Z [INFO]: Fetching post with ID: 68319085ff888836007ecd14, userId: 683189f4417a5ff1adf23052
2025-05-26T03:18:10.680Z [ERROR]: Get post by id service error: Cannot populate path `comments` because it is not in your schema. Set the `strictPopulate` option to false to override.
2025-05-26T03:18:10.683Z [ERROR]: Internal server error
2025-05-26T03:18:10.713Z [ERROR]: Get post by id service error: Cannot populate path `comments` because it is not in your schema. Set the `strictPopulate` option to false to override.
2025-05-26T03:18:10.717Z [ERROR]: Internal server error
2025-05-26T03:19:22.428Z [ERROR]: Get comments by post id service error: Post not found
2025-05-26T03:19:22.431Z [ERROR]: Internal server error
2025-05-26T03:19:22.442Z [INFO]: Fetching post with ID: 68319085ff888836007ecd14, userId: 683189f4417a5ff1adf23052
2025-05-26T03:19:22.463Z [ERROR]: Get comments by post id service error: Post not found
2025-05-26T03:19:22.464Z [ERROR]: Internal server error
2025-05-26T03:19:22.484Z [ERROR]: Get post by id service error: Cannot populate path `comments` because it is not in your schema. Set the `strictPopulate` option to false to override.
2025-05-26T03:19:22.486Z [ERROR]: Internal server error
2025-05-26T03:19:22.522Z [INFO]: Fetching post with ID: 68319085ff888836007ecd14, userId: 683189f4417a5ff1adf23052
2025-05-26T03:19:22.553Z [ERROR]: Get post by id service error: Cannot populate path `comments` because it is not in your schema. Set the `strictPopulate` option to false to override.
2025-05-26T03:19:22.554Z [ERROR]: Internal server error
2025-05-26T03:19:27.788Z [INFO]: Fetching post with ID: 68319085ff888836007ecd14, userId: 683189f4417a5ff1adf23052
2025-05-26T03:19:27.797Z [ERROR]: Get comments by post id service error: Post not found
2025-05-26T03:19:27.800Z [ERROR]: Internal server error
2025-05-26T03:19:27.806Z [ERROR]: Get comments by post id service error: Post not found
2025-05-26T03:19:27.808Z [ERROR]: Internal server error
2025-05-26T03:19:27.813Z [INFO]: Fetching post with ID: 68319085ff888836007ecd14, userId: 683189f4417a5ff1adf23052
2025-05-26T03:19:27.829Z [ERROR]: Get post by id service error: Cannot populate path `comments` because it is not in your schema. Set the `strictPopulate` option to false to override.
2025-05-26T03:19:27.831Z [ERROR]: Internal server error
2025-05-26T03:19:27.854Z [ERROR]: Get post by id service error: Cannot populate path `comments` because it is not in your schema. Set the `strictPopulate` option to false to override.
2025-05-26T03:19:27.859Z [ERROR]: Internal server error
2025-05-26T03:21:56.519Z [INFO]: Fetching post with ID: 68319085ff888836007ecd14, userId: 683189f4417a5ff1adf23052
2025-05-26T03:21:56.553Z [ERROR]: Get post by id service error: Cannot populate path `comments` because it is not in your schema. Set the `strictPopulate` option to false to override.
2025-05-26T03:21:56.555Z [ERROR]: Internal server error
2025-05-26T03:21:56.560Z [ERROR]: Get comments by post id service error: Post not found
2025-05-26T03:21:56.562Z [ERROR]: Internal server error
2025-05-26T03:21:56.596Z [INFO]: Fetching post with ID: 68319085ff888836007ecd14, userId: 683189f4417a5ff1adf23052
2025-05-26T03:21:56.636Z [ERROR]: Get post by id service error: Cannot populate path `comments` because it is not in your schema. Set the `strictPopulate` option to false to override.
2025-05-26T03:21:56.637Z [ERROR]: Internal server error
2025-05-26T03:21:56.639Z [ERROR]: Get comments by post id service error: Post not found
2025-05-26T03:21:56.640Z [ERROR]: Internal server error
2025-05-26T03:26:11.996Z [INFO]: Fetching post with ID: 68319085ff888836007ecd14, userId: 683189f4417a5ff1adf23052
2025-05-26T03:26:12.054Z [ERROR]: Get comments by post id service error: Post not found
2025-05-26T03:26:12.057Z [ERROR]: Internal server error
2025-05-26T03:26:12.090Z [INFO]: Post found: 68319085ff888836007ecd14, views: 0/0
2025-05-26T03:26:12.147Z [INFO]: Post views updated: 1/0
2025-05-26T03:26:12.161Z [ERROR]: Get comments by post id service error: Post not found
2025-05-26T03:26:12.164Z [ERROR]: Internal server error
2025-05-26T03:26:12.195Z [INFO]: Fetching post with ID: 68319085ff888836007ecd14, userId: 683189f4417a5ff1adf23052
2025-05-26T03:26:12.269Z [INFO]: Post found: 68319085ff888836007ecd14, views: 1/0
2025-05-26T03:26:12.306Z [INFO]: Post views updated: 2/0
2025-05-26T03:26:14.315Z [INFO]: Fetching post with ID: 68319085ff888836007ecd14, userId: 683189f4417a5ff1adf23052
2025-05-26T03:26:14.346Z [ERROR]: Get comments by post id service error: Post not found
2025-05-26T03:26:14.347Z [ERROR]: Internal server error
2025-05-26T03:26:14.376Z [INFO]: Post found: 68319085ff888836007ecd14, views: 2/0
2025-05-26T03:26:14.409Z [ERROR]: Get comments by post id service error: Post not found
2025-05-26T03:26:14.410Z [ERROR]: Internal server error
2025-05-26T03:26:14.415Z [INFO]: Post views updated: 3/0
2025-05-26T03:26:14.450Z [INFO]: Fetching post with ID: 68319085ff888836007ecd14, userId: 683189f4417a5ff1adf23052
2025-05-26T03:26:14.514Z [INFO]: Post found: 68319085ff888836007ecd14, views: 3/0
2025-05-26T03:26:14.548Z [INFO]: Post views updated: 4/0
2025-05-26T03:26:28.379Z [INFO]: Fetching post with ID: 68319085ff888836007ecd14, userId: 683189f4417a5ff1adf23052
2025-05-26T03:26:28.413Z [ERROR]: Get comments by post id service error: Post not found
2025-05-26T03:26:28.414Z [ERROR]: Internal server error
2025-05-26T03:26:28.459Z [INFO]: Post found: 68319085ff888836007ecd14, views: 4/0
2025-05-26T03:26:28.479Z [ERROR]: Get comments by post id service error: Post not found
2025-05-26T03:26:28.480Z [ERROR]: Internal server error
2025-05-26T03:26:28.504Z [INFO]: Post views updated: 5/0
2025-05-26T03:26:28.549Z [INFO]: Fetching post with ID: 68319085ff888836007ecd14, userId: 683189f4417a5ff1adf23052
2025-05-26T03:26:28.626Z [INFO]: Post found: 68319085ff888836007ecd14, views: 5/0
2025-05-26T03:26:28.668Z [INFO]: Post views updated: 6/0
2025-05-26T03:28:11.713Z [INFO]: Fetching post with ID: 68319085ff888836007ecd14, userId: 683189f4417a5ff1adf23052
2025-05-26T03:28:11.716Z [INFO]: Fetching post with ID: 68319085ff888836007ecd14, userId: 683189f4417a5ff1adf23052
2025-05-26T03:28:11.750Z [ERROR]: Get comments by post id service error: Post not found
2025-05-26T03:28:11.751Z [ERROR]: Internal server error
2025-05-26T03:28:11.761Z [ERROR]: Get comments by post id service error: Post not found
2025-05-26T03:28:11.761Z [ERROR]: Internal server error
2025-05-26T03:28:11.784Z [INFO]: Post found: 68319085ff888836007ecd14, views: 6/0
2025-05-26T03:28:11.804Z [INFO]: Post found: 68319085ff888836007ecd14, views: 6/0
2025-05-26T03:28:11.825Z [INFO]: Post views updated: 7/0
2025-05-26T03:28:11.843Z [INFO]: Post views updated: 7/0
2025-05-26T03:28:13.987Z [INFO]: Fetching post with ID: 68319085ff888836007ecd14, userId: 683189f4417a5ff1adf23052
2025-05-26T03:28:14.022Z [ERROR]: Get comments by post id service error: Post not found
2025-05-26T03:28:14.023Z [ERROR]: Internal server error
2025-05-26T03:28:14.050Z [INFO]: Post found: 68319085ff888836007ecd14, views: 7/0
2025-05-26T03:28:14.085Z [INFO]: Post views updated: 8/0
2025-05-26T03:28:14.090Z [ERROR]: Get comments by post id service error: Post not found
2025-05-26T03:28:14.091Z [ERROR]: Internal server error
2025-05-26T03:28:14.119Z [INFO]: Fetching post with ID: 68319085ff888836007ecd14, userId: 683189f4417a5ff1adf23052
2025-05-26T03:28:14.181Z [INFO]: Post found: 68319085ff888836007ecd14, views: 8/0
2025-05-26T03:28:14.218Z [INFO]: Post views updated: 9/0
2025-05-26T03:28:19.748Z [INFO]: Fetching post with ID: 68319085ff888836007ecd14, userId: 683189f4417a5ff1adf23052
2025-05-26T03:28:19.769Z [INFO]: Fetching post with ID: 68319085ff888836007ecd14, userId: 683189f4417a5ff1adf23052
2025-05-26T03:28:19.785Z [ERROR]: Get comments by post id service error: Post not found
2025-05-26T03:28:19.785Z [ERROR]: Internal server error
2025-05-26T03:28:19.796Z [ERROR]: Get comments by post id service error: Post not found
2025-05-26T03:28:19.797Z [ERROR]: Internal server error
2025-05-26T03:28:19.812Z [INFO]: Post found: 68319085ff888836007ecd14, views: 9/0
2025-05-26T03:28:19.849Z [INFO]: Post found: 68319085ff888836007ecd14, views: 9/0
2025-05-26T03:28:19.852Z [INFO]: Post views updated: 10/0
2025-05-26T03:28:19.888Z [INFO]: Post views updated: 10/0
2025-05-26T03:31:37.532Z [INFO]: Fetching post with ID: 68319085ff888836007ecd14, userId: 683189f4417a5ff1adf23052
2025-05-26T03:31:37.562Z [ERROR]: Get comments by post id service error: Post not found
2025-05-26T03:31:37.564Z [ERROR]: Internal server error
2025-05-26T03:31:37.586Z [INFO]: Post found: 68319085ff888836007ecd14, views: 10/0
2025-05-26T03:31:37.619Z [ERROR]: Get comments by post id service error: Post not found
2025-05-26T03:31:37.620Z [ERROR]: Internal server error
2025-05-26T03:31:37.622Z [INFO]: Post views updated: 11/0
2025-05-26T03:31:37.653Z [INFO]: Fetching post with ID: 68319085ff888836007ecd14, userId: 683189f4417a5ff1adf23052
2025-05-26T03:31:37.706Z [INFO]: Post found: 68319085ff888836007ecd14, views: 11/0
2025-05-26T03:31:37.734Z [INFO]: Post views updated: 12/0
2025-05-26T03:31:41.281Z [INFO]: Fetching post with ID: 68319085ff888836007ecd14, userId: 683189f4417a5ff1adf23052
2025-05-26T03:31:41.293Z [INFO]: Fetching post with ID: 68319085ff888836007ecd14, userId: 683189f4417a5ff1adf23052
2025-05-26T03:31:41.311Z [ERROR]: Get comments by post id service error: Post not found
2025-05-26T03:31:41.312Z [ERROR]: Internal server error
2025-05-26T03:31:41.335Z [INFO]: Post found: 68319085ff888836007ecd14, views: 12/0
2025-05-26T03:31:41.338Z [ERROR]: Get comments by post id service error: Post not found
2025-05-26T03:31:41.339Z [ERROR]: Internal server error
2025-05-26T03:31:41.348Z [INFO]: Post found: 68319085ff888836007ecd14, views: 12/0
2025-05-26T03:31:41.365Z [INFO]: Post views updated: 13/0
2025-05-26T03:31:41.377Z [INFO]: Post views updated: 13/0
2025-05-26T03:36:39.743Z [INFO]: Fetching post with ID: 68319085ff888836007ecd14, userId: 683189f4417a5ff1adf23052
2025-05-26T03:36:39.746Z [INFO]: Fetching comments for thread ID: undefined
2025-05-26T03:36:39.747Z [WARN]: Invalid thread ID: undefined
2025-05-26T03:36:39.747Z [ERROR]: Get comments by thread id error: Invalid thread ID
2025-05-26T03:36:39.750Z [ERROR]: Invalid thread ID
2025-05-26T03:36:39.785Z [INFO]: Fetching comments for thread ID: undefined
2025-05-26T03:36:39.786Z [WARN]: Invalid thread ID: undefined
2025-05-26T03:36:39.786Z [ERROR]: Get comments by thread id error: Invalid thread ID
2025-05-26T03:36:39.787Z [ERROR]: Invalid thread ID
2025-05-26T03:36:39.807Z [INFO]: Post found: 68319085ff888836007ecd14, views: 13/0
2025-05-26T03:36:39.854Z [INFO]: Post views updated: 14/0
2025-05-26T03:36:39.889Z [INFO]: Fetching post with ID: 68319085ff888836007ecd14, userId: 683189f4417a5ff1adf23052
2025-05-26T03:36:39.952Z [INFO]: Post found: 68319085ff888836007ecd14, views: 14/0
2025-05-26T03:36:39.986Z [INFO]: Post views updated: 15/0
2025-05-26T03:39:10.737Z [ERROR]: Cannot find /api/threads/threads/undefined on this server
2025-05-26T03:39:10.745Z [ERROR]: Cannot find /api/threads/threads/undefined on this server
2025-05-26T03:39:11.701Z [ERROR]: Cannot find /api/threads/threads/undefined/comments on this server
2025-05-26T03:39:49.275Z [ERROR]: Cannot find /api/threads/threads/undefined on this server
2025-05-26T03:39:49.327Z [ERROR]: Cannot find /api/threads/threads/undefined on this server
2025-05-26T03:39:50.597Z [ERROR]: Cannot find /api/threads/threads/undefined on this server
2025-05-26T03:39:50.601Z [ERROR]: Cannot find /api/threads/threads/undefined on this server
2025-05-26T03:39:51.586Z [ERROR]: Cannot find /api/threads/threads/undefined/comments on this server
2025-05-26T03:39:57.197Z [ERROR]: Cannot find /api/threads/threads/undefined on this server
2025-05-26T03:39:57.210Z [ERROR]: Cannot find /api/threads/threads/undefined on this server
2025-05-26T03:40:24.503Z [ERROR]: Cannot find /api/threads/undefined on this server
2025-05-26T03:40:24.508Z [ERROR]: Cannot find /api/threads/undefined on this server
2025-05-26T03:40:25.515Z [INFO]: Fetching comments for thread ID: undefined
2025-05-26T03:40:25.516Z [WARN]: Invalid thread ID: undefined
2025-05-26T03:40:25.517Z [ERROR]: Get comments by thread id error: Invalid thread ID
2025-05-26T03:40:25.520Z [ERROR]: Invalid thread ID
2025-05-26T03:40:32.094Z [ERROR]: Cannot find /api/threads/undefined on this server
2025-05-26T03:40:32.099Z [ERROR]: Cannot find /api/threads/undefined on this server
2025-05-26T03:41:46.833Z [ERROR]: Cannot find /api/threads/undefined on this server
2025-05-26T03:41:46.841Z [ERROR]: Cannot find /api/threads/undefined on this server
2025-05-26T03:41:47.832Z [INFO]: Fetching comments for thread ID: undefined
2025-05-26T03:41:47.833Z [WARN]: Invalid thread ID: undefined
2025-05-26T03:41:47.833Z [ERROR]: Get comments by thread id error: Invalid thread ID
2025-05-26T03:41:47.835Z [ERROR]: Invalid thread ID
2025-05-26T03:44:30.545Z [ERROR]: Cannot find /api/threads/undefined on this server
2025-05-26T03:44:30.564Z [ERROR]: Cannot find /api/threads/undefined on this server
2025-05-26T03:44:34.340Z [ERROR]: Cannot find /api/threads/undefined on this server
2025-05-26T03:44:34.345Z [ERROR]: Cannot find /api/threads/undefined on this server
2025-05-26T03:44:35.369Z [INFO]: Fetching comments for thread ID: undefined
2025-05-26T03:44:35.370Z [WARN]: Invalid thread ID: undefined
2025-05-26T03:44:35.371Z [ERROR]: Get comments by thread id error: Invalid thread ID
2025-05-26T03:44:35.373Z [ERROR]: Invalid thread ID
2025-05-26T03:45:39.291Z [ERROR]: Cannot find /api/threads/undefined on this server
2025-05-26T03:45:39.321Z [ERROR]: Cannot find /api/threads/undefined on this server
2025-05-26T03:45:41.276Z [ERROR]: Cannot find /api/threads/undefined on this server
2025-05-26T03:45:41.279Z [ERROR]: Cannot find /api/threads/undefined on this server
2025-05-26T03:45:42.300Z [INFO]: Fetching comments for thread ID: undefined
2025-05-26T03:45:42.301Z [WARN]: Invalid thread ID: undefined
2025-05-26T03:45:42.302Z [ERROR]: Get comments by thread id error: Invalid thread ID
2025-05-26T03:45:42.305Z [ERROR]: Invalid thread ID
2025-05-26T03:45:53.651Z [ERROR]: Cannot find /api/threads/undefined on this server
2025-05-26T03:45:53.659Z [ERROR]: Cannot find /api/threads/undefined on this server
2025-05-26T03:45:56.763Z [ERROR]: Cannot find /api/threads/undefined on this server
2025-05-26T03:45:56.771Z [ERROR]: Cannot find /api/threads/undefined on this server
2025-05-26T03:45:57.734Z [INFO]: Fetching comments for thread ID: undefined
2025-05-26T03:45:57.734Z [WARN]: Invalid thread ID: undefined
2025-05-26T03:45:57.735Z [ERROR]: Get comments by thread id error: Invalid thread ID
2025-05-26T03:45:57.735Z [ERROR]: Invalid thread ID
2025-05-26T04:04:05.004Z [INFO]: Fetching post with ID: undefined, userId: 683189f4417a5ff1adf23052
2025-05-26T04:04:05.006Z [WARN]: Invalid post ID: undefined
2025-05-26T04:04:05.008Z [ERROR]: Get post by id service error: Invalid post ID
2025-05-26T04:04:05.017Z [ERROR]: Invalid post ID
2025-05-26T04:04:05.061Z [INFO]: Fetching post with ID: undefined, userId: 683189f4417a5ff1adf23052
2025-05-26T04:04:05.062Z [WARN]: Invalid post ID: undefined
2025-05-26T04:04:05.062Z [ERROR]: Get post by id service error: Invalid post ID
2025-05-26T04:04:05.063Z [ERROR]: Invalid post ID
2025-05-26T04:04:06.254Z [INFO]: Fetching comments for thread ID: undefined
2025-05-26T04:04:06.256Z [WARN]: Invalid thread ID: undefined
2025-05-26T04:04:06.256Z [ERROR]: Get comments by thread id error: Invalid thread ID
2025-05-26T04:04:06.258Z [ERROR]: Invalid thread ID
2025-05-26T04:04:13.545Z [INFO]: Fetching post with ID: undefined, userId: 683189f4417a5ff1adf23052
2025-05-26T04:04:13.545Z [WARN]: Invalid post ID: undefined
2025-05-26T04:04:13.546Z [ERROR]: Get post by id service error: Invalid post ID
2025-05-26T04:04:13.546Z [ERROR]: Invalid post ID
2025-05-26T04:04:13.549Z [INFO]: Fetching post with ID: undefined, userId: 683189f4417a5ff1adf23052
2025-05-26T04:04:13.549Z [WARN]: Invalid post ID: undefined
2025-05-26T04:04:13.550Z [ERROR]: Get post by id service error: Invalid post ID
2025-05-26T04:04:13.551Z [ERROR]: Invalid post ID
2025-05-26T04:05:35.433Z [INFO]: Fetching post with ID: undefined, userId: 683189f4417a5ff1adf23052
2025-05-26T04:05:35.437Z [WARN]: Invalid post ID: undefined
2025-05-26T04:05:35.439Z [ERROR]: Get post by id service error: Invalid post ID
2025-05-26T04:05:35.444Z [ERROR]: Invalid post ID
2025-05-26T04:05:35.468Z [INFO]: Fetching post with ID: undefined, userId: 683189f4417a5ff1adf23052
2025-05-26T04:05:35.470Z [WARN]: Invalid post ID: undefined
2025-05-26T04:05:35.474Z [ERROR]: Get post by id service error: Invalid post ID
2025-05-26T04:05:35.476Z [ERROR]: Invalid post ID
2025-05-26T04:05:36.687Z [INFO]: Fetching comments for thread ID: undefined
2025-05-26T04:05:36.688Z [WARN]: Invalid thread ID: undefined
2025-05-26T04:05:36.689Z [ERROR]: Get comments by thread id error: Invalid thread ID
2025-05-26T04:05:36.691Z [ERROR]: Invalid thread ID
2025-05-26T04:05:39.501Z [INFO]: Fetching post with ID: undefined, userId: 683189f4417a5ff1adf23052
2025-05-26T04:05:39.503Z [WARN]: Invalid post ID: undefined
2025-05-26T04:05:39.504Z [ERROR]: Get post by id service error: Invalid post ID
2025-05-26T04:05:39.505Z [ERROR]: Invalid post ID
2025-05-26T04:05:39.509Z [INFO]: Fetching post with ID: undefined, userId: 683189f4417a5ff1adf23052
2025-05-26T04:05:39.509Z [WARN]: Invalid post ID: undefined
2025-05-26T04:05:39.510Z [ERROR]: Get post by id service error: Invalid post ID
2025-05-26T04:05:39.513Z [ERROR]: Invalid post ID
2025-05-26T04:08:21.547Z [INFO]: Fetching comments for thread ID: undefined
2025-05-26T04:08:21.549Z [WARN]: Invalid thread ID: undefined
2025-05-26T04:08:21.550Z [ERROR]: Get comments by thread id error: Invalid thread ID
2025-05-26T04:08:21.552Z [ERROR]: Invalid thread ID
2025-05-26T04:08:24.049Z [WARN]: Post not found: undefined
2025-05-26T04:08:24.049Z [ERROR]: Get post by id service error: Post not found
2025-05-26T04:08:24.052Z [ERROR]: Post not found
2025-05-26T04:08:24.094Z [WARN]: Post not found: undefined
2025-05-26T04:08:24.095Z [ERROR]: Get post by id service error: Post not found
2025-05-26T04:08:24.095Z [ERROR]: Post not found
2025-05-26T04:29:14.950Z [ERROR]: Cannot find /api/threads/threads/68319085ff888836007ecd14/comments on this server
2025-05-26T04:29:14.979Z [ERROR]: Cannot find /api/threads/threads/68319085ff888836007ecd14/comments on this server
2025-05-26T04:29:15.022Z [INFO]: Fetching post with ID: undefined, userId: 683189f4417a5ff1adf23052
2025-05-26T04:29:15.029Z [WARN]: Invalid post ID: undefined
2025-05-26T04:29:15.035Z [ERROR]: Get post by id service error: Invalid post ID
2025-05-26T04:29:15.046Z [ERROR]: Invalid post ID
2025-05-26T04:29:15.097Z [INFO]: Fetching post with ID: undefined, userId: 683189f4417a5ff1adf23052
2025-05-26T04:29:15.099Z [WARN]: Invalid post ID: undefined
2025-05-26T04:29:15.100Z [ERROR]: Get post by id service error: Invalid post ID
2025-05-26T04:29:15.103Z [ERROR]: Invalid post ID
2025-05-26T04:29:18.076Z [ERROR]: Cannot find /api/threads/threads/68319085ff888836007ecd14/comments on this server
2025-05-26T04:29:18.107Z [ERROR]: Cannot find /api/threads/threads/68319085ff888836007ecd14/comments on this server
2025-05-26T04:29:18.117Z [INFO]: Fetching post with ID: undefined, userId: 683189f4417a5ff1adf23052
2025-05-26T04:29:18.121Z [WARN]: Invalid post ID: undefined
2025-05-26T04:29:18.125Z [ERROR]: Get post by id service error: Invalid post ID
2025-05-26T04:29:18.130Z [ERROR]: Invalid post ID
2025-05-26T04:29:18.204Z [INFO]: Fetching post with ID: undefined, userId: 683189f4417a5ff1adf23052
2025-05-26T04:29:18.204Z [WARN]: Invalid post ID: undefined
2025-05-26T04:29:18.205Z [ERROR]: Get post by id service error: Invalid post ID
2025-05-26T04:29:18.206Z [ERROR]: Invalid post ID
2025-05-26T04:29:19.836Z [ERROR]: Cannot find /api/threads/threads/68319085ff888836007ecd14/comments on this server
2025-05-26T04:29:19.839Z [ERROR]: Cannot find /api/threads/threads/68319085ff888836007ecd14/comments on this server
2025-05-26T04:29:19.871Z [INFO]: Fetching post with ID: undefined, userId: 683189f4417a5ff1adf23052
2025-05-26T04:29:19.872Z [WARN]: Invalid post ID: undefined
2025-05-26T04:29:19.872Z [ERROR]: Get post by id service error: Invalid post ID
2025-05-26T04:29:19.873Z [ERROR]: Invalid post ID
2025-05-26T04:29:19.915Z [INFO]: Fetching post with ID: undefined, userId: 683189f4417a5ff1adf23052
2025-05-26T04:29:19.915Z [WARN]: Invalid post ID: undefined
2025-05-26T04:29:19.915Z [ERROR]: Get post by id service error: Invalid post ID
2025-05-26T04:29:19.916Z [ERROR]: Invalid post ID
2025-05-26T04:29:40.085Z [ERROR]: Cannot find /api/threads/threads/68319085ff888836007ecd14/comments on this server
2025-05-26T04:29:40.088Z [ERROR]: Cannot find /api/threads/threads/68319085ff888836007ecd14/comments on this server
2025-05-26T04:29:40.112Z [INFO]: Fetching post with ID: undefined, userId: 683189f4417a5ff1adf23052
2025-05-26T04:29:40.113Z [WARN]: Invalid post ID: undefined
2025-05-26T04:29:40.114Z [ERROR]: Get post by id service error: Invalid post ID
2025-05-26T04:29:40.115Z [ERROR]: Invalid post ID
2025-05-26T04:29:40.122Z [INFO]: Fetching post with ID: undefined, userId: 683189f4417a5ff1adf23052
2025-05-26T04:29:40.122Z [WARN]: Invalid post ID: undefined
2025-05-26T04:29:40.123Z [ERROR]: Get post by id service error: Invalid post ID
2025-05-26T04:29:40.125Z [ERROR]: Invalid post ID
2025-05-26T04:31:44.178Z [ERROR]: Cannot find /api/threads/threads/68319085ff888836007ecd14/comments on this server
2025-05-26T04:31:44.199Z [ERROR]: Cannot find /api/threads/threads/68319085ff888836007ecd14/comments on this server
2025-05-26T04:31:44.216Z [ERROR]: Invalid post ID
2025-05-26T04:31:44.226Z [ERROR]: Invalid post ID
2025-05-26T04:32:06.492Z [ERROR]: Cannot find /api/threads/threads/68319085ff888836007ecd14/comments on this server
2025-05-26T04:32:06.505Z [ERROR]: Cannot find /api/threads/threads/68319085ff888836007ecd14/comments on this server
2025-05-26T04:32:06.526Z [ERROR]: Invalid post ID
2025-05-26T04:32:06.529Z [ERROR]: Invalid post ID
2025-05-26T04:33:42.051Z [ERROR]: Cannot find /api/threads/threads/68319085ff888836007ecd14/comments on this server
2025-05-26T04:33:42.059Z [ERROR]: Cannot find /api/threads/threads/68319085ff888836007ecd14/comments on this server
2025-05-26T04:33:42.079Z [INFO]: Fetching post with ID: 68319085ff888836007ecd14, userId: 683189f4417a5ff1adf23052
2025-05-26T04:33:42.102Z [INFO]: Fetching post with ID: 68319085ff888836007ecd14, userId: 683189f4417a5ff1adf23052
2025-05-26T04:33:42.150Z [INFO]: Post found: 68319085ff888836007ecd14, views: 15/0
2025-05-26T04:33:42.186Z [INFO]: Post found: 68319085ff888836007ecd14, views: 15/0
2025-05-26T04:33:42.189Z [INFO]: Post views updated: 16/0
2025-05-26T04:33:42.226Z [INFO]: Post views updated: 16/0
2025-05-26T04:34:34.679Z [ERROR]: Cannot find /api/threads/68319085ff888836007ecd14/comments on this server
2025-05-26T04:34:34.727Z [INFO]: Fetching post with ID: 68319085ff888836007ecd14, userId: 683189f4417a5ff1adf23052
2025-05-26T04:34:34.808Z [INFO]: Post found: 68319085ff888836007ecd14, views: 16/0
2025-05-26T04:34:34.849Z [INFO]: Post views updated: 17/0
2025-05-26T04:34:37.849Z [ERROR]: Cannot find /api/threads/68319085ff888836007ecd14/comments on this server
2025-05-26T04:34:37.854Z [ERROR]: Cannot find /api/threads/68319085ff888836007ecd14/comments on this server
2025-05-26T04:34:37.893Z [INFO]: Fetching post with ID: 68319085ff888836007ecd14, userId: 683189f4417a5ff1adf23052
2025-05-26T04:34:37.967Z [INFO]: Post found: 68319085ff888836007ecd14, views: 17/0
2025-05-26T04:34:38.004Z [INFO]: Post views updated: 18/0
2025-05-26T04:34:38.047Z [INFO]: Fetching post with ID: 68319085ff888836007ecd14, userId: 683189f4417a5ff1adf23052
2025-05-26T04:34:38.123Z [INFO]: Post found: 68319085ff888836007ecd14, views: 18/0
2025-05-26T04:34:38.164Z [INFO]: Post views updated: 19/0
2025-05-26T04:34:39.515Z [ERROR]: Cannot find /api/threads/68319085ff888836007ecd14/comments on this server
2025-05-26T04:34:39.517Z [ERROR]: Cannot find /api/threads/68319085ff888836007ecd14/comments on this server
2025-05-26T04:34:39.544Z [INFO]: Fetching post with ID: 68319085ff888836007ecd14, userId: 683189f4417a5ff1adf23052
2025-05-26T04:34:39.608Z [INFO]: Post found: 68319085ff888836007ecd14, views: 19/0
2025-05-26T04:34:39.642Z [INFO]: Post views updated: 20/0
2025-05-26T04:34:39.678Z [INFO]: Fetching post with ID: 68319085ff888836007ecd14, userId: 683189f4417a5ff1adf23052
2025-05-26T04:34:39.748Z [INFO]: Post found: 68319085ff888836007ecd14, views: 20/0
2025-05-26T04:34:39.782Z [INFO]: Post views updated: 21/0
2025-05-26T04:35:03.829Z [ERROR]: Cannot find /api/threads/68319085ff888836007ecd14/comments on this server
2025-05-26T04:35:03.835Z [ERROR]: Cannot find /api/threads/68319085ff888836007ecd14/comments on this server
2025-05-26T04:35:03.876Z [INFO]: Fetching post with ID: 68319085ff888836007ecd14, userId: 683189f4417a5ff1adf23052
2025-05-26T04:35:03.979Z [INFO]: Post found: 68319085ff888836007ecd14, views: 21/0
2025-05-26T04:35:04.036Z [INFO]: Post views updated: 22/0
2025-05-26T04:35:04.078Z [INFO]: Fetching post with ID: 68319085ff888836007ecd14, userId: 683189f4417a5ff1adf23052
2025-05-26T04:35:04.154Z [INFO]: Post found: 68319085ff888836007ecd14, views: 22/0
2025-05-26T04:35:04.196Z [INFO]: Post views updated: 23/0
2025-05-26T04:35:05.487Z [ERROR]: Cannot find /api/threads/68319085ff888836007ecd14/comments on this server
2025-05-26T04:35:05.495Z [ERROR]: Cannot find /api/threads/68319085ff888836007ecd14/comments on this server
2025-05-26T04:35:05.517Z [INFO]: Fetching post with ID: 68319085ff888836007ecd14, userId: 683189f4417a5ff1adf23052
2025-05-26T04:35:05.594Z [INFO]: Post found: 68319085ff888836007ecd14, views: 23/0
2025-05-26T04:35:05.637Z [INFO]: Post views updated: 24/0
2025-05-26T04:35:05.681Z [INFO]: Fetching post with ID: 68319085ff888836007ecd14, userId: 683189f4417a5ff1adf23052
2025-05-26T04:35:05.754Z [INFO]: Post found: 68319085ff888836007ecd14, views: 24/0
2025-05-26T04:35:05.794Z [INFO]: Post views updated: 25/0
2025-05-26T04:35:35.830Z [INFO]: Fetching post with ID: 68319085ff888836007ecd14, userId: 683189f4417a5ff1adf23052
2025-05-26T04:35:35.840Z [INFO]: Fetching comments for thread ID: undefined
2025-05-26T04:35:35.841Z [WARN]: Invalid thread ID: undefined
2025-05-26T04:35:35.842Z [ERROR]: Get comments by thread id error: Invalid thread ID
2025-05-26T04:35:35.848Z [ERROR]: Invalid thread ID
2025-05-26T04:35:35.899Z [INFO]: Fetching comments for thread ID: undefined
2025-05-26T04:35:35.900Z [WARN]: Invalid thread ID: undefined
2025-05-26T04:35:35.902Z [ERROR]: Get comments by thread id error: Invalid thread ID
2025-05-26T04:35:35.903Z [ERROR]: Invalid thread ID
2025-05-26T04:35:35.918Z [INFO]: Post found: 68319085ff888836007ecd14, views: 25/0
2025-05-26T04:35:35.979Z [INFO]: Post views updated: 26/0
2025-05-26T04:35:36.018Z [INFO]: Fetching post with ID: 68319085ff888836007ecd14, userId: 683189f4417a5ff1adf23052
2025-05-26T04:35:36.083Z [INFO]: Post found: 68319085ff888836007ecd14, views: 26/0
2025-05-26T04:35:36.120Z [INFO]: Post views updated: 27/0
2025-05-26T04:35:37.541Z [INFO]: Fetching post with ID: 68319085ff888836007ecd14, userId: 683189f4417a5ff1adf23052
2025-05-26T04:35:37.547Z [INFO]: Fetching comments for thread ID: undefined
2025-05-26T04:35:37.547Z [WARN]: Invalid thread ID: undefined
2025-05-26T04:35:37.548Z [ERROR]: Get comments by thread id error: Invalid thread ID
2025-05-26T04:35:37.550Z [ERROR]: Invalid thread ID
2025-05-26T04:35:37.609Z [INFO]: Fetching comments for thread ID: undefined
2025-05-26T04:35:37.610Z [WARN]: Invalid thread ID: undefined
2025-05-26T04:35:37.610Z [ERROR]: Get comments by thread id error: Invalid thread ID
2025-05-26T04:35:37.611Z [ERROR]: Invalid thread ID
2025-05-26T04:35:37.614Z [INFO]: Post found: 68319085ff888836007ecd14, views: 27/0
2025-05-26T04:35:37.650Z [INFO]: Post views updated: 28/0
2025-05-26T04:35:37.683Z [INFO]: Fetching post with ID: 68319085ff888836007ecd14, userId: 683189f4417a5ff1adf23052
2025-05-26T04:35:37.748Z [INFO]: Post found: 68319085ff888836007ecd14, views: 28/0
2025-05-26T04:35:37.782Z [INFO]: Post views updated: 29/0
2025-05-26T04:35:53.635Z [INFO]: Fetching post with ID: 68319085ff888836007ecd14, userId: 683189f4417a5ff1adf23052
2025-05-26T04:35:53.833Z [INFO]: Fetching comments for thread ID: undefined
2025-05-26T04:35:53.833Z [WARN]: Invalid thread ID: undefined
2025-05-26T04:35:53.834Z [ERROR]: Get comments by thread id error: Invalid thread ID
2025-05-26T04:35:53.836Z [ERROR]: Invalid thread ID
2025-05-26T04:35:53.969Z [INFO]: Fetching comments for thread ID: undefined
2025-05-26T04:35:53.970Z [WARN]: Invalid thread ID: undefined
2025-05-26T04:35:53.971Z [ERROR]: Get comments by thread id error: Invalid thread ID
2025-05-26T04:35:53.973Z [ERROR]: Invalid thread ID
2025-05-26T04:35:54.001Z [INFO]: Post found: 68319085ff888836007ecd14, views: 29/0
2025-05-26T04:35:54.248Z [INFO]: Post views updated: 30/0
2025-05-26T04:35:54.278Z [INFO]: Fetching post with ID: 68319085ff888836007ecd14, userId: 683189f4417a5ff1adf23052
2025-05-26T04:35:54.348Z [INFO]: Post found: 68319085ff888836007ecd14, views: 30/0
2025-05-26T04:35:54.384Z [INFO]: Post views updated: 31/0
2025-05-26T04:35:55.017Z [INFO]: Fetching post with ID: 68319085ff888836007ecd14, userId: 683189f4417a5ff1adf23052
2025-05-26T04:35:55.028Z [INFO]: Fetching comments for thread ID: undefined
2025-05-26T04:35:55.029Z [WARN]: Invalid thread ID: undefined
2025-05-26T04:35:55.029Z [ERROR]: Get comments by thread id error: Invalid thread ID
2025-05-26T04:35:55.031Z [ERROR]: Invalid thread ID
2025-05-26T04:35:55.066Z [INFO]: Fetching comments for thread ID: undefined
2025-05-26T04:35:55.066Z [WARN]: Invalid thread ID: undefined
2025-05-26T04:35:55.067Z [ERROR]: Get comments by thread id error: Invalid thread ID
2025-05-26T04:35:55.068Z [ERROR]: Invalid thread ID
2025-05-26T04:35:55.073Z [INFO]: Post found: 68319085ff888836007ecd14, views: 31/0
2025-05-26T04:35:55.103Z [INFO]: Post views updated: 32/0
2025-05-26T04:35:55.134Z [INFO]: Fetching post with ID: 68319085ff888836007ecd14, userId: 683189f4417a5ff1adf23052
2025-05-26T04:35:55.186Z [INFO]: Post found: 68319085ff888836007ecd14, views: 32/0
2025-05-26T04:35:55.217Z [INFO]: Post views updated: 33/0
2025-05-26T04:36:27.082Z [INFO]: Fetching post with ID: 68319085ff888836007ecd14, userId: 683189f4417a5ff1adf23052
2025-05-26T04:36:27.085Z [INFO]: Fetching comments for thread ID: undefined
2025-05-26T04:36:27.085Z [WARN]: Invalid thread ID: undefined
2025-05-26T04:36:27.086Z [ERROR]: Get comments by thread id error: Invalid thread ID
2025-05-26T04:36:27.088Z [ERROR]: Invalid thread ID
2025-05-26T04:36:27.122Z [INFO]: Fetching comments for thread ID: undefined
2025-05-26T04:36:27.122Z [WARN]: Invalid thread ID: undefined
2025-05-26T04:36:27.123Z [ERROR]: Get comments by thread id error: Invalid thread ID
2025-05-26T04:36:27.124Z [ERROR]: Invalid thread ID
2025-05-26T04:36:27.149Z [INFO]: Post found: 68319085ff888836007ecd14, views: 33/0
2025-05-26T04:36:27.196Z [INFO]: Post views updated: 34/0
2025-05-26T04:36:27.232Z [INFO]: Fetching post with ID: 68319085ff888836007ecd14, userId: 683189f4417a5ff1adf23052
2025-05-26T04:36:27.299Z [INFO]: Post found: 68319085ff888836007ecd14, views: 34/0
2025-05-26T04:36:27.338Z [INFO]: Post views updated: 35/0
2025-05-26T04:36:38.641Z [INFO]: Fetching post with ID: 68319085ff888836007ecd14, userId: 683189f4417a5ff1adf23052
2025-05-26T04:36:38.644Z [INFO]: Fetching comments for thread ID: undefined
2025-05-26T04:36:38.644Z [WARN]: Invalid thread ID: undefined
2025-05-26T04:36:38.644Z [ERROR]: Get comments by thread id error: Invalid thread ID
2025-05-26T04:36:38.645Z [ERROR]: Invalid thread ID
2025-05-26T04:36:38.653Z [INFO]: Fetching post with ID: 68319085ff888836007ecd14, userId: 683189f4417a5ff1adf23052
2025-05-26T04:36:38.657Z [INFO]: Fetching comments for thread ID: undefined
2025-05-26T04:36:38.658Z [WARN]: Invalid thread ID: undefined
2025-05-26T04:36:38.658Z [ERROR]: Get comments by thread id error: Invalid thread ID
2025-05-26T04:36:38.659Z [ERROR]: Invalid thread ID
2025-05-26T04:36:38.708Z [INFO]: Post found: 68319085ff888836007ecd14, views: 35/0
2025-05-26T04:36:38.727Z [INFO]: Post found: 68319085ff888836007ecd14, views: 35/0
2025-05-26T04:36:38.747Z [INFO]: Post views updated: 36/0
2025-05-26T04:36:38.768Z [INFO]: Post views updated: 36/0
2025-05-26T04:38:06.422Z [INFO]: Fetching post with ID: 68319085ff888836007ecd14, userId: 683189f4417a5ff1adf23052
2025-05-26T04:38:06.426Z [INFO]: Fetching comments for post ID: undefined
2025-05-26T04:38:06.427Z [INFO]: Fetching comments for post ID: undefined
2025-05-26T04:38:06.427Z [WARN]: Invalid post ID: undefined
2025-05-26T04:38:06.428Z [ERROR]: Get comments by post id error: Invalid post ID
2025-05-26T04:38:06.430Z [ERROR]: Invalid post ID
2025-05-26T04:38:06.466Z [INFO]: Fetching comments for post ID: undefined
2025-05-26T04:38:06.468Z [INFO]: Fetching comments for post ID: undefined
2025-05-26T04:38:06.469Z [WARN]: Invalid post ID: undefined
2025-05-26T04:38:06.469Z [ERROR]: Get comments by post id error: Invalid post ID
2025-05-26T04:38:06.470Z [ERROR]: Invalid post ID
2025-05-26T04:38:06.485Z [INFO]: Post found: 68319085ff888836007ecd14, views: 36/0
2025-05-26T04:38:06.540Z [INFO]: Post views updated: 37/0
2025-05-26T04:38:06.584Z [INFO]: Fetching post with ID: 68319085ff888836007ecd14, userId: 683189f4417a5ff1adf23052
2025-05-26T04:38:06.646Z [INFO]: Post found: 68319085ff888836007ecd14, views: 37/0
2025-05-26T04:38:06.681Z [INFO]: Post views updated: 38/0
2025-05-26T04:38:08.399Z [INFO]: Fetching post with ID: 68319085ff888836007ecd14, userId: 683189f4417a5ff1adf23052
2025-05-26T04:38:08.401Z [INFO]: Fetching comments for post ID: undefined
2025-05-26T04:38:08.402Z [INFO]: Fetching comments for post ID: undefined
2025-05-26T04:38:08.402Z [WARN]: Invalid post ID: undefined
2025-05-26T04:38:08.402Z [ERROR]: Get comments by post id error: Invalid post ID
2025-05-26T04:38:08.403Z [ERROR]: Invalid post ID
2025-05-26T04:38:08.442Z [INFO]: Fetching comments for post ID: undefined
2025-05-26T04:38:08.442Z [INFO]: Fetching comments for post ID: undefined
2025-05-26T04:38:08.443Z [WARN]: Invalid post ID: undefined
2025-05-26T04:38:08.443Z [ERROR]: Get comments by post id error: Invalid post ID
2025-05-26T04:38:08.444Z [ERROR]: Invalid post ID
2025-05-26T04:38:08.478Z [INFO]: Post found: 68319085ff888836007ecd14, views: 38/0
2025-05-26T04:38:08.519Z [INFO]: Post views updated: 39/0
2025-05-26T04:38:08.559Z [INFO]: Fetching post with ID: 68319085ff888836007ecd14, userId: 683189f4417a5ff1adf23052
2025-05-26T04:38:08.634Z [INFO]: Post found: 68319085ff888836007ecd14, views: 39/0
2025-05-26T04:38:08.673Z [INFO]: Post views updated: 40/0
2025-05-26T04:38:44.285Z [INFO]: Fetching post with ID: 68319085ff888836007ecd14, userId: 683189f4417a5ff1adf23052
2025-05-26T04:38:44.298Z [INFO]: Fetching comments for post ID: undefined
2025-05-26T04:38:44.299Z [INFO]: Fetching comments for post ID: undefined
2025-05-26T04:38:44.301Z [WARN]: Invalid post ID: undefined
2025-05-26T04:38:44.303Z [ERROR]: Get comments by post id error: Invalid post ID
2025-05-26T04:38:44.309Z [ERROR]: Invalid post ID
2025-05-26T04:38:44.367Z [INFO]: Fetching comments for post ID: undefined
2025-05-26T04:38:44.368Z [INFO]: Fetching comments for post ID: undefined
2025-05-26T04:38:44.368Z [WARN]: Invalid post ID: undefined
2025-05-26T04:38:44.368Z [ERROR]: Get comments by post id error: Invalid post ID
2025-05-26T04:38:44.370Z [ERROR]: Invalid post ID
2025-05-26T04:38:44.398Z [INFO]: Post found: 68319085ff888836007ecd14, views: 40/0
2025-05-26T04:38:44.464Z [INFO]: Post views updated: 41/0
2025-05-26T04:38:44.506Z [INFO]: Fetching post with ID: 68319085ff888836007ecd14, userId: 683189f4417a5ff1adf23052
2025-05-26T04:38:44.578Z [INFO]: Post found: 68319085ff888836007ecd14, views: 41/0
2025-05-26T04:38:44.617Z [INFO]: Post views updated: 42/0
2025-05-26T04:38:46.716Z [INFO]: Fetching comments for post ID: undefined
2025-05-26T04:38:46.717Z [INFO]: Fetching comments for post ID: undefined
2025-05-26T04:38:46.717Z [WARN]: Invalid post ID: undefined
2025-05-26T04:38:46.718Z [ERROR]: Get comments by post id error: Invalid post ID
2025-05-26T04:38:46.720Z [ERROR]: Invalid post ID
2025-05-26T04:38:46.722Z [INFO]: Fetching post with ID: 68319085ff888836007ecd14, userId: 683189f4417a5ff1adf23052
2025-05-26T04:38:46.760Z [INFO]: Fetching comments for post ID: undefined
2025-05-26T04:38:46.761Z [INFO]: Fetching comments for post ID: undefined
2025-05-26T04:38:46.761Z [WARN]: Invalid post ID: undefined
2025-05-26T04:38:46.762Z [ERROR]: Get comments by post id error: Invalid post ID
2025-05-26T04:38:46.763Z [ERROR]: Invalid post ID
2025-05-26T04:38:46.801Z [INFO]: Post found: 68319085ff888836007ecd14, views: 42/0
2025-05-26T04:38:46.843Z [INFO]: Post views updated: 43/0
2025-05-26T04:38:46.920Z [INFO]: Fetching post with ID: 68319085ff888836007ecd14, userId: 683189f4417a5ff1adf23052
2025-05-26T04:38:46.992Z [INFO]: Post found: 68319085ff888836007ecd14, views: 43/0
2025-05-26T04:38:47.031Z [INFO]: Post views updated: 44/0
2025-05-26T04:39:06.420Z [INFO]: Fetching comments for post ID: 68319085ff888836007ecd14
2025-05-26T04:39:06.421Z [INFO]: Fetching comments for post ID: 68319085ff888836007ecd14
2025-05-26T04:39:06.428Z [INFO]: Fetching post with ID: 68319085ff888836007ecd14, userId: 683189f4417a5ff1adf23052
2025-05-26T04:39:06.502Z [INFO]: Fetching comments for post ID: 68319085ff888836007ecd14
2025-05-26T04:39:06.509Z [INFO]: Fetching comments for post ID: 68319085ff888836007ecd14
2025-05-26T04:39:06.531Z [INFO]: Post found: 68319085ff888836007ecd14, views: 44/0
2025-05-26T04:39:06.586Z [INFO]: Post views updated: 45/0
2025-05-26T04:39:06.623Z [INFO]: Fetching post with ID: 68319085ff888836007ecd14, userId: 683189f4417a5ff1adf23052
2025-05-26T04:39:06.689Z [INFO]: Post found: 68319085ff888836007ecd14, views: 45/0
2025-05-26T04:39:06.728Z [INFO]: Post views updated: 46/0
2025-05-26T04:39:07.862Z [INFO]: Fetching post with ID: 68319085ff888836007ecd14, userId: 683189f4417a5ff1adf23052
2025-05-26T04:39:07.872Z [INFO]: Fetching comments for post ID: 68319085ff888836007ecd14
2025-05-26T04:39:07.872Z [INFO]: Fetching comments for post ID: 68319085ff888836007ecd14
2025-05-26T04:39:07.930Z [INFO]: Post found: 68319085ff888836007ecd14, views: 46/0
2025-05-26T04:39:07.949Z [INFO]: Fetching comments for post ID: 68319085ff888836007ecd14
2025-05-26T04:39:07.950Z [INFO]: Fetching comments for post ID: 68319085ff888836007ecd14
2025-05-26T04:39:07.966Z [INFO]: Post views updated: 47/0
2025-05-26T04:39:08.002Z [INFO]: Fetching post with ID: 68319085ff888836007ecd14, userId: 683189f4417a5ff1adf23052
2025-05-26T04:39:08.066Z [INFO]: Post found: 68319085ff888836007ecd14, views: 47/0
2025-05-26T04:39:08.103Z [INFO]: Post views updated: 48/0
2025-05-26T04:40:48.828Z [ERROR]: Invalid post ID
2025-05-26T04:40:48.831Z [INFO]: Fetching comments for post ID: 68319085ff888836007ecd14
2025-05-26T04:40:48.831Z [INFO]: Fetching comments for post ID: 68319085ff888836007ecd14
2025-05-26T04:40:48.866Z [ERROR]: Invalid post ID
2025-05-26T04:40:48.892Z [INFO]: Fetching comments for post ID: 68319085ff888836007ecd14
2025-05-26T04:40:48.893Z [INFO]: Fetching comments for post ID: 68319085ff888836007ecd14
2025-05-26T04:41:55.878Z [ERROR]: Invalid post ID
2025-05-26T04:41:55.884Z [INFO]: Fetching comments for post ID: 68319085ff888836007ecd14
2025-05-26T04:41:55.884Z [INFO]: Fetching comments for post ID: 68319085ff888836007ecd14
2025-05-26T04:41:55.913Z [ERROR]: Invalid post ID
2025-05-26T04:41:55.960Z [INFO]: Fetching comments for post ID: 68319085ff888836007ecd14
2025-05-26T04:41:55.960Z [INFO]: Fetching comments for post ID: 68319085ff888836007ecd14
2025-05-26T04:42:11.917Z [ERROR]: Cannot find /api/threads/posts/68319085ff888836007ecd14 on this server
2025-05-26T04:42:11.926Z [ERROR]: Cannot find /api/threads/posts/68319085ff888836007ecd14 on this server
2025-05-26T04:42:11.970Z [INFO]: Fetching comments for post ID: 68319085ff888836007ecd14
2025-05-26T04:42:11.971Z [INFO]: Fetching comments for post ID: 68319085ff888836007ecd14
2025-05-26T04:42:12.066Z [INFO]: Fetching comments for post ID: 68319085ff888836007ecd14
2025-05-26T04:42:12.067Z [INFO]: Fetching comments for post ID: 68319085ff888836007ecd14
2025-05-26T04:43:35.433Z [INFO]: Fetching post with ID: 68319085ff888836007ecd14, userId: 683189f4417a5ff1adf23052
2025-05-26T04:43:35.457Z [INFO]: Fetching comments for post ID: undefined
2025-05-26T04:43:35.458Z [INFO]: Fetching comments for post ID: undefined
2025-05-26T04:43:35.458Z [WARN]: Invalid post ID: undefined
2025-05-26T04:43:35.459Z [ERROR]: Get comments by post id error: Invalid post ID
2025-05-26T04:43:35.462Z [ERROR]: Invalid post ID
2025-05-26T04:43:35.499Z [INFO]: Post found: 68319085ff888836007ecd14, views: 48/0
2025-05-26T04:43:35.510Z [INFO]: Fetching comments for post ID: undefined
2025-05-26T04:43:35.510Z [INFO]: Fetching comments for post ID: undefined
2025-05-26T04:43:35.511Z [WARN]: Invalid post ID: undefined
2025-05-26T04:43:35.511Z [ERROR]: Get comments by post id error: Invalid post ID
2025-05-26T04:43:35.512Z [ERROR]: Invalid post ID
2025-05-26T04:43:35.544Z [INFO]: Post views updated: 49/0
2025-05-26T04:43:35.577Z [INFO]: Fetching post with ID: 68319085ff888836007ecd14, userId: 683189f4417a5ff1adf23052
2025-05-26T04:43:35.637Z [INFO]: Post found: 68319085ff888836007ecd14, views: 49/0
2025-05-26T04:43:35.671Z [INFO]: Post views updated: 50/0
2025-05-26T04:43:53.171Z [ERROR]: Cannot find /api/threads/68319085ff888836007ecd14/comments on this server
2025-05-26T04:43:53.183Z [ERROR]: Cannot find /api/threads/68319085ff888836007ecd14/comments on this server
2025-05-26T04:43:53.606Z [INFO]: Fetching post with ID: 68319085ff888836007ecd14, userId: 683189f4417a5ff1adf23052
2025-05-26T04:43:53.941Z [INFO]: Post found: 68319085ff888836007ecd14, views: 50/0
2025-05-26T04:43:53.987Z [INFO]: Post views updated: 51/0
2025-05-26T04:43:54.029Z [INFO]: Fetching post with ID: 68319085ff888836007ecd14, userId: 683189f4417a5ff1adf23052
2025-05-26T04:43:54.112Z [INFO]: Post found: 68319085ff888836007ecd14, views: 51/0
2025-05-26T04:43:54.152Z [INFO]: Post views updated: 52/0
2025-05-26T04:43:55.733Z [ERROR]: Cannot find /api/threads/68319085ff888836007ecd14/comments on this server
2025-05-26T04:43:55.740Z [ERROR]: Cannot find /api/threads/68319085ff888836007ecd14/comments on this server
2025-05-26T04:43:55.767Z [INFO]: Fetching post with ID: 68319085ff888836007ecd14, userId: 683189f4417a5ff1adf23052
2025-05-26T04:43:55.839Z [INFO]: Post found: 68319085ff888836007ecd14, views: 52/0
2025-05-26T04:43:55.883Z [INFO]: Post views updated: 53/0
2025-05-26T04:43:55.916Z [INFO]: Fetching post with ID: 68319085ff888836007ecd14, userId: 683189f4417a5ff1adf23052
2025-05-26T04:43:55.982Z [INFO]: Post found: 68319085ff888836007ecd14, views: 53/0
2025-05-26T04:43:56.018Z [INFO]: Post views updated: 54/0
2025-05-26T04:44:26.802Z [INFO]: Fetching post with ID: 68319085ff888836007ecd14, userId: 683189f4417a5ff1adf23052
2025-05-26T04:44:26.816Z [INFO]: Fetching comments for post ID: 68319085ff888836007ecd14
2025-05-26T04:44:26.818Z [INFO]: Fetching comments for post ID: 68319085ff888836007ecd14
2025-05-26T04:44:26.895Z [INFO]: Post found: 68319085ff888836007ecd14, views: 54/0
2025-05-26T04:44:26.907Z [INFO]: Fetching comments for post ID: 68319085ff888836007ecd14
2025-05-26T04:44:26.908Z [INFO]: Fetching comments for post ID: 68319085ff888836007ecd14
2025-05-26T04:44:26.946Z [INFO]: Post views updated: 55/0
2025-05-26T04:44:26.988Z [INFO]: Fetching post with ID: 68319085ff888836007ecd14, userId: 683189f4417a5ff1adf23052
2025-05-26T04:44:27.050Z [INFO]: Post found: 68319085ff888836007ecd14, views: 55/0
2025-05-26T04:44:27.084Z [INFO]: Post views updated: 56/0
2025-05-26T04:44:28.861Z [INFO]: Fetching post with ID: 68319085ff888836007ecd14, userId: 683189f4417a5ff1adf23052
2025-05-26T04:44:28.871Z [INFO]: Fetching comments for post ID: 68319085ff888836007ecd14
2025-05-26T04:44:28.872Z [INFO]: Fetching comments for post ID: 68319085ff888836007ecd14
2025-05-26T04:44:28.912Z [INFO]: Post found: 68319085ff888836007ecd14, views: 56/0
2025-05-26T04:44:28.936Z [INFO]: Fetching comments for post ID: 68319085ff888836007ecd14
2025-05-26T04:44:28.936Z [INFO]: Fetching comments for post ID: 68319085ff888836007ecd14
2025-05-26T04:44:28.939Z [INFO]: Post views updated: 57/0
2025-05-26T04:44:28.970Z [INFO]: Fetching post with ID: 68319085ff888836007ecd14, userId: 683189f4417a5ff1adf23052
2025-05-26T04:44:29.020Z [INFO]: Post found: 68319085ff888836007ecd14, views: 57/0
2025-05-26T04:44:29.048Z [INFO]: Post views updated: 58/0
2025-05-26T04:46:56.433Z [INFO]: Fetching post with ID: 68319085ff888836007ecd14, userId: 683189f4417a5ff1adf23052
2025-05-26T04:46:56.437Z [INFO]: Fetching comments for post ID: 68319085ff888836007ecd14
2025-05-26T04:46:56.437Z [INFO]: Fetching comments for post ID: 68319085ff888836007ecd14
2025-05-26T04:46:56.486Z [INFO]: Post found: 68319085ff888836007ecd14, views: 58/0
2025-05-26T04:46:56.518Z [INFO]: Post views updated: 59/0
2025-05-26T04:47:28.396Z [INFO]: Fetching post with ID: 68319085ff888836007ecd14, userId: 683189f4417a5ff1adf23052
2025-05-26T04:47:28.404Z [INFO]: Fetching comments for post ID: 68319085ff888836007ecd14
2025-05-26T04:47:28.405Z [INFO]: Fetching comments for post ID: 68319085ff888836007ecd14
2025-05-26T04:47:28.449Z [INFO]: Post found: 68319085ff888836007ecd14, views: 59/0
2025-05-26T04:47:28.479Z [INFO]: Post views updated: 60/0
2025-05-26T04:47:42.773Z [INFO]: Fetching post with ID: 68319085ff888836007ecd14, userId: 683189f4417a5ff1adf23052
2025-05-26T04:47:42.786Z [INFO]: Fetching comments for post ID: 68319085ff888836007ecd14
2025-05-26T04:47:42.787Z [INFO]: Fetching comments for post ID: 68319085ff888836007ecd14
2025-05-26T04:47:42.833Z [INFO]: Post found: 68319085ff888836007ecd14, views: 60/0
2025-05-26T04:47:42.862Z [INFO]: Post views updated: 61/0
2025-05-26T04:47:58.484Z [INFO]: Fetching post with ID: 68319085ff888836007ecd14, userId: 683189f4417a5ff1adf23052
2025-05-26T04:47:58.494Z [INFO]: Fetching comments for post ID: 68319085ff888836007ecd14
2025-05-26T04:47:58.495Z [INFO]: Fetching comments for post ID: 68319085ff888836007ecd14
2025-05-26T04:47:58.540Z [INFO]: Post found: 68319085ff888836007ecd14, views: 61/0
2025-05-26T04:47:58.590Z [INFO]: Post views updated: 62/0
2025-05-26T04:48:12.803Z [INFO]: Fetching post with ID: 68319085ff888836007ecd14, userId: 683189f4417a5ff1adf23052
2025-05-26T04:48:12.810Z [INFO]: Fetching comments for post ID: 68319085ff888836007ecd14
2025-05-26T04:48:12.811Z [INFO]: Fetching comments for post ID: 68319085ff888836007ecd14
2025-05-26T04:48:12.860Z [INFO]: Post found: 68319085ff888836007ecd14, views: 62/0
2025-05-26T04:48:12.890Z [INFO]: Post views updated: 63/0
2025-05-26T04:49:04.194Z [INFO]: Fetching post with ID: 68319085ff888836007ecd14, userId: 683189f4417a5ff1adf23052
2025-05-26T04:49:04.201Z [INFO]: Fetching comments for post ID: 68319085ff888836007ecd14
2025-05-26T04:49:04.202Z [INFO]: Fetching comments for post ID: 68319085ff888836007ecd14
2025-05-26T04:49:04.247Z [INFO]: Post found: 68319085ff888836007ecd14, views: 63/0
2025-05-26T04:49:04.278Z [INFO]: Post views updated: 64/0
2025-05-26T04:49:38.398Z [INFO]: Fetching post with ID: 68319085ff888836007ecd14, userId: 683189f4417a5ff1adf23052
2025-05-26T04:49:38.405Z [INFO]: Fetching comments for post ID: 68319085ff888836007ecd14
2025-05-26T04:49:38.405Z [INFO]: Fetching comments for post ID: 68319085ff888836007ecd14
2025-05-26T04:49:38.449Z [INFO]: Post found: 68319085ff888836007ecd14, views: 64/0
2025-05-26T04:49:38.477Z [INFO]: Post views updated: 65/0
2025-05-26T04:49:45.395Z [INFO]: Fetching post with ID: 68319085ff888836007ecd14, userId: 683189f4417a5ff1adf23052
2025-05-26T04:49:45.401Z [INFO]: Fetching comments for post ID: 68319085ff888836007ecd14
2025-05-26T04:49:45.402Z [INFO]: Fetching comments for post ID: 68319085ff888836007ecd14
2025-05-26T04:49:45.446Z [INFO]: Post found: 68319085ff888836007ecd14, views: 65/0
2025-05-26T04:49:45.476Z [INFO]: Post views updated: 66/0
2025-05-26T04:50:41.390Z [INFO]: Fetching post with ID: 68319085ff888836007ecd14, userId: 683189f4417a5ff1adf23052
2025-05-26T04:50:41.395Z [INFO]: Fetching comments for post ID: 68319085ff888836007ecd14
2025-05-26T04:50:41.396Z [INFO]: Fetching comments for post ID: 68319085ff888836007ecd14
2025-05-26T04:50:41.440Z [INFO]: Post found: 68319085ff888836007ecd14, views: 66/0
2025-05-26T04:50:41.468Z [INFO]: Post views updated: 67/0
2025-05-26T04:50:51.379Z [INFO]: Fetching post with ID: 68319085ff888836007ecd14, userId: 683189f4417a5ff1adf23052
2025-05-26T04:50:51.385Z [INFO]: Fetching comments for post ID: 68319085ff888836007ecd14
2025-05-26T04:50:51.386Z [INFO]: Fetching comments for post ID: 68319085ff888836007ecd14
2025-05-26T04:50:51.426Z [INFO]: Post found: 68319085ff888836007ecd14, views: 67/0
2025-05-26T04:50:51.454Z [INFO]: Post views updated: 68/0
2025-05-26T04:50:58.375Z [INFO]: Fetching post with ID: 68319085ff888836007ecd14, userId: 683189f4417a5ff1adf23052
2025-05-26T04:50:58.383Z [INFO]: Fetching comments for post ID: 68319085ff888836007ecd14
2025-05-26T04:50:58.383Z [INFO]: Fetching comments for post ID: 68319085ff888836007ecd14
2025-05-26T04:50:58.422Z [INFO]: Post found: 68319085ff888836007ecd14, views: 68/0
2025-05-26T04:50:58.449Z [INFO]: Post views updated: 69/0
2025-05-26T04:51:12.876Z [INFO]: Fetching post with ID: 68319085ff888836007ecd14, userId: 683189f4417a5ff1adf23052
2025-05-26T04:51:12.891Z [INFO]: Fetching comments for post ID: 68319085ff888836007ecd14
2025-05-26T04:51:12.892Z [INFO]: Fetching comments for post ID: 68319085ff888836007ecd14
2025-05-26T04:51:12.935Z [INFO]: Post found: 68319085ff888836007ecd14, views: 69/0
2025-05-26T04:51:12.968Z [INFO]: Post views updated: 70/0
2025-05-26T04:51:26.630Z [INFO]: Fetching post with ID: 68319085ff888836007ecd14, userId: 683189f4417a5ff1adf23052
2025-05-26T04:51:26.649Z [INFO]: Fetching comments for post ID: 68319085ff888836007ecd14
2025-05-26T04:51:26.649Z [INFO]: Fetching comments for post ID: 68319085ff888836007ecd14
2025-05-26T04:51:26.688Z [INFO]: Post found: 68319085ff888836007ecd14, views: 70/0
2025-05-26T04:51:26.718Z [INFO]: Post views updated: 71/0
2025-05-26T04:51:36.543Z [INFO]: Fetching post with ID: 68319085ff888836007ecd14, userId: 683189f4417a5ff1adf23052
2025-05-26T04:51:36.554Z [INFO]: Fetching comments for post ID: 68319085ff888836007ecd14
2025-05-26T04:51:36.555Z [INFO]: Fetching comments for post ID: 68319085ff888836007ecd14
2025-05-26T04:51:36.598Z [INFO]: Post found: 68319085ff888836007ecd14, views: 71/0
2025-05-26T04:51:36.627Z [INFO]: Post views updated: 72/0
2025-05-26T04:51:40.175Z [INFO]: Fetching post with ID: 68319085ff888836007ecd14, userId: 683189f4417a5ff1adf23052
2025-05-26T04:51:40.185Z [INFO]: Fetching comments for post ID: 68319085ff888836007ecd14
2025-05-26T04:51:40.186Z [INFO]: Fetching comments for post ID: 68319085ff888836007ecd14
2025-05-26T04:51:40.236Z [INFO]: Post found: 68319085ff888836007ecd14, views: 72/0
2025-05-26T04:51:40.265Z [INFO]: Post views updated: 73/0
2025-05-26T04:51:55.433Z [INFO]: Fetching post with ID: 68319085ff888836007ecd14, userId: 683189f4417a5ff1adf23052
2025-05-26T04:51:55.441Z [INFO]: Fetching comments for post ID: 68319085ff888836007ecd14
2025-05-26T04:51:55.442Z [INFO]: Fetching comments for post ID: 68319085ff888836007ecd14
2025-05-26T04:51:55.489Z [INFO]: Post found: 68319085ff888836007ecd14, views: 73/0
2025-05-26T04:51:55.520Z [INFO]: Post views updated: 74/0
2025-05-26T04:51:56.956Z [INFO]: Fetching post with ID: 68319085ff888836007ecd14, userId: 683189f4417a5ff1adf23052
2025-05-26T04:51:56.969Z [INFO]: Fetching comments for post ID: 68319085ff888836007ecd14
2025-05-26T04:51:56.970Z [INFO]: Fetching comments for post ID: 68319085ff888836007ecd14
2025-05-26T04:51:57.018Z [INFO]: Post found: 68319085ff888836007ecd14, views: 74/0
2025-05-26T04:51:57.052Z [INFO]: Post views updated: 75/0
2025-05-26T04:52:17.107Z [INFO]: Fetching post with ID: 68319085ff888836007ecd14, userId: 683189f4417a5ff1adf23052
2025-05-26T04:52:17.122Z [INFO]: Fetching comments for post ID: 68319085ff888836007ecd14
2025-05-26T04:52:17.124Z [INFO]: Fetching comments for post ID: 68319085ff888836007ecd14
2025-05-26T04:52:17.162Z [INFO]: Post found: 68319085ff888836007ecd14, views: 75/0
2025-05-26T04:52:17.190Z [INFO]: Post views updated: 76/0
2025-05-26T04:52:23.613Z [INFO]: Fetching post with ID: 68319085ff888836007ecd14, userId: 683189f4417a5ff1adf23052
2025-05-26T04:52:23.627Z [INFO]: Fetching comments for post ID: 68319085ff888836007ecd14
2025-05-26T04:52:23.628Z [INFO]: Fetching comments for post ID: 68319085ff888836007ecd14
2025-05-26T04:52:23.665Z [INFO]: Post found: 68319085ff888836007ecd14, views: 76/0
2025-05-26T04:52:23.692Z [INFO]: Post views updated: 77/0
2025-05-26T04:52:31.387Z [INFO]: Fetching post with ID: 68319085ff888836007ecd14, userId: 683189f4417a5ff1adf23052
2025-05-26T04:52:31.395Z [INFO]: Fetching comments for post ID: 68319085ff888836007ecd14
2025-05-26T04:52:31.395Z [INFO]: Fetching comments for post ID: 68319085ff888836007ecd14
2025-05-26T04:52:31.438Z [INFO]: Post found: 68319085ff888836007ecd14, views: 77/0
2025-05-26T04:52:31.465Z [INFO]: Post views updated: 78/0
2025-05-26T04:53:29.411Z [INFO]: Fetching post with ID: 68319085ff888836007ecd14, userId: 683189f4417a5ff1adf23052
2025-05-26T04:53:29.420Z [INFO]: Fetching comments for post ID: 68319085ff888836007ecd14
2025-05-26T04:53:29.422Z [INFO]: Fetching comments for post ID: 68319085ff888836007ecd14
2025-05-26T04:53:29.473Z [INFO]: Post found: 68319085ff888836007ecd14, views: 78/0
2025-05-26T04:53:29.507Z [INFO]: Post views updated: 79/0
2025-05-26T04:53:36.413Z [INFO]: Fetching post with ID: 68319085ff888836007ecd14, userId: 683189f4417a5ff1adf23052
2025-05-26T04:53:36.424Z [INFO]: Fetching comments for post ID: 68319085ff888836007ecd14
2025-05-26T04:53:36.424Z [INFO]: Fetching comments for post ID: 68319085ff888836007ecd14
2025-05-26T04:53:36.464Z [INFO]: Post found: 68319085ff888836007ecd14, views: 79/0
2025-05-26T04:53:36.485Z [INFO]: Fetching comments for post ID: 68319085ff888836007ecd14
2025-05-26T04:53:36.486Z [INFO]: Fetching comments for post ID: 68319085ff888836007ecd14
2025-05-26T04:53:36.492Z [INFO]: Post views updated: 80/0
2025-05-26T04:53:36.519Z [INFO]: Fetching post with ID: 68319085ff888836007ecd14, userId: 683189f4417a5ff1adf23052
2025-05-26T04:53:36.569Z [INFO]: Post found: 68319085ff888836007ecd14, views: 80/0
2025-05-26T04:53:36.599Z [INFO]: Post views updated: 81/0
2025-05-26T04:53:38.094Z [INFO]: Fetching post with ID: 68319085ff888836007ecd14, userId: 683189f4417a5ff1adf23052
2025-05-26T04:53:38.097Z [INFO]: Fetching comments for post ID: 68319085ff888836007ecd14
2025-05-26T04:53:38.097Z [INFO]: Fetching comments for post ID: 68319085ff888836007ecd14
2025-05-26T04:53:38.147Z [INFO]: Post found: 68319085ff888836007ecd14, views: 81/0
2025-05-26T04:53:38.148Z [INFO]: Fetching comments for post ID: 68319085ff888836007ecd14
2025-05-26T04:53:38.148Z [INFO]: Fetching comments for post ID: 68319085ff888836007ecd14
2025-05-26T04:53:38.177Z [INFO]: Post views updated: 82/0
2025-05-26T04:53:38.209Z [INFO]: Fetching post with ID: 68319085ff888836007ecd14, userId: 683189f4417a5ff1adf23052
2025-05-26T04:53:38.264Z [INFO]: Post found: 68319085ff888836007ecd14, views: 82/0
2025-05-26T04:53:38.294Z [INFO]: Post views updated: 83/0
2025-05-26T04:54:00.426Z [INFO]: Fetching post with ID: 68319085ff888836007ecd14, userId: 683189f4417a5ff1adf23052
2025-05-26T04:54:00.435Z [INFO]: Fetching comments for post ID: 68319085ff888836007ecd14
2025-05-26T04:54:00.436Z [INFO]: Fetching comments for post ID: 68319085ff888836007ecd14
2025-05-26T04:54:00.494Z [INFO]: Post found: 68319085ff888836007ecd14, views: 83/0
2025-05-26T04:54:00.526Z [INFO]: Post views updated: 84/0
2025-05-26T04:54:31.405Z [INFO]: Fetching post with ID: 68319085ff888836007ecd14, userId: 683189f4417a5ff1adf23052
2025-05-26T04:54:31.416Z [INFO]: Fetching comments for post ID: 68319085ff888836007ecd14
2025-05-26T04:54:31.417Z [INFO]: Fetching comments for post ID: 68319085ff888836007ecd14
2025-05-26T04:54:31.468Z [INFO]: Post found: 68319085ff888836007ecd14, views: 84/0
2025-05-26T04:54:31.502Z [INFO]: Post views updated: 85/0
2025-05-26T04:54:32.157Z [INFO]: Fetching post with ID: 68319085ff888836007ecd14, userId: 683189f4417a5ff1adf23052
2025-05-26T04:54:32.165Z [INFO]: Fetching comments for post ID: 68319085ff888836007ecd14
2025-05-26T04:54:32.165Z [INFO]: Fetching comments for post ID: 68319085ff888836007ecd14
2025-05-26T04:54:32.218Z [INFO]: Post found: 68319085ff888836007ecd14, views: 85/0
2025-05-26T04:54:32.249Z [INFO]: Post views updated: 86/0
2025-05-26T04:54:37.392Z [INFO]: Fetching post with ID: 68319085ff888836007ecd14, userId: 683189f4417a5ff1adf23052
2025-05-26T04:54:37.395Z [INFO]: Fetching comments for post ID: 68319085ff888836007ecd14
2025-05-26T04:54:37.396Z [INFO]: Fetching comments for post ID: 68319085ff888836007ecd14
2025-05-26T04:54:37.445Z [INFO]: Post found: 68319085ff888836007ecd14, views: 86/0
2025-05-26T04:54:37.474Z [INFO]: Post views updated: 87/0
2025-05-26T04:55:23.173Z [INFO]: Fetching post with ID: 68319085ff888836007ecd14, userId: 683189f4417a5ff1adf23052
2025-05-26T04:55:23.179Z [INFO]: Fetching comments for post ID: 68319085ff888836007ecd14
2025-05-26T04:55:23.180Z [INFO]: Fetching comments for post ID: 68319085ff888836007ecd14
2025-05-26T04:55:23.229Z [INFO]: Fetching comments for post ID: 68319085ff888836007ecd14
2025-05-26T04:55:23.230Z [INFO]: Fetching comments for post ID: 68319085ff888836007ecd14
2025-05-26T04:55:23.232Z [INFO]: Post found: 68319085ff888836007ecd14, views: 87/0
2025-05-26T04:55:23.265Z [INFO]: Post views updated: 88/0
2025-05-26T04:55:23.301Z [INFO]: Fetching post with ID: 68319085ff888836007ecd14, userId: 683189f4417a5ff1adf23052
2025-05-26T04:55:23.362Z [INFO]: Post found: 68319085ff888836007ecd14, views: 88/0
2025-05-26T04:55:23.397Z [INFO]: Post views updated: 89/0
2025-05-26T04:55:26.226Z [INFO]: Fetching post with ID: 68319085ff888836007ecd14, userId: 683189f4417a5ff1adf23052
2025-05-26T04:55:26.230Z [INFO]: Fetching comments for post ID: 68319085ff888836007ecd14
2025-05-26T04:55:26.230Z [INFO]: Fetching comments for post ID: 68319085ff888836007ecd14
2025-05-26T04:55:26.278Z [INFO]: Post found: 68319085ff888836007ecd14, views: 89/0
2025-05-26T04:55:26.284Z [INFO]: Fetching comments for post ID: 68319085ff888836007ecd14
2025-05-26T04:55:26.284Z [INFO]: Fetching comments for post ID: 68319085ff888836007ecd14
2025-05-26T04:55:26.307Z [INFO]: Post views updated: 90/0
2025-05-26T04:55:26.339Z [INFO]: Fetching post with ID: 68319085ff888836007ecd14, userId: 683189f4417a5ff1adf23052
2025-05-26T04:55:26.393Z [INFO]: Post found: 68319085ff888836007ecd14, views: 90/0
2025-05-26T04:55:26.423Z [INFO]: Post views updated: 91/0
2025-05-26T04:55:32.387Z [INFO]: Fetching post with ID: 682d95ca4b115b431caef55e, userId: 683189f4417a5ff1adf23052
2025-05-26T04:55:32.397Z [INFO]: Fetching comments for post ID: 682d95ca4b115b431caef55e
2025-05-26T04:55:32.397Z [INFO]: Fetching comments for post ID: 682d95ca4b115b431caef55e
2025-05-26T04:55:32.436Z [INFO]: Post found: 682d95ca4b115b431caef55e, views: 0/0
2025-05-26T04:55:32.457Z [INFO]: Fetching comments for post ID: 682d95ca4b115b431caef55e
2025-05-26T04:55:32.458Z [INFO]: Fetching comments for post ID: 682d95ca4b115b431caef55e
2025-05-26T04:55:32.466Z [INFO]: Post views updated: 1/0
2025-05-26T04:55:32.493Z [INFO]: Fetching post with ID: 682d95ca4b115b431caef55e, userId: 683189f4417a5ff1adf23052
2025-05-26T04:55:32.541Z [INFO]: Post found: 682d95ca4b115b431caef55e, views: 1/0
2025-05-26T04:55:32.569Z [INFO]: Post views updated: 2/0
2025-05-26T04:55:35.240Z [INFO]: Fetching post with ID: 68319085ff888836007ecd14, userId: 683189f4417a5ff1adf23052
2025-05-26T04:55:35.247Z [INFO]: Fetching comments for post ID: 68319085ff888836007ecd14
2025-05-26T04:55:35.247Z [INFO]: Fetching comments for post ID: 68319085ff888836007ecd14
2025-05-26T04:55:35.295Z [INFO]: Post found: 68319085ff888836007ecd14, views: 91/0
2025-05-26T04:55:35.302Z [INFO]: Fetching comments for post ID: 68319085ff888836007ecd14
2025-05-26T04:55:35.303Z [INFO]: Fetching comments for post ID: 68319085ff888836007ecd14
2025-05-26T04:55:35.324Z [INFO]: Post views updated: 92/0
2025-05-26T04:55:35.357Z [INFO]: Fetching post with ID: 68319085ff888836007ecd14, userId: 683189f4417a5ff1adf23052
2025-05-26T04:55:35.413Z [INFO]: Post found: 68319085ff888836007ecd14, views: 92/0
2025-05-26T04:55:35.443Z [INFO]: Post views updated: 93/0
2025-05-26T04:55:38.758Z [INFO]: Fetching post with ID: 68318d33ff888836007ecadb, userId: 683189f4417a5ff1adf23052
2025-05-26T04:55:38.761Z [INFO]: Fetching comments for post ID: 68318d33ff888836007ecadb
2025-05-26T04:55:38.762Z [INFO]: Fetching comments for post ID: 68318d33ff888836007ecadb
2025-05-26T04:55:38.812Z [INFO]: Fetching comments for post ID: 68318d33ff888836007ecadb
2025-05-26T04:55:38.812Z [INFO]: Fetching comments for post ID: 68318d33ff888836007ecadb
2025-05-26T04:55:38.817Z [INFO]: Post found: 68318d33ff888836007ecadb, views: 0/0
2025-05-26T04:55:38.850Z [INFO]: Post views updated: 1/0
2025-05-26T04:55:38.882Z [INFO]: Fetching post with ID: 68318d33ff888836007ecadb, userId: 683189f4417a5ff1adf23052
2025-05-26T04:55:38.944Z [INFO]: Post found: 68318d33ff888836007ecadb, views: 1/0
2025-05-26T04:55:38.978Z [INFO]: Post views updated: 2/0
2025-05-26T04:55:44.388Z [INFO]: Fetching post with ID: 68318d33ff888836007ecadb, userId: 683189f4417a5ff1adf23052
2025-05-26T04:55:44.393Z [INFO]: Fetching comments for post ID: 68318d33ff888836007ecadb
2025-05-26T04:55:44.393Z [INFO]: Fetching comments for post ID: 68318d33ff888836007ecadb
2025-05-26T04:55:44.441Z [INFO]: Post found: 68318d33ff888836007ecadb, views: 2/0
2025-05-26T04:55:44.447Z [INFO]: Fetching comments for post ID: 68318d33ff888836007ecadb
2025-05-26T04:55:44.447Z [INFO]: Fetching comments for post ID: 68318d33ff888836007ecadb
2025-05-26T04:55:44.470Z [INFO]: Post views updated: 3/0
2025-05-26T04:55:44.503Z [INFO]: Fetching post with ID: 68318d33ff888836007ecadb, userId: 683189f4417a5ff1adf23052
2025-05-26T04:55:44.558Z [INFO]: Post found: 68318d33ff888836007ecadb, views: 3/0
2025-05-26T04:55:44.589Z [INFO]: Post views updated: 4/0
2025-05-26T04:57:09.134Z [INFO]: Fetching post with ID: 68319085ff888836007ecd14, userId: 683189f4417a5ff1adf23052
2025-05-26T04:57:09.147Z [INFO]: Fetching comments for post ID: 68319085ff888836007ecd14
2025-05-26T04:57:09.147Z [INFO]: Fetching comments for post ID: 68319085ff888836007ecd14
2025-05-26T04:57:09.182Z [INFO]: Post found: 68319085ff888836007ecd14, views: 93/0
2025-05-26T04:57:09.209Z [INFO]: Post views updated: 94/0
2025-05-26T04:57:09.211Z [INFO]: Fetching comments for post ID: 68319085ff888836007ecd14
2025-05-26T04:57:09.212Z [INFO]: Fetching comments for post ID: 68319085ff888836007ecd14
2025-05-26T04:57:09.248Z [INFO]: Fetching post with ID: 68319085ff888836007ecd14, userId: 683189f4417a5ff1adf23052
2025-05-26T04:57:09.296Z [INFO]: Post found: 68319085ff888836007ecd14, views: 94/0
2025-05-26T04:57:09.325Z [INFO]: Post views updated: 95/0
2025-05-26T04:57:15.560Z [INFO]: Fetching post with ID: 68318d33ff888836007ecadb, userId: 683189f4417a5ff1adf23052
2025-05-26T04:57:15.564Z [INFO]: Fetching comments for post ID: 68318d33ff888836007ecadb
2025-05-26T04:57:15.565Z [INFO]: Fetching comments for post ID: 68318d33ff888836007ecadb
2025-05-26T04:57:15.609Z [INFO]: Post found: 68318d33ff888836007ecadb, views: 4/0
2025-05-26T04:57:15.613Z [INFO]: Fetching comments for post ID: 68318d33ff888836007ecadb
2025-05-26T04:57:15.614Z [INFO]: Fetching comments for post ID: 68318d33ff888836007ecadb
2025-05-26T04:57:15.636Z [INFO]: Post views updated: 5/0
2025-05-26T04:57:15.667Z [INFO]: Fetching post with ID: 68318d33ff888836007ecadb, userId: 683189f4417a5ff1adf23052
2025-05-26T04:57:15.715Z [INFO]: Post found: 68318d33ff888836007ecadb, views: 5/0
2025-05-26T04:57:15.743Z [INFO]: Post views updated: 6/0
2025-05-26T04:58:58.217Z [INFO]: Fetching post with ID: 68319085ff888836007ecd14, userId: 683189f4417a5ff1adf23052
2025-05-26T04:58:58.237Z [INFO]: Fetching comments for post ID: 68319085ff888836007ecd14
2025-05-26T04:58:58.238Z [INFO]: Fetching comments for post ID: 68319085ff888836007ecd14
2025-05-26T04:58:58.267Z [INFO]: Post found: 68319085ff888836007ecd14, views: 95/0
2025-05-26T04:58:58.301Z [INFO]: Post views updated: 96/0
2025-05-26T04:58:58.305Z [INFO]: Fetching comments for post ID: 68319085ff888836007ecd14
2025-05-26T04:58:58.305Z [INFO]: Fetching comments for post ID: 68319085ff888836007ecd14
2025-05-26T04:58:58.330Z [INFO]: Fetching post with ID: 68319085ff888836007ecd14, userId: 683189f4417a5ff1adf23052
2025-05-26T04:58:58.385Z [INFO]: Post found: 68319085ff888836007ecd14, views: 96/0
2025-05-26T04:58:58.413Z [INFO]: Post views updated: 97/0
2025-05-26T04:59:01.936Z [INFO]: Fetching post with ID: 68319085ff888836007ecd14, userId: 683189f4417a5ff1adf23052
2025-05-26T04:59:01.942Z [INFO]: Fetching comments for post ID: 68319085ff888836007ecd14
2025-05-26T04:59:01.943Z [INFO]: Fetching comments for post ID: 68319085ff888836007ecd14
2025-05-26T04:59:01.989Z [INFO]: Post found: 68319085ff888836007ecd14, views: 97/0
2025-05-26T04:59:01.995Z [INFO]: Fetching comments for post ID: 68319085ff888836007ecd14
2025-05-26T04:59:01.995Z [INFO]: Fetching comments for post ID: 68319085ff888836007ecd14
2025-05-26T04:59:02.021Z [INFO]: Post views updated: 98/0
2025-05-26T04:59:02.048Z [INFO]: Fetching post with ID: 68319085ff888836007ecd14, userId: 683189f4417a5ff1adf23052
2025-05-26T04:59:02.101Z [INFO]: Post found: 68319085ff888836007ecd14, views: 98/0
2025-05-26T04:59:02.129Z [INFO]: Post views updated: 99/0
2025-05-26T04:59:07.387Z [INFO]: Fetching post with ID: 68318d33ff888836007ecadb, userId: 683189f4417a5ff1adf23052
2025-05-26T04:59:07.396Z [INFO]: Fetching comments for post ID: 68318d33ff888836007ecadb
2025-05-26T04:59:07.396Z [INFO]: Fetching comments for post ID: 68318d33ff888836007ecadb
2025-05-26T04:59:07.449Z [INFO]: Post found: 68318d33ff888836007ecadb, views: 6/0
2025-05-26T04:59:07.450Z [INFO]: Fetching comments for post ID: 68318d33ff888836007ecadb
2025-05-26T04:59:07.450Z [INFO]: Fetching comments for post ID: 68318d33ff888836007ecadb
2025-05-26T04:59:07.483Z [INFO]: Post views updated: 7/0
2025-05-26T04:59:07.518Z [INFO]: Fetching post with ID: 68318d33ff888836007ecadb, userId: 683189f4417a5ff1adf23052
2025-05-26T04:59:07.579Z [INFO]: Post found: 68318d33ff888836007ecadb, views: 7/0
2025-05-26T04:59:07.613Z [INFO]: Post views updated: 8/0
2025-05-26T04:59:11.935Z [INFO]: Fetching post with ID: 68318d33ff888836007ecadb, userId: 683189f4417a5ff1adf23052
2025-05-26T04:59:11.943Z [INFO]: Fetching comments for post ID: 68318d33ff888836007ecadb
2025-05-26T04:59:11.944Z [INFO]: Fetching comments for post ID: 68318d33ff888836007ecadb
2025-05-26T04:59:11.993Z [INFO]: Post found: 68318d33ff888836007ecadb, views: 8/0
2025-05-26T04:59:12.001Z [INFO]: Fetching comments for post ID: 68318d33ff888836007ecadb
2025-05-26T04:59:12.002Z [INFO]: Fetching comments for post ID: 68318d33ff888836007ecadb
2025-05-26T04:59:12.020Z [INFO]: Post views updated: 9/0
2025-05-26T04:59:12.054Z [INFO]: Fetching post with ID: 68318d33ff888836007ecadb, userId: 683189f4417a5ff1adf23052
2025-05-26T04:59:12.107Z [INFO]: Post found: 68318d33ff888836007ecadb, views: 9/0
2025-05-26T04:59:12.135Z [INFO]: Post views updated: 10/0
2025-05-26T04:59:14.894Z [INFO]: Fetching post with ID: 68318d33ff888836007ecadb, userId: 683189f4417a5ff1adf23052
2025-05-26T04:59:14.912Z [INFO]: Fetching comments for post ID: 68318d33ff888836007ecadb
2025-05-26T04:59:14.913Z [INFO]: Fetching comments for post ID: 68318d33ff888836007ecadb
2025-05-26T04:59:14.949Z [INFO]: Post found: 68318d33ff888836007ecadb, views: 10/0
2025-05-26T04:59:14.971Z [INFO]: Fetching comments for post ID: 68318d33ff888836007ecadb
2025-05-26T04:59:14.972Z [INFO]: Fetching comments for post ID: 68318d33ff888836007ecadb
2025-05-26T04:59:14.980Z [INFO]: Post views updated: 11/0
2025-05-26T04:59:15.037Z [INFO]: Fetching post with ID: 68318d33ff888836007ecadb, userId: 683189f4417a5ff1adf23052
2025-05-26T04:59:15.093Z [INFO]: Post found: 68318d33ff888836007ecadb, views: 11/0
2025-05-26T04:59:15.122Z [INFO]: Post views updated: 12/0
2025-05-26T04:59:16.977Z [INFO]: Fetching post with ID: 68318d33ff888836007ecadb, userId: 683189f4417a5ff1adf23052
2025-05-26T04:59:16.986Z [INFO]: Fetching comments for post ID: 68318d33ff888836007ecadb
2025-05-26T04:59:16.986Z [INFO]: Fetching comments for post ID: 68318d33ff888836007ecadb
2025-05-26T04:59:17.029Z [INFO]: Post found: 68318d33ff888836007ecadb, views: 12/0
2025-05-26T04:59:17.051Z [INFO]: Fetching comments for post ID: 68318d33ff888836007ecadb
2025-05-26T04:59:17.051Z [INFO]: Fetching comments for post ID: 68318d33ff888836007ecadb
2025-05-26T04:59:17.055Z [INFO]: Post views updated: 13/0
2025-05-26T04:59:17.087Z [INFO]: Fetching post with ID: 68318d33ff888836007ecadb, userId: 683189f4417a5ff1adf23052
2025-05-26T04:59:17.137Z [INFO]: Post found: 68318d33ff888836007ecadb, views: 13/0
2025-05-26T04:59:17.165Z [INFO]: Post views updated: 14/0
2025-05-26T05:00:34.709Z [INFO]: Fetching post with ID: 68318d33ff888836007ecadb, userId: 683189f4417a5ff1adf23052
2025-05-26T05:00:34.716Z [INFO]: Fetching comments for post ID: 68318d33ff888836007ecadb
2025-05-26T05:00:34.717Z [INFO]: Fetching comments for post ID: 68318d33ff888836007ecadb
2025-05-26T05:00:34.761Z [INFO]: Post found: 68318d33ff888836007ecadb, views: 14/0
2025-05-26T05:00:34.771Z [INFO]: Fetching comments for post ID: 68318d33ff888836007ecadb
2025-05-26T05:00:34.771Z [INFO]: Fetching comments for post ID: 68318d33ff888836007ecadb
2025-05-26T05:00:34.789Z [INFO]: Post views updated: 15/0
2025-05-26T05:00:34.820Z [INFO]: Fetching post with ID: 68318d33ff888836007ecadb, userId: 683189f4417a5ff1adf23052
2025-05-26T05:00:34.875Z [INFO]: Post found: 68318d33ff888836007ecadb, views: 15/0
2025-05-26T05:00:34.903Z [INFO]: Post views updated: 16/0
2025-05-26T05:01:17.341Z [INFO]: Fetching post with ID: 682d95ca4b115b431caef55e, userId: 683189f4417a5ff1adf23052
2025-05-26T05:01:17.346Z [INFO]: Fetching comments for post ID: 682d95ca4b115b431caef55e
2025-05-26T05:01:17.348Z [INFO]: Fetching comments for post ID: 682d95ca4b115b431caef55e
2025-05-26T05:01:17.395Z [INFO]: Post found: 682d95ca4b115b431caef55e, views: 2/0
2025-05-26T05:01:17.401Z [INFO]: Fetching comments for post ID: 682d95ca4b115b431caef55e
2025-05-26T05:01:17.401Z [INFO]: Fetching comments for post ID: 682d95ca4b115b431caef55e
2025-05-26T05:01:17.432Z [INFO]: Post views updated: 3/0
2025-05-26T05:01:17.459Z [INFO]: Fetching post with ID: 682d95ca4b115b431caef55e, userId: 683189f4417a5ff1adf23052
2025-05-26T05:01:17.506Z [INFO]: Post found: 682d95ca4b115b431caef55e, views: 3/0
2025-05-26T05:01:17.533Z [INFO]: Post views updated: 4/0
2025-05-26T05:01:23.073Z [INFO]: Fetching post with ID: 68319085ff888836007ecd14, userId: 683189f4417a5ff1adf23052
2025-05-26T05:01:23.091Z [INFO]: Fetching comments for post ID: 68319085ff888836007ecd14
2025-05-26T05:01:23.092Z [INFO]: Fetching comments for post ID: 68319085ff888836007ecd14
2025-05-26T05:01:23.134Z [INFO]: Post found: 68319085ff888836007ecd14, views: 99/0
2025-05-26T05:01:23.141Z [INFO]: Fetching comments for post ID: 68319085ff888836007ecd14
2025-05-26T05:01:23.142Z [INFO]: Fetching comments for post ID: 68319085ff888836007ecd14
2025-05-26T05:01:23.166Z [INFO]: Post views updated: 100/0
2025-05-26T05:01:23.194Z [INFO]: Fetching post with ID: 68319085ff888836007ecd14, userId: 683189f4417a5ff1adf23052
2025-05-26T05:01:23.242Z [INFO]: Post found: 68319085ff888836007ecd14, views: 100/0
2025-05-26T05:01:23.270Z [INFO]: Post views updated: 101/0
2025-05-26T07:15:04.975Z [INFO]: Fetching comments for post ID: 68319085ff888836007ecd14
2025-05-26T07:15:04.977Z [INFO]: Fetching comments for post ID: 68319085ff888836007ecd14
2025-05-26T07:15:04.987Z [INFO]: Fetching post with ID: 68319085ff888836007ecd14, userId: 683189f4417a5ff1adf23052
2025-05-26T07:15:05.293Z [INFO]: Post found: 68319085ff888836007ecd14, views: 101/0
2025-05-26T07:15:05.315Z [INFO]: Fetching comments for post ID: 68319085ff888836007ecd14
2025-05-26T07:15:05.316Z [INFO]: Fetching comments for post ID: 68319085ff888836007ecd14
2025-05-26T07:15:05.522Z [INFO]: Post views updated: 102/0
2025-05-26T07:15:05.646Z [INFO]: Fetching post with ID: 68319085ff888836007ecd14, userId: 683189f4417a5ff1adf23052
2025-05-26T07:15:05.795Z [INFO]: Post found: 68319085ff888836007ecd14, views: 102/0
2025-05-26T07:15:05.858Z [INFO]: Post views updated: 103/0
2025-05-26T07:16:38.334Z [INFO]: Fetching comments for post ID: 68319085ff888836007ecd14
2025-05-26T07:16:38.334Z [INFO]: Fetching comments for post ID: 68319085ff888836007ecd14
2025-05-26T07:16:38.351Z [INFO]: Fetching post with ID: 68319085ff888836007ecd14, userId: 683189f4417a5ff1adf23052
2025-05-26T07:16:38.489Z [INFO]: Post found: 68319085ff888836007ecd14, views: 103/0
2025-05-26T07:16:38.523Z [INFO]: Post views updated: 104/0
2025-05-26T07:16:48.930Z [INFO]: Fetching post with ID: 68319085ff888836007ecd14, userId: 683189f4417a5ff1adf23052
2025-05-26T07:16:48.933Z [INFO]: Fetching comments for post ID: 68319085ff888836007ecd14
2025-05-26T07:16:48.933Z [INFO]: Fetching comments for post ID: 68319085ff888836007ecd14
2025-05-26T07:16:48.989Z [INFO]: Post found: 68319085ff888836007ecd14, views: 104/0
2025-05-26T07:16:49.027Z [INFO]: Post views updated: 105/0
2025-05-26T07:17:50.176Z [INFO]: Fetching post with ID: 68319085ff888836007ecd14, userId: 683189f4417a5ff1adf23052
2025-05-26T07:17:50.179Z [INFO]: Fetching comments for post ID: 68319085ff888836007ecd14
2025-05-26T07:17:50.180Z [INFO]: Fetching comments for post ID: 68319085ff888836007ecd14
2025-05-26T07:17:50.240Z [INFO]: Post found: 68319085ff888836007ecd14, views: 105/0
2025-05-26T07:17:50.287Z [INFO]: Post views updated: 106/0
2025-05-26T07:18:45.220Z [INFO]: Fetching post with ID: 68319085ff888836007ecd14, userId: 683189f4417a5ff1adf23052
2025-05-26T07:18:45.222Z [INFO]: Fetching comments for post ID: 68319085ff888836007ecd14
2025-05-26T07:18:45.223Z [INFO]: Fetching comments for post ID: 68319085ff888836007ecd14
2025-05-26T07:18:45.289Z [INFO]: Post found: 68319085ff888836007ecd14, views: 106/0
2025-05-26T07:18:45.328Z [INFO]: Post views updated: 107/0
2025-05-26T07:18:51.970Z [INFO]: Fetching post with ID: 68319085ff888836007ecd14, userId: 683189f4417a5ff1adf23052
2025-05-26T07:18:51.975Z [INFO]: Fetching comments for post ID: 68319085ff888836007ecd14
2025-05-26T07:18:51.975Z [INFO]: Fetching comments for post ID: 68319085ff888836007ecd14
2025-05-26T07:18:52.034Z [INFO]: Post found: 68319085ff888836007ecd14, views: 107/0
2025-05-26T07:18:52.072Z [INFO]: Post views updated: 108/0
2025-05-26T07:20:47.930Z [INFO]: Fetching post with ID: 68319085ff888836007ecd14, userId: 683189f4417a5ff1adf23052
2025-05-26T07:20:47.933Z [INFO]: Fetching comments for post ID: 68319085ff888836007ecd14
2025-05-26T07:20:47.934Z [INFO]: Fetching comments for post ID: 68319085ff888836007ecd14
2025-05-26T07:20:48.000Z [INFO]: Post found: 68319085ff888836007ecd14, views: 108/0
2025-05-26T07:20:48.034Z [INFO]: Post views updated: 109/0
2025-05-26T07:21:40.917Z [INFO]: Fetching post with ID: 68319085ff888836007ecd14, userId: 683189f4417a5ff1adf23052
2025-05-26T07:21:40.918Z [INFO]: Fetching comments for post ID: 68319085ff888836007ecd14
2025-05-26T07:21:40.919Z [INFO]: Fetching comments for post ID: 68319085ff888836007ecd14
2025-05-26T07:21:40.982Z [INFO]: Post found: 68319085ff888836007ecd14, views: 109/0
2025-05-26T07:21:41.024Z [INFO]: Post views updated: 110/0
2025-05-26T07:22:11.973Z [INFO]: Fetching post with ID: 68319085ff888836007ecd14, userId: 683189f4417a5ff1adf23052
2025-05-26T07:22:11.980Z [INFO]: Fetching comments for post ID: 68319085ff888836007ecd14
2025-05-26T07:22:11.980Z [INFO]: Fetching comments for post ID: 68319085ff888836007ecd14
2025-05-26T07:22:12.049Z [INFO]: Post found: 68319085ff888836007ecd14, views: 110/0
2025-05-26T07:22:12.089Z [INFO]: Post views updated: 111/0
2025-05-26T07:22:28.410Z [INFO]: Fetching post with ID: 68319085ff888836007ecd14, userId: 683189f4417a5ff1adf23052
2025-05-26T07:22:28.412Z [INFO]: Fetching comments for post ID: 68319085ff888836007ecd14
2025-05-26T07:22:28.413Z [INFO]: Fetching comments for post ID: 68319085ff888836007ecd14
2025-05-26T07:22:28.474Z [INFO]: Post found: 68319085ff888836007ecd14, views: 111/0
2025-05-26T07:22:28.507Z [INFO]: Post views updated: 112/0
2025-05-26T07:23:47.981Z [INFO]: Fetching post with ID: 68319085ff888836007ecd14, userId: 683189f4417a5ff1adf23052
2025-05-26T07:23:47.983Z [INFO]: Fetching comments for post ID: 68319085ff888836007ecd14
2025-05-26T07:23:47.983Z [INFO]: Fetching comments for post ID: 68319085ff888836007ecd14
2025-05-26T07:23:48.040Z [INFO]: Post found: 68319085ff888836007ecd14, views: 112/0
2025-05-26T07:23:48.080Z [INFO]: Post views updated: 113/0
2025-05-26T07:24:16.469Z [INFO]: Fetching post with ID: 68319085ff888836007ecd14, userId: 683189f4417a5ff1adf23052
2025-05-26T07:24:16.471Z [INFO]: Fetching comments for post ID: 68319085ff888836007ecd14
2025-05-26T07:24:16.472Z [INFO]: Fetching comments for post ID: 68319085ff888836007ecd14
2025-05-26T07:24:16.531Z [INFO]: Post found: 68319085ff888836007ecd14, views: 113/0
2025-05-26T07:24:16.564Z [INFO]: Post views updated: 114/0
2025-05-26T07:25:58.298Z [INFO]: Fetching post with ID: 68319085ff888836007ecd14, userId: 683189f4417a5ff1adf23052
2025-05-26T07:25:58.300Z [INFO]: Fetching comments for post ID: 68319085ff888836007ecd14
2025-05-26T07:25:58.301Z [INFO]: Fetching comments for post ID: 68319085ff888836007ecd14
2025-05-26T07:25:58.360Z [INFO]: Post found: 68319085ff888836007ecd14, views: 114/0
2025-05-26T07:25:58.396Z [INFO]: Post views updated: 115/0
2025-05-26T07:27:03.225Z [INFO]: Fetching post with ID: 68319085ff888836007ecd14, userId: 683189f4417a5ff1adf23052
2025-05-26T07:27:03.229Z [INFO]: Fetching comments for post ID: 68319085ff888836007ecd14
2025-05-26T07:27:03.230Z [INFO]: Fetching comments for post ID: 68319085ff888836007ecd14
2025-05-26T07:27:03.286Z [INFO]: Post found: 68319085ff888836007ecd14, views: 115/0
2025-05-26T07:27:03.320Z [INFO]: Post views updated: 116/0
2025-05-26T07:27:59.125Z [INFO]: Fetching post with ID: 68319085ff888836007ecd14, userId: 683189f4417a5ff1adf23052
2025-05-26T07:27:59.128Z [INFO]: Fetching comments for post ID: 68319085ff888836007ecd14
2025-05-26T07:27:59.129Z [INFO]: Fetching comments for post ID: 68319085ff888836007ecd14
2025-05-26T07:27:59.187Z [INFO]: Post found: 68319085ff888836007ecd14, views: 116/0
2025-05-26T07:27:59.223Z [INFO]: Post views updated: 117/0
2025-05-26T07:28:36.892Z [INFO]: Fetching post with ID: 68319085ff888836007ecd14, userId: 683189f4417a5ff1adf23052
2025-05-26T07:28:36.893Z [INFO]: Fetching comments for post ID: 68319085ff888836007ecd14
2025-05-26T07:28:36.894Z [INFO]: Fetching comments for post ID: 68319085ff888836007ecd14
2025-05-26T07:28:36.956Z [INFO]: Post found: 68319085ff888836007ecd14, views: 117/0
2025-05-26T07:28:36.989Z [INFO]: Post views updated: 118/0
2025-05-26T07:28:41.389Z [INFO]: Fetching post with ID: 68319085ff888836007ecd14, userId: 683189f4417a5ff1adf23052
2025-05-26T07:28:41.391Z [INFO]: Fetching comments for post ID: 68319085ff888836007ecd14
2025-05-26T07:28:41.392Z [INFO]: Fetching comments for post ID: 68319085ff888836007ecd14
2025-05-26T07:28:41.450Z [INFO]: Post found: 68319085ff888836007ecd14, views: 118/0
2025-05-26T07:28:41.484Z [INFO]: Post views updated: 119/0
2025-05-26T07:28:55.079Z [INFO]: Fetching post with ID: 68319085ff888836007ecd14, userId: 683189f4417a5ff1adf23052
2025-05-26T07:28:55.081Z [INFO]: Fetching comments for post ID: 68319085ff888836007ecd14
2025-05-26T07:28:55.081Z [INFO]: Fetching comments for post ID: 68319085ff888836007ecd14
2025-05-26T07:28:55.140Z [INFO]: Post found: 68319085ff888836007ecd14, views: 119/0
2025-05-26T07:28:55.173Z [INFO]: Post views updated: 120/0
2025-05-26T07:29:05.046Z [INFO]: Fetching post with ID: 68319085ff888836007ecd14, userId: 683189f4417a5ff1adf23052
2025-05-26T07:29:05.049Z [INFO]: Fetching comments for post ID: 68319085ff888836007ecd14
2025-05-26T07:29:05.050Z [INFO]: Fetching comments for post ID: 68319085ff888836007ecd14
2025-05-26T07:29:05.108Z [INFO]: Post found: 68319085ff888836007ecd14, views: 120/0
2025-05-26T07:29:05.141Z [INFO]: Post views updated: 121/0
2025-05-26T07:29:15.989Z [INFO]: Fetching post with ID: 68319085ff888836007ecd14, userId: 683189f4417a5ff1adf23052
2025-05-26T07:29:15.991Z [INFO]: Fetching comments for post ID: 68319085ff888836007ecd14
2025-05-26T07:29:15.991Z [INFO]: Fetching comments for post ID: 68319085ff888836007ecd14
2025-05-26T07:29:16.048Z [INFO]: Post found: 68319085ff888836007ecd14, views: 121/0
2025-05-26T07:29:16.083Z [INFO]: Post views updated: 122/0
2025-05-26T07:29:23.322Z [INFO]: Fetching post with ID: 68319085ff888836007ecd14, userId: 683189f4417a5ff1adf23052
2025-05-26T07:29:23.325Z [INFO]: Fetching comments for post ID: 68319085ff888836007ecd14
2025-05-26T07:29:23.325Z [INFO]: Fetching comments for post ID: 68319085ff888836007ecd14
2025-05-26T07:29:23.382Z [INFO]: Post found: 68319085ff888836007ecd14, views: 122/0
2025-05-26T07:29:23.415Z [INFO]: Post views updated: 123/0
2025-05-26T07:29:42.386Z [INFO]: Fetching post with ID: 68319085ff888836007ecd14, userId: 683189f4417a5ff1adf23052
2025-05-26T07:29:42.389Z [INFO]: Fetching comments for post ID: 68319085ff888836007ecd14
2025-05-26T07:29:42.389Z [INFO]: Fetching comments for post ID: 68319085ff888836007ecd14
2025-05-26T07:29:42.449Z [INFO]: Post found: 68319085ff888836007ecd14, views: 123/0
2025-05-26T07:29:42.482Z [INFO]: Post views updated: 124/0
2025-05-26T07:30:33.315Z [INFO]: Fetching post with ID: 68319085ff888836007ecd14, userId: 683189f4417a5ff1adf23052
2025-05-26T07:30:33.317Z [INFO]: Fetching comments for post ID: 68319085ff888836007ecd14
2025-05-26T07:30:33.318Z [INFO]: Fetching comments for post ID: 68319085ff888836007ecd14
2025-05-26T07:30:33.378Z [INFO]: Post found: 68319085ff888836007ecd14, views: 124/0
2025-05-26T07:30:33.415Z [INFO]: Post views updated: 125/0
2025-05-26T07:32:44.573Z [INFO]: Fetching post with ID: 68319085ff888836007ecd14, userId: 683189f4417a5ff1adf23052
2025-05-26T07:32:44.574Z [INFO]: Fetching comments for post ID: 68319085ff888836007ecd14
2025-05-26T07:32:44.575Z [INFO]: Fetching comments for post ID: 68319085ff888836007ecd14
2025-05-26T07:32:44.638Z [INFO]: Post found: 68319085ff888836007ecd14, views: 125/0
2025-05-26T07:32:44.682Z [INFO]: Post views updated: 126/0
2025-05-26T07:32:51.444Z [INFO]: Fetching post with ID: 68319085ff888836007ecd14, userId: 683189f4417a5ff1adf23052
2025-05-26T07:32:51.448Z [INFO]: Fetching comments for post ID: 68319085ff888836007ecd14
2025-05-26T07:32:51.448Z [INFO]: Fetching comments for post ID: 68319085ff888836007ecd14
2025-05-26T07:32:51.502Z [INFO]: Post found: 68319085ff888836007ecd14, views: 126/0
2025-05-26T07:32:51.539Z [INFO]: Post views updated: 127/0
2025-05-26T07:33:47.123Z [INFO]: Fetching post with ID: 68319085ff888836007ecd14, userId: 683189f4417a5ff1adf23052
2025-05-26T07:33:47.174Z [INFO]: Fetching comments for post ID: 68319085ff888836007ecd14
2025-05-26T07:33:47.174Z [INFO]: Fetching comments for post ID: 68319085ff888836007ecd14
2025-05-26T07:33:47.279Z [INFO]: Post found: 68319085ff888836007ecd14, views: 127/0
2025-05-26T07:33:47.316Z [INFO]: Post views updated: 128/0
2025-05-26T07:33:56.871Z [INFO]: Fetching post with ID: 68319085ff888836007ecd14, userId: 683189f4417a5ff1adf23052
2025-05-26T07:33:56.873Z [INFO]: Fetching comments for post ID: 68319085ff888836007ecd14
2025-05-26T07:33:56.873Z [INFO]: Fetching comments for post ID: 68319085ff888836007ecd14
2025-05-26T07:33:56.932Z [INFO]: Post found: 68319085ff888836007ecd14, views: 128/0
2025-05-26T07:33:56.966Z [INFO]: Post views updated: 129/0
2025-05-26T07:34:46.506Z [INFO]: Fetching post with ID: 68319085ff888836007ecd14, userId: 683189f4417a5ff1adf23052
2025-05-26T07:34:46.512Z [INFO]: Fetching comments for post ID: 68319085ff888836007ecd14
2025-05-26T07:34:46.513Z [INFO]: Fetching comments for post ID: 68319085ff888836007ecd14
2025-05-26T07:34:46.634Z [INFO]: Post found: 68319085ff888836007ecd14, views: 129/0
2025-05-26T07:34:46.694Z [INFO]: Post views updated: 130/0
2025-05-26T07:34:54.071Z [INFO]: Fetching post with ID: 68319085ff888836007ecd14, userId: 683189f4417a5ff1adf23052
2025-05-26T07:34:54.075Z [INFO]: Fetching comments for post ID: 68319085ff888836007ecd14
2025-05-26T07:34:54.076Z [INFO]: Fetching comments for post ID: 68319085ff888836007ecd14
2025-05-26T07:34:54.160Z [INFO]: Post found: 68319085ff888836007ecd14, views: 130/0
2025-05-26T07:34:54.197Z [INFO]: Post views updated: 131/0
2025-05-26T07:36:33.960Z [INFO]: Fetching post with ID: 68319085ff888836007ecd14, userId: 683189f4417a5ff1adf23052
2025-05-26T07:36:33.982Z [INFO]: Fetching comments for post ID: 68319085ff888836007ecd14
2025-05-26T07:36:33.983Z [INFO]: Fetching comments for post ID: 68319085ff888836007ecd14
2025-05-26T07:36:34.030Z [INFO]: Post found: 68319085ff888836007ecd14, views: 131/0
2025-05-26T07:36:34.061Z [INFO]: Fetching comments for post ID: 68319085ff888836007ecd14
2025-05-26T07:36:34.062Z [INFO]: Fetching comments for post ID: 68319085ff888836007ecd14
2025-05-26T07:36:34.071Z [INFO]: Post views updated: 132/0
2025-05-26T07:36:34.117Z [INFO]: Fetching post with ID: 68319085ff888836007ecd14, userId: 683189f4417a5ff1adf23052
2025-05-26T07:36:34.182Z [INFO]: Post found: 68319085ff888836007ecd14, views: 132/0
2025-05-26T07:36:34.294Z [INFO]: Post views updated: 133/0
2025-05-26T07:36:43.978Z [INFO]: Fetching post with ID: 68319085ff888836007ecd14, userId: 683189f4417a5ff1adf23052
2025-05-26T07:36:43.993Z [INFO]: Fetching comments for post ID: 68319085ff888836007ecd14
2025-05-26T07:36:43.993Z [INFO]: Fetching comments for post ID: 68319085ff888836007ecd14
2025-05-26T07:36:44.039Z [INFO]: Post found: 68319085ff888836007ecd14, views: 133/0
2025-05-26T07:36:44.072Z [INFO]: Fetching comments for post ID: 68319085ff888836007ecd14
2025-05-26T07:36:44.072Z [INFO]: Fetching comments for post ID: 68319085ff888836007ecd14
2025-05-26T07:36:44.074Z [INFO]: Post views updated: 134/0
2025-05-26T07:36:44.109Z [INFO]: Fetching post with ID: 68319085ff888836007ecd14, userId: 683189f4417a5ff1adf23052
2025-05-26T07:36:44.172Z [INFO]: Post found: 68319085ff888836007ecd14, views: 134/0
2025-05-26T07:36:44.206Z [INFO]: Post views updated: 135/0
2025-05-26T07:37:51.210Z [INFO]: Fetching post with ID: 68319085ff888836007ecd14, userId: 683189f4417a5ff1adf23052
2025-05-26T07:37:51.214Z [INFO]: Fetching comments for post ID: 68319085ff888836007ecd14
2025-05-26T07:37:51.214Z [INFO]: Fetching comments for post ID: 68319085ff888836007ecd14
2025-05-26T07:37:51.385Z [INFO]: Post found: 68319085ff888836007ecd14, views: 135/0
2025-05-26T07:37:51.423Z [INFO]: Post views updated: 136/0
2025-05-26T07:38:08.798Z [INFO]: Fetching post with ID: 68319085ff888836007ecd14, userId: 683189f4417a5ff1adf23052
2025-05-26T07:38:08.827Z [INFO]: Fetching comments for post ID: 68319085ff888836007ecd14
2025-05-26T07:38:08.827Z [INFO]: Fetching comments for post ID: 68319085ff888836007ecd14
2025-05-26T07:38:08.905Z [INFO]: Post found: 68319085ff888836007ecd14, views: 136/0
2025-05-26T07:38:08.941Z [INFO]: Post views updated: 137/0
2025-05-26T07:39:36.856Z [INFO]: Fetching post with ID: 68319085ff888836007ecd14, userId: 683189f4417a5ff1adf23052
2025-05-26T07:39:36.860Z [INFO]: Fetching comments for post ID: 68319085ff888836007ecd14
2025-05-26T07:39:36.860Z [INFO]: Fetching comments for post ID: 68319085ff888836007ecd14
2025-05-26T07:39:36.918Z [INFO]: Post found: 68319085ff888836007ecd14, views: 137/0
2025-05-26T07:39:36.953Z [INFO]: Post views updated: 138/0
2025-05-26T07:39:49.924Z [INFO]: Fetching post with ID: 68319085ff888836007ecd14, userId: 683189f4417a5ff1adf23052
2025-05-26T07:39:49.933Z [INFO]: Fetching comments for post ID: 68319085ff888836007ecd14
2025-05-26T07:39:49.933Z [INFO]: Fetching comments for post ID: 68319085ff888836007ecd14
2025-05-26T07:39:50.009Z [INFO]: Post found: 68319085ff888836007ecd14, views: 138/0
2025-05-26T07:39:50.072Z [INFO]: Post views updated: 139/0
2025-05-26T07:43:04.279Z [INFO]: Fetching comments for post ID: 68319085ff888836007ecd14
2025-05-26T07:43:04.280Z [INFO]: Fetching comments for post ID: 68319085ff888836007ecd14
2025-05-26T07:43:04.286Z [INFO]: Fetching post with ID: 68319085ff888836007ecd14, userId: 683189f4417a5ff1adf23052
2025-05-26T07:43:04.433Z [INFO]: Post found: 68319085ff888836007ecd14, views: 139/0
2025-05-26T07:43:04.437Z [INFO]: Fetching comments for post ID: 68319085ff888836007ecd14
2025-05-26T07:43:04.437Z [INFO]: Fetching comments for post ID: 68319085ff888836007ecd14
2025-05-26T07:43:04.468Z [INFO]: Post views updated: 140/0
2025-05-26T07:43:04.503Z [INFO]: Fetching post with ID: 68319085ff888836007ecd14, userId: 683189f4417a5ff1adf23052
2025-05-26T07:43:04.567Z [INFO]: Post found: 68319085ff888836007ecd14, views: 140/0
2025-05-26T07:43:04.751Z [INFO]: Post views updated: 141/0
2025-05-26T07:43:06.212Z [INFO]: Fetching post with ID: 68319085ff888836007ecd14, userId: 683189f4417a5ff1adf23052
2025-05-26T07:43:06.215Z [INFO]: Fetching comments for post ID: 68319085ff888836007ecd14
2025-05-26T07:43:06.215Z [INFO]: Fetching comments for post ID: 68319085ff888836007ecd14
2025-05-26T07:43:06.284Z [INFO]: Fetching comments for post ID: 68319085ff888836007ecd14
2025-05-26T07:43:06.284Z [INFO]: Fetching comments for post ID: 68319085ff888836007ecd14
2025-05-26T07:43:06.286Z [INFO]: Post found: 68319085ff888836007ecd14, views: 141/0
2025-05-26T07:43:06.319Z [INFO]: Post views updated: 142/0
2025-05-26T07:43:06.351Z [INFO]: Fetching post with ID: 68319085ff888836007ecd14, userId: 683189f4417a5ff1adf23052
2025-05-26T07:43:06.412Z [INFO]: Post found: 68319085ff888836007ecd14, views: 142/0
2025-05-26T07:43:06.444Z [INFO]: Post views updated: 143/0
2025-05-26T07:45:43.088Z [INFO]: Fetching post with ID: 68318d33ff888836007ecadb, userId: 683189f4417a5ff1adf23052
2025-05-26T07:45:43.099Z [INFO]: Fetching comments for post ID: 68318d33ff888836007ecadb
2025-05-26T07:45:43.099Z [INFO]: Fetching comments for post ID: 68318d33ff888836007ecadb
2025-05-26T07:45:43.148Z [INFO]: Post found: 68318d33ff888836007ecadb, views: 16/0
2025-05-26T07:45:43.170Z [INFO]: Fetching comments for post ID: 68318d33ff888836007ecadb
2025-05-26T07:45:43.171Z [INFO]: Fetching comments for post ID: 68318d33ff888836007ecadb
2025-05-26T07:45:43.185Z [INFO]: Post views updated: 17/0
2025-05-26T07:45:43.219Z [INFO]: Fetching post with ID: 68318d33ff888836007ecadb, userId: 683189f4417a5ff1adf23052
2025-05-26T07:45:43.279Z [INFO]: Post found: 68318d33ff888836007ecadb, views: 17/0
2025-05-26T07:45:43.314Z [INFO]: Post views updated: 18/0
2025-05-26T07:51:25.380Z [INFO]: Fetching post with ID: 68318d33ff888836007ecadb, userId: 683189f4417a5ff1adf23052
2025-05-26T07:51:25.387Z [INFO]: Fetching comments for post ID: 68318d33ff888836007ecadb
2025-05-26T07:51:25.387Z [INFO]: Fetching comments for post ID: 68318d33ff888836007ecadb
2025-05-26T07:51:25.440Z [INFO]: Post found: 68318d33ff888836007ecadb, views: 18/0
2025-05-26T07:51:25.478Z [INFO]: Post views updated: 19/0
2025-05-26T07:52:01.393Z [INFO]: Fetching post with ID: 68318d33ff888836007ecadb, userId: 683189f4417a5ff1adf23052
2025-05-26T07:52:01.401Z [INFO]: Fetching comments for post ID: 68318d33ff888836007ecadb
2025-05-26T07:52:01.402Z [INFO]: Fetching comments for post ID: 68318d33ff888836007ecadb
2025-05-26T07:52:01.456Z [INFO]: Post found: 68318d33ff888836007ecadb, views: 19/0
2025-05-26T07:52:01.491Z [INFO]: Post views updated: 20/0
2025-05-26T07:53:13.784Z [INFO]: Creating comment for post ID: undefined
2025-05-26T07:53:13.786Z [ERROR]: Create comment error: Invalid post or user ID
2025-05-26T07:53:13.791Z [ERROR]: Invalid post or user ID
2025-05-26T07:53:30.988Z [INFO]: Creating comment for post ID: undefined
2025-05-26T07:53:30.988Z [ERROR]: Create comment error: Invalid post or user ID
2025-05-26T07:53:30.989Z [ERROR]: Invalid post or user ID
2025-05-26T07:55:57.638Z [INFO]: Creating comment for post ID: undefined
2025-05-26T07:55:57.640Z [ERROR]: Create comment error: Invalid post or user ID
2025-05-26T07:55:57.642Z [ERROR]: Invalid post or user ID
2025-05-26T07:57:34.355Z [INFO]: Creating comment for post ID: 68318d33ff888836007ecadb
2025-05-26T07:57:34.362Z [ERROR]: Create comment error: Comment validation failed: threadId: Path `threadId` is required.
2025-05-26T07:57:34.365Z [ERROR]: Internal server error
2025-05-26T08:00:29.424Z [INFO]: Creating comment for post ID: 68318d33ff888836007ecadb
2025-05-26T08:00:29.433Z [ERROR]: Create comment error: Comment validation failed: threadId: Path `threadId` is required.
2025-05-26T08:00:29.435Z [ERROR]: Internal server error
2025-05-26T08:03:50.496Z [INFO]: Creating comment for post ID: 68318d33ff888836007ecadb
2025-05-26T08:03:58.565Z [INFO]: Fetching post with ID: 68318d33ff888836007ecadb, userId: 683189f4417a5ff1adf23052
2025-05-26T08:03:58.583Z [INFO]: Fetching comments for post ID: 68318d33ff888836007ecadb
2025-05-26T08:03:58.584Z [INFO]: Fetching comments for post ID: 68318d33ff888836007ecadb
2025-05-26T08:03:58.637Z [INFO]: Post found: 68318d33ff888836007ecadb, views: 20/0
2025-05-26T08:03:58.678Z [INFO]: Post views updated: 21/0
2025-05-26T08:03:58.733Z [INFO]: Fetching comments for post ID: 68318d33ff888836007ecadb
2025-05-26T08:03:58.734Z [INFO]: Fetching comments for post ID: 68318d33ff888836007ecadb
2025-05-26T08:03:58.739Z [INFO]: Fetching post with ID: 68318d33ff888836007ecadb, userId: 683189f4417a5ff1adf23052
2025-05-26T08:03:58.836Z [INFO]: Post found: 68318d33ff888836007ecadb, views: 21/0
2025-05-26T08:03:58.888Z [INFO]: Post views updated: 22/0
2025-05-26T08:04:02.144Z [INFO]: Fetching comments for post ID: 68318d33ff888836007ecadb
2025-05-26T08:04:02.145Z [INFO]: Fetching comments for post ID: 68318d33ff888836007ecadb
2025-05-26T08:04:02.147Z [INFO]: Fetching post with ID: 68318d33ff888836007ecadb, userId: 683189f4417a5ff1adf23052
2025-05-26T08:04:02.218Z [INFO]: Post found: 68318d33ff888836007ecadb, views: 22/0
2025-05-26T08:04:02.244Z [INFO]: Fetching comments for post ID: 68318d33ff888836007ecadb
2025-05-26T08:04:02.244Z [INFO]: Fetching comments for post ID: 68318d33ff888836007ecadb
2025-05-26T08:04:02.259Z [INFO]: Post views updated: 23/0
2025-05-26T08:04:02.298Z [INFO]: Fetching post with ID: 68318d33ff888836007ecadb, userId: 683189f4417a5ff1adf23052
2025-05-26T08:04:02.384Z [INFO]: Post found: 68318d33ff888836007ecadb, views: 23/0
2025-05-26T08:04:02.423Z [INFO]: Post views updated: 24/0
2025-05-26T08:05:29.388Z [INFO]: Fetching comments for post ID: 68318d33ff888836007ecadb
2025-05-26T08:05:29.388Z [INFO]: Fetching comments for post ID: 68318d33ff888836007ecadb
2025-05-26T08:05:29.390Z [INFO]: Fetching post with ID: 68318d33ff888836007ecadb, userId: 683189f4417a5ff1adf23052
2025-05-26T08:05:29.461Z [INFO]: Post found: 68318d33ff888836007ecadb, views: 24/0
2025-05-26T08:05:29.504Z [INFO]: Post views updated: 25/0
2025-05-26T08:08:49.435Z [INFO]: Fetching comments for post ID: 68318d33ff888836007ecadb
2025-05-26T08:08:49.436Z [INFO]: Fetching comments for post ID: 68318d33ff888836007ecadb
2025-05-26T08:08:49.439Z [INFO]: Fetching post with ID: 68318d33ff888836007ecadb, userId: 683189f4417a5ff1adf23052
2025-05-26T08:08:49.526Z [INFO]: Post found: 68318d33ff888836007ecadb, views: 25/0
2025-05-26T08:08:49.578Z [INFO]: Post views updated: 26/0
2025-05-26T08:10:57.103Z [INFO]: Fetching post with ID: 68318d33ff888836007ecadb, userId: 683189f4417a5ff1adf23052
2025-05-26T08:10:57.106Z [INFO]: Fetching comments for post ID: 68318d33ff888836007ecadb
2025-05-26T08:10:57.107Z [INFO]: Fetching comments for post ID: 68318d33ff888836007ecadb
2025-05-26T08:10:57.182Z [INFO]: Post found: 68318d33ff888836007ecadb, views: 26/0
2025-05-26T08:10:57.226Z [INFO]: Post views updated: 27/0
2025-05-26T09:38:14.895Z [INFO]: Fetching post with ID: 68319085ff888836007ecd14, userId: 683189f4417a5ff1adf23052
2025-05-26T09:38:14.907Z [INFO]: Fetching comments for post ID: 68319085ff888836007ecd14
2025-05-26T09:38:14.907Z [INFO]: Fetching comments for post ID: 68319085ff888836007ecd14
2025-05-26T09:38:14.944Z [INFO]: Post found: 68319085ff888836007ecd14, views: 143/0
2025-05-26T09:38:14.972Z [INFO]: Post views updated: 144/0
2025-05-26T09:38:14.975Z [INFO]: Fetching comments for post ID: 68319085ff888836007ecd14
2025-05-26T09:38:14.976Z [INFO]: Fetching comments for post ID: 68319085ff888836007ecd14
2025-05-26T09:38:15.008Z [INFO]: Fetching post with ID: 68319085ff888836007ecd14, userId: 683189f4417a5ff1adf23052
2025-05-26T09:38:15.059Z [INFO]: Post found: 68319085ff888836007ecd14, views: 144/0
2025-05-26T09:38:15.088Z [INFO]: Post views updated: 145/0
2025-05-26T09:38:20.753Z [INFO]: Fetching post with ID: 68318d33ff888836007ecadb, userId: 683189f4417a5ff1adf23052
2025-05-26T09:38:20.763Z [INFO]: Fetching comments for post ID: 68318d33ff888836007ecadb
2025-05-26T09:38:20.764Z [INFO]: Fetching comments for post ID: 68318d33ff888836007ecadb
2025-05-26T09:38:20.825Z [INFO]: Post found: 68318d33ff888836007ecadb, views: 27/0
2025-05-26T09:38:20.864Z [INFO]: Post views updated: 28/0
2025-05-26T09:38:20.901Z [INFO]: Fetching comments for post ID: 68318d33ff888836007ecadb
2025-05-26T09:38:20.902Z [INFO]: Fetching comments for post ID: 68318d33ff888836007ecadb
2025-05-26T09:38:20.905Z [INFO]: Fetching post with ID: 68318d33ff888836007ecadb, userId: 683189f4417a5ff1adf23052
2025-05-26T09:38:20.978Z [INFO]: Post found: 68318d33ff888836007ecadb, views: 28/0
2025-05-26T09:38:21.017Z [INFO]: Post views updated: 29/0
2025-05-26T09:41:42.845Z [INFO]: Fetching post with ID: 68318d33ff888836007ecadb, userId: 683189f4417a5ff1adf23052
2025-05-26T09:41:42.855Z [INFO]: Fetching comments for post ID: 68318d33ff888836007ecadb
2025-05-26T09:41:42.855Z [INFO]: Fetching comments for post ID: 68318d33ff888836007ecadb
2025-05-26T09:41:42.922Z [INFO]: Post found: 68318d33ff888836007ecadb, views: 29/0
2025-05-26T09:41:42.966Z [INFO]: Post views updated: 30/0
2025-05-26T09:41:43.011Z [INFO]: Fetching comments for post ID: 68318d33ff888836007ecadb
2025-05-26T09:41:43.015Z [INFO]: Fetching comments for post ID: 68318d33ff888836007ecadb
2025-05-26T09:41:43.020Z [INFO]: Fetching post with ID: 68318d33ff888836007ecadb, userId: 683189f4417a5ff1adf23052
2025-05-26T09:41:43.098Z [INFO]: Post found: 68318d33ff888836007ecadb, views: 30/0
2025-05-26T09:41:43.136Z [INFO]: Post views updated: 31/0
2025-05-26T09:41:45.521Z [INFO]: Fetching post with ID: 68318d33ff888836007ecadb, userId: 683189f4417a5ff1adf23052
2025-05-26T09:41:45.523Z [INFO]: Fetching comments for post ID: 68318d33ff888836007ecadb
2025-05-26T09:41:45.524Z [INFO]: Fetching comments for post ID: 68318d33ff888836007ecadb
2025-05-26T09:41:45.590Z [INFO]: Post found: 68318d33ff888836007ecadb, views: 31/0
2025-05-26T09:41:45.621Z [INFO]: Fetching comments for post ID: 68318d33ff888836007ecadb
2025-05-26T09:41:45.621Z [INFO]: Fetching comments for post ID: 68318d33ff888836007ecadb
2025-05-26T09:41:45.628Z [INFO]: Post views updated: 32/0
2025-05-26T09:41:45.672Z [INFO]: Fetching post with ID: 68318d33ff888836007ecadb, userId: 683189f4417a5ff1adf23052
2025-05-26T09:41:45.748Z [INFO]: Post found: 68318d33ff888836007ecadb, views: 32/0
2025-05-26T09:41:45.792Z [INFO]: Post views updated: 33/0
2025-05-26T09:42:43.251Z [INFO]: Fetching post with ID: 68318d33ff888836007ecadb, userId: 683189f4417a5ff1adf23052
2025-05-26T09:42:43.253Z [INFO]: Fetching comments for post ID: 68318d33ff888836007ecadb
2025-05-26T09:42:43.253Z [INFO]: Fetching comments for post ID: 68318d33ff888836007ecadb
2025-05-26T09:42:43.320Z [INFO]: Post found: 68318d33ff888836007ecadb, views: 33/0
2025-05-26T09:42:43.358Z [INFO]: Post views updated: 34/0
2025-05-26T09:44:12.272Z [INFO]: Fetching comments for post ID: 68318d33ff888836007ecadb
2025-05-26T09:44:12.273Z [INFO]: Fetching comments for post ID: 68318d33ff888836007ecadb
2025-05-26T09:44:12.275Z [INFO]: Fetching post with ID: 68318d33ff888836007ecadb, userId: 683189f4417a5ff1adf23052
2025-05-26T09:44:12.344Z [INFO]: Post found: 68318d33ff888836007ecadb, views: 34/0
2025-05-26T09:44:12.386Z [INFO]: Post views updated: 35/0
2025-05-26T09:54:50.821Z [INFO]: Fetching comments for post ID: 68319085ff888836007ecd14
2025-05-26T09:54:50.822Z [INFO]: Fetching comments for post ID: 68319085ff888836007ecd14
2025-05-26T09:54:50.829Z [INFO]: Fetching post with ID: 68319085ff888836007ecd14, userId: 683189f4417a5ff1adf23052
2025-05-26T09:54:50.880Z [INFO]: Fetching comments for post ID: 68319085ff888836007ecd14
2025-05-26T09:54:50.881Z [INFO]: Fetching comments for post ID: 68319085ff888836007ecd14
2025-05-26T09:54:50.909Z [INFO]: Post found: 68319085ff888836007ecd14, views: 145/0
2025-05-26T09:54:50.966Z [INFO]: Post views updated: 146/0
2025-05-26T09:54:51.012Z [INFO]: Fetching post with ID: 68319085ff888836007ecd14, userId: 683189f4417a5ff1adf23052
2025-05-26T09:54:51.095Z [INFO]: Post found: 68319085ff888836007ecd14, views: 146/0
2025-05-26T09:54:51.137Z [INFO]: Post views updated: 147/0
2025-05-26T09:56:00.630Z [INFO]: Fetching comments for post ID: 68319085ff888836007ecd14
2025-05-26T09:56:00.632Z [INFO]: Fetching comments for post ID: 68319085ff888836007ecd14
2025-05-26T09:56:00.635Z [INFO]: Fetching post with ID: 68319085ff888836007ecd14, userId: 683189f4417a5ff1adf23052
2025-05-26T09:56:00.713Z [INFO]: Post found: 68319085ff888836007ecd14, views: 147/0
2025-05-26T09:56:00.763Z [INFO]: Post views updated: 148/0
2025-05-26T09:56:16.877Z [INFO]: Fetching comments for post ID: 68319085ff888836007ecd14
2025-05-26T09:56:16.878Z [INFO]: Fetching comments for post ID: 68319085ff888836007ecd14
2025-05-26T09:56:16.880Z [INFO]: Fetching post with ID: 68319085ff888836007ecd14, userId: 683189f4417a5ff1adf23052
2025-05-26T09:56:16.957Z [INFO]: Post found: 68319085ff888836007ecd14, views: 148/0
2025-05-26T09:56:17.002Z [INFO]: Post views updated: 149/0
2025-05-26T10:01:51.710Z [INFO]: Fetching post with ID: 68319085ff888836007ecd14, userId: 683189f4417a5ff1adf23052
2025-05-26T10:01:51.713Z [INFO]: Fetching comments for post ID: 68319085ff888836007ecd14
2025-05-26T10:01:51.713Z [INFO]: Fetching comments for post ID: 68319085ff888836007ecd14
2025-05-26T10:01:51.764Z [INFO]: Post found: 68319085ff888836007ecd14, views: 149/0
2025-05-26T10:01:51.772Z [INFO]: Fetching comments for post ID: 68319085ff888836007ecd14
2025-05-26T10:01:51.772Z [INFO]: Fetching comments for post ID: 68319085ff888836007ecd14
2025-05-26T10:01:51.800Z [INFO]: Post views updated: 150/0
2025-05-26T10:01:51.833Z [INFO]: Fetching post with ID: 68319085ff888836007ecd14, userId: 683189f4417a5ff1adf23052
2025-05-26T10:01:51.893Z [INFO]: Post found: 68319085ff888836007ecd14, views: 150/0
2025-05-26T10:01:51.928Z [INFO]: Post views updated: 151/0
2025-05-26T10:02:03.973Z [INFO]: Fetching post with ID: 68319085ff888836007ecd14, userId: 683189f4417a5ff1adf23052
2025-05-26T10:02:03.975Z [INFO]: Fetching comments for post ID: 68319085ff888836007ecd14
2025-05-26T10:02:03.975Z [INFO]: Fetching comments for post ID: 68319085ff888836007ecd14
2025-05-26T10:02:03.979Z [INFO]: Fetching post with ID: 68319085ff888836007ecd14, userId: 683189f4417a5ff1adf23052
2025-05-26T10:02:03.982Z [INFO]: Fetching comments for post ID: 68319085ff888836007ecd14
2025-05-26T10:02:03.982Z [INFO]: Fetching comments for post ID: 68319085ff888836007ecd14
2025-05-26T10:02:04.036Z [INFO]: Post found: 68319085ff888836007ecd14, views: 151/0
2025-05-26T10:02:04.040Z [INFO]: Post found: 68319085ff888836007ecd14, views: 151/0
2025-05-26T10:02:04.071Z [INFO]: Post views updated: 152/0
2025-05-26T10:02:04.073Z [INFO]: Post views updated: 152/0
2025-05-26T10:03:07.230Z [INFO]: Fetching post with ID: 68318d33ff888836007ecadb, userId: 683189f4417a5ff1adf23052
2025-05-26T10:03:07.233Z [INFO]: Fetching comments for post ID: 68318d33ff888836007ecadb
2025-05-26T10:03:07.234Z [INFO]: Fetching comments for post ID: 68318d33ff888836007ecadb
2025-05-26T10:03:07.295Z [INFO]: Post found: 68318d33ff888836007ecadb, views: 35/0
2025-05-26T10:03:07.332Z [INFO]: Post views updated: 36/0
2025-05-26T10:03:07.335Z [INFO]: Fetching comments for post ID: 68318d33ff888836007ecadb
2025-05-26T10:03:07.335Z [INFO]: Fetching comments for post ID: 68318d33ff888836007ecadb
2025-05-26T10:03:07.373Z [INFO]: Fetching post with ID: 68318d33ff888836007ecadb, userId: 683189f4417a5ff1adf23052
2025-05-26T10:03:07.439Z [INFO]: Post found: 68318d33ff888836007ecadb, views: 36/0
2025-05-26T10:03:07.473Z [INFO]: Post views updated: 37/0
2025-05-26T10:04:19.151Z [INFO]: Fetching post with ID: 68318d33ff888836007ecadb, userId: 683189f4417a5ff1adf23052
2025-05-26T10:04:19.158Z [INFO]: Fetching comments for post ID: 68318d33ff888836007ecadb
2025-05-26T10:04:19.160Z [INFO]: Fetching comments for post ID: 68318d33ff888836007ecadb
2025-05-26T10:04:19.166Z [INFO]: Fetching post with ID: 68318d33ff888836007ecadb, userId: 683189f4417a5ff1adf23052
2025-05-26T10:04:19.170Z [INFO]: Fetching comments for post ID: 68318d33ff888836007ecadb
2025-05-26T10:04:19.171Z [INFO]: Fetching comments for post ID: 68318d33ff888836007ecadb
2025-05-26T10:04:19.221Z [INFO]: Post found: 68318d33ff888836007ecadb, views: 37/0
2025-05-26T10:04:19.248Z [INFO]: Post found: 68318d33ff888836007ecadb, views: 37/0
2025-05-26T10:04:19.268Z [INFO]: Post views updated: 38/0
2025-05-26T10:04:19.286Z [INFO]: Post views updated: 38/0
2025-05-26T10:04:23.329Z [INFO]: Fetching post with ID: 68319085ff888836007ecd14, userId: 683189f4417a5ff1adf23052
2025-05-26T10:04:23.334Z [INFO]: Fetching post with ID: 68319085ff888836007ecd14, userId: 683189f4417a5ff1adf23052
2025-05-26T10:04:23.336Z [INFO]: Fetching comments for post ID: 68319085ff888836007ecd14
2025-05-26T10:04:23.336Z [INFO]: Fetching comments for post ID: 68319085ff888836007ecd14
2025-05-26T10:04:23.339Z [INFO]: Fetching comments for post ID: 68319085ff888836007ecd14
2025-05-26T10:04:23.339Z [INFO]: Fetching comments for post ID: 68319085ff888836007ecd14
2025-05-26T10:04:23.389Z [INFO]: Post found: 68319085ff888836007ecd14, views: 152/0
2025-05-26T10:04:23.398Z [INFO]: Post found: 68319085ff888836007ecd14, views: 152/0
2025-05-26T10:04:23.422Z [INFO]: Post views updated: 153/0
2025-05-26T10:04:23.429Z [INFO]: Post views updated: 153/0
2025-05-26T10:04:56.919Z [INFO]: Fetching post with ID: 68319085ff888836007ecd14, userId: 683189f4417a5ff1adf23052
2025-05-26T10:04:56.923Z [INFO]: Fetching comments for post ID: 68319085ff888836007ecd14
2025-05-26T10:04:56.923Z [INFO]: Fetching comments for post ID: 68319085ff888836007ecd14
2025-05-26T10:04:56.983Z [INFO]: Post found: 68319085ff888836007ecd14, views: 153/0
2025-05-26T10:04:57.017Z [INFO]: Post views updated: 154/0
2025-05-26T10:09:37.519Z [INFO]: Fetching comments for post ID: 68319085ff888836007ecd14
2025-05-26T10:09:37.520Z [INFO]: Fetching comments for post ID: 68319085ff888836007ecd14
2025-05-26T10:09:37.522Z [INFO]: Fetching post with ID: 68319085ff888836007ecd14, userId: 683189f4417a5ff1adf23052
2025-05-26T10:09:37.584Z [INFO]: Post found: 68319085ff888836007ecd14, views: 154/0
2025-05-26T10:09:37.636Z [INFO]: Post views updated: 155/0
2025-05-26T10:09:38.103Z [INFO]: Fetching comments for post ID: 68319085ff888836007ecd14
2025-05-26T10:09:38.104Z [INFO]: Fetching comments for post ID: 68319085ff888836007ecd14
2025-05-26T10:09:38.107Z [INFO]: Fetching post with ID: 68319085ff888836007ecd14, userId: 683189f4417a5ff1adf23052
2025-05-26T10:09:38.170Z [INFO]: Post found: 68319085ff888836007ecd14, views: 155/0
2025-05-26T10:09:38.233Z [INFO]: Post views updated: 156/0
2025-05-26T10:10:28.662Z [INFO]: Fetching post with ID: 68319085ff888836007ecd14, userId: 683189f4417a5ff1adf23052
2025-05-26T10:10:28.670Z [INFO]: Fetching comments for post ID: 68319085ff888836007ecd14
2025-05-26T10:10:28.670Z [INFO]: Fetching comments for post ID: 68319085ff888836007ecd14
2025-05-26T10:10:28.733Z [INFO]: Post found: 68319085ff888836007ecd14, views: 156/0
2025-05-26T10:10:28.777Z [INFO]: Post views updated: 157/0
2025-05-26T10:10:30.519Z [INFO]: Fetching post with ID: 68319085ff888836007ecd14, userId: 683189f4417a5ff1adf23052
2025-05-26T10:10:30.536Z [INFO]: Fetching comments for post ID: 68319085ff888836007ecd14
2025-05-26T10:10:30.537Z [INFO]: Fetching comments for post ID: 68319085ff888836007ecd14
2025-05-26T10:10:30.596Z [INFO]: Post found: 68319085ff888836007ecd14, views: 157/0
2025-05-26T10:10:30.634Z [INFO]: Post views updated: 158/0
2025-05-26T10:11:18.728Z [INFO]: Fetching post with ID: 68319085ff888836007ecd14, userId: 683189f4417a5ff1adf23052
2025-05-26T10:11:18.731Z [INFO]: Fetching comments for post ID: 68319085ff888836007ecd14
2025-05-26T10:11:18.731Z [INFO]: Fetching comments for post ID: 68319085ff888836007ecd14
2025-05-26T10:11:18.780Z [INFO]: Post found: 68319085ff888836007ecd14, views: 158/0
2025-05-26T10:11:18.786Z [INFO]: Fetching comments for post ID: 68319085ff888836007ecd14
2025-05-26T10:11:18.786Z [INFO]: Fetching comments for post ID: 68319085ff888836007ecd14
2025-05-26T10:11:18.810Z [INFO]: Post views updated: 159/0
2025-05-26T10:11:18.842Z [INFO]: Fetching post with ID: 68319085ff888836007ecd14, userId: 683189f4417a5ff1adf23052
2025-05-26T10:11:18.895Z [INFO]: Post found: 68319085ff888836007ecd14, views: 159/0
2025-05-26T10:11:18.926Z [INFO]: Post views updated: 160/0
2025-05-26T10:11:28.680Z [INFO]: Fetching post with ID: 68318d33ff888836007ecadb, userId: 683189f4417a5ff1adf23052
2025-05-26T10:11:28.687Z [INFO]: Fetching comments for post ID: 68318d33ff888836007ecadb
2025-05-26T10:11:28.687Z [INFO]: Fetching comments for post ID: 68318d33ff888836007ecadb
2025-05-26T10:11:28.733Z [INFO]: Post found: 68318d33ff888836007ecadb, views: 38/0
2025-05-26T10:11:28.765Z [INFO]: Post views updated: 39/0
2025-05-26T10:11:28.784Z [INFO]: Fetching comments for post ID: 68318d33ff888836007ecadb
2025-05-26T10:11:28.784Z [INFO]: Fetching comments for post ID: 68318d33ff888836007ecadb
2025-05-26T10:11:28.797Z [INFO]: Fetching post with ID: 68318d33ff888836007ecadb, userId: 683189f4417a5ff1adf23052
2025-05-26T10:11:28.849Z [INFO]: Post found: 68318d33ff888836007ecadb, views: 39/0
2025-05-26T10:11:28.879Z [INFO]: Post views updated: 40/0
2025-05-26T10:14:11.888Z [INFO]: Fetching comments for post ID: 68318d33ff888836007ecadb
2025-05-26T10:14:11.889Z [INFO]: Fetching comments for post ID: 68318d33ff888836007ecadb
2025-05-26T10:14:11.892Z [INFO]: Fetching post with ID: 68318d33ff888836007ecadb, userId: 683189f4417a5ff1adf23052
2025-05-26T10:14:11.954Z [INFO]: Post found: 68318d33ff888836007ecadb, views: 40/0
2025-05-26T10:14:11.995Z [INFO]: Post views updated: 41/0
2025-05-26T10:14:36.033Z [INFO]: Creating comment for post ID: 68318d33ff888836007ecadb
2025-05-26T10:14:45.022Z [INFO]: Fetching post with ID: 68318d33ff888836007ecadb, userId: 683189f4417a5ff1adf23052
2025-05-26T10:14:45.024Z [INFO]: Fetching comments for post ID: 68318d33ff888836007ecadb
2025-05-26T10:14:45.025Z [INFO]: Fetching comments for post ID: 68318d33ff888836007ecadb
2025-05-26T10:14:45.075Z [INFO]: Post found: 68318d33ff888836007ecadb, views: 41/0
2025-05-26T10:14:45.104Z [INFO]: Fetching comments for post ID: 68318d33ff888836007ecadb
2025-05-26T10:14:45.105Z [INFO]: Fetching comments for post ID: 68318d33ff888836007ecadb
2025-05-26T10:14:45.107Z [INFO]: Post views updated: 42/0
2025-05-26T10:14:45.139Z [INFO]: Fetching post with ID: 68318d33ff888836007ecadb, userId: 683189f4417a5ff1adf23052
2025-05-26T10:14:45.198Z [INFO]: Post found: 68318d33ff888836007ecadb, views: 42/0
2025-05-26T10:14:45.234Z [INFO]: Post views updated: 43/0
2025-05-26T10:14:48.001Z [INFO]: Fetching post with ID: 68318d33ff888836007ecadb, userId: 683189f4417a5ff1adf23052
2025-05-26T10:14:48.003Z [INFO]: Fetching comments for post ID: 68318d33ff888836007ecadb
2025-05-26T10:14:48.004Z [INFO]: Fetching comments for post ID: 68318d33ff888836007ecadb
2025-05-26T10:14:48.056Z [INFO]: Post found: 68318d33ff888836007ecadb, views: 43/0
2025-05-26T10:14:48.083Z [INFO]: Fetching comments for post ID: 68318d33ff888836007ecadb
2025-05-26T10:14:48.084Z [INFO]: Fetching comments for post ID: 68318d33ff888836007ecadb
2025-05-26T10:14:48.085Z [INFO]: Post views updated: 44/0
2025-05-26T10:14:48.114Z [INFO]: Fetching post with ID: 68318d33ff888836007ecadb, userId: 683189f4417a5ff1adf23052
2025-05-26T10:14:48.165Z [INFO]: Post found: 68318d33ff888836007ecadb, views: 44/0
2025-05-26T10:14:48.195Z [INFO]: Post views updated: 45/0
2025-05-26T10:19:09.879Z [INFO]: Fetching post with ID: 68318d33ff888836007ecadb, userId: 683189f4417a5ff1adf23052
2025-05-26T10:19:09.887Z [INFO]: Fetching comments for post ID: 68318d33ff888836007ecadb
2025-05-26T10:19:09.888Z [INFO]: Fetching comments for post ID: 68318d33ff888836007ecadb
2025-05-26T10:19:09.940Z [INFO]: Post found: 68318d33ff888836007ecadb, views: 45/0
2025-05-26T10:19:09.979Z [INFO]: Post views updated: 46/0
2025-05-26T10:19:14.105Z [INFO]: Creating comment for post ID: 68318d33ff888836007ecadb
2025-05-26T10:19:27.475Z [INFO]: Fetching comments for post ID: 68318d33ff888836007ecadb
2025-05-26T10:19:27.476Z [INFO]: Fetching comments for post ID: 68318d33ff888836007ecadb
2025-05-26T10:19:27.483Z [INFO]: Fetching post with ID: 68318d33ff888836007ecadb, userId: 683189f4417a5ff1adf23052
2025-05-26T10:19:27.537Z [INFO]: Fetching comments for post ID: 68318d33ff888836007ecadb
2025-05-26T10:19:27.538Z [INFO]: Fetching comments for post ID: 68318d33ff888836007ecadb
2025-05-26T10:19:27.547Z [INFO]: Post found: 68318d33ff888836007ecadb, views: 46/0
2025-05-26T10:19:27.585Z [INFO]: Post views updated: 47/0
2025-05-26T10:19:27.620Z [INFO]: Fetching post with ID: 68318d33ff888836007ecadb, userId: 683189f4417a5ff1adf23052
2025-05-26T10:19:27.686Z [INFO]: Post found: 68318d33ff888836007ecadb, views: 47/0
2025-05-26T10:19:27.721Z [INFO]: Post views updated: 48/0
2025-05-26T10:19:30.034Z [INFO]: Fetching post with ID: 68319085ff888836007ecd14, userId: 683189f4417a5ff1adf23052
2025-05-26T10:19:30.037Z [INFO]: Fetching comments for post ID: 68319085ff888836007ecd14
2025-05-26T10:19:30.037Z [INFO]: Fetching comments for post ID: 68319085ff888836007ecd14
2025-05-26T10:19:30.087Z [INFO]: Post found: 68319085ff888836007ecd14, views: 160/0
2025-05-26T10:19:30.100Z [INFO]: Fetching comments for post ID: 68319085ff888836007ecd14
2025-05-26T10:19:30.100Z [INFO]: Fetching comments for post ID: 68319085ff888836007ecd14
2025-05-26T10:19:30.117Z [INFO]: Post views updated: 161/0
2025-05-26T10:19:30.148Z [INFO]: Fetching post with ID: 68319085ff888836007ecd14, userId: 683189f4417a5ff1adf23052
2025-05-26T10:19:30.201Z [INFO]: Post found: 68319085ff888836007ecd14, views: 161/0
2025-05-26T10:19:30.233Z [INFO]: Post views updated: 162/0
2025-05-26T10:19:37.388Z [INFO]: Fetching comments for post ID: 68319085ff888836007ecd14
2025-05-26T10:19:37.388Z [INFO]: Fetching comments for post ID: 68319085ff888836007ecd14
2025-05-26T10:19:37.392Z [INFO]: Fetching post with ID: 68319085ff888836007ecd14, userId: 683189f4417a5ff1adf23052
2025-05-26T10:19:37.461Z [INFO]: Fetching comments for post ID: 68319085ff888836007ecd14
2025-05-26T10:19:37.464Z [INFO]: Fetching comments for post ID: 68319085ff888836007ecd14
2025-05-26T10:19:37.470Z [INFO]: Post found: 68319085ff888836007ecd14, views: 162/0
2025-05-26T10:19:37.508Z [INFO]: Post views updated: 163/0
2025-05-26T10:19:37.547Z [INFO]: Fetching post with ID: 68319085ff888836007ecd14, userId: 683189f4417a5ff1adf23052
2025-05-26T10:19:37.611Z [INFO]: Post found: 68319085ff888836007ecd14, views: 163/0
2025-05-26T10:19:37.648Z [INFO]: Post views updated: 164/0
2025-05-26T10:19:39.556Z [INFO]: Fetching post with ID: 68319085ff888836007ecd14, userId: 683189f4417a5ff1adf23052
2025-05-26T10:19:39.559Z [INFO]: Fetching comments for post ID: 68319085ff888836007ecd14
2025-05-26T10:19:39.560Z [INFO]: Fetching comments for post ID: 68319085ff888836007ecd14
2025-05-26T10:19:39.609Z [INFO]: Post found: 68319085ff888836007ecd14, views: 164/0
2025-05-26T10:19:39.619Z [INFO]: Fetching comments for post ID: 68319085ff888836007ecd14
2025-05-26T10:19:39.619Z [INFO]: Fetching comments for post ID: 68319085ff888836007ecd14
2025-05-26T10:19:39.640Z [INFO]: Post views updated: 165/0
2025-05-26T10:19:39.671Z [INFO]: Fetching post with ID: 68319085ff888836007ecd14, userId: 683189f4417a5ff1adf23052
2025-05-26T10:19:39.724Z [INFO]: Post found: 68319085ff888836007ecd14, views: 165/0
2025-05-26T10:19:39.754Z [INFO]: Post views updated: 166/0
2025-05-26T10:22:14.107Z [INFO]: Creating comment for post ID: 68319085ff888836007ecd14
2025-05-26T10:23:48.529Z [INFO]: Fetching comments for post ID: 68319085ff888836007ecd14
2025-05-26T10:23:48.530Z [INFO]: Fetching comments for post ID: 68319085ff888836007ecd14
2025-05-26T10:23:48.535Z [INFO]: Fetching post with ID: 68319085ff888836007ecd14, userId: 683189f4417a5ff1adf23052
2025-05-26T10:23:48.618Z [INFO]: Post found: 68319085ff888836007ecd14, views: 166/0
2025-05-26T10:23:48.628Z [INFO]: Fetching comments for post ID: 68319085ff888836007ecd14
2025-05-26T10:23:48.629Z [INFO]: Fetching comments for post ID: 68319085ff888836007ecd14
2025-05-26T10:23:48.662Z [INFO]: Post views updated: 167/0
2025-05-26T10:23:48.706Z [INFO]: Fetching post with ID: 68319085ff888836007ecd14, userId: 683189f4417a5ff1adf23052
2025-05-26T10:23:48.790Z [INFO]: Post found: 68319085ff888836007ecd14, views: 167/0
2025-05-26T10:23:48.835Z [INFO]: Post views updated: 168/0
2025-05-26T10:23:53.236Z [INFO]: Fetching post with ID: 68319085ff888836007ecd14, userId: 683189f4417a5ff1adf23052
2025-05-26T10:23:53.252Z [INFO]: Fetching comments for post ID: 68319085ff888836007ecd14
2025-05-26T10:23:53.253Z [INFO]: Fetching comments for post ID: 68319085ff888836007ecd14
2025-05-26T10:23:53.285Z [INFO]: Post found: 68319085ff888836007ecd14, views: 168/0
2025-05-26T10:23:53.313Z [INFO]: Post views updated: 169/0
2025-05-26T10:23:53.340Z [INFO]: Fetching post with ID: 68319085ff888836007ecd14, userId: 683189f4417a5ff1adf23052
2025-05-26T10:23:53.373Z [INFO]: Fetching comments for post ID: 68319085ff888836007ecd14
2025-05-26T10:23:53.373Z [INFO]: Fetching comments for post ID: 68319085ff888836007ecd14
2025-05-26T10:23:53.388Z [INFO]: Post found: 68319085ff888836007ecd14, views: 169/0
2025-05-26T10:23:53.415Z [INFO]: Post views updated: 170/0
2025-05-26T10:24:10.271Z [INFO]: Fetching comments for post ID: 68319085ff888836007ecd14
2025-05-26T10:24:10.271Z [INFO]: Fetching comments for post ID: 68319085ff888836007ecd14
2025-05-26T10:24:10.276Z [INFO]: Fetching post with ID: 68319085ff888836007ecd14, userId: 683189f4417a5ff1adf23052
2025-05-26T10:24:10.337Z [INFO]: Post found: 68319085ff888836007ecd14, views: 170/0
2025-05-26T10:24:10.347Z [INFO]: Fetching comments for post ID: 68319085ff888836007ecd14
2025-05-26T10:24:10.347Z [INFO]: Fetching comments for post ID: 68319085ff888836007ecd14
2025-05-26T10:24:10.375Z [INFO]: Post views updated: 171/0
2025-05-26T10:24:10.412Z [INFO]: Fetching post with ID: 68319085ff888836007ecd14, userId: 683189f4417a5ff1adf23052
2025-05-26T10:24:10.479Z [INFO]: Post found: 68319085ff888836007ecd14, views: 171/0
2025-05-26T10:24:10.513Z [INFO]: Post views updated: 172/0
2025-05-26T10:27:09.782Z [INFO]: Fetching post with ID: 68319085ff888836007ecd14, userId: 683189f4417a5ff1adf23052
2025-05-26T10:27:09.810Z [INFO]: Fetching comments for post ID: 68319085ff888836007ecd14
2025-05-26T10:27:09.811Z [INFO]: Fetching comments for post ID: 68319085ff888836007ecd14
2025-05-26T10:27:09.832Z [INFO]: Post found: 68319085ff888836007ecd14, views: 172/0
2025-05-26T10:27:09.864Z [INFO]: Post views updated: 173/0
2025-05-26T10:27:14.844Z [INFO]: Fetching comments for post ID: 68319085ff888836007ecd14
2025-05-26T10:27:14.846Z [INFO]: Fetching comments for post ID: 68319085ff888836007ecd14
2025-05-26T10:27:14.855Z [INFO]: Fetching post with ID: 68319085ff888836007ecd14, userId: 683189f4417a5ff1adf23052
2025-05-26T10:27:14.938Z [INFO]: Fetching comments for post ID: 68319085ff888836007ecd14
2025-05-26T10:27:14.939Z [INFO]: Fetching comments for post ID: 68319085ff888836007ecd14
2025-05-26T10:27:14.949Z [INFO]: Post found: 68319085ff888836007ecd14, views: 173/0
2025-05-26T10:27:15.001Z [INFO]: Post views updated: 174/0
2025-05-26T10:27:15.055Z [INFO]: Fetching post with ID: 68319085ff888836007ecd14, userId: 683189f4417a5ff1adf23052
2025-05-26T10:27:15.147Z [INFO]: Post found: 68319085ff888836007ecd14, views: 174/0
2025-05-26T10:27:15.194Z [INFO]: Post views updated: 175/0
2025-05-26T10:27:16.217Z [INFO]: Fetching comments for post ID: 68319085ff888836007ecd14
2025-05-26T10:27:16.217Z [INFO]: Fetching comments for post ID: 68319085ff888836007ecd14
2025-05-26T10:27:16.225Z [INFO]: Fetching post with ID: 68319085ff888836007ecd14, userId: 683189f4417a5ff1adf23052
2025-05-26T10:27:16.303Z [INFO]: Post found: 68319085ff888836007ecd14, views: 175/0
2025-05-26T10:27:16.311Z [INFO]: Fetching comments for post ID: 68319085ff888836007ecd14
2025-05-26T10:27:16.311Z [INFO]: Fetching comments for post ID: 68319085ff888836007ecd14
2025-05-26T10:27:16.346Z [INFO]: Post views updated: 176/0
2025-05-26T10:27:16.389Z [INFO]: Fetching post with ID: 68319085ff888836007ecd14, userId: 683189f4417a5ff1adf23052
2025-05-26T10:27:16.468Z [INFO]: Post found: 68319085ff888836007ecd14, views: 176/0
2025-05-26T10:27:16.513Z [INFO]: Post views updated: 177/0
2025-05-26T10:27:28.889Z [INFO]: Fetching post with ID: 68319085ff888836007ecd14, userId: 683189f4417a5ff1adf23052
2025-05-26T10:27:28.906Z [INFO]: Fetching comments for post ID: 68319085ff888836007ecd14
2025-05-26T10:27:28.906Z [INFO]: Fetching comments for post ID: 68319085ff888836007ecd14
2025-05-26T10:27:28.953Z [INFO]: Post found: 68319085ff888836007ecd14, views: 177/0
2025-05-26T10:27:28.988Z [INFO]: Post views updated: 178/0
2025-05-26T10:27:36.359Z [INFO]: Fetching post with ID: 68319085ff888836007ecd14, userId: 683189f4417a5ff1adf23052
2025-05-26T10:27:36.374Z [INFO]: Fetching comments for post ID: 68319085ff888836007ecd14
2025-05-26T10:27:36.374Z [INFO]: Fetching comments for post ID: 68319085ff888836007ecd14
2025-05-26T10:27:36.424Z [INFO]: Post found: 68319085ff888836007ecd14, views: 178/0
2025-05-26T10:27:36.462Z [INFO]: Post views updated: 179/0
2025-05-26T10:27:36.501Z [INFO]: Fetching comments for post ID: 68319085ff888836007ecd14
2025-05-26T10:27:36.501Z [INFO]: Fetching comments for post ID: 68319085ff888836007ecd14
2025-05-26T10:27:36.504Z [INFO]: Fetching post with ID: 68319085ff888836007ecd14, userId: 683189f4417a5ff1adf23052
2025-05-26T10:27:36.569Z [INFO]: Post found: 68319085ff888836007ecd14, views: 179/0
2025-05-26T10:27:36.604Z [INFO]: Post views updated: 180/0
2025-05-26T10:27:40.200Z [INFO]: Fetching comments for post ID: 68319085ff888836007ecd14
2025-05-26T10:27:40.200Z [INFO]: Fetching comments for post ID: 68319085ff888836007ecd14
2025-05-26T10:27:40.209Z [INFO]: Fetching post with ID: 68319085ff888836007ecd14, userId: 683189f4417a5ff1adf23052
2025-05-26T10:27:40.292Z [INFO]: Post found: 68319085ff888836007ecd14, views: 180/0
2025-05-26T10:27:40.294Z [INFO]: Fetching comments for post ID: 68319085ff888836007ecd14
2025-05-26T10:27:40.294Z [INFO]: Fetching comments for post ID: 68319085ff888836007ecd14
2025-05-26T10:27:40.337Z [INFO]: Post views updated: 181/0
2025-05-26T10:27:40.386Z [INFO]: Fetching post with ID: 68319085ff888836007ecd14, userId: 683189f4417a5ff1adf23052
2025-05-26T10:27:40.470Z [INFO]: Post found: 68319085ff888836007ecd14, views: 181/0
2025-05-26T10:27:40.524Z [INFO]: Post views updated: 182/0
2025-05-26T10:29:04.882Z [INFO]: Fetching post with ID: 68319085ff888836007ecd14, userId: 683189f4417a5ff1adf23052
2025-05-26T10:29:04.896Z [INFO]: Fetching comments for post ID: 68319085ff888836007ecd14
2025-05-26T10:29:04.899Z [INFO]: Fetching comments for post ID: 68319085ff888836007ecd14
2025-05-26T10:29:04.953Z [INFO]: Post found: 68319085ff888836007ecd14, views: 182/0
2025-05-26T10:29:04.992Z [INFO]: Post views updated: 183/0
2025-05-26T10:29:09.426Z [INFO]: Fetching post with ID: 68319085ff888836007ecd14, userId: 683189f4417a5ff1adf23052
2025-05-26T10:29:09.430Z [INFO]: Fetching comments for post ID: 68319085ff888836007ecd14
2025-05-26T10:29:09.430Z [INFO]: Fetching comments for post ID: 68319085ff888836007ecd14
2025-05-26T10:29:09.510Z [INFO]: Post found: 68319085ff888836007ecd14, views: 183/0
2025-05-26T10:29:09.547Z [INFO]: Fetching comments for post ID: 68319085ff888836007ecd14
2025-05-26T10:29:09.547Z [INFO]: Fetching comments for post ID: 68319085ff888836007ecd14
2025-05-26T10:29:09.553Z [INFO]: Post views updated: 184/0
2025-05-26T10:29:09.594Z [INFO]: Fetching post with ID: 68319085ff888836007ecd14, userId: 683189f4417a5ff1adf23052
2025-05-26T10:29:09.674Z [INFO]: Post found: 68319085ff888836007ecd14, views: 184/0
2025-05-26T10:29:09.717Z [INFO]: Post views updated: 185/0
2025-05-26T10:29:11.873Z [INFO]: Fetching comments for post ID: 68319085ff888836007ecd14
2025-05-26T10:29:11.874Z [INFO]: Fetching comments for post ID: 68319085ff888836007ecd14
2025-05-26T10:29:11.882Z [INFO]: Fetching post with ID: 68319085ff888836007ecd14, userId: 683189f4417a5ff1adf23052
2025-05-26T10:29:11.966Z [INFO]: Post found: 68319085ff888836007ecd14, views: 185/0
2025-05-26T10:29:11.970Z [INFO]: Fetching comments for post ID: 68319085ff888836007ecd14
2025-05-26T10:29:11.971Z [INFO]: Fetching comments for post ID: 68319085ff888836007ecd14
2025-05-26T10:29:12.014Z [INFO]: Post views updated: 186/0
2025-05-26T10:29:12.059Z [INFO]: Fetching post with ID: 68319085ff888836007ecd14, userId: 683189f4417a5ff1adf23052
2025-05-26T10:29:12.142Z [INFO]: Post found: 68319085ff888836007ecd14, views: 186/0
2025-05-26T10:29:12.186Z [INFO]: Post views updated: 187/0
2025-05-26T10:30:22.033Z [INFO]: Fetching post with ID: 68319085ff888836007ecd14, userId: 683189f4417a5ff1adf23052
2025-05-26T10:30:22.083Z [INFO]: Post found: 68319085ff888836007ecd14, views: 187/0
2025-05-26T10:30:22.110Z [INFO]: Post views updated: 188/0
2025-05-26T10:30:22.183Z [INFO]: Fetching comments for post ID: 68319085ff888836007ecd14
2025-05-26T10:30:22.183Z [INFO]: Fetching comments for post ID: 68319085ff888836007ecd14
2025-05-26T10:32:27.035Z [INFO]: Fetching post with ID: 68319085ff888836007ecd14, userId: 683189f4417a5ff1adf23052
2025-05-26T10:32:27.042Z [INFO]: Fetching comments for post ID: 68319085ff888836007ecd14
2025-05-26T10:32:27.043Z [INFO]: Fetching comments for post ID: 68319085ff888836007ecd14
2025-05-26T10:32:27.088Z [INFO]: Post found: 68319085ff888836007ecd14, views: 188/0
2025-05-26T10:32:27.122Z [INFO]: Post views updated: 189/0
2025-05-26T10:32:27.126Z [INFO]: Fetching comments for post ID: 68319085ff888836007ecd14
2025-05-26T10:32:27.127Z [INFO]: Fetching comments for post ID: 68319085ff888836007ecd14
2025-05-26T10:32:27.160Z [INFO]: Fetching post with ID: 68319085ff888836007ecd14, userId: 683189f4417a5ff1adf23052
2025-05-26T10:32:27.223Z [INFO]: Post found: 68319085ff888836007ecd14, views: 189/0
2025-05-26T10:32:27.254Z [INFO]: Post views updated: 190/0
2025-05-26T10:32:30.571Z [INFO]: Fetching post with ID: 68319085ff888836007ecd14, userId: 683189f4417a5ff1adf23052
2025-05-26T10:32:30.576Z [INFO]: Fetching comments for post ID: 68319085ff888836007ecd14
2025-05-26T10:32:30.577Z [INFO]: Fetching comments for post ID: 68319085ff888836007ecd14
2025-05-26T10:32:30.625Z [INFO]: Post found: 68319085ff888836007ecd14, views: 190/0
2025-05-26T10:32:30.652Z [INFO]: Post views updated: 191/0
2025-05-26T10:32:30.654Z [INFO]: Fetching comments for post ID: 68319085ff888836007ecd14
2025-05-26T10:32:30.655Z [INFO]: Fetching comments for post ID: 68319085ff888836007ecd14
2025-05-26T10:32:30.682Z [INFO]: Fetching post with ID: 68319085ff888836007ecd14, userId: 683189f4417a5ff1adf23052
2025-05-26T10:32:30.734Z [INFO]: Post found: 68319085ff888836007ecd14, views: 191/0
2025-05-26T10:32:30.762Z [INFO]: Post views updated: 192/0
2025-05-26T10:33:14.344Z [INFO]: Fetching post with ID: 68319085ff888836007ecd14, userId: 683189f4417a5ff1adf23052
2025-05-26T10:33:14.348Z [INFO]: Fetching comments for post ID: 68319085ff888836007ecd14
2025-05-26T10:33:14.348Z [INFO]: Fetching comments for post ID: 68319085ff888836007ecd14
2025-05-26T10:33:14.394Z [INFO]: Post found: 68319085ff888836007ecd14, views: 192/0
2025-05-26T10:33:14.421Z [INFO]: Post views updated: 193/0
2025-05-26T10:33:27.102Z [INFO]: Fetching post with ID: 68319085ff888836007ecd14, userId: 683189f4417a5ff1adf23052
2025-05-26T10:33:27.104Z [INFO]: Fetching comments for post ID: 68319085ff888836007ecd14
2025-05-26T10:33:27.105Z [INFO]: Fetching comments for post ID: 68319085ff888836007ecd14
2025-05-26T10:33:27.151Z [INFO]: Post found: 68319085ff888836007ecd14, views: 193/0
2025-05-26T10:33:27.179Z [INFO]: Post views updated: 194/0
2025-05-26T10:33:38.124Z [INFO]: Fetching post with ID: 68319085ff888836007ecd14, userId: 683189f4417a5ff1adf23052
2025-05-26T10:33:38.126Z [INFO]: Fetching comments for post ID: 68319085ff888836007ecd14
2025-05-26T10:33:38.126Z [INFO]: Fetching comments for post ID: 68319085ff888836007ecd14
2025-05-26T10:33:38.173Z [INFO]: Post found: 68319085ff888836007ecd14, views: 194/0
2025-05-26T10:33:38.202Z [INFO]: Post views updated: 195/0
2025-05-26T10:33:38.205Z [INFO]: Fetching comments for post ID: 68319085ff888836007ecd14
2025-05-26T10:33:38.205Z [INFO]: Fetching comments for post ID: 68319085ff888836007ecd14
2025-05-26T10:33:38.232Z [INFO]: Fetching post with ID: 68319085ff888836007ecd14, userId: 683189f4417a5ff1adf23052
2025-05-26T10:33:38.281Z [INFO]: Post found: 68319085ff888836007ecd14, views: 195/0
2025-05-26T10:33:38.308Z [INFO]: Post views updated: 196/0
2025-05-26T10:33:56.730Z [INFO]: Fetching post with ID: 68319085ff888836007ecd14, userId: 683189f4417a5ff1adf23052
2025-05-26T10:33:56.782Z [INFO]: Post found: 68319085ff888836007ecd14, views: 196/0
2025-05-26T10:33:56.810Z [INFO]: Post views updated: 197/0
2025-05-26T10:33:56.960Z [INFO]: Fetching comments for post ID: 68319085ff888836007ecd14
2025-05-26T10:33:56.960Z [INFO]: Fetching comments for post ID: 68319085ff888836007ecd14
2025-05-26T10:34:28.584Z [INFO]: Fetching post with ID: 68319085ff888836007ecd14, userId: 683189f4417a5ff1adf23052
2025-05-26T10:34:28.585Z [INFO]: Fetching comments for post ID: 68319085ff888836007ecd14
2025-05-26T10:34:28.585Z [INFO]: Fetching comments for post ID: 68319085ff888836007ecd14
2025-05-26T10:34:28.632Z [INFO]: Post found: 68319085ff888836007ecd14, views: 197/0
2025-05-26T10:34:28.666Z [INFO]: Post views updated: 198/0
2025-05-26T10:34:28.676Z [INFO]: Fetching comments for post ID: 68319085ff888836007ecd14
2025-05-26T10:34:28.677Z [INFO]: Fetching comments for post ID: 68319085ff888836007ecd14
2025-05-26T10:34:28.719Z [INFO]: Fetching post with ID: 68319085ff888836007ecd14, userId: 683189f4417a5ff1adf23052
2025-05-26T10:34:28.782Z [INFO]: Post found: 68319085ff888836007ecd14, views: 198/0
2025-05-26T10:34:28.815Z [INFO]: Post views updated: 199/0
2025-05-26T10:34:32.300Z [INFO]: Fetching comments for post ID: 68319085ff888836007ecd14
2025-05-26T10:34:32.301Z [INFO]: Fetching comments for post ID: 68319085ff888836007ecd14
2025-05-26T10:34:32.304Z [INFO]: Fetching post with ID: 68319085ff888836007ecd14, userId: 683189f4417a5ff1adf23052
2025-05-26T10:34:32.367Z [INFO]: Post found: 68319085ff888836007ecd14, views: 199/0
2025-05-26T10:34:32.384Z [INFO]: Fetching comments for post ID: 68319085ff888836007ecd14
2025-05-26T10:34:32.385Z [INFO]: Fetching comments for post ID: 68319085ff888836007ecd14
2025-05-26T10:34:32.401Z [INFO]: Post views updated: 200/0
2025-05-26T10:34:32.446Z [INFO]: Fetching post with ID: 68319085ff888836007ecd14, userId: 683189f4417a5ff1adf23052
2025-05-26T10:34:32.513Z [INFO]: Post found: 68319085ff888836007ecd14, views: 200/0
2025-05-26T10:34:32.553Z [INFO]: Post views updated: 201/0
2025-05-26T10:34:53.816Z [ERROR]: ID is invalid
2025-05-26T10:35:01.144Z [INFO]: Fetching comments for post ID: 68319085ff888836007ecd14
2025-05-26T10:35:01.145Z [INFO]: Fetching comments for post ID: 68319085ff888836007ecd14
2025-05-26T10:35:01.148Z [INFO]: Fetching post with ID: 68319085ff888836007ecd14, userId: 683189f4417a5ff1adf23052
2025-05-26T10:35:01.210Z [INFO]: Post found: 68319085ff888836007ecd14, views: 201/0
2025-05-26T10:35:01.221Z [INFO]: Fetching comments for post ID: 68319085ff888836007ecd14
2025-05-26T10:35:01.221Z [INFO]: Fetching comments for post ID: 68319085ff888836007ecd14
2025-05-26T10:35:01.242Z [INFO]: Post views updated: 202/0
2025-05-26T10:35:01.285Z [INFO]: Fetching post with ID: 68319085ff888836007ecd14, userId: 683189f4417a5ff1adf23052
2025-05-26T10:35:01.349Z [INFO]: Post found: 68319085ff888836007ecd14, views: 202/0
2025-05-26T10:35:01.382Z [INFO]: Post views updated: 203/0
2025-05-26T10:35:35.869Z [INFO]: Fetching post with ID: 68319085ff888836007ecd14, userId: 683189f4417a5ff1adf23052
2025-05-26T10:35:35.873Z [INFO]: Fetching comments for post ID: 68319085ff888836007ecd14
2025-05-26T10:35:35.874Z [INFO]: Fetching comments for post ID: 68319085ff888836007ecd14
2025-05-26T10:35:35.917Z [INFO]: Post found: 68319085ff888836007ecd14, views: 203/0
2025-05-26T10:35:35.944Z [INFO]: Post views updated: 204/0
2025-05-26T10:35:35.947Z [INFO]: Fetching comments for post ID: 68319085ff888836007ecd14
2025-05-26T10:35:35.948Z [INFO]: Fetching comments for post ID: 68319085ff888836007ecd14
2025-05-26T10:35:35.969Z [INFO]: Fetching post with ID: 68319085ff888836007ecd14, userId: 683189f4417a5ff1adf23052
2025-05-26T10:35:36.019Z [INFO]: Post found: 68319085ff888836007ecd14, views: 204/0
2025-05-26T10:35:36.046Z [INFO]: Post views updated: 205/0
2025-05-26T10:43:20.056Z [INFO]: Fetching post with ID: 68319085ff888836007ecd14, userId: 683189f4417a5ff1adf23052
2025-05-26T10:43:20.061Z [INFO]: Fetching post with ID: 68319085ff888836007ecd14, userId: 683189f4417a5ff1adf23052
2025-05-26T10:43:20.111Z [INFO]: Fetching comments for post ID: 68319085ff888836007ecd14
2025-05-26T10:43:20.112Z [INFO]: Fetching comments for post ID: 68319085ff888836007ecd14
2025-05-26T10:43:20.133Z [INFO]: Post found: 68319085ff888836007ecd14, views: 205/0
2025-05-26T10:43:20.149Z [INFO]: Post found: 68319085ff888836007ecd14, views: 205/0
2025-05-26T10:43:20.159Z [INFO]: Fetching comments for post ID: 68319085ff888836007ecd14
2025-05-26T10:43:20.160Z [INFO]: Fetching comments for post ID: 68319085ff888836007ecd14
2025-05-26T10:43:20.179Z [INFO]: Post views updated: 206/0
2025-05-26T10:43:20.191Z [INFO]: Post views updated: 206/0
2025-05-26T10:43:25.803Z [INFO]: Creating comment for post ID: 68319085ff888836007ecd14
2025-05-26T10:43:52.197Z [INFO]: Fetching comments for post ID: 68319085ff888836007ecd14
2025-05-26T10:43:52.197Z [INFO]: Fetching comments for post ID: 68319085ff888836007ecd14
2025-05-26T10:43:52.212Z [INFO]: Fetching post with ID: 68319085ff888836007ecd14, userId: 683189f4417a5ff1adf23052
2025-05-26T10:43:52.255Z [INFO]: Fetching comments for post ID: 68319085ff888836007ecd14
2025-05-26T10:43:52.256Z [INFO]: Fetching comments for post ID: 68319085ff888836007ecd14
2025-05-26T10:43:52.305Z [INFO]: Post found: 68319085ff888836007ecd14, views: 206/0
2025-05-26T10:43:52.357Z [INFO]: Post views updated: 207/0
2025-05-26T10:43:52.407Z [INFO]: Fetching post with ID: 68319085ff888836007ecd14, userId: 683189f4417a5ff1adf23052
2025-05-26T10:43:52.518Z [INFO]: Post found: 68319085ff888836007ecd14, views: 207/0
2025-05-26T10:43:52.568Z [INFO]: Post views updated: 208/0
2025-05-26T10:43:54.054Z [INFO]: Fetching post with ID: 68319085ff888836007ecd14, userId: 683189f4417a5ff1adf23052
2025-05-26T10:43:54.059Z [INFO]: Fetching comments for post ID: 68319085ff888836007ecd14
2025-05-26T10:43:54.059Z [INFO]: Fetching comments for post ID: 68319085ff888836007ecd14
2025-05-26T10:43:54.134Z [INFO]: Fetching comments for post ID: 68319085ff888836007ecd14
2025-05-26T10:43:54.134Z [INFO]: Fetching comments for post ID: 68319085ff888836007ecd14
2025-05-26T10:43:54.136Z [INFO]: Post found: 68319085ff888836007ecd14, views: 208/0
2025-05-26T10:43:54.182Z [INFO]: Post views updated: 209/0
2025-05-26T10:43:54.227Z [INFO]: Fetching post with ID: 68319085ff888836007ecd14, userId: 683189f4417a5ff1adf23052
2025-05-26T10:43:54.311Z [INFO]: Post found: 68319085ff888836007ecd14, views: 209/0
2025-05-26T10:43:54.355Z [INFO]: Post views updated: 210/0
2025-05-26T10:44:41.517Z [INFO]: Fetching comments for post ID: 68319085ff888836007ecd14
2025-05-26T10:44:41.522Z [INFO]: Fetching comments for post ID: 68319085ff888836007ecd14
2025-05-26T10:44:41.534Z [INFO]: Fetching post with ID: 68319085ff888836007ecd14, userId: 683189f4417a5ff1adf23052
2025-05-26T10:44:41.635Z [INFO]: Post found: 68319085ff888836007ecd14, views: 210/0
2025-05-26T10:44:41.642Z [INFO]: Fetching comments for post ID: 68319085ff888836007ecd14
2025-05-26T10:44:41.643Z [INFO]: Fetching comments for post ID: 68319085ff888836007ecd14
2025-05-26T10:44:41.697Z [INFO]: Post views updated: 211/0
2025-05-26T10:44:41.754Z [INFO]: Fetching post with ID: 68319085ff888836007ecd14, userId: 683189f4417a5ff1adf23052
2025-05-26T10:44:41.849Z [INFO]: Post found: 68319085ff888836007ecd14, views: 211/0
2025-05-26T10:44:41.900Z [INFO]: Post views updated: 212/0
2025-05-26T10:44:43.659Z [INFO]: Fetching post with ID: 68319085ff888836007ecd14, userId: 683189f4417a5ff1adf23052
2025-05-26T10:44:43.678Z [INFO]: Fetching comments for post ID: 68319085ff888836007ecd14
2025-05-26T10:44:43.678Z [INFO]: Fetching comments for post ID: 68319085ff888836007ecd14
2025-05-26T10:44:43.709Z [INFO]: Post found: 68319085ff888836007ecd14, views: 212/0
2025-05-26T10:44:43.738Z [INFO]: Post views updated: 213/0
2025-05-26T10:44:43.754Z [INFO]: Fetching comments for post ID: 68319085ff888836007ecd14
2025-05-26T10:44:43.755Z [INFO]: Fetching comments for post ID: 68319085ff888836007ecd14
2025-05-26T10:44:43.766Z [INFO]: Fetching post with ID: 68319085ff888836007ecd14, userId: 683189f4417a5ff1adf23052
2025-05-26T10:44:43.817Z [INFO]: Post found: 68319085ff888836007ecd14, views: 213/0
2025-05-26T10:44:43.851Z [INFO]: Post views updated: 214/0
2025-05-26T10:44:46.238Z [INFO]: Creating comment for post ID: 68319085ff888836007ecd14
2025-05-26T10:44:56.798Z [INFO]: Fetching post with ID: 68319085ff888836007ecd14, userId: 683189f4417a5ff1adf23052
2025-05-26T10:44:56.822Z [INFO]: Fetching comments for post ID: 68319085ff888836007ecd14
2025-05-26T10:44:56.823Z [INFO]: Fetching comments for post ID: 68319085ff888836007ecd14
2025-05-26T10:44:56.862Z [INFO]: Post found: 68319085ff888836007ecd14, views: 214/0
2025-05-26T10:44:56.900Z [INFO]: Post views updated: 215/0
2025-05-26T10:44:56.939Z [INFO]: Fetching post with ID: 68319085ff888836007ecd14, userId: 683189f4417a5ff1adf23052
2025-05-26T10:44:56.975Z [INFO]: Fetching comments for post ID: 68319085ff888836007ecd14
2025-05-26T10:44:56.976Z [INFO]: Fetching comments for post ID: 68319085ff888836007ecd14
2025-05-26T10:44:57.001Z [INFO]: Post found: 68319085ff888836007ecd14, views: 215/0
2025-05-26T10:44:57.038Z [INFO]: Post views updated: 216/0
2025-05-26T10:44:58.951Z [INFO]: Fetching post with ID: 68319085ff888836007ecd14, userId: 683189f4417a5ff1adf23052
2025-05-26T10:44:58.954Z [INFO]: Fetching comments for post ID: 68319085ff888836007ecd14
2025-05-26T10:44:58.955Z [INFO]: Fetching comments for post ID: 68319085ff888836007ecd14
2025-05-26T10:44:59.039Z [INFO]: Post found: 68319085ff888836007ecd14, views: 216/0
2025-05-26T10:44:59.070Z [INFO]: Fetching comments for post ID: 68319085ff888836007ecd14
2025-05-26T10:44:59.070Z [INFO]: Fetching comments for post ID: 68319085ff888836007ecd14
2025-05-26T10:44:59.085Z [INFO]: Post views updated: 217/0
2025-05-26T10:44:59.131Z [INFO]: Fetching post with ID: 68319085ff888836007ecd14, userId: 683189f4417a5ff1adf23052
2025-05-26T10:44:59.218Z [INFO]: Post found: 68319085ff888836007ecd14, views: 217/0
2025-05-26T10:44:59.263Z [INFO]: Post views updated: 218/0
2025-05-26T10:45:44.555Z [INFO]: Fetching post with ID: 682d95ca4b115b431caef55e, userId: 683189f4417a5ff1adf23052
2025-05-26T10:45:44.558Z [INFO]: Fetching comments for post ID: 682d95ca4b115b431caef55e
2025-05-26T10:45:44.559Z [INFO]: Fetching comments for post ID: 682d95ca4b115b431caef55e
2025-05-26T10:45:44.573Z [INFO]: Fetching post with ID: 682d95ca4b115b431caef55e, userId: 683189f4417a5ff1adf23052
2025-05-26T10:45:44.633Z [INFO]: Post found: 682d95ca4b115b431caef55e, views: 4/0
2025-05-26T10:45:44.641Z [INFO]: Fetching comments for post ID: 682d95ca4b115b431caef55e
2025-05-26T10:45:44.641Z [INFO]: Fetching comments for post ID: 682d95ca4b115b431caef55e
2025-05-26T10:45:44.653Z [INFO]: Post found: 682d95ca4b115b431caef55e, views: 4/0
2025-05-26T10:45:44.680Z [INFO]: Post views updated: 5/0
2025-05-26T10:45:44.692Z [INFO]: Post views updated: 5/0
2025-05-26T10:48:15.153Z [INFO]: Fetching post with ID: 68318d33ff888836007ecadb, userId: 683189f4417a5ff1adf23052
2025-05-26T10:48:15.166Z [INFO]: Fetching comments for post ID: 68318d33ff888836007ecadb
2025-05-26T10:48:15.167Z [INFO]: Fetching comments for post ID: 68318d33ff888836007ecadb
2025-05-26T10:48:15.216Z [INFO]: Post found: 68318d33ff888836007ecadb, views: 48/0
2025-05-26T10:48:15.245Z [INFO]: Fetching comments for post ID: 68318d33ff888836007ecadb
2025-05-26T10:48:15.245Z [INFO]: Fetching comments for post ID: 68318d33ff888836007ecadb
2025-05-26T10:48:15.251Z [INFO]: Post views updated: 49/0
2025-05-26T10:48:15.285Z [INFO]: Fetching post with ID: 68318d33ff888836007ecadb, userId: 683189f4417a5ff1adf23052
2025-05-26T10:48:15.352Z [INFO]: Post found: 68318d33ff888836007ecadb, views: 49/0
2025-05-26T10:48:15.389Z [INFO]: Post views updated: 50/0
2025-05-26T10:50:51.546Z [INFO]: Fetching post with ID: 68319085ff888836007ecd14, userId: 683189f4417a5ff1adf23052
2025-05-26T10:50:51.583Z [INFO]: Fetching comments for post ID: 68319085ff888836007ecd14
2025-05-26T10:50:51.584Z [INFO]: Fetching comments for post ID: 68319085ff888836007ecd14
2025-05-26T10:50:51.610Z [INFO]: Post found: 68319085ff888836007ecd14, views: 218/0
2025-05-26T10:50:51.691Z [INFO]: Post views updated: 219/0
2025-05-26T10:50:51.787Z [INFO]: Fetching post with ID: 68319085ff888836007ecd14, userId: 683189f4417a5ff1adf23052
2025-05-26T10:50:51.793Z [INFO]: Fetching comments for post ID: 68319085ff888836007ecd14
2025-05-26T10:50:51.800Z [INFO]: Fetching comments for post ID: 68319085ff888836007ecd14
2025-05-26T10:50:51.878Z [INFO]: Post found: 68319085ff888836007ecd14, views: 219/0
2025-05-26T10:50:51.928Z [INFO]: Post views updated: 220/0
2025-05-26T10:51:00.497Z [INFO]: Fetching comments for post ID: 682d95ca4b115b431caef55e
2025-05-26T10:51:00.497Z [INFO]: Fetching comments for post ID: 682d95ca4b115b431caef55e
2025-05-26T10:51:00.506Z [INFO]: Fetching post with ID: 682d95ca4b115b431caef55e, userId: 683189f4417a5ff1adf23052
2025-05-26T10:51:00.558Z [INFO]: Fetching comments for post ID: 682d95ca4b115b431caef55e
2025-05-26T10:51:00.559Z [INFO]: Fetching comments for post ID: 682d95ca4b115b431caef55e
2025-05-26T10:51:00.589Z [INFO]: Post found: 682d95ca4b115b431caef55e, views: 5/0
2025-05-26T10:51:00.633Z [INFO]: Post views updated: 6/0
2025-05-26T10:51:00.676Z [INFO]: Fetching post with ID: 682d95ca4b115b431caef55e, userId: 683189f4417a5ff1adf23052
2025-05-26T10:51:00.758Z [INFO]: Post found: 682d95ca4b115b431caef55e, views: 6/0
2025-05-26T10:51:00.803Z [INFO]: Post views updated: 7/0
2025-05-26T10:51:04.456Z [INFO]: User 683189f4417a5ff1adf23052 followed user 681c376158ac95ae022b4c4a
2025-05-26T10:51:15.011Z [INFO]: User 683189f4417a5ff1adf23052 unfollowed user 681c376158ac95ae022b4c4a
2025-05-26T10:51:34.882Z [INFO]: Fetching post with ID: 68319085ff888836007ecd14, userId: 66dfbd050bdfe18c723f1066
2025-05-26T10:51:34.883Z [INFO]: Fetching comments for post ID: 68319085ff888836007ecd14
2025-05-26T10:51:34.884Z [INFO]: Fetching comments for post ID: 68319085ff888836007ecd14
2025-05-26T10:51:34.944Z [INFO]: Post found: 68319085ff888836007ecd14, views: 220/0
2025-05-26T10:51:34.975Z [INFO]: Fetching comments for post ID: 68319085ff888836007ecd14
2025-05-26T10:51:34.976Z [INFO]: Fetching comments for post ID: 68319085ff888836007ecd14
2025-05-26T10:51:34.978Z [INFO]: Post views updated: 221/0
2025-05-26T10:51:35.010Z [INFO]: Fetching post with ID: 68319085ff888836007ecd14, userId: 66dfbd050bdfe18c723f1066
2025-05-26T10:51:35.072Z [INFO]: Post found: 68319085ff888836007ecd14, views: 221/0
2025-05-26T10:51:35.107Z [INFO]: Post views updated: 222/0
2025-05-26T10:51:58.147Z [INFO]: Fetching comments for post ID: 68318d33ff888836007ecadb
2025-05-26T10:51:58.148Z [INFO]: Fetching comments for post ID: 68318d33ff888836007ecadb
2025-05-26T10:51:58.149Z [INFO]: Fetching post with ID: 68318d33ff888836007ecadb, userId: 66dfbd050bdfe18c723f1066
2025-05-26T10:51:58.199Z [INFO]: Fetching comments for post ID: 68318d33ff888836007ecadb
2025-05-26T10:51:58.200Z [INFO]: Fetching comments for post ID: 68318d33ff888836007ecadb
2025-05-26T10:51:58.209Z [INFO]: Post found: 68318d33ff888836007ecadb, views: 50/0
2025-05-26T10:51:58.243Z [INFO]: Post views updated: 51/0
2025-05-26T10:51:58.276Z [INFO]: Fetching post with ID: 68318d33ff888836007ecadb, userId: 66dfbd050bdfe18c723f1066
2025-05-26T10:51:58.336Z [INFO]: Post found: 68318d33ff888836007ecadb, views: 51/0
2025-05-26T10:51:58.369Z [INFO]: Post views updated: 52/0
2025-05-26T10:52:01.199Z [INFO]: Fetching comments for post ID: 68319085ff888836007ecd14
2025-05-26T10:52:01.200Z [INFO]: Fetching comments for post ID: 68319085ff888836007ecd14
2025-05-26T10:52:01.204Z [INFO]: Fetching post with ID: 68319085ff888836007ecd14, userId: 66dfbd050bdfe18c723f1066
2025-05-26T10:52:01.263Z [INFO]: Post found: 68319085ff888836007ecd14, views: 222/0
2025-05-26T10:52:01.272Z [INFO]: Fetching comments for post ID: 68319085ff888836007ecd14
2025-05-26T10:52:01.273Z [INFO]: Fetching comments for post ID: 68319085ff888836007ecd14
2025-05-26T10:52:01.317Z [INFO]: Post views updated: 223/0
2025-05-26T10:52:01.353Z [INFO]: Fetching post with ID: 68319085ff888836007ecd14, userId: 66dfbd050bdfe18c723f1066
2025-05-26T10:52:01.413Z [INFO]: Post found: 68319085ff888836007ecd14, views: 223/0
2025-05-26T10:52:01.447Z [INFO]: Post views updated: 224/0
2025-05-26T10:53:12.678Z [INFO]: Fetching comments for post ID: 68319085ff888836007ecd14
2025-05-26T10:53:12.679Z [INFO]: Fetching comments for post ID: 68319085ff888836007ecd14
2025-05-26T10:53:12.680Z [INFO]: Fetching post with ID: 68319085ff888836007ecd14, userId: 66dfbd050bdfe18c723f1066
2025-05-26T10:53:12.745Z [INFO]: Post found: 68319085ff888836007ecd14, views: 224/0
2025-05-26T10:53:12.783Z [INFO]: Post views updated: 225/0
2025-05-26T10:53:46.246Z [INFO]: Fetching post with ID: 68319085ff888836007ecd14, userId: 66dfbd050bdfe18c723f1066
2025-05-26T10:53:46.254Z [INFO]: Fetching comments for post ID: 68319085ff888836007ecd14
2025-05-26T10:53:46.255Z [INFO]: Fetching comments for post ID: 68319085ff888836007ecd14
2025-05-26T10:53:46.325Z [INFO]: Post found: 68319085ff888836007ecd14, views: 225/0
2025-05-26T10:53:46.365Z [INFO]: Post views updated: 226/0
2025-05-26T10:54:09.293Z [INFO]: Fetching comments for post ID: 68319085ff888836007ecd14
2025-05-26T10:54:09.294Z [INFO]: Fetching comments for post ID: 68319085ff888836007ecd14
2025-05-26T10:54:09.301Z [INFO]: Fetching post with ID: 68319085ff888836007ecd14, userId: 66dfbd050bdfe18c723f1066
2025-05-26T10:54:09.390Z [INFO]: Post found: 68319085ff888836007ecd14, views: 226/0
2025-05-26T10:54:09.439Z [INFO]: Post views updated: 227/0
2025-05-26T10:54:15.281Z [INFO]: User 66dfbd050bdfe18c723f1066 followed user 683189f4417a5ff1adf23052
2025-05-26T10:54:28.650Z [INFO]: Fetching comments for post ID: 68319085ff888836007ecd14
2025-05-26T10:54:28.650Z [INFO]: Fetching comments for post ID: 68319085ff888836007ecd14
2025-05-26T10:54:28.654Z [INFO]: Fetching post with ID: 68319085ff888836007ecd14, userId: 66dfbd050bdfe18c723f1066
2025-05-26T10:54:28.725Z [INFO]: Post found: 68319085ff888836007ecd14, views: 227/0
2025-05-26T10:54:28.744Z [INFO]: Fetching comments for post ID: 68319085ff888836007ecd14
2025-05-26T10:54:28.744Z [INFO]: Fetching comments for post ID: 68319085ff888836007ecd14
2025-05-26T10:54:28.765Z [INFO]: Post views updated: 228/0
2025-05-26T10:54:28.806Z [INFO]: Fetching post with ID: 68319085ff888836007ecd14, userId: 66dfbd050bdfe18c723f1066
2025-05-26T10:54:28.881Z [INFO]: Post found: 68319085ff888836007ecd14, views: 228/0
2025-05-26T10:54:28.921Z [INFO]: Post views updated: 229/0
2025-05-26T10:54:52.331Z [INFO]: Fetching comments for post ID: 68319085ff888836007ecd14
2025-05-26T10:54:52.331Z [INFO]: Fetching comments for post ID: 68319085ff888836007ecd14
2025-05-26T10:54:52.336Z [INFO]: Fetching post with ID: 68319085ff888836007ecd14, userId: 66dfbd050bdfe18c723f1066
2025-05-26T10:54:52.417Z [INFO]: Post found: 68319085ff888836007ecd14, views: 229/0
2025-05-26T10:54:52.424Z [INFO]: Fetching comments for post ID: 68319085ff888836007ecd14
2025-05-26T10:54:52.424Z [INFO]: Fetching comments for post ID: 68319085ff888836007ecd14
2025-05-26T10:54:52.461Z [INFO]: Post views updated: 230/0
2025-05-26T10:54:52.526Z [INFO]: Fetching post with ID: 68319085ff888836007ecd14, userId: 66dfbd050bdfe18c723f1066
2025-05-26T10:54:52.612Z [INFO]: Post found: 68319085ff888836007ecd14, views: 230/0
2025-05-26T10:54:52.656Z [INFO]: Post views updated: 231/0
2025-05-26T10:55:11.512Z [INFO]: Fetching post with ID: 68319085ff888836007ecd14, userId: 66dfbd050bdfe18c723f1066
2025-05-26T10:55:11.528Z [INFO]: Fetching comments for post ID: 68319085ff888836007ecd14
2025-05-26T10:55:11.528Z [INFO]: Fetching comments for post ID: 68319085ff888836007ecd14
2025-05-26T10:55:11.562Z [INFO]: Post found: 68319085ff888836007ecd14, views: 231/0
2025-05-26T10:55:11.595Z [INFO]: Post views updated: 232/0
2025-05-26T10:55:11.630Z [INFO]: Fetching post with ID: 68319085ff888836007ecd14, userId: 66dfbd050bdfe18c723f1066
2025-05-26T10:55:11.651Z [INFO]: Fetching comments for post ID: 68319085ff888836007ecd14
2025-05-26T10:55:11.651Z [INFO]: Fetching comments for post ID: 68319085ff888836007ecd14
2025-05-26T10:55:11.695Z [INFO]: Post found: 68319085ff888836007ecd14, views: 232/0
2025-05-26T10:55:11.729Z [INFO]: Post views updated: 233/0
2025-05-26T10:55:21.965Z [INFO]: Fetching comments for post ID: 68318d33ff888836007ecadb
2025-05-26T10:55:21.965Z [INFO]: Fetching comments for post ID: 68318d33ff888836007ecadb
2025-05-26T10:55:21.974Z [INFO]: Fetching post with ID: 68318d33ff888836007ecadb, userId: 66dfbd050bdfe18c723f1066
2025-05-26T10:55:22.030Z [INFO]: Fetching comments for post ID: 68318d33ff888836007ecadb
2025-05-26T10:55:22.030Z [INFO]: Fetching comments for post ID: 68318d33ff888836007ecadb
2025-05-26T10:55:22.065Z [INFO]: Post found: 68318d33ff888836007ecadb, views: 52/0
2025-05-26T10:55:22.115Z [INFO]: Post views updated: 53/0
2025-05-26T10:55:22.164Z [INFO]: Fetching post with ID: 68318d33ff888836007ecadb, userId: 66dfbd050bdfe18c723f1066
2025-05-26T10:55:22.265Z [INFO]: Post found: 68318d33ff888836007ecadb, views: 53/0
2025-05-26T10:55:22.322Z [INFO]: Post views updated: 54/0
2025-05-26T10:55:29.288Z [INFO]: Fetching post with ID: 68319085ff888836007ecd14, userId: 66dfbd050bdfe18c723f1066
2025-05-26T10:55:29.303Z [INFO]: Fetching comments for post ID: 68319085ff888836007ecd14
2025-05-26T10:55:29.303Z [INFO]: Fetching comments for post ID: 68319085ff888836007ecd14
2025-05-26T10:55:29.334Z [INFO]: Post found: 68319085ff888836007ecd14, views: 233/0
2025-05-26T10:55:29.362Z [INFO]: Post views updated: 234/0
2025-05-26T10:55:29.393Z [INFO]: Fetching post with ID: 68319085ff888836007ecd14, userId: 66dfbd050bdfe18c723f1066
2025-05-26T10:55:29.433Z [INFO]: Fetching comments for post ID: 68319085ff888836007ecd14
2025-05-26T10:55:29.433Z [INFO]: Fetching comments for post ID: 68319085ff888836007ecd14
2025-05-26T10:55:29.441Z [INFO]: Post found: 68319085ff888836007ecd14, views: 234/0
2025-05-26T10:55:29.468Z [INFO]: Post views updated: 235/0
2025-05-26T10:55:33.557Z [INFO]: Fetching post with ID: 68318d33ff888836007ecadb, userId: 66dfbd050bdfe18c723f1066
2025-05-26T10:55:33.575Z [INFO]: Fetching comments for post ID: 68318d33ff888836007ecadb
2025-05-26T10:55:33.575Z [INFO]: Fetching comments for post ID: 68318d33ff888836007ecadb
2025-05-26T10:55:33.604Z [INFO]: Post found: 68318d33ff888836007ecadb, views: 54/0
2025-05-26T10:55:33.631Z [INFO]: Post views updated: 55/0
2025-05-26T10:55:33.658Z [INFO]: Fetching comments for post ID: 68318d33ff888836007ecadb
2025-05-26T10:55:33.658Z [INFO]: Fetching comments for post ID: 68318d33ff888836007ecadb
2025-05-26T10:55:33.660Z [INFO]: Fetching post with ID: 68318d33ff888836007ecadb, userId: 66dfbd050bdfe18c723f1066
2025-05-26T10:55:33.708Z [INFO]: Post found: 68318d33ff888836007ecadb, views: 55/0
2025-05-26T10:55:33.736Z [INFO]: Post views updated: 56/0
2025-05-26T10:56:02.128Z [INFO]: Creating comment for post ID: 68318d33ff888836007ecadb
2025-05-26T10:57:31.344Z [ERROR]: No files uploaded
2025-05-26T10:57:32.932Z [ERROR]: No files uploaded
2025-05-26T10:57:39.242Z [ERROR]: No files uploaded
2025-05-26T10:59:16.535Z [ERROR]: Thread validation failed: content: Content must be at least 1 character
2025-05-26T10:59:43.810Z [ERROR]: Thread validation failed: content: Content must be at least 1 character
2025-05-26T11:02:49.598Z [INFO]: Fetching comments for post ID: 68344956b439e715badbc25f
2025-05-26T11:02:49.599Z [INFO]: Fetching comments for post ID: 68344956b439e715badbc25f
2025-05-26T11:02:49.609Z [INFO]: Fetching post with ID: 68344956b439e715badbc25f, userId: 66dfbd050bdfe18c723f1066
2025-05-26T11:02:49.659Z [INFO]: Fetching comments for post ID: 68344956b439e715badbc25f
2025-05-26T11:02:49.660Z [INFO]: Fetching comments for post ID: 68344956b439e715badbc25f
2025-05-26T11:02:49.699Z [INFO]: Post found: 68344956b439e715badbc25f, views: 0/0
2025-05-26T11:02:49.753Z [INFO]: Post views updated: 1/0
2025-05-26T11:02:49.799Z [INFO]: Fetching post with ID: 68344956b439e715badbc25f, userId: 66dfbd050bdfe18c723f1066
2025-05-26T11:02:49.886Z [INFO]: Post found: 68344956b439e715badbc25f, views: 1/0
2025-05-26T11:02:49.933Z [INFO]: Post views updated: 2/0
2025-05-26T11:03:46.086Z [INFO]: Fetching post with ID: 68344956b439e715badbc25f, userId: 66dfbd050bdfe18c723f1066
2025-05-26T11:03:46.088Z [INFO]: Fetching comments for post ID: 68344956b439e715badbc25f
2025-05-26T11:03:46.088Z [INFO]: Fetching comments for post ID: 68344956b439e715badbc25f
2025-05-26T11:03:46.137Z [INFO]: Post found: 68344956b439e715badbc25f, views: 2/0
2025-05-26T11:03:46.141Z [INFO]: Fetching comments for post ID: 68344956b439e715badbc25f
2025-05-26T11:03:46.142Z [INFO]: Fetching comments for post ID: 68344956b439e715badbc25f
2025-05-26T11:03:46.167Z [INFO]: Post views updated: 3/0
2025-05-26T11:03:46.221Z [INFO]: Fetching post with ID: 68344956b439e715badbc25f, userId: 66dfbd050bdfe18c723f1066
2025-05-26T11:03:46.308Z [INFO]: Post found: 68344956b439e715badbc25f, views: 3/0
2025-05-26T11:03:46.356Z [INFO]: Post views updated: 4/0
2025-05-26T11:04:01.709Z [ERROR]: At least one of content, images, or videos must be provided
2025-05-26T11:04:03.373Z [ERROR]: At least one of content, images, or videos must be provided
2025-05-26T11:04:36.125Z [INFO]: Fetching comments for post ID: 68319085ff888836007ecd14
2025-05-26T11:04:36.126Z [INFO]: Fetching comments for post ID: 68319085ff888836007ecd14
2025-05-26T11:04:36.138Z [INFO]: Fetching post with ID: 68319085ff888836007ecd14, userId: 66dfbd050bdfe18c723f1066
2025-05-26T11:04:36.229Z [INFO]: Fetching comments for post ID: 68319085ff888836007ecd14
2025-05-26T11:04:36.229Z [INFO]: Fetching comments for post ID: 68319085ff888836007ecd14
2025-05-26T11:04:36.232Z [INFO]: Post found: 68319085ff888836007ecd14, views: 235/0
2025-05-26T11:04:36.282Z [INFO]: Post views updated: 236/0
2025-05-26T11:04:36.312Z [INFO]: Fetching post with ID: 68319085ff888836007ecd14, userId: 66dfbd050bdfe18c723f1066
2025-05-26T11:04:36.368Z [INFO]: Post found: 68319085ff888836007ecd14, views: 236/0
2025-05-26T11:04:36.399Z [INFO]: Post views updated: 237/0
2025-05-26T11:06:18.920Z [INFO]: Fetching post with ID: 68319085ff888836007ecd14, userId: 66dfbd050bdfe18c723f1066
2025-05-26T11:06:18.942Z [INFO]: Fetching comments for post ID: 68319085ff888836007ecd14
2025-05-26T11:06:18.942Z [INFO]: Fetching comments for post ID: 68319085ff888836007ecd14
2025-05-26T11:06:18.971Z [INFO]: Post found: 68319085ff888836007ecd14, views: 237/0
2025-05-26T11:06:19.018Z [INFO]: Post views updated: 238/0
2025-05-26T11:06:19.048Z [INFO]: Fetching post with ID: 68319085ff888836007ecd14, userId: 66dfbd050bdfe18c723f1066
2025-05-26T11:06:19.089Z [INFO]: Fetching comments for post ID: 68319085ff888836007ecd14
2025-05-26T11:06:19.089Z [INFO]: Fetching comments for post ID: 68319085ff888836007ecd14
2025-05-26T11:06:19.102Z [INFO]: Post found: 68319085ff888836007ecd14, views: 238/0
2025-05-26T11:06:19.135Z [INFO]: Post views updated: 239/0
2025-05-27T03:57:45.054Z [INFO]: Fetching post with ID: 68319085ff888836007ecd14, userId: 66dfbd050bdfe18c723f1066
2025-05-27T03:57:45.132Z [INFO]: Post found: 68319085ff888836007ecd14, views: 239/0
2025-05-27T03:57:45.181Z [INFO]: Post views updated: 240/0
2025-05-27T03:57:45.215Z [INFO]: Fetching post with ID: 68319085ff888836007ecd14, userId: 66dfbd050bdfe18c723f1066
2025-05-27T03:57:45.275Z [INFO]: Post found: 68319085ff888836007ecd14, views: 240/0
2025-05-27T03:57:45.294Z [INFO]: Fetching comments for post ID: 68319085ff888836007ecd14
2025-05-27T03:57:45.294Z [INFO]: Fetching comments for post ID: 68319085ff888836007ecd14
2025-05-27T03:57:45.315Z [INFO]: Post views updated: 241/0
2025-05-27T03:57:45.374Z [INFO]: Fetching comments for post ID: 68319085ff888836007ecd14
2025-05-27T03:57:45.375Z [INFO]: Fetching comments for post ID: 68319085ff888836007ecd14
2025-05-27T07:30:25.049Z [INFO]: Fetching comments for post ID: 68319085ff888836007ecd14
2025-05-27T07:30:25.051Z [INFO]: Fetching comments for post ID: 68319085ff888836007ecd14
2025-05-27T07:30:25.146Z [INFO]: Fetching comments for post ID: 68319085ff888836007ecd14
2025-05-27T07:30:25.147Z [INFO]: Fetching comments for post ID: 68319085ff888836007ecd14
2025-05-27T07:30:25.369Z [INFO]: Fetching post with ID: 68319085ff888836007ecd14, userId: 66dfbd050bdfe18c723f1066
2025-05-27T07:30:25.449Z [INFO]: Post found: 68319085ff888836007ecd14, views: 241/0
2025-05-27T07:30:25.497Z [INFO]: Post views updated: 242/0
2025-05-27T07:30:25.548Z [INFO]: Fetching post with ID: 68319085ff888836007ecd14, userId: 66dfbd050bdfe18c723f1066
2025-05-27T07:30:25.629Z [INFO]: Post found: 68319085ff888836007ecd14, views: 242/0
2025-05-27T07:30:25.673Z [INFO]: Post views updated: 243/0
2025-05-27T07:30:27.963Z [ERROR]: Cannot find /api/threads/like-comment on this server
2025-05-27T07:30:37.506Z [ERROR]: Cannot find /api/threads/like-comment on this server
2025-05-27T07:32:03.445Z [ERROR]: Internal server error
2025-05-27T07:35:55.689Z [ERROR]: Internal server error
2025-05-27T07:45:19.015Z [ERROR]: Internal server error
2025-05-27T07:49:18.841Z [INFO]: Fetching comments for post ID: 68319085ff888836007ecd14
2025-05-27T07:49:18.843Z [INFO]: Fetching comments for post ID: 68319085ff888836007ecd14
2025-05-27T07:49:18.921Z [INFO]: Fetching post with ID: 68319085ff888836007ecd14, userId: 66dfbd050bdfe18c723f1066
2025-05-27T07:49:18.992Z [INFO]: Fetching comments for post ID: 68319085ff888836007ecd14
2025-05-27T07:49:18.994Z [INFO]: Fetching comments for post ID: 68319085ff888836007ecd14
2025-05-27T07:49:19.019Z [INFO]: Post found: 68319085ff888836007ecd14, views: 243/0
2025-05-27T07:49:19.080Z [INFO]: Post views updated: 244/0
2025-05-27T07:49:19.340Z [INFO]: Fetching post with ID: 68319085ff888836007ecd14, userId: 66dfbd050bdfe18c723f1066
2025-05-27T07:49:19.436Z [INFO]: Post found: 68319085ff888836007ecd14, views: 244/0
2025-05-27T07:49:19.487Z [INFO]: Post views updated: 245/0
2025-05-27T07:49:24.060Z [INFO]: Fetching post with ID: 68319085ff888836007ecd14, userId: 66dfbd050bdfe18c723f1066
2025-05-27T07:49:24.080Z [INFO]: Fetching comments for post ID: 68319085ff888836007ecd14
2025-05-27T07:49:24.080Z [INFO]: Fetching comments for post ID: 68319085ff888836007ecd14
2025-05-27T07:49:24.117Z [INFO]: Post found: 68319085ff888836007ecd14, views: 245/0
2025-05-27T07:49:24.147Z [INFO]: Post views updated: 246/0
2025-05-27T07:49:24.176Z [INFO]: Fetching post with ID: 68319085ff888836007ecd14, userId: 66dfbd050bdfe18c723f1066
2025-05-27T07:49:24.217Z [INFO]: Fetching comments for post ID: 68319085ff888836007ecd14
2025-05-27T07:49:24.218Z [INFO]: Fetching comments for post ID: 68319085ff888836007ecd14
2025-05-27T07:49:24.232Z [INFO]: Post found: 68319085ff888836007ecd14, views: 246/0
2025-05-27T07:49:24.263Z [INFO]: Post views updated: 247/0
2025-05-27T07:49:30.318Z [ERROR]: Like comment error: You have already liked this comment
2025-05-27T07:49:30.320Z [ERROR]: You have already liked this comment
2025-05-27T07:49:31.177Z [ERROR]: Like comment error: You have already liked this comment
2025-05-27T07:49:31.178Z [ERROR]: You have already liked this comment
2025-05-27T07:49:31.374Z [ERROR]: Like comment error: You have already liked this comment
2025-05-27T07:49:31.375Z [ERROR]: You have already liked this comment
2025-05-27T07:49:31.540Z [ERROR]: Like comment error: You have already liked this comment
2025-05-27T07:49:31.540Z [ERROR]: You have already liked this comment
2025-05-27T07:49:40.417Z [ERROR]: Like comment error: You have already liked this comment
2025-05-27T07:49:40.418Z [ERROR]: You have already liked this comment
2025-05-27T07:58:05.835Z [INFO]: Fetching post with ID: 68319085ff888836007ecd14, userId: 66dfbd050bdfe18c723f1066
2025-05-27T07:58:05.907Z [INFO]: Post found: 68319085ff888836007ecd14, views: 247/0
2025-05-27T07:58:05.949Z [INFO]: Post views updated: 248/0
2025-05-27T07:58:05.984Z [INFO]: Fetching post with ID: 68319085ff888836007ecd14, userId: 66dfbd050bdfe18c723f1066
2025-05-27T07:58:06.048Z [INFO]: Post found: 68319085ff888836007ecd14, views: 248/0
2025-05-27T07:58:06.050Z [INFO]: Fetching comments for post ID: 68319085ff888836007ecd14
2025-05-27T07:58:06.051Z [INFO]: Fetching comments for post ID: 68319085ff888836007ecd14
2025-05-27T07:58:06.083Z [INFO]: Post views updated: 249/0
2025-05-27T07:58:06.182Z [INFO]: Fetching comments for post ID: 68319085ff888836007ecd14
2025-05-27T07:58:06.184Z [INFO]: Fetching comments for post ID: 68319085ff888836007ecd14
2025-05-27T07:58:12.236Z [INFO]: Fetching comments for post ID: 68319085ff888836007ecd14
2025-05-27T07:58:12.237Z [INFO]: Fetching comments for post ID: 68319085ff888836007ecd14
2025-05-27T07:58:12.244Z [INFO]: Fetching post with ID: 68319085ff888836007ecd14, userId: 66dfbd050bdfe18c723f1066
2025-05-27T07:58:12.330Z [INFO]: Post found: 68319085ff888836007ecd14, views: 249/0
2025-05-27T07:58:12.368Z [INFO]: Fetching comments for post ID: 68319085ff888836007ecd14
2025-05-27T07:58:12.369Z [INFO]: Fetching comments for post ID: 68319085ff888836007ecd14
2025-05-27T07:58:12.378Z [INFO]: Post views updated: 250/0
2025-05-27T07:58:12.431Z [INFO]: Fetching post with ID: 68319085ff888836007ecd14, userId: 66dfbd050bdfe18c723f1066
2025-05-27T07:58:12.529Z [INFO]: Post found: 68319085ff888836007ecd14, views: 250/0
2025-05-27T07:58:12.577Z [INFO]: Post views updated: 251/0
2025-05-27T07:58:14.949Z [INFO]: Fetching post with ID: 68319085ff888836007ecd14, userId: 66dfbd050bdfe18c723f1066
2025-05-27T07:58:14.957Z [INFO]: Fetching comments for post ID: 68319085ff888836007ecd14
2025-05-27T07:58:14.957Z [INFO]: Fetching comments for post ID: 68319085ff888836007ecd14
2025-05-27T07:58:14.999Z [INFO]: Post found: 68319085ff888836007ecd14, views: 251/0
2025-05-27T07:58:15.030Z [INFO]: Post views updated: 252/0
2025-05-27T07:58:15.059Z [INFO]: Fetching post with ID: 68319085ff888836007ecd14, userId: 66dfbd050bdfe18c723f1066
2025-05-27T07:58:15.090Z [INFO]: Fetching comments for post ID: 68319085ff888836007ecd14
2025-05-27T07:58:15.091Z [INFO]: Fetching comments for post ID: 68319085ff888836007ecd14
2025-05-27T07:58:15.115Z [INFO]: Post found: 68319085ff888836007ecd14, views: 252/0
2025-05-27T07:58:15.147Z [INFO]: Post views updated: 253/0
2025-05-27T08:03:48.273Z [INFO]: Fetching post with ID: 68319085ff888836007ecd14, userId: 66dfbd050bdfe18c723f1066
2025-05-27T08:03:48.277Z [INFO]: Fetching comments for post ID: 68319085ff888836007ecd14
2025-05-27T08:03:48.278Z [INFO]: Fetching comments for post ID: 68319085ff888836007ecd14
2025-05-27T08:03:48.348Z [INFO]: Post found: 68319085ff888836007ecd14, views: 253/0
2025-05-27T08:03:48.386Z [INFO]: Post views updated: 254/0
2025-05-27T08:03:48.409Z [INFO]: Fetching comments for post ID: 68319085ff888836007ecd14
2025-05-27T08:03:48.410Z [INFO]: Fetching comments for post ID: 68319085ff888836007ecd14
2025-05-27T08:03:48.438Z [INFO]: Fetching post with ID: 68319085ff888836007ecd14, userId: 66dfbd050bdfe18c723f1066
2025-05-27T08:03:48.510Z [INFO]: Post found: 68319085ff888836007ecd14, views: 254/0
2025-05-27T08:03:48.549Z [INFO]: Post views updated: 255/0
2025-05-27T08:04:12.560Z [INFO]: Fetching comments for post ID: 68319085ff888836007ecd14
2025-05-27T08:04:12.561Z [INFO]: Fetching comments for post ID: 68319085ff888836007ecd14
2025-05-27T08:04:12.564Z [INFO]: Fetching post with ID: 68319085ff888836007ecd14, userId: 66dfbd050bdfe18c723f1066
2025-05-27T08:04:12.639Z [INFO]: Post found: 68319085ff888836007ecd14, views: 255/0
2025-05-27T08:04:12.673Z [INFO]: Post views updated: 256/0
2025-05-27T08:04:12.687Z [INFO]: Fetching comments for post ID: 68319085ff888836007ecd14
2025-05-27T08:04:12.688Z [INFO]: Fetching comments for post ID: 68319085ff888836007ecd14
2025-05-27T08:04:12.711Z [INFO]: Fetching post with ID: 68319085ff888836007ecd14, userId: 66dfbd050bdfe18c723f1066
2025-05-27T08:04:12.781Z [INFO]: Post found: 68319085ff888836007ecd14, views: 256/0
2025-05-27T08:04:12.818Z [INFO]: Post views updated: 257/0
2025-05-27T08:04:14.654Z [INFO]: Fetching post with ID: 68319085ff888836007ecd14, userId: 66dfbd050bdfe18c723f1066
2025-05-27T08:04:14.666Z [INFO]: Fetching comments for post ID: 68319085ff888836007ecd14
2025-05-27T08:04:14.667Z [INFO]: Fetching comments for post ID: 68319085ff888836007ecd14
2025-05-27T08:04:14.718Z [INFO]: Post found: 68319085ff888836007ecd14, views: 257/0
2025-05-27T08:04:14.757Z [INFO]: Post views updated: 258/0
2025-05-27T08:04:14.799Z [INFO]: Fetching post with ID: 68319085ff888836007ecd14, userId: 66dfbd050bdfe18c723f1066
2025-05-27T08:04:14.815Z [INFO]: Fetching comments for post ID: 68319085ff888836007ecd14
2025-05-27T08:04:14.816Z [INFO]: Fetching comments for post ID: 68319085ff888836007ecd14
2025-05-27T08:04:14.864Z [INFO]: Post found: 68319085ff888836007ecd14, views: 258/0
2025-05-27T08:04:14.898Z [INFO]: Post views updated: 259/0
2025-05-27T08:04:58.190Z [INFO]: Fetching comments for post ID: 68319085ff888836007ecd14
2025-05-27T08:04:58.190Z [INFO]: Fetching comments for post ID: 68319085ff888836007ecd14
2025-05-27T08:04:58.210Z [INFO]: Fetching post with ID: 68319085ff888836007ecd14, userId: 66dfbd050bdfe18c723f1066
2025-05-27T08:04:58.307Z [INFO]: Post found: 68319085ff888836007ecd14, views: 259/0
2025-05-27T08:04:58.320Z [INFO]: Fetching comments for post ID: 68319085ff888836007ecd14
2025-05-27T08:04:58.320Z [INFO]: Fetching comments for post ID: 68319085ff888836007ecd14
2025-05-27T08:04:58.363Z [INFO]: Post views updated: 260/0
2025-05-27T08:04:58.415Z [INFO]: Fetching post with ID: 68319085ff888836007ecd14, userId: 66dfbd050bdfe18c723f1066
2025-05-27T08:04:58.513Z [INFO]: Post found: 68319085ff888836007ecd14, views: 260/0
2025-05-27T08:04:58.566Z [INFO]: Post views updated: 261/0
2025-05-27T08:05:25.382Z [INFO]: Fetching post with ID: 68319085ff888836007ecd14, userId: 66dfbd050bdfe18c723f1066
2025-05-27T08:05:25.395Z [INFO]: Fetching comments for post ID: 68319085ff888836007ecd14
2025-05-27T08:05:25.395Z [INFO]: Fetching comments for post ID: 68319085ff888836007ecd14
2025-05-27T08:05:25.456Z [INFO]: Post found: 68319085ff888836007ecd14, views: 261/0
2025-05-27T08:05:25.511Z [INFO]: Post views updated: 262/0
2025-05-27T08:05:25.546Z [INFO]: Fetching comments for post ID: 68319085ff888836007ecd14
2025-05-27T08:05:25.547Z [INFO]: Fetching comments for post ID: 68319085ff888836007ecd14
2025-05-27T08:05:25.548Z [INFO]: Fetching post with ID: 68319085ff888836007ecd14, userId: 66dfbd050bdfe18c723f1066
2025-05-27T08:05:25.620Z [INFO]: Post found: 68319085ff888836007ecd14, views: 262/0
2025-05-27T08:05:25.655Z [INFO]: Post views updated: 263/0
2025-05-27T08:05:27.670Z [INFO]: Fetching post with ID: 68319085ff888836007ecd14, userId: 66dfbd050bdfe18c723f1066
2025-05-27T08:05:27.693Z [INFO]: Fetching comments for post ID: 68319085ff888836007ecd14
2025-05-27T08:05:27.693Z [INFO]: Fetching comments for post ID: 68319085ff888836007ecd14
2025-05-27T08:05:27.735Z [INFO]: Post found: 68319085ff888836007ecd14, views: 263/0
2025-05-27T08:05:27.770Z [INFO]: Post views updated: 264/0
2025-05-27T08:05:27.805Z [INFO]: Fetching post with ID: 68319085ff888836007ecd14, userId: 66dfbd050bdfe18c723f1066
2025-05-27T08:05:27.873Z [INFO]: Post found: 68319085ff888836007ecd14, views: 264/0
2025-05-27T08:05:27.893Z [INFO]: Fetching comments for post ID: 68319085ff888836007ecd14
2025-05-27T08:05:27.894Z [INFO]: Fetching comments for post ID: 68319085ff888836007ecd14
2025-05-27T08:05:27.909Z [INFO]: Post views updated: 265/0
2025-05-27T08:06:55.406Z [INFO]: Fetching post with ID: 68319085ff888836007ecd14, userId: 66dfbd050bdfe18c723f1066
2025-05-27T08:06:55.411Z [INFO]: Fetching comments for post ID: 68319085ff888836007ecd14
2025-05-27T08:06:55.412Z [INFO]: Fetching comments for post ID: 68319085ff888836007ecd14
2025-05-27T08:06:55.472Z [INFO]: Post found: 68319085ff888836007ecd14, views: 265/0
2025-05-27T08:06:55.507Z [INFO]: Post views updated: 266/0
2025-05-27T08:09:02.417Z [INFO]: Fetching post with ID: 68319085ff888836007ecd14, userId: 66dfbd050bdfe18c723f1066
2025-05-27T08:09:02.418Z [INFO]: Fetching comments for post ID: 68319085ff888836007ecd14
2025-05-27T08:09:02.418Z [INFO]: Fetching comments for post ID: 68319085ff888836007ecd14
2025-05-27T08:09:02.488Z [INFO]: Post found: 68319085ff888836007ecd14, views: 266/0
2025-05-27T08:09:02.529Z [INFO]: Post views updated: 267/0
2025-05-27T08:09:20.411Z [INFO]: Fetching comments for post ID: 68319085ff888836007ecd14
2025-05-27T08:09:20.411Z [INFO]: Fetching comments for post ID: 68319085ff888836007ecd14
2025-05-27T08:09:20.422Z [INFO]: Fetching post with ID: 68319085ff888836007ecd14, userId: 66dfbd050bdfe18c723f1066
2025-05-27T08:09:20.513Z [INFO]: Post found: 68319085ff888836007ecd14, views: 267/0
2025-05-27T08:09:20.561Z [INFO]: Post views updated: 268/0
2025-05-27T08:09:23.947Z [INFO]: Fetching post with ID: 68319085ff888836007ecd14, userId: 66dfbd050bdfe18c723f1066
2025-05-27T08:09:23.955Z [INFO]: Fetching comments for post ID: 68319085ff888836007ecd14
2025-05-27T08:09:23.955Z [INFO]: Fetching comments for post ID: 68319085ff888836007ecd14
2025-05-27T08:09:24.026Z [INFO]: Post found: 68319085ff888836007ecd14, views: 268/0
2025-05-27T08:09:24.066Z [INFO]: Post views updated: 269/0
2025-05-27T08:09:53.469Z [INFO]: Fetching post with ID: 68319085ff888836007ecd14, userId: 66dfbd050bdfe18c723f1066
2025-05-27T08:09:53.475Z [INFO]: Fetching comments for post ID: 68319085ff888836007ecd14
2025-05-27T08:09:53.475Z [INFO]: Fetching comments for post ID: 68319085ff888836007ecd14
2025-05-27T08:09:53.558Z [INFO]: Post found: 68319085ff888836007ecd14, views: 269/0
2025-05-27T08:09:53.606Z [INFO]: Post views updated: 270/0
2025-05-27T08:10:42.513Z [INFO]: Fetching post with ID: 68319085ff888836007ecd14, userId: 66dfbd050bdfe18c723f1066
2025-05-27T08:10:42.522Z [INFO]: Fetching comments for post ID: 68319085ff888836007ecd14
2025-05-27T08:10:42.523Z [INFO]: Fetching comments for post ID: 68319085ff888836007ecd14
2025-05-27T08:10:42.588Z [INFO]: Post found: 68319085ff888836007ecd14, views: 270/0
2025-05-27T08:10:42.627Z [INFO]: Post views updated: 271/0
2025-05-27T08:17:11.442Z [INFO]: Fetching comments for post ID: 68319085ff888836007ecd14
2025-05-27T08:17:11.442Z [INFO]: Fetching comments for post ID: 68319085ff888836007ecd14
2025-05-27T08:17:11.443Z [INFO]: Fetching post with ID: 68319085ff888836007ecd14, userId: 66dfbd050bdfe18c723f1066
2025-05-27T08:17:11.555Z [INFO]: Post found: 68319085ff888836007ecd14, views: 271/0
2025-05-27T08:17:11.615Z [INFO]: Post views updated: 272/0
2025-05-27T08:17:22.408Z [INFO]: Fetching comments for post ID: 68319085ff888836007ecd14
2025-05-27T08:17:22.409Z [INFO]: Fetching comments for post ID: 68319085ff888836007ecd14
2025-05-27T08:17:22.421Z [INFO]: Fetching post with ID: 68319085ff888836007ecd14, userId: 66dfbd050bdfe18c723f1066
2025-05-27T08:17:22.534Z [INFO]: Post found: 68319085ff888836007ecd14, views: 272/0
2025-05-27T08:17:22.587Z [INFO]: Post views updated: 273/0
2025-05-27T08:22:06.430Z [INFO]: Fetching comments for post ID: 68319085ff888836007ecd14
2025-05-27T08:22:06.430Z [INFO]: Fetching comments for post ID: 68319085ff888836007ecd14
2025-05-27T08:22:06.432Z [INFO]: Fetching post with ID: 68319085ff888836007ecd14, userId: 66dfbd050bdfe18c723f1066
2025-05-27T08:22:06.539Z [INFO]: Post found: 68319085ff888836007ecd14, views: 273/0
2025-05-27T08:22:06.596Z [INFO]: Post views updated: 274/0
2025-05-27T08:22:06.613Z [INFO]: Fetching comments for post ID: 68319085ff888836007ecd14
2025-05-27T08:22:06.614Z [INFO]: Fetching comments for post ID: 68319085ff888836007ecd14
2025-05-27T08:22:06.654Z [INFO]: Fetching post with ID: 68319085ff888836007ecd14, userId: 66dfbd050bdfe18c723f1066
2025-05-27T08:22:06.755Z [INFO]: Post found: 68319085ff888836007ecd14, views: 274/0
2025-05-27T08:22:06.811Z [INFO]: Post views updated: 275/0
2025-05-27T08:26:27.466Z [INFO]: Fetching post with ID: 68319085ff888836007ecd14, userId: 66dfbd050bdfe18c723f1066
2025-05-27T08:26:27.474Z [INFO]: Fetching comments for post ID: 68319085ff888836007ecd14
2025-05-27T08:26:27.475Z [INFO]: Fetching comments for post ID: 68319085ff888836007ecd14
2025-05-27T08:26:27.538Z [INFO]: Post found: 68319085ff888836007ecd14, views: 275/0
2025-05-27T08:26:27.574Z [INFO]: Post views updated: 276/0
2025-05-27T08:31:49.239Z [INFO]: Fetching post with ID: 68319085ff888836007ecd14, userId: 66dfbd050bdfe18c723f1066
2025-05-27T08:31:49.252Z [INFO]: Fetching comments for post ID: 68319085ff888836007ecd14
2025-05-27T08:31:49.252Z [INFO]: Fetching comments for post ID: 68319085ff888836007ecd14
2025-05-27T08:31:49.299Z [INFO]: Post found: 68319085ff888836007ecd14, views: 276/0
2025-05-27T08:31:49.332Z [INFO]: Post views updated: 277/0
2025-05-27T08:31:49.365Z [INFO]: Fetching post with ID: 68319085ff888836007ecd14, userId: 66dfbd050bdfe18c723f1066
2025-05-27T08:31:49.420Z [INFO]: Fetching comments for post ID: 68319085ff888836007ecd14
2025-05-27T08:31:49.420Z [INFO]: Fetching comments for post ID: 68319085ff888836007ecd14
2025-05-27T08:31:49.430Z [INFO]: Post found: 68319085ff888836007ecd14, views: 277/0
2025-05-27T08:31:49.463Z [INFO]: Post views updated: 278/0
2025-05-27T08:31:58.151Z [INFO]: Fetching post with ID: 68319085ff888836007ecd14, userId: 66dfbd050bdfe18c723f1066
2025-05-27T08:31:58.157Z [INFO]: Fetching comments for post ID: 68319085ff888836007ecd14
2025-05-27T08:31:58.158Z [INFO]: Fetching comments for post ID: 68319085ff888836007ecd14
2025-05-27T08:31:58.222Z [INFO]: Post found: 68319085ff888836007ecd14, views: 278/0
2025-05-27T08:31:58.260Z [INFO]: Post views updated: 279/0
2025-05-27T08:31:58.302Z [INFO]: Fetching comments for post ID: 68319085ff888836007ecd14
2025-05-27T08:31:58.303Z [INFO]: Fetching comments for post ID: 68319085ff888836007ecd14
2025-05-27T08:31:58.308Z [INFO]: Fetching post with ID: 68319085ff888836007ecd14, userId: 66dfbd050bdfe18c723f1066
2025-05-27T08:31:58.370Z [INFO]: Post found: 68319085ff888836007ecd14, views: 279/0
2025-05-27T08:31:58.405Z [INFO]: Post views updated: 280/0
2025-05-27T08:32:07.830Z [INFO]: Fetching post with ID: 68319085ff888836007ecd14, userId: 66dfbd050bdfe18c723f1066
2025-05-27T08:32:07.841Z [INFO]: Fetching comments for post ID: 68319085ff888836007ecd14
2025-05-27T08:32:07.841Z [INFO]: Fetching comments for post ID: 68319085ff888836007ecd14
2025-05-27T08:32:07.899Z [INFO]: Post found: 68319085ff888836007ecd14, views: 280/0
2025-05-27T08:32:07.936Z [INFO]: Post views updated: 281/0
2025-05-27T08:32:07.970Z [INFO]: Fetching post with ID: 68319085ff888836007ecd14, userId: 66dfbd050bdfe18c723f1066
2025-05-27T08:32:08.015Z [INFO]: Fetching comments for post ID: 68319085ff888836007ecd14
2025-05-27T08:32:08.016Z [INFO]: Fetching comments for post ID: 68319085ff888836007ecd14
2025-05-27T08:32:08.040Z [INFO]: Post found: 68319085ff888836007ecd14, views: 281/0
2025-05-27T08:32:08.076Z [INFO]: Post views updated: 282/0
2025-05-27T08:39:08.644Z [INFO]: Fetching post with ID: 68319085ff888836007ecd14, userId: 66dfbd050bdfe18c723f1066
2025-05-27T08:39:08.666Z [INFO]: Fetching comments for post ID: 68319085ff888836007ecd14
2025-05-27T08:39:08.666Z [INFO]: Fetching comments for post ID: 68319085ff888836007ecd14
2025-05-27T08:39:08.707Z [INFO]: Post found: 68319085ff888836007ecd14, views: 282/0
2025-05-27T08:39:08.745Z [INFO]: Post views updated: 283/0
2025-05-27T08:45:36.398Z [INFO]: Fetching comments for post ID: 68319085ff888836007ecd14
2025-05-27T08:45:36.399Z [INFO]: Fetching comments for post ID: 68319085ff888836007ecd14
2025-05-27T08:45:36.405Z [INFO]: Fetching post with ID: 68319085ff888836007ecd14, userId: 66dfbd050bdfe18c723f1066
2025-05-27T08:45:36.493Z [INFO]: Post found: 68319085ff888836007ecd14, views: 283/0
2025-05-27T08:45:36.547Z [INFO]: Post views updated: 284/0
2025-05-27T08:46:21.934Z [INFO]: Fetching post with ID: 68319085ff888836007ecd14, userId: 66dfbd050bdfe18c723f1066
2025-05-27T08:46:21.941Z [INFO]: Fetching comments for post ID: 68319085ff888836007ecd14
2025-05-27T08:46:21.941Z [INFO]: Fetching comments for post ID: 68319085ff888836007ecd14
2025-05-27T08:46:21.996Z [INFO]: Post found: 68319085ff888836007ecd14, views: 284/0
2025-05-27T08:46:22.031Z [INFO]: Post views updated: 285/0
2025-05-27T08:46:27.837Z [INFO]: Fetching post with ID: 68319085ff888836007ecd14, userId: 66dfbd050bdfe18c723f1066
2025-05-27T08:46:27.843Z [INFO]: Fetching comments for post ID: 68319085ff888836007ecd14
2025-05-27T08:46:27.844Z [INFO]: Fetching comments for post ID: 68319085ff888836007ecd14
2025-05-27T08:46:27.925Z [INFO]: Post found: 68319085ff888836007ecd14, views: 285/0
2025-05-27T08:46:27.972Z [INFO]: Post views updated: 286/0
2025-05-27T08:46:28.020Z [INFO]: Fetching post with ID: 68319085ff888836007ecd14, userId: 66dfbd050bdfe18c723f1066
2025-05-27T08:46:28.059Z [INFO]: Fetching comments for post ID: 68319085ff888836007ecd14
2025-05-27T08:46:28.060Z [INFO]: Fetching comments for post ID: 68319085ff888836007ecd14
2025-05-27T08:46:28.106Z [INFO]: Post found: 68319085ff888836007ecd14, views: 286/0
2025-05-27T08:46:28.153Z [INFO]: Post views updated: 287/0
2025-05-27T08:46:29.985Z [INFO]: Fetching comments for post ID: 68319085ff888836007ecd14
2025-05-27T08:46:29.986Z [INFO]: Fetching comments for post ID: 68319085ff888836007ecd14
2025-05-27T08:46:29.988Z [INFO]: Fetching post with ID: 68319085ff888836007ecd14, userId: 66dfbd050bdfe18c723f1066
2025-05-27T08:46:30.076Z [INFO]: Post found: 68319085ff888836007ecd14, views: 287/0
2025-05-27T08:46:30.121Z [INFO]: Fetching comments for post ID: 68319085ff888836007ecd14
2025-05-27T08:46:30.121Z [INFO]: Fetching comments for post ID: 68319085ff888836007ecd14
2025-05-27T08:46:30.123Z [INFO]: Post views updated: 288/0
2025-05-27T08:46:30.181Z [INFO]: Fetching post with ID: 68319085ff888836007ecd14, userId: 66dfbd050bdfe18c723f1066
2025-05-27T08:46:30.265Z [INFO]: Post found: 68319085ff888836007ecd14, views: 288/0
2025-05-27T08:46:30.310Z [INFO]: Post views updated: 289/0
2025-05-27T08:49:42.340Z [INFO]: Fetching post with ID: 68319085ff888836007ecd14, userId: 66dfbd050bdfe18c723f1066
2025-05-27T08:49:42.342Z [INFO]: Fetching comments for post ID: 68319085ff888836007ecd14
2025-05-27T08:49:42.342Z [INFO]: Fetching comments for post ID: 68319085ff888836007ecd14
2025-05-27T08:49:42.405Z [INFO]: Post found: 68319085ff888836007ecd14, views: 289/0
2025-05-27T08:49:42.445Z [INFO]: Post views updated: 290/0
2025-05-27T08:49:42.471Z [INFO]: Fetching comments for post ID: 68319085ff888836007ecd14
2025-05-27T08:49:42.472Z [INFO]: Fetching comments for post ID: 68319085ff888836007ecd14
2025-05-27T08:49:42.484Z [INFO]: Fetching post with ID: 68319085ff888836007ecd14, userId: 66dfbd050bdfe18c723f1066
2025-05-27T08:49:42.554Z [INFO]: Post found: 68319085ff888836007ecd14, views: 290/0
2025-05-27T08:49:42.589Z [INFO]: Post views updated: 291/0
2025-05-27T08:50:13.226Z [INFO]: Creating comment for post ID: 68319085ff888836007ecd14
2025-05-27T09:06:43.644Z [INFO]: Fetching post with ID: 68319085ff888836007ecd14, userId: 66dfbd050bdfe18c723f1066
2025-05-27T09:06:43.658Z [INFO]: Fetching comments for post ID: 68319085ff888836007ecd14
2025-05-27T09:06:43.658Z [INFO]: Fetching comments for post ID: 68319085ff888836007ecd14
2025-05-27T09:06:43.703Z [INFO]: Post found: 68319085ff888836007ecd14, views: 291/0
2025-05-27T09:06:43.740Z [INFO]: Post views updated: 292/0
2025-05-27T09:06:49.828Z [INFO]: Fetching post with ID: 68319085ff888836007ecd14, userId: 66dfbd050bdfe18c723f1066
2025-05-27T09:06:49.836Z [INFO]: Fetching comments for post ID: 68319085ff888836007ecd14
2025-05-27T09:06:49.837Z [INFO]: Fetching comments for post ID: 68319085ff888836007ecd14
2025-05-27T09:06:49.936Z [INFO]: Post found: 68319085ff888836007ecd14, views: 292/0
2025-05-27T09:06:49.988Z [INFO]: Post views updated: 293/0
2025-05-27T09:06:50.039Z [INFO]: Fetching comments for post ID: 68319085ff888836007ecd14
2025-05-27T09:06:50.039Z [INFO]: Fetching comments for post ID: 68319085ff888836007ecd14
2025-05-27T09:06:50.041Z [INFO]: Fetching post with ID: 68319085ff888836007ecd14, userId: 66dfbd050bdfe18c723f1066
2025-05-27T09:06:50.138Z [INFO]: Post found: 68319085ff888836007ecd14, views: 293/0
2025-05-27T09:06:50.191Z [INFO]: Post views updated: 294/0
2025-05-27T09:06:52.096Z [INFO]: Fetching comments for post ID: 68319085ff888836007ecd14
2025-05-27T09:06:52.096Z [INFO]: Fetching comments for post ID: 68319085ff888836007ecd14
2025-05-27T09:06:52.098Z [INFO]: Fetching post with ID: 68319085ff888836007ecd14, userId: 66dfbd050bdfe18c723f1066
2025-05-27T09:06:52.277Z [INFO]: Post found: 68319085ff888836007ecd14, views: 294/0
2025-05-27T09:06:52.435Z [INFO]: Post views updated: 295/0
2025-05-27T09:06:52.474Z [INFO]: Fetching comments for post ID: 68319085ff888836007ecd14
2025-05-27T09:06:52.474Z [INFO]: Fetching comments for post ID: 68319085ff888836007ecd14
2025-05-27T09:06:52.486Z [INFO]: Fetching post with ID: 68319085ff888836007ecd14, userId: 66dfbd050bdfe18c723f1066
2025-05-27T09:06:52.699Z [INFO]: Post found: 68319085ff888836007ecd14, views: 295/0
2025-05-27T09:06:52.844Z [INFO]: Post views updated: 296/0
2025-05-27T09:24:38.392Z [INFO]: Fetching post with ID: 68319085ff888836007ecd14, userId: 66dfbd050bdfe18c723f1066
2025-05-27T09:24:38.395Z [INFO]: Fetching comments for post ID: 68319085ff888836007ecd14
2025-05-27T09:24:38.395Z [INFO]: Fetching comments for post ID: 68319085ff888836007ecd14
2025-05-27T09:24:38.458Z [INFO]: Post found: 68319085ff888836007ecd14, views: 296/0
2025-05-27T09:24:38.496Z [INFO]: Post views updated: 297/0
2025-05-27T09:25:03.475Z [INFO]: Fetching post with ID: 68319085ff888836007ecd14, userId: 66dfbd050bdfe18c723f1066
2025-05-27T09:25:03.530Z [INFO]: Fetching comments for post ID: 68319085ff888836007ecd14
2025-05-27T09:25:03.531Z [INFO]: Fetching comments for post ID: 68319085ff888836007ecd14
2025-05-27T09:25:03.536Z [INFO]: Post found: 68319085ff888836007ecd14, views: 297/0
2025-05-27T09:25:03.572Z [INFO]: Post views updated: 298/0
2025-05-27T09:32:08.246Z [INFO]: Fetching comments for post ID: 68319085ff888836007ecd14
2025-05-27T09:32:08.247Z [INFO]: Fetching comments for post ID: 68319085ff888836007ecd14
2025-05-27T09:32:08.260Z [INFO]: Fetching post with ID: 68319085ff888836007ecd14, userId: 68318f7dff888836007ecc99
2025-05-27T09:32:08.353Z [INFO]: Post found: 68319085ff888836007ecd14, views: 298/0
2025-05-27T09:32:08.371Z [INFO]: Fetching comments for post ID: 68319085ff888836007ecd14
2025-05-27T09:32:08.371Z [INFO]: Fetching comments for post ID: 68319085ff888836007ecd14
2025-05-27T09:32:08.404Z [INFO]: Post views updated: 299/0
2025-05-27T09:32:08.454Z [INFO]: Fetching post with ID: 68319085ff888836007ecd14, userId: 68318f7dff888836007ecc99
2025-05-27T09:32:08.549Z [INFO]: Post found: 68319085ff888836007ecd14, views: 299/0
2025-05-27T09:32:08.600Z [INFO]: Post views updated: 300/0
2025-05-27T09:32:52.176Z [INFO]: Fetching post with ID: 68319085ff888836007ecd14, userId: 68318f7dff888836007ecc99
2025-05-27T09:32:52.178Z [INFO]: Fetching comments for post ID: 68319085ff888836007ecd14
2025-05-27T09:32:52.179Z [INFO]: Fetching comments for post ID: 68319085ff888836007ecd14
2025-05-27T09:32:52.237Z [INFO]: Post found: 68319085ff888836007ecd14, views: 300/0
2025-05-27T09:32:52.276Z [INFO]: Post views updated: 301/0
2025-05-27T09:33:02.451Z [INFO]: Fetching post with ID: 68319085ff888836007ecd14, userId: 68318f7dff888836007ecc99
2025-05-27T09:33:02.457Z [INFO]: Fetching comments for post ID: 68319085ff888836007ecd14
2025-05-27T09:33:02.457Z [INFO]: Fetching comments for post ID: 68319085ff888836007ecd14
2025-05-27T09:33:02.550Z [INFO]: Post found: 68319085ff888836007ecd14, views: 301/0
2025-05-27T09:33:02.598Z [INFO]: Post views updated: 302/0
2025-05-27T09:33:23.944Z [INFO]: Fetching comments for post ID: 68319085ff888836007ecd14
2025-05-27T09:33:23.944Z [INFO]: Fetching comments for post ID: 68319085ff888836007ecd14
2025-05-27T09:33:23.947Z [INFO]: Fetching post with ID: 68319085ff888836007ecd14, userId: 68318f7dff888836007ecc99
2025-05-27T09:33:24.073Z [INFO]: Post found: 68319085ff888836007ecd14, views: 302/0
2025-05-27T09:33:24.215Z [INFO]: Post views updated: 303/0
2025-05-27T09:42:31.803Z [INFO]: Fetching comments for post ID: 68319085ff888836007ecd14
2025-05-27T09:42:31.804Z [INFO]: Fetching comments for post ID: 68319085ff888836007ecd14
2025-05-27T09:42:31.809Z [INFO]: Fetching post with ID: 68319085ff888836007ecd14, userId: 68318f7dff888836007ecc99
2025-05-27T09:42:31.897Z [INFO]: Post found: 68319085ff888836007ecd14, views: 303/0
2025-05-27T09:42:31.945Z [INFO]: Post views updated: 304/0
2025-05-27T09:42:37.999Z [INFO]: Fetching comments for post ID: 68319085ff888836007ecd14
2025-05-27T09:42:38.000Z [INFO]: Fetching comments for post ID: 68319085ff888836007ecd14
2025-05-27T09:42:38.006Z [INFO]: Fetching post with ID: 68319085ff888836007ecd14, userId: 68318f7dff888836007ecc99
2025-05-27T09:42:38.102Z [INFO]: Post found: 68319085ff888836007ecd14, views: 304/0
2025-05-27T09:42:38.161Z [INFO]: Fetching comments for post ID: 68319085ff888836007ecd14
2025-05-27T09:42:38.161Z [INFO]: Fetching comments for post ID: 68319085ff888836007ecd14
2025-05-27T09:42:38.169Z [INFO]: Post views updated: 305/0
2025-05-27T09:42:38.219Z [INFO]: Fetching post with ID: 68319085ff888836007ecd14, userId: 68318f7dff888836007ecc99
2025-05-27T09:42:38.310Z [INFO]: Post found: 68319085ff888836007ecd14, views: 305/0
2025-05-27T09:42:38.361Z [INFO]: Post views updated: 306/0
2025-05-27T09:44:16.214Z [INFO]: Fetching post with ID: 68319085ff888836007ecd14, userId: 68318f7dff888836007ecc99
2025-05-27T09:44:16.229Z [INFO]: Fetching comments for post ID: 68319085ff888836007ecd14
2025-05-27T09:44:16.229Z [INFO]: Fetching comments for post ID: 68319085ff888836007ecd14
2025-05-27T09:44:16.278Z [INFO]: Post found: 68319085ff888836007ecd14, views: 306/0
2025-05-27T09:44:16.312Z [INFO]: Post views updated: 307/0
2025-05-27T09:44:51.534Z [INFO]: Fetching comments for post ID: 68319085ff888836007ecd14
2025-05-27T09:44:51.535Z [INFO]: Fetching comments for post ID: 68319085ff888836007ecd14
2025-05-27T09:44:51.539Z [INFO]: Fetching post with ID: 68319085ff888836007ecd14, userId: 68318f7dff888836007ecc99
2025-05-27T09:44:51.630Z [INFO]: Post found: 68319085ff888836007ecd14, views: 307/0
2025-05-27T09:44:51.682Z [INFO]: Post views updated: 308/0
2025-05-27T09:45:02.133Z [INFO]: Fetching comments for post ID: 68319085ff888836007ecd14
2025-05-27T09:45:02.133Z [INFO]: Fetching comments for post ID: 68319085ff888836007ecd14
2025-05-27T09:45:02.142Z [INFO]: Fetching post with ID: 68319085ff888836007ecd14, userId: 68318f7dff888836007ecc99
2025-05-27T09:45:02.231Z [INFO]: Post found: 68319085ff888836007ecd14, views: 308/0
2025-05-27T09:45:02.280Z [INFO]: Post views updated: 309/0
2025-05-27T09:45:14.251Z [INFO]: Fetching comments for post ID: 68319085ff888836007ecd14
2025-05-27T09:45:14.251Z [INFO]: Fetching comments for post ID: 68319085ff888836007ecd14
2025-05-27T09:45:14.259Z [INFO]: Fetching post with ID: 68319085ff888836007ecd14, userId: 68318f7dff888836007ecc99
2025-05-27T09:45:14.351Z [INFO]: Post found: 68319085ff888836007ecd14, views: 309/0
2025-05-27T09:45:14.401Z [INFO]: Post views updated: 310/0
2025-05-27T09:45:19.674Z [INFO]: Fetching comments for post ID: 68319085ff888836007ecd14
2025-05-27T09:45:19.675Z [INFO]: Fetching comments for post ID: 68319085ff888836007ecd14
2025-05-27T09:45:19.684Z [INFO]: Fetching post with ID: 68319085ff888836007ecd14, userId: 68318f7dff888836007ecc99
2025-05-27T09:45:19.774Z [INFO]: Post found: 68319085ff888836007ecd14, views: 310/0
2025-05-27T09:45:19.824Z [INFO]: Post views updated: 311/0
2025-05-27T09:45:24.052Z [INFO]: Fetching comments for post ID: 68319085ff888836007ecd14
2025-05-27T09:45:24.053Z [INFO]: Fetching comments for post ID: 68319085ff888836007ecd14
2025-05-27T09:45:24.055Z [INFO]: Fetching post with ID: 68319085ff888836007ecd14, userId: 68318f7dff888836007ecc99
2025-05-27T09:45:24.143Z [INFO]: Post found: 68319085ff888836007ecd14, views: 311/0
2025-05-27T09:45:24.192Z [INFO]: Post views updated: 312/0
2025-05-27T09:47:49.248Z [INFO]: Fetching comments for post ID: 68319085ff888836007ecd14
2025-05-27T09:47:49.248Z [INFO]: Fetching comments for post ID: 68319085ff888836007ecd14
2025-05-27T09:47:49.254Z [INFO]: Fetching post with ID: 68319085ff888836007ecd14, userId: 68318f7dff888836007ecc99
2025-05-27T09:47:49.353Z [INFO]: Post found: 68319085ff888836007ecd14, views: 312/0
2025-05-27T09:47:49.405Z [INFO]: Post views updated: 313/0
2025-05-27T09:49:34.161Z [INFO]: Fetching post with ID: 68319085ff888836007ecd14, userId: 683189f4417a5ff1adf23052
2025-05-27T09:49:34.162Z [INFO]: Fetching comments for post ID: 68319085ff888836007ecd14
2025-05-27T09:49:34.163Z [INFO]: Fetching comments for post ID: 68319085ff888836007ecd14
2025-05-27T09:49:34.231Z [INFO]: Post found: 68319085ff888836007ecd14, views: 313/0
2025-05-27T09:49:34.268Z [INFO]: Post views updated: 314/0
2025-05-27T09:49:34.297Z [INFO]: Fetching comments for post ID: 68319085ff888836007ecd14
2025-05-27T09:49:34.297Z [INFO]: Fetching comments for post ID: 68319085ff888836007ecd14
2025-05-27T09:49:34.304Z [INFO]: Fetching post with ID: 68319085ff888836007ecd14, userId: 683189f4417a5ff1adf23052
2025-05-27T09:49:34.369Z [INFO]: Post found: 68319085ff888836007ecd14, views: 314/0
2025-05-27T09:49:34.405Z [INFO]: Post views updated: 315/0
2025-05-27T09:53:58.408Z [INFO]: Fetching post with ID: 68319085ff888836007ecd14, userId: 683189f4417a5ff1adf23052
2025-05-27T09:53:58.423Z [INFO]: Fetching comments for post ID: 68319085ff888836007ecd14
2025-05-27T09:53:58.423Z [INFO]: Fetching comments for post ID: 68319085ff888836007ecd14
2025-05-27T09:53:58.471Z [INFO]: Post found: 68319085ff888836007ecd14, views: 315/0
2025-05-27T09:53:58.516Z [INFO]: Post views updated: 316/0
2025-05-27T09:54:02.405Z [INFO]: Fetching comments for post ID: 68319085ff888836007ecd14
2025-05-27T09:54:02.405Z [INFO]: Fetching comments for post ID: 68319085ff888836007ecd14
2025-05-27T09:54:02.415Z [INFO]: Fetching post with ID: 68319085ff888836007ecd14, userId: 683189f4417a5ff1adf23052
2025-05-27T09:54:02.507Z [INFO]: Post found: 68319085ff888836007ecd14, views: 316/0
2025-05-27T09:54:02.555Z [INFO]: Post views updated: 317/0
2025-05-27T09:58:13.272Z [INFO]: Fetching comments for post ID: 68319085ff888836007ecd14
2025-05-27T09:58:13.273Z [INFO]: Fetching comments for post ID: 68319085ff888836007ecd14
2025-05-27T09:58:13.281Z [INFO]: Fetching post with ID: 68319085ff888836007ecd14, userId: 683189f4417a5ff1adf23052
2025-05-27T09:58:13.371Z [INFO]: Post found: 68319085ff888836007ecd14, views: 317/0
2025-05-27T09:58:13.426Z [INFO]: Post views updated: 318/0
2025-05-27T10:01:48.976Z [INFO]: Fetching comments for post ID: 68319085ff888836007ecd14
2025-05-27T10:01:48.977Z [INFO]: Fetching comments for post ID: 68319085ff888836007ecd14
2025-05-27T10:01:48.983Z [INFO]: Fetching post with ID: 68319085ff888836007ecd14, userId: 683189f4417a5ff1adf23052
2025-05-27T10:01:49.040Z [INFO]: Fetching post with ID: 68319085ff888836007ecd14, userId: 683189f4417a5ff1adf23052
2025-05-27T10:01:49.077Z [INFO]: Post found: 68319085ff888836007ecd14, views: 318/0
2025-05-27T10:01:49.085Z [INFO]: Fetching comments for post ID: 68319085ff888836007ecd14
2025-05-27T10:01:49.086Z [INFO]: Fetching comments for post ID: 68319085ff888836007ecd14
2025-05-27T10:01:49.104Z [INFO]: Post found: 68319085ff888836007ecd14, views: 318/0
2025-05-27T10:01:49.125Z [INFO]: Post views updated: 319/0
2025-05-27T10:01:49.136Z [INFO]: Post views updated: 319/0
2025-05-27T10:03:01.562Z [INFO]: Fetching post with ID: 68319085ff888836007ecd14, userId: 68318f7dff888836007ecc99
2025-05-27T10:03:01.564Z [INFO]: Fetching comments for post ID: 68319085ff888836007ecd14
2025-05-27T10:03:01.565Z [INFO]: Fetching comments for post ID: 68319085ff888836007ecd14
2025-05-27T10:03:01.651Z [INFO]: Post found: 68319085ff888836007ecd14, views: 319/0
2025-05-27T10:03:01.698Z [INFO]: Post views updated: 320/0
2025-05-27T10:03:01.745Z [INFO]: Fetching post with ID: 68319085ff888836007ecd14, userId: 68318f7dff888836007ecc99
2025-05-27T10:03:01.755Z [INFO]: Fetching comments for post ID: 68319085ff888836007ecd14
2025-05-27T10:03:01.755Z [INFO]: Fetching comments for post ID: 68319085ff888836007ecd14
2025-05-27T10:03:01.835Z [INFO]: Post found: 68319085ff888836007ecd14, views: 320/0
2025-05-27T10:03:01.894Z [INFO]: Post views updated: 321/0
2025-05-27T10:03:43.981Z [INFO]: Fetching post with ID: 68319085ff888836007ecd14, userId: 68318f7dff888836007ecc99
2025-05-27T10:03:43.983Z [INFO]: Fetching comments for post ID: 68319085ff888836007ecd14
2025-05-27T10:03:43.983Z [INFO]: Fetching comments for post ID: 68319085ff888836007ecd14
2025-05-27T10:03:44.078Z [INFO]: Post found: 68319085ff888836007ecd14, views: 321/0
2025-05-27T10:03:44.134Z [INFO]: Post views updated: 322/0
2025-05-27T10:03:44.179Z [INFO]: Fetching comments for post ID: 68319085ff888836007ecd14
2025-05-27T10:03:44.180Z [INFO]: Fetching comments for post ID: 68319085ff888836007ecd14
2025-05-27T10:03:44.190Z [INFO]: Fetching post with ID: 68319085ff888836007ecd14, userId: 68318f7dff888836007ecc99
2025-05-27T10:03:44.292Z [INFO]: Post found: 68319085ff888836007ecd14, views: 322/0
2025-05-27T10:03:44.348Z [INFO]: Post views updated: 323/0
2025-05-27T10:03:46.454Z [INFO]: Fetching post with ID: 68319085ff888836007ecd14, userId: 68318f7dff888836007ecc99
2025-05-27T10:03:46.461Z [INFO]: Fetching comments for post ID: 68319085ff888836007ecd14
2025-05-27T10:03:46.461Z [INFO]: Fetching comments for post ID: 68319085ff888836007ecd14
2025-05-27T10:03:46.549Z [INFO]: Post found: 68319085ff888836007ecd14, views: 323/0
2025-05-27T10:03:46.601Z [INFO]: Post views updated: 324/0
2025-05-27T10:03:46.653Z [INFO]: Fetching post with ID: 68319085ff888836007ecd14, userId: 68318f7dff888836007ecc99
2025-05-27T10:03:46.655Z [INFO]: Fetching comments for post ID: 68319085ff888836007ecd14
2025-05-27T10:03:46.655Z [INFO]: Fetching comments for post ID: 68319085ff888836007ecd14
2025-05-27T10:03:46.748Z [INFO]: Post found: 68319085ff888836007ecd14, views: 324/0
2025-05-27T10:03:46.799Z [INFO]: Post views updated: 325/0
2025-05-27T10:04:46.868Z [INFO]: Fetching comments for post ID: 68319085ff888836007ecd14
2025-05-27T10:04:46.868Z [INFO]: Fetching comments for post ID: 68319085ff888836007ecd14
2025-05-27T10:04:46.869Z [INFO]: Fetching post with ID: 68319085ff888836007ecd14, userId: 68318f7dff888836007ecc99
2025-05-27T10:04:46.967Z [INFO]: Post found: 68319085ff888836007ecd14, views: 325/0
2025-05-27T10:04:47.021Z [INFO]: Post views updated: 326/0
2025-05-27T10:04:47.074Z [INFO]: Fetching comments for post ID: 68319085ff888836007ecd14
2025-05-27T10:04:47.081Z [INFO]: Fetching comments for post ID: 68319085ff888836007ecd14
2025-05-27T10:04:47.086Z [INFO]: Fetching post with ID: 68319085ff888836007ecd14, userId: 68318f7dff888836007ecc99
2025-05-27T10:04:47.195Z [INFO]: Post found: 68319085ff888836007ecd14, views: 326/0
2025-05-27T10:04:47.250Z [INFO]: Post views updated: 327/0
2025-05-27T10:04:50.764Z [INFO]: Fetching post with ID: 68319085ff888836007ecd14, userId: 68318f7dff888836007ecc99
2025-05-27T10:04:50.773Z [INFO]: Fetching comments for post ID: 68319085ff888836007ecd14
2025-05-27T10:04:50.774Z [INFO]: Fetching comments for post ID: 68319085ff888836007ecd14
2025-05-27T10:04:50.853Z [INFO]: Post found: 68319085ff888836007ecd14, views: 327/0
2025-05-27T10:04:50.902Z [INFO]: Post views updated: 328/0
2025-05-27T10:04:50.950Z [INFO]: Fetching post with ID: 68319085ff888836007ecd14, userId: 68318f7dff888836007ecc99
2025-05-27T10:04:50.966Z [INFO]: Fetching comments for post ID: 68319085ff888836007ecd14
2025-05-27T10:04:50.967Z [INFO]: Fetching comments for post ID: 68319085ff888836007ecd14
2025-05-27T10:04:51.042Z [INFO]: Post found: 68319085ff888836007ecd14, views: 328/0
2025-05-27T10:04:51.088Z [INFO]: Post views updated: 329/0
2025-05-27T10:12:05.916Z [INFO]: Fetching post with ID: 68319085ff888836007ecd14, userId: 68318f7dff888836007ecc99
2025-05-27T10:12:05.921Z [INFO]: Fetching comments for post ID: 68319085ff888836007ecd14
2025-05-27T10:12:05.921Z [INFO]: Fetching comments for post ID: 68319085ff888836007ecd14
2025-05-27T10:12:05.979Z [INFO]: Post found: 68319085ff888836007ecd14, views: 329/0
2025-05-27T10:12:06.018Z [INFO]: Post views updated: 330/0
2025-05-27T10:12:57.961Z [INFO]: Fetching post with ID: 68319085ff888836007ecd14, userId: 68318f7dff888836007ecc99
2025-05-27T10:12:57.978Z [INFO]: Fetching comments for post ID: 68319085ff888836007ecd14
2025-05-27T10:12:57.979Z [INFO]: Fetching comments for post ID: 68319085ff888836007ecd14
2025-05-27T10:12:58.028Z [INFO]: Post found: 68319085ff888836007ecd14, views: 330/0
2025-05-27T10:12:58.064Z [INFO]: Post views updated: 331/0
2025-05-27T10:17:12.861Z [INFO]: Fetching post with ID: 68319085ff888836007ecd14, userId: 68318f7dff888836007ecc99
2025-05-27T10:17:12.862Z [INFO]: Fetching comments for post ID: 68319085ff888836007ecd14
2025-05-27T10:17:12.862Z [INFO]: Fetching comments for post ID: 68319085ff888836007ecd14
2025-05-27T10:17:12.962Z [INFO]: Post found: 68319085ff888836007ecd14, views: 331/0
2025-05-27T10:17:13.017Z [INFO]: Post views updated: 332/0
2025-05-27T10:17:28.878Z [INFO]: Fetching post with ID: 68319085ff888836007ecd14, userId: 68318f7dff888836007ecc99
2025-05-27T10:17:28.894Z [INFO]: Fetching comments for post ID: 68319085ff888836007ecd14
2025-05-27T10:17:28.895Z [INFO]: Fetching comments for post ID: 68319085ff888836007ecd14
2025-05-27T10:17:28.955Z [INFO]: Post found: 68319085ff888836007ecd14, views: 332/0
2025-05-27T10:17:28.993Z [INFO]: Post views updated: 333/0
2025-05-27T10:17:29.031Z [INFO]: Fetching post with ID: 68319085ff888836007ecd14, userId: 68318f7dff888836007ecc99
2025-05-27T10:17:29.091Z [INFO]: Fetching comments for post ID: 68319085ff888836007ecd14
2025-05-27T10:17:29.092Z [INFO]: Fetching comments for post ID: 68319085ff888836007ecd14
2025-05-27T10:17:29.095Z [INFO]: Post found: 68319085ff888836007ecd14, views: 333/0
2025-05-27T10:17:29.130Z [INFO]: Post views updated: 334/0
2025-05-27T10:17:34.532Z [INFO]: Fetching post with ID: 68319085ff888836007ecd14, userId: 68318f7dff888836007ecc99
2025-05-27T10:17:34.549Z [INFO]: Fetching comments for post ID: 68319085ff888836007ecd14
2025-05-27T10:17:34.550Z [INFO]: Fetching comments for post ID: 68319085ff888836007ecd14
2025-05-27T10:17:34.596Z [INFO]: Post found: 68319085ff888836007ecd14, views: 334/0
2025-05-27T10:17:34.630Z [INFO]: Post views updated: 335/0
2025-05-27T10:17:34.664Z [INFO]: Fetching post with ID: 68319085ff888836007ecd14, userId: 68318f7dff888836007ecc99
2025-05-27T10:17:34.727Z [INFO]: Post found: 68319085ff888836007ecd14, views: 335/0
2025-05-27T10:17:34.746Z [INFO]: Fetching comments for post ID: 68319085ff888836007ecd14
2025-05-27T10:17:34.746Z [INFO]: Fetching comments for post ID: 68319085ff888836007ecd14
2025-05-27T10:17:34.763Z [INFO]: Post views updated: 336/0
2025-05-27T10:19:08.919Z [INFO]: Fetching post with ID: 68319085ff888836007ecd14, userId: 68318f7dff888836007ecc99
2025-05-27T10:19:08.922Z [INFO]: Fetching comments for post ID: 68319085ff888836007ecd14
2025-05-27T10:19:08.923Z [INFO]: Fetching comments for post ID: 68319085ff888836007ecd14
2025-05-27T10:19:08.986Z [INFO]: Post found: 68319085ff888836007ecd14, views: 336/0
2025-05-27T10:19:09.022Z [INFO]: Post views updated: 337/0
2025-05-27T10:19:17.014Z [INFO]: Fetching post with ID: 68319085ff888836007ecd14, userId: 68318f7dff888836007ecc99
2025-05-27T10:19:17.036Z [INFO]: Fetching comments for post ID: 68319085ff888836007ecd14
2025-05-27T10:19:17.037Z [INFO]: Fetching comments for post ID: 68319085ff888836007ecd14
2025-05-27T10:19:17.082Z [INFO]: Post found: 68319085ff888836007ecd14, views: 337/0
2025-05-27T10:19:17.121Z [INFO]: Post views updated: 338/0
2025-05-27T10:19:21.412Z [INFO]: Fetching post with ID: 68319085ff888836007ecd14, userId: 68318f7dff888836007ecc99
2025-05-27T10:19:21.414Z [INFO]: Fetching comments for post ID: 68319085ff888836007ecd14
2025-05-27T10:19:21.415Z [INFO]: Fetching comments for post ID: 68319085ff888836007ecd14
2025-05-27T10:19:21.475Z [INFO]: Post found: 68319085ff888836007ecd14, views: 338/0
2025-05-27T10:19:21.511Z [INFO]: Post views updated: 339/0
2025-05-27T10:20:56.230Z [INFO]: Fetching post with ID: 68319085ff888836007ecd14, userId: 68318f7dff888836007ecc99
2025-05-27T10:20:56.251Z [INFO]: Fetching comments for post ID: 68319085ff888836007ecd14
2025-05-27T10:20:56.252Z [INFO]: Fetching comments for post ID: 68319085ff888836007ecd14
2025-05-27T10:20:56.291Z [INFO]: Post found: 68319085ff888836007ecd14, views: 339/0
2025-05-27T10:20:56.328Z [INFO]: Post views updated: 340/0
2025-05-27T10:21:11.588Z [INFO]: Fetching comments for post ID: 68319085ff888836007ecd14
2025-05-27T10:21:11.589Z [INFO]: Fetching comments for post ID: 68319085ff888836007ecd14
2025-05-27T10:21:11.599Z [INFO]: Fetching post with ID: 68319085ff888836007ecd14, userId: 68318f7dff888836007ecc99
2025-05-27T10:21:11.690Z [INFO]: Post found: 68319085ff888836007ecd14, views: 340/0
2025-05-27T10:21:11.740Z [INFO]: Post views updated: 341/0
2025-05-27T10:27:52.566Z [INFO]: Fetching post with ID: 68319085ff888836007ecd14, userId: 68318f7dff888836007ecc99
2025-05-27T10:27:52.581Z [INFO]: Fetching comments for post ID: 68319085ff888836007ecd14
2025-05-27T10:27:52.581Z [INFO]: Fetching comments for post ID: 68319085ff888836007ecd14
2025-05-27T10:27:52.632Z [INFO]: Post found: 68319085ff888836007ecd14, views: 341/0
2025-05-27T10:27:52.670Z [INFO]: Post views updated: 342/0
2025-05-27T10:27:52.702Z [INFO]: Fetching post with ID: 68319085ff888836007ecd14, userId: 68318f7dff888836007ecc99
2025-05-27T10:27:52.756Z [INFO]: Fetching comments for post ID: 68319085ff888836007ecd14
2025-05-27T10:27:52.756Z [INFO]: Fetching comments for post ID: 68319085ff888836007ecd14
2025-05-27T10:27:52.767Z [INFO]: Post found: 68319085ff888836007ecd14, views: 342/0
2025-05-27T10:27:52.802Z [INFO]: Post views updated: 343/0
2025-05-27T10:28:28.450Z [INFO]: Fetching post with ID: 68319085ff888836007ecd14, userId: 68318f7dff888836007ecc99
2025-05-27T10:28:28.484Z [INFO]: Fetching comments for post ID: 68319085ff888836007ecd14
2025-05-27T10:28:28.485Z [INFO]: Fetching comments for post ID: 68319085ff888836007ecd14
2025-05-27T10:28:28.514Z [INFO]: Post found: 68319085ff888836007ecd14, views: 343/0
2025-05-27T10:28:28.549Z [INFO]: Post views updated: 344/0
2025-05-27T10:28:28.586Z [INFO]: Fetching post with ID: 68319085ff888836007ecd14, userId: 68318f7dff888836007ecc99
2025-05-27T10:28:28.651Z [INFO]: Post found: 68319085ff888836007ecd14, views: 344/0
2025-05-27T10:28:28.677Z [INFO]: Fetching comments for post ID: 68319085ff888836007ecd14
2025-05-27T10:28:28.678Z [INFO]: Fetching comments for post ID: 68319085ff888836007ecd14
2025-05-27T10:28:28.687Z [INFO]: Post views updated: 345/0
2025-05-27T10:28:31.038Z [INFO]: Fetching post with ID: 68319085ff888836007ecd14, userId: 68318f7dff888836007ecc99
2025-05-27T10:28:31.039Z [INFO]: Fetching comments for post ID: 68319085ff888836007ecd14
2025-05-27T10:28:31.040Z [INFO]: Fetching comments for post ID: 68319085ff888836007ecd14
2025-05-27T10:28:31.133Z [INFO]: Post found: 68319085ff888836007ecd14, views: 345/0
2025-05-27T10:28:31.183Z [INFO]: Post views updated: 346/0
2025-05-27T10:28:31.217Z [INFO]: Fetching comments for post ID: 68319085ff888836007ecd14
2025-05-27T10:28:31.218Z [INFO]: Fetching comments for post ID: 68319085ff888836007ecd14
2025-05-27T10:28:31.234Z [INFO]: Fetching post with ID: 68319085ff888836007ecd14, userId: 68318f7dff888836007ecc99
2025-05-27T10:28:31.333Z [INFO]: Post found: 68319085ff888836007ecd14, views: 346/0
2025-05-27T10:28:31.384Z [INFO]: Post views updated: 347/0
2025-05-27T10:28:37.186Z [INFO]: Fetching comments for post ID: 68319085ff888836007ecd14
2025-05-27T10:28:37.186Z [INFO]: Fetching comments for post ID: 68319085ff888836007ecd14
2025-05-27T10:28:37.194Z [INFO]: Fetching post with ID: 68319085ff888836007ecd14, userId: 68318f7dff888836007ecc99
2025-05-27T10:28:37.286Z [INFO]: Post found: 68319085ff888836007ecd14, views: 347/0
2025-05-27T10:28:37.339Z [INFO]: Post views updated: 348/0
2025-05-27T10:28:37.342Z [INFO]: Fetching comments for post ID: 68319085ff888836007ecd14
2025-05-27T10:28:37.344Z [INFO]: Fetching comments for post ID: 68319085ff888836007ecd14
2025-05-27T10:28:37.396Z [INFO]: Fetching post with ID: 68319085ff888836007ecd14, userId: 68318f7dff888836007ecc99
2025-05-27T10:28:37.485Z [INFO]: Post found: 68319085ff888836007ecd14, views: 348/0
2025-05-27T10:28:37.535Z [INFO]: Post views updated: 349/0
2025-05-27T10:28:41.039Z [INFO]: Fetching post with ID: 68319085ff888836007ecd14, userId: 68318f7dff888836007ecc99
2025-05-27T10:28:41.056Z [INFO]: Fetching comments for post ID: 68319085ff888836007ecd14
2025-05-27T10:28:41.056Z [INFO]: Fetching comments for post ID: 68319085ff888836007ecd14
2025-05-27T10:28:41.100Z [INFO]: Post found: 68319085ff888836007ecd14, views: 349/0
2025-05-27T10:28:41.133Z [INFO]: Post views updated: 350/0
2025-05-27T10:28:41.168Z [INFO]: Fetching post with ID: 68319085ff888836007ecd14, userId: 68318f7dff888836007ecc99
2025-05-27T10:28:41.235Z [INFO]: Post found: 68319085ff888836007ecd14, views: 350/0
2025-05-27T10:28:41.251Z [INFO]: Fetching comments for post ID: 68319085ff888836007ecd14
2025-05-27T10:28:41.252Z [INFO]: Fetching comments for post ID: 68319085ff888836007ecd14
2025-05-27T10:28:41.272Z [INFO]: Post views updated: 351/0
2025-05-27T10:32:46.575Z [INFO]: Fetching comments for post ID: 68319085ff888836007ecd14
2025-05-27T10:32:46.576Z [INFO]: Fetching comments for post ID: 68319085ff888836007ecd14
2025-05-27T10:32:46.812Z [INFO]: Fetching post with ID: 68319085ff888836007ecd14, userId: 68318f7dff888836007ecc99
2025-05-27T10:32:46.861Z [INFO]: Post found: 68319085ff888836007ecd14, views: 351/0
2025-05-27T10:32:46.895Z [INFO]: Post views updated: 352/0
2025-05-27T10:32:52.894Z [INFO]: Fetching post with ID: 68319085ff888836007ecd14, userId: 68318f7dff888836007ecc99
2025-05-27T10:32:52.984Z [INFO]: Post found: 68319085ff888836007ecd14, views: 352/0
2025-05-27T10:32:53.027Z [INFO]: Post views updated: 353/0
2025-05-27T10:32:53.065Z [INFO]: Fetching post with ID: 68319085ff888836007ecd14, userId: 68318f7dff888836007ecc99
2025-05-27T10:32:53.115Z [INFO]: Fetching comments for post ID: 68319085ff888836007ecd14
2025-05-27T10:32:53.116Z [INFO]: Fetching comments for post ID: 68319085ff888836007ecd14
2025-05-27T10:32:53.137Z [INFO]: Post found: 68319085ff888836007ecd14, views: 353/0
2025-05-27T10:32:53.178Z [INFO]: Post views updated: 354/0
2025-05-27T10:32:53.247Z [INFO]: Fetching comments for post ID: 68319085ff888836007ecd14
2025-05-27T10:32:53.248Z [INFO]: Fetching comments for post ID: 68319085ff888836007ecd14
2025-05-27T10:32:55.417Z [INFO]: Fetching post with ID: 68319085ff888836007ecd14, userId: 68318f7dff888836007ecc99
2025-05-27T10:32:55.424Z [INFO]: Fetching comments for post ID: 68319085ff888836007ecd14
2025-05-27T10:32:55.425Z [INFO]: Fetching comments for post ID: 68319085ff888836007ecd14
2025-05-27T10:32:55.479Z [INFO]: Post found: 68319085ff888836007ecd14, views: 354/0
2025-05-27T10:32:55.514Z [INFO]: Post views updated: 355/0
2025-05-27T10:32:55.547Z [INFO]: Fetching post with ID: 68319085ff888836007ecd14, userId: 68318f7dff888836007ecc99
2025-05-27T10:32:55.577Z [INFO]: Fetching comments for post ID: 68319085ff888836007ecd14
2025-05-27T10:32:55.577Z [INFO]: Fetching comments for post ID: 68319085ff888836007ecd14
2025-05-27T10:32:55.610Z [INFO]: Post found: 68319085ff888836007ecd14, views: 355/0
2025-05-27T10:32:55.652Z [INFO]: Post views updated: 356/0
2025-05-27T10:34:36.219Z [INFO]: Fetching post with ID: 68319085ff888836007ecd14, userId: 68318f7dff888836007ecc99
2025-05-27T10:34:36.236Z [INFO]: Fetching comments for post ID: 68319085ff888836007ecd14
2025-05-27T10:34:36.236Z [INFO]: Fetching comments for post ID: 68319085ff888836007ecd14
2025-05-27T10:34:36.284Z [INFO]: Post found: 68319085ff888836007ecd14, views: 356/0
2025-05-27T10:34:36.324Z [INFO]: Post views updated: 357/0
2025-05-27T10:34:36.367Z [INFO]: Fetching post with ID: 68319085ff888836007ecd14, userId: 68318f7dff888836007ecc99
2025-05-27T10:34:36.417Z [INFO]: Fetching comments for post ID: 68319085ff888836007ecd14
2025-05-27T10:34:36.418Z [INFO]: Fetching comments for post ID: 68319085ff888836007ecd14
2025-05-27T10:34:36.430Z [INFO]: Post found: 68319085ff888836007ecd14, views: 357/0
2025-05-27T10:34:36.459Z [INFO]: Post views updated: 358/0
2025-05-27T10:34:38.640Z [INFO]: Fetching post with ID: 68319085ff888836007ecd14, userId: 68318f7dff888836007ecc99
2025-05-27T10:34:38.648Z [INFO]: Fetching comments for post ID: 68319085ff888836007ecd14
2025-05-27T10:34:38.649Z [INFO]: Fetching comments for post ID: 68319085ff888836007ecd14
2025-05-27T10:34:38.707Z [INFO]: Post found: 68319085ff888836007ecd14, views: 358/0
2025-05-27T10:34:38.743Z [INFO]: Post views updated: 359/0
2025-05-27T10:34:38.778Z [INFO]: Fetching post with ID: 68319085ff888836007ecd14, userId: 68318f7dff888836007ecc99
2025-05-27T10:34:38.799Z [INFO]: Fetching comments for post ID: 68319085ff888836007ecd14
2025-05-27T10:34:38.800Z [INFO]: Fetching comments for post ID: 68319085ff888836007ecd14
2025-05-27T10:34:38.846Z [INFO]: Post found: 68319085ff888836007ecd14, views: 359/0
2025-05-27T10:34:38.881Z [INFO]: Post views updated: 360/0
2025-05-27T10:37:48.812Z [INFO]: Fetching comments for post ID: 68319085ff888836007ecd14
2025-05-27T10:37:48.813Z [INFO]: Fetching comments for post ID: 68319085ff888836007ecd14
2025-05-27T10:37:48.821Z [INFO]: Fetching post with ID: 68319085ff888836007ecd14, userId: 68318f7dff888836007ecc99
2025-05-27T10:37:48.894Z [INFO]: Post found: 68319085ff888836007ecd14, views: 360/0
2025-05-27T10:37:48.936Z [INFO]: Post views updated: 361/0
2025-05-27T10:40:34.726Z [INFO]: Fetching post with ID: 68319085ff888836007ecd14, userId: 68318f7dff888836007ecc99
2025-05-27T10:40:34.735Z [INFO]: Fetching comments for post ID: 68319085ff888836007ecd14
2025-05-27T10:40:34.736Z [INFO]: Fetching comments for post ID: 68319085ff888836007ecd14
2025-05-27T10:40:34.797Z [INFO]: Post found: 68319085ff888836007ecd14, views: 361/0
2025-05-27T10:40:34.838Z [INFO]: Post views updated: 362/0
2025-05-27T10:40:34.876Z [INFO]: Fetching post with ID: 68319085ff888836007ecd14, userId: 68318f7dff888836007ecc99
2025-05-27T10:40:34.879Z [INFO]: Fetching comments for post ID: 68319085ff888836007ecd14
2025-05-27T10:40:34.879Z [INFO]: Fetching comments for post ID: 68319085ff888836007ecd14
2025-05-27T10:40:34.944Z [INFO]: Post found: 68319085ff888836007ecd14, views: 362/0
2025-05-27T10:40:34.982Z [INFO]: Post views updated: 363/0
2025-05-27T10:40:37.222Z [INFO]: Fetching post with ID: 68319085ff888836007ecd14, userId: 68318f7dff888836007ecc99
2025-05-27T10:40:37.228Z [INFO]: Fetching comments for post ID: 68319085ff888836007ecd14
2025-05-27T10:40:37.229Z [INFO]: Fetching comments for post ID: 68319085ff888836007ecd14
2025-05-27T10:40:37.293Z [INFO]: Post found: 68319085ff888836007ecd14, views: 363/0
2025-05-27T10:40:37.331Z [INFO]: Post views updated: 364/0
2025-05-27T10:40:37.385Z [INFO]: Fetching post with ID: 68319085ff888836007ecd14, userId: 68318f7dff888836007ecc99
2025-05-27T10:40:37.389Z [INFO]: Fetching comments for post ID: 68319085ff888836007ecd14
2025-05-27T10:40:37.389Z [INFO]: Fetching comments for post ID: 68319085ff888836007ecd14
2025-05-27T10:40:37.465Z [INFO]: Post found: 68319085ff888836007ecd14, views: 364/0
2025-05-27T10:40:37.503Z [INFO]: Post views updated: 365/0
2025-05-27T10:41:06.218Z [INFO]: Fetching post with ID: 68319085ff888836007ecd14, userId: 68318f7dff888836007ecc99
2025-05-27T10:41:06.238Z [INFO]: Fetching comments for post ID: 68319085ff888836007ecd14
2025-05-27T10:41:06.239Z [INFO]: Fetching comments for post ID: 68319085ff888836007ecd14
2025-05-27T10:41:06.274Z [INFO]: Post found: 68319085ff888836007ecd14, views: 365/0
2025-05-27T10:41:06.302Z [INFO]: Post views updated: 366/0
2025-05-27T10:45:23.285Z [INFO]: Fetching comments for post ID: 68319085ff888836007ecd14
2025-05-27T10:45:23.286Z [INFO]: Fetching comments for post ID: 68319085ff888836007ecd14
2025-05-27T10:45:23.288Z [INFO]: Fetching post with ID: 68319085ff888836007ecd14, userId: 68318f7dff888836007ecc99
2025-05-27T10:45:23.361Z [INFO]: Post found: 68319085ff888836007ecd14, views: 366/0
2025-05-27T10:45:23.404Z [INFO]: Post views updated: 367/0
2025-05-27T10:45:34.566Z [INFO]: Fetching comments for post ID: 68319085ff888836007ecd14
2025-05-27T10:45:34.566Z [INFO]: Fetching comments for post ID: 68319085ff888836007ecd14
2025-05-27T10:45:34.576Z [INFO]: Fetching post with ID: 68319085ff888836007ecd14, userId: 68318f7dff888836007ecc99
2025-05-27T10:45:34.663Z [INFO]: Post found: 68319085ff888836007ecd14, views: 367/0
2025-05-27T10:45:34.691Z [INFO]: Fetching comments for post ID: 68319085ff888836007ecd14
2025-05-27T10:45:34.692Z [INFO]: Fetching comments for post ID: 68319085ff888836007ecd14
2025-05-27T10:45:34.706Z [INFO]: Post views updated: 368/0
2025-05-27T10:45:34.752Z [INFO]: Fetching post with ID: 68319085ff888836007ecd14, userId: 68318f7dff888836007ecc99
2025-05-27T10:45:34.840Z [INFO]: Post found: 68319085ff888836007ecd14, views: 368/0
2025-05-27T10:45:34.884Z [INFO]: Post views updated: 369/0
2025-05-27T10:45:36.720Z [INFO]: Fetching post with ID: 68319085ff888836007ecd14, userId: 68318f7dff888836007ecc99
2025-05-27T10:45:36.725Z [INFO]: Fetching comments for post ID: 68319085ff888836007ecd14
2025-05-27T10:45:36.726Z [INFO]: Fetching comments for post ID: 68319085ff888836007ecd14
2025-05-27T10:45:36.785Z [INFO]: Post found: 68319085ff888836007ecd14, views: 369/0
2025-05-27T10:45:36.821Z [INFO]: Post views updated: 370/0
2025-05-27T10:45:36.854Z [INFO]: Fetching post with ID: 68319085ff888836007ecd14, userId: 68318f7dff888836007ecc99
2025-05-27T10:45:36.868Z [INFO]: Fetching comments for post ID: 68319085ff888836007ecd14
2025-05-27T10:45:36.868Z [INFO]: Fetching comments for post ID: 68319085ff888836007ecd14
2025-05-27T10:45:36.918Z [INFO]: Post found: 68319085ff888836007ecd14, views: 370/0
2025-05-27T10:45:36.954Z [INFO]: Post views updated: 371/0
2025-05-27T10:49:01.284Z [INFO]: Fetching post with ID: 68319085ff888836007ecd14, userId: 68318f7dff888836007ecc99
2025-05-27T10:49:01.291Z [INFO]: Fetching comments for post ID: 68319085ff888836007ecd14
2025-05-27T10:49:01.291Z [INFO]: Fetching comments for post ID: 68319085ff888836007ecd14
2025-05-27T10:49:01.353Z [INFO]: Post found: 68319085ff888836007ecd14, views: 371/0
2025-05-27T10:49:01.396Z [INFO]: Post views updated: 372/0
2025-05-27T10:49:05.217Z [INFO]: Fetching comments for post ID: 68319085ff888836007ecd14
2025-05-27T10:49:05.218Z [INFO]: Fetching comments for post ID: 68319085ff888836007ecd14
2025-05-27T10:49:05.220Z [INFO]: Fetching post with ID: 68319085ff888836007ecd14, userId: 68318f7dff888836007ecc99
2025-05-27T10:49:05.295Z [INFO]: Post found: 68319085ff888836007ecd14, views: 372/0
2025-05-27T10:49:05.335Z [INFO]: Post views updated: 373/0
2025-05-27T10:49:05.352Z [INFO]: Fetching comments for post ID: 68319085ff888836007ecd14
2025-05-27T10:49:05.352Z [INFO]: Fetching comments for post ID: 68319085ff888836007ecd14
2025-05-27T10:49:05.374Z [INFO]: Fetching post with ID: 68319085ff888836007ecd14, userId: 68318f7dff888836007ecc99
2025-05-27T10:49:05.449Z [INFO]: Post found: 68319085ff888836007ecd14, views: 373/0
2025-05-27T10:49:05.489Z [INFO]: Post views updated: 374/0
2025-05-27T10:49:07.997Z [INFO]: Fetching post with ID: 68319085ff888836007ecd14, userId: 68318f7dff888836007ecc99
2025-05-27T10:49:08.002Z [INFO]: Fetching comments for post ID: 68319085ff888836007ecd14
2025-05-27T10:49:08.003Z [INFO]: Fetching comments for post ID: 68319085ff888836007ecd14
2025-05-27T10:49:08.061Z [INFO]: Post found: 68319085ff888836007ecd14, views: 374/0
2025-05-27T10:49:08.096Z [INFO]: Post views updated: 375/0
2025-05-27T10:49:08.130Z [INFO]: Fetching post with ID: 68319085ff888836007ecd14, userId: 68318f7dff888836007ecc99
2025-05-27T10:49:08.157Z [INFO]: Fetching comments for post ID: 68319085ff888836007ecd14
2025-05-27T10:49:08.159Z [INFO]: Fetching comments for post ID: 68319085ff888836007ecd14
2025-05-27T10:49:08.196Z [INFO]: Post found: 68319085ff888836007ecd14, views: 375/0
2025-05-27T10:49:08.235Z [INFO]: Post views updated: 376/0
2025-05-27T10:51:49.445Z [INFO]: Fetching comments for post ID: 68319085ff888836007ecd14
2025-05-27T10:51:49.446Z [INFO]: Fetching comments for post ID: 68319085ff888836007ecd14
2025-05-27T10:51:49.447Z [INFO]: Fetching post with ID: 68319085ff888836007ecd14, userId: 68318f7dff888836007ecc99
2025-05-27T10:51:49.520Z [INFO]: Post found: 68319085ff888836007ecd14, views: 376/0
2025-05-27T10:51:49.569Z [INFO]: Post views updated: 377/0
2025-05-27T10:52:05.557Z [INFO]: Fetching comments for post ID: 68319085ff888836007ecd14
2025-05-27T10:52:05.557Z [INFO]: Fetching comments for post ID: 68319085ff888836007ecd14
2025-05-27T10:52:05.558Z [INFO]: Fetching post with ID: 68319085ff888836007ecd14, userId: 68318f7dff888836007ecc99
2025-05-27T10:52:05.631Z [INFO]: Post found: 68319085ff888836007ecd14, views: 377/0
2025-05-27T10:52:05.670Z [INFO]: Post views updated: 378/0
2025-05-27T10:52:05.693Z [INFO]: Fetching comments for post ID: 68319085ff888836007ecd14
2025-05-27T10:52:05.694Z [INFO]: Fetching comments for post ID: 68319085ff888836007ecd14
2025-05-27T10:52:05.710Z [INFO]: Fetching post with ID: 68319085ff888836007ecd14, userId: 68318f7dff888836007ecc99
2025-05-27T10:52:05.789Z [INFO]: Post found: 68319085ff888836007ecd14, views: 378/0
2025-05-27T10:52:05.834Z [INFO]: Post views updated: 379/0
2025-05-27T10:52:07.895Z [INFO]: Fetching post with ID: 68319085ff888836007ecd14, userId: 68318f7dff888836007ecc99
2025-05-27T10:52:07.902Z [INFO]: Fetching comments for post ID: 68319085ff888836007ecd14
2025-05-27T10:52:07.903Z [INFO]: Fetching comments for post ID: 68319085ff888836007ecd14
2025-05-27T10:52:07.960Z [INFO]: Post found: 68319085ff888836007ecd14, views: 379/0
2025-05-27T10:52:07.994Z [INFO]: Post views updated: 380/0
2025-05-27T10:52:08.029Z [INFO]: Fetching post with ID: 68319085ff888836007ecd14, userId: 68318f7dff888836007ecc99
2025-05-27T10:52:08.047Z [INFO]: Fetching comments for post ID: 68319085ff888836007ecd14
2025-05-27T10:52:08.048Z [INFO]: Fetching comments for post ID: 68319085ff888836007ecd14
2025-05-27T10:52:08.094Z [INFO]: Post found: 68319085ff888836007ecd14, views: 380/0
2025-05-27T10:52:08.128Z [INFO]: Post views updated: 381/0
2025-05-27T10:54:48.206Z [INFO]: Fetching comments for post ID: 68319085ff888836007ecd14
2025-05-27T10:54:48.206Z [INFO]: Fetching comments for post ID: 68319085ff888836007ecd14
2025-05-27T10:54:48.208Z [INFO]: Fetching post with ID: 68319085ff888836007ecd14, userId: 68318f7dff888836007ecc99
2025-05-27T10:54:48.281Z [INFO]: Post found: 68319085ff888836007ecd14, views: 381/0
2025-05-27T10:54:48.324Z [INFO]: Post views updated: 382/0
2025-05-27T10:54:52.697Z [INFO]: Fetching post with ID: 68319085ff888836007ecd14, userId: 68318f7dff888836007ecc99
2025-05-27T10:54:52.702Z [INFO]: Fetching comments for post ID: 68319085ff888836007ecd14
2025-05-27T10:54:52.703Z [INFO]: Fetching comments for post ID: 68319085ff888836007ecd14
2025-05-27T10:54:52.777Z [INFO]: Post found: 68319085ff888836007ecd14, views: 382/0
2025-05-27T10:54:52.813Z [INFO]: Post views updated: 383/0
2025-05-27T10:54:52.844Z [INFO]: Fetching comments for post ID: 68319085ff888836007ecd14
2025-05-27T10:54:52.844Z [INFO]: Fetching comments for post ID: 68319085ff888836007ecd14
2025-05-27T10:54:52.848Z [INFO]: Fetching post with ID: 68319085ff888836007ecd14, userId: 68318f7dff888836007ecc99
2025-05-27T10:54:52.912Z [INFO]: Post found: 68319085ff888836007ecd14, views: 383/0
2025-05-27T10:54:52.951Z [INFO]: Post views updated: 384/0
2025-05-27T10:54:54.814Z [INFO]: Fetching comments for post ID: 68319085ff888836007ecd14
2025-05-27T10:54:54.815Z [INFO]: Fetching comments for post ID: 68319085ff888836007ecd14
2025-05-27T10:54:54.816Z [INFO]: Fetching post with ID: 68319085ff888836007ecd14, userId: 68318f7dff888836007ecc99
2025-05-27T10:54:54.886Z [INFO]: Post found: 68319085ff888836007ecd14, views: 384/0
2025-05-27T10:54:54.926Z [INFO]: Post views updated: 385/0
2025-05-27T10:54:54.943Z [INFO]: Fetching comments for post ID: 68319085ff888836007ecd14
2025-05-27T10:54:54.944Z [INFO]: Fetching comments for post ID: 68319085ff888836007ecd14
2025-05-27T10:54:54.966Z [INFO]: Fetching post with ID: 68319085ff888836007ecd14, userId: 68318f7dff888836007ecc99
2025-05-27T10:54:55.041Z [INFO]: Post found: 68319085ff888836007ecd14, views: 385/0
2025-05-27T10:54:55.081Z [INFO]: Post views updated: 386/0
2025-05-27T10:55:13.121Z [INFO]: Creating comment for post ID: 68319085ff888836007ecd14
2025-05-27T10:55:28.290Z [INFO]: Fetching comments for post ID: 68319085ff888836007ecd14
2025-05-27T10:55:28.299Z [INFO]: Fetching comments for post ID: 68319085ff888836007ecd14
2025-05-27T10:55:28.302Z [INFO]: Fetching post with ID: 68319085ff888836007ecd14, userId: 68318f7dff888836007ecc99
2025-05-27T10:55:28.375Z [INFO]: Post found: 68319085ff888836007ecd14, views: 386/0
2025-05-27T10:55:28.420Z [INFO]: Post views updated: 387/0
2025-05-27T10:55:28.451Z [INFO]: Fetching comments for post ID: 68319085ff888836007ecd14
2025-05-27T10:55:28.451Z [INFO]: Fetching comments for post ID: 68319085ff888836007ecd14
2025-05-27T10:55:28.465Z [INFO]: Fetching post with ID: 68319085ff888836007ecd14, userId: 68318f7dff888836007ecc99
2025-05-27T10:55:28.544Z [INFO]: Post found: 68319085ff888836007ecd14, views: 387/0
2025-05-27T10:55:28.584Z [INFO]: Post views updated: 388/0
2025-05-27T10:55:30.718Z [INFO]: Fetching post with ID: 68344956b439e715badbc25f, userId: 68318f7dff888836007ecc99
2025-05-27T10:55:30.721Z [INFO]: Fetching comments for post ID: 68344956b439e715badbc25f
2025-05-27T10:55:30.721Z [INFO]: Fetching comments for post ID: 68344956b439e715badbc25f
2025-05-27T10:55:30.791Z [INFO]: Post found: 68344956b439e715badbc25f, views: 6/0
2025-05-27T10:55:30.830Z [INFO]: Post views updated: 7/0
2025-05-27T10:55:30.831Z [INFO]: Fetching comments for post ID: 68344956b439e715badbc25f
2025-05-27T10:55:30.832Z [INFO]: Fetching comments for post ID: 68344956b439e715badbc25f
2025-05-27T10:55:30.868Z [INFO]: Fetching post with ID: 68344956b439e715badbc25f, userId: 68318f7dff888836007ecc99
2025-05-27T10:55:30.940Z [INFO]: Post found: 68344956b439e715badbc25f, views: 7/0
2025-05-27T10:55:30.978Z [INFO]: Post views updated: 8/0
2025-05-27T10:55:40.954Z [INFO]: Fetching comments for post ID: 68319085ff888836007ecd14
2025-05-27T10:55:40.955Z [INFO]: Fetching comments for post ID: 68319085ff888836007ecd14
2025-05-27T10:55:40.956Z [INFO]: Fetching post with ID: 68319085ff888836007ecd14, userId: 68318f7dff888836007ecc99
2025-05-27T10:55:41.024Z [INFO]: Post found: 68319085ff888836007ecd14, views: 388/0
2025-05-27T10:55:41.062Z [INFO]: Post views updated: 389/0
2025-05-27T10:55:41.086Z [INFO]: Fetching comments for post ID: 68319085ff888836007ecd14
2025-05-27T10:55:41.086Z [INFO]: Fetching comments for post ID: 68319085ff888836007ecd14
2025-05-27T10:55:41.102Z [INFO]: Fetching post with ID: 68319085ff888836007ecd14, userId: 68318f7dff888836007ecc99
2025-05-27T10:55:41.175Z [INFO]: Post found: 68319085ff888836007ecd14, views: 389/0
2025-05-27T10:55:41.213Z [INFO]: Post views updated: 390/0
2025-05-27T11:01:46.170Z [INFO]: Fetching post with ID: 68319085ff888836007ecd14, userId: 68318f7dff888836007ecc99
2025-05-27T11:01:46.179Z [INFO]: Fetching comments for post ID: 68319085ff888836007ecd14
2025-05-27T11:01:46.180Z [INFO]: Fetching comments for post ID: 68319085ff888836007ecd14
2025-05-27T11:01:46.219Z [INFO]: Post found: 68319085ff888836007ecd14, views: 390/0
2025-05-27T11:01:46.256Z [INFO]: Post views updated: 391/0
2025-05-27T11:01:46.282Z [INFO]: Fetching post with ID: 68319085ff888836007ecd14, userId: 68318f7dff888836007ecc99
2025-05-27T11:01:46.308Z [INFO]: Fetching comments for post ID: 68319085ff888836007ecd14
2025-05-27T11:01:46.309Z [INFO]: Fetching comments for post ID: 68319085ff888836007ecd14
2025-05-27T11:01:46.331Z [INFO]: Post found: 68319085ff888836007ecd14, views: 391/0
2025-05-27T11:01:46.362Z [INFO]: Post views updated: 392/0
2025-05-27T11:02:04.343Z [INFO]: Fetching post with ID: 68319085ff888836007ecd14, userId: 68318f7dff888836007ecc99
2025-05-27T11:02:04.364Z [INFO]: Fetching comments for post ID: 68319085ff888836007ecd14
2025-05-27T11:02:04.365Z [INFO]: Fetching comments for post ID: 68319085ff888836007ecd14
2025-05-27T11:02:04.411Z [INFO]: Post found: 68319085ff888836007ecd14, views: 392/0
2025-05-27T11:02:04.467Z [INFO]: Post views updated: 393/0
2025-05-27T11:02:04.515Z [INFO]: Fetching post with ID: 68319085ff888836007ecd14, userId: 68318f7dff888836007ecc99
2025-05-27T11:02:04.547Z [INFO]: Fetching comments for post ID: 68319085ff888836007ecd14
2025-05-27T11:02:04.548Z [INFO]: Fetching comments for post ID: 68319085ff888836007ecd14
2025-05-27T11:02:04.590Z [INFO]: Post found: 68319085ff888836007ecd14, views: 393/0
2025-05-27T11:02:04.629Z [INFO]: Post views updated: 394/0
2025-05-27T11:02:07.218Z [INFO]: Fetching post with ID: 68319085ff888836007ecd14, userId: 68318f7dff888836007ecc99
2025-05-27T11:02:07.228Z [INFO]: Fetching comments for post ID: 68319085ff888836007ecd14
2025-05-27T11:02:07.229Z [INFO]: Fetching comments for post ID: 68319085ff888836007ecd14
2025-05-27T11:02:07.283Z [INFO]: Post found: 68319085ff888836007ecd14, views: 394/0
2025-05-27T11:02:07.318Z [INFO]: Post views updated: 395/0
2025-05-27T11:02:07.352Z [INFO]: Fetching post with ID: 68319085ff888836007ecd14, userId: 68318f7dff888836007ecc99
2025-05-27T11:02:07.380Z [INFO]: Fetching comments for post ID: 68319085ff888836007ecd14
2025-05-27T11:02:07.380Z [INFO]: Fetching comments for post ID: 68319085ff888836007ecd14
2025-05-27T11:02:07.416Z [INFO]: Post found: 68319085ff888836007ecd14, views: 395/0
2025-05-27T11:02:07.451Z [INFO]: Post views updated: 396/0
2025-05-27T11:05:52.503Z [INFO]: Fetching comments for post ID: 68319085ff888836007ecd14
2025-05-27T11:05:52.504Z [INFO]: Fetching comments for post ID: 68319085ff888836007ecd14
2025-05-27T11:05:52.518Z [INFO]: Fetching post with ID: 68319085ff888836007ecd14, userId: 68318f7dff888836007ecc99
2025-05-27T11:05:52.566Z [INFO]: Post found: 68319085ff888836007ecd14, views: 396/0
2025-05-27T11:05:52.601Z [INFO]: Post views updated: 397/0
2025-05-27T11:05:52.605Z [INFO]: Fetching comments for post ID: 68319085ff888836007ecd14
2025-05-27T11:05:52.606Z [INFO]: Fetching comments for post ID: 68319085ff888836007ecd14
2025-05-27T11:05:52.628Z [INFO]: Fetching post with ID: 68319085ff888836007ecd14, userId: 68318f7dff888836007ecc99
2025-05-27T11:05:52.679Z [INFO]: Post found: 68319085ff888836007ecd14, views: 397/0
2025-05-27T11:05:52.707Z [INFO]: Post views updated: 398/0
2025-05-27T11:06:00.903Z [INFO]: Creating comment for post ID: 68319085ff888836007ecd14
2025-05-27T11:06:15.360Z [INFO]: Fetching post with ID: 68319085ff888836007ecd14, userId: 68318f7dff888836007ecc99
2025-05-27T11:06:15.383Z [INFO]: Fetching comments for post ID: 68319085ff888836007ecd14
2025-05-27T11:06:15.383Z [INFO]: Fetching comments for post ID: 68319085ff888836007ecd14
2025-05-27T11:06:15.418Z [INFO]: Post found: 68319085ff888836007ecd14, views: 398/0
2025-05-27T11:06:15.452Z [INFO]: Post views updated: 399/0
2025-05-27T11:06:15.483Z [INFO]: Fetching post with ID: 68319085ff888836007ecd14, userId: 68318f7dff888836007ecc99
2025-05-27T11:06:15.541Z [INFO]: Post found: 68319085ff888836007ecd14, views: 399/0
2025-05-27T11:06:15.561Z [INFO]: Fetching comments for post ID: 68319085ff888836007ecd14
2025-05-27T11:06:15.562Z [INFO]: Fetching comments for post ID: 68319085ff888836007ecd14
2025-05-27T11:06:15.578Z [INFO]: Post views updated: 400/0
2025-05-27T11:06:17.399Z [INFO]: Fetching post with ID: 68319085ff888836007ecd14, userId: 68318f7dff888836007ecc99
2025-05-27T11:06:17.403Z [INFO]: Fetching comments for post ID: 68319085ff888836007ecd14
2025-05-27T11:06:17.404Z [INFO]: Fetching comments for post ID: 68319085ff888836007ecd14
2025-05-27T11:06:17.452Z [INFO]: Post found: 68319085ff888836007ecd14, views: 400/0
2025-05-27T11:06:17.481Z [INFO]: Post views updated: 401/0
2025-05-27T11:06:17.500Z [INFO]: Fetching comments for post ID: 68319085ff888836007ecd14
2025-05-27T11:06:17.501Z [INFO]: Fetching comments for post ID: 68319085ff888836007ecd14
2025-05-27T11:06:17.509Z [INFO]: Fetching post with ID: 68319085ff888836007ecd14, userId: 68318f7dff888836007ecc99
2025-05-27T11:06:17.564Z [INFO]: Post found: 68319085ff888836007ecd14, views: 401/0
2025-05-27T11:06:17.593Z [INFO]: Post views updated: 402/0
2025-05-27T11:09:35.086Z [INFO]: Fetching post with ID: 68319085ff888836007ecd14, userId: 68318f7dff888836007ecc99
2025-05-27T11:09:35.089Z [INFO]: Fetching comments for post ID: 68319085ff888836007ecd14
2025-05-27T11:09:35.090Z [INFO]: Fetching comments for post ID: 68319085ff888836007ecd14
2025-05-27T11:09:35.137Z [INFO]: Post found: 68319085ff888836007ecd14, views: 402/0
2025-05-27T11:09:35.168Z [INFO]: Post views updated: 403/0
2025-05-27T11:09:44.221Z [INFO]: Fetching post with ID: 68319085ff888836007ecd14, userId: 68318f7dff888836007ecc99
2025-05-27T11:09:44.226Z [INFO]: Fetching comments for post ID: 68319085ff888836007ecd14
2025-05-27T11:09:44.226Z [INFO]: Fetching comments for post ID: 68319085ff888836007ecd14
2025-05-27T11:09:44.274Z [INFO]: Post found: 68319085ff888836007ecd14, views: 403/0
2025-05-27T11:09:44.304Z [INFO]: Post views updated: 404/0
2025-05-27T11:09:44.332Z [INFO]: Fetching post with ID: 68319085ff888836007ecd14, userId: 68318f7dff888836007ecc99
2025-05-27T11:09:44.335Z [INFO]: Fetching comments for post ID: 68319085ff888836007ecd14
2025-05-27T11:09:44.335Z [INFO]: Fetching comments for post ID: 68319085ff888836007ecd14
2025-05-27T11:09:44.396Z [INFO]: Post found: 68319085ff888836007ecd14, views: 404/0
2025-05-27T11:09:44.427Z [INFO]: Post views updated: 405/0
2025-05-27T11:09:46.649Z [INFO]: Fetching post with ID: 68319085ff888836007ecd14, userId: 68318f7dff888836007ecc99
2025-05-27T11:09:46.650Z [INFO]: Fetching comments for post ID: 68319085ff888836007ecd14
2025-05-27T11:09:46.650Z [INFO]: Fetching comments for post ID: 68319085ff888836007ecd14
2025-05-27T11:09:46.700Z [INFO]: Post found: 68319085ff888836007ecd14, views: 405/0
2025-05-27T11:09:46.729Z [INFO]: Post views updated: 406/0
2025-05-27T11:09:46.747Z [INFO]: Fetching comments for post ID: 68319085ff888836007ecd14
2025-05-27T11:09:46.748Z [INFO]: Fetching comments for post ID: 68319085ff888836007ecd14
2025-05-27T11:09:46.757Z [INFO]: Fetching post with ID: 68319085ff888836007ecd14, userId: 68318f7dff888836007ecc99
2025-05-27T11:09:46.808Z [INFO]: Post found: 68319085ff888836007ecd14, views: 406/0
2025-05-27T11:09:46.837Z [INFO]: Post views updated: 407/0
2025-05-27T11:10:24.164Z [INFO]: Fetching post with ID: 68319085ff888836007ecd14, userId: 68318f7dff888836007ecc99
2025-05-27T11:10:24.169Z [INFO]: Fetching comments for post ID: 68319085ff888836007ecd14
2025-05-27T11:10:24.169Z [INFO]: Fetching comments for post ID: 68319085ff888836007ecd14
2025-05-27T11:10:24.216Z [INFO]: Post found: 68319085ff888836007ecd14, views: 407/0
2025-05-27T11:10:24.248Z [INFO]: Post views updated: 408/0
2025-05-27T11:10:24.278Z [INFO]: Fetching comments for post ID: 68319085ff888836007ecd14
2025-05-27T11:10:24.279Z [INFO]: Fetching comments for post ID: 68319085ff888836007ecd14
2025-05-27T11:10:24.283Z [INFO]: Fetching post with ID: 68319085ff888836007ecd14, userId: 68318f7dff888836007ecc99
2025-05-27T11:10:24.338Z [INFO]: Post found: 68319085ff888836007ecd14, views: 408/0
2025-05-27T11:10:24.369Z [INFO]: Post views updated: 409/0
2025-05-27T11:10:30.877Z [INFO]: Fetching post with ID: 68319085ff888836007ecd14, userId: 68318f7dff888836007ecc99
2025-05-27T11:10:30.878Z [INFO]: Fetching comments for post ID: 68319085ff888836007ecd14
2025-05-27T11:10:30.879Z [INFO]: Fetching comments for post ID: 68319085ff888836007ecd14
2025-05-27T11:10:30.927Z [INFO]: Post found: 68319085ff888836007ecd14, views: 409/0
2025-05-27T11:10:30.958Z [INFO]: Post views updated: 410/0
2025-05-27T11:10:30.982Z [INFO]: Fetching comments for post ID: 68319085ff888836007ecd14
2025-05-27T11:10:30.982Z [INFO]: Fetching comments for post ID: 68319085ff888836007ecd14
2025-05-27T11:10:30.985Z [INFO]: Fetching post with ID: 68319085ff888836007ecd14, userId: 68318f7dff888836007ecc99
2025-05-27T11:10:31.035Z [INFO]: Post found: 68319085ff888836007ecd14, views: 410/0
2025-05-27T11:10:31.063Z [INFO]: Post views updated: 411/0
2025-05-27T11:11:27.837Z [INFO]: Fetching post with ID: 68319085ff888836007ecd14, userId: 68318f7dff888836007ecc99
2025-05-27T11:11:27.839Z [INFO]: Fetching comments for post ID: 68319085ff888836007ecd14
2025-05-27T11:11:27.840Z [INFO]: Fetching comments for post ID: 68319085ff888836007ecd14
2025-05-27T11:11:27.910Z [INFO]: Post found: 68319085ff888836007ecd14, views: 411/0
2025-05-27T11:11:27.944Z [INFO]: Post views updated: 412/0
2025-05-27T11:11:27.993Z [INFO]: Fetching comments for post ID: 68319085ff888836007ecd14
2025-05-27T11:11:27.993Z [INFO]: Fetching comments for post ID: 68319085ff888836007ecd14
2025-05-27T11:11:28.004Z [INFO]: Fetching post with ID: 68319085ff888836007ecd14, userId: 68318f7dff888836007ecc99
2025-05-27T11:11:28.093Z [INFO]: Post found: 68319085ff888836007ecd14, views: 412/0
2025-05-27T11:11:28.141Z [INFO]: Post views updated: 413/0
2025-05-27T11:11:30.213Z [INFO]: Fetching post with ID: 68319085ff888836007ecd14, userId: 68318f7dff888836007ecc99
2025-05-27T11:11:30.217Z [INFO]: Fetching comments for post ID: 68319085ff888836007ecd14
2025-05-27T11:11:30.217Z [INFO]: Fetching comments for post ID: 68319085ff888836007ecd14
2025-05-27T11:11:30.261Z [INFO]: Post found: 68319085ff888836007ecd14, views: 413/0
2025-05-27T11:11:30.289Z [INFO]: Post views updated: 414/0
2025-05-27T11:11:30.312Z [INFO]: Fetching comments for post ID: 68319085ff888836007ecd14
2025-05-27T11:11:30.312Z [INFO]: Fetching comments for post ID: 68319085ff888836007ecd14
2025-05-27T11:11:30.316Z [INFO]: Fetching post with ID: 68319085ff888836007ecd14, userId: 68318f7dff888836007ecc99
2025-05-27T11:11:30.364Z [INFO]: Post found: 68319085ff888836007ecd14, views: 414/0
2025-05-27T11:11:30.391Z [INFO]: Post views updated: 415/0
2025-05-27T11:12:02.403Z [INFO]: Fetching post with ID: 68319085ff888836007ecd14, userId: 68318f7dff888836007ecc99
2025-05-27T11:12:02.409Z [INFO]: Fetching comments for post ID: 68319085ff888836007ecd14
2025-05-27T11:12:02.409Z [INFO]: Fetching comments for post ID: 68319085ff888836007ecd14
2025-05-27T11:12:02.455Z [INFO]: Post found: 68319085ff888836007ecd14, views: 415/0
2025-05-27T11:12:02.487Z [INFO]: Post views updated: 416/0
2025-05-27T11:12:24.478Z [INFO]: Fetching post with ID: 68319085ff888836007ecd14, userId: 68318f7dff888836007ecc99
2025-05-27T11:12:24.480Z [INFO]: Fetching comments for post ID: 68319085ff888836007ecd14
2025-05-27T11:12:24.481Z [INFO]: Fetching comments for post ID: 68319085ff888836007ecd14
2025-05-27T11:12:24.526Z [INFO]: Post found: 68319085ff888836007ecd14, views: 416/0
2025-05-27T11:12:24.555Z [INFO]: Post views updated: 417/0
2025-05-27T11:15:33.213Z [INFO]: Fetching post with ID: 68319085ff888836007ecd14, userId: 68318f7dff888836007ecc99
2025-05-27T11:15:33.218Z [INFO]: Fetching comments for post ID: 68319085ff888836007ecd14
2025-05-27T11:15:33.218Z [INFO]: Fetching comments for post ID: 68319085ff888836007ecd14
2025-05-27T11:15:33.262Z [INFO]: Post found: 68319085ff888836007ecd14, views: 417/0
2025-05-27T11:15:33.293Z [INFO]: Post views updated: 418/0
2025-05-27T11:21:41.122Z [INFO]: Fetching post with ID: 68319085ff888836007ecd14, userId: 68318f7dff888836007ecc99
2025-05-27T11:21:41.124Z [INFO]: Fetching comments for post ID: 68319085ff888836007ecd14
2025-05-27T11:21:41.124Z [INFO]: Fetching comments for post ID: 68319085ff888836007ecd14
2025-05-27T11:21:41.185Z [INFO]: Post found: 68319085ff888836007ecd14, views: 418/0
2025-05-27T11:21:41.218Z [INFO]: Post views updated: 419/0
2025-05-27T11:24:23.401Z [INFO]: Fetching post with ID: 68319085ff888836007ecd14, userId: 68318f7dff888836007ecc99
2025-05-27T11:24:23.406Z [INFO]: Fetching comments for post ID: 68319085ff888836007ecd14
2025-05-27T11:24:23.406Z [INFO]: Fetching comments for post ID: 68319085ff888836007ecd14
2025-05-27T11:24:23.449Z [INFO]: Post found: 68319085ff888836007ecd14, views: 419/0
2025-05-27T11:24:23.482Z [INFO]: Post views updated: 420/0
2025-05-27T11:24:42.557Z [INFO]: Fetching comments for post ID: 68319085ff888836007ecd14
2025-05-27T11:24:42.557Z [INFO]: Fetching comments for post ID: 68319085ff888836007ecd14
2025-05-27T11:24:42.558Z [INFO]: Fetching post with ID: 68319085ff888836007ecd14, userId: 68318f7dff888836007ecc99
2025-05-27T11:24:42.611Z [INFO]: Post found: 68319085ff888836007ecd14, views: 420/0
2025-05-27T11:24:42.638Z [INFO]: Post views updated: 421/0
2025-05-27T11:24:47.216Z [INFO]: Fetching post with ID: 68319085ff888836007ecd14, userId: 68318f7dff888836007ecc99
2025-05-27T11:24:47.222Z [INFO]: Fetching comments for post ID: 68319085ff888836007ecd14
2025-05-27T11:24:47.222Z [INFO]: Fetching comments for post ID: 68319085ff888836007ecd14
2025-05-27T11:24:47.265Z [INFO]: Post found: 68319085ff888836007ecd14, views: 421/0
2025-05-27T11:24:47.292Z [INFO]: Post views updated: 422/0
2025-05-27T13:44:19.147Z [INFO]: Fetching comments for post ID: 68319085ff888836007ecd14
2025-05-27T13:44:19.148Z [INFO]: Fetching comments for post ID: 68319085ff888836007ecd14
2025-05-27T13:44:19.273Z [INFO]: Fetching comments for post ID: 68319085ff888836007ecd14
2025-05-27T13:44:19.273Z [INFO]: Fetching comments for post ID: 68319085ff888836007ecd14
2025-05-27T13:44:19.339Z [INFO]: Fetching post with ID: 68319085ff888836007ecd14, userId: 68318f7dff888836007ecc99
2025-05-27T13:44:19.395Z [INFO]: Post found: 68319085ff888836007ecd14, views: 422/0
2025-05-27T13:44:19.429Z [INFO]: Post views updated: 423/0
2025-05-27T13:44:19.463Z [INFO]: Fetching post with ID: 68319085ff888836007ecd14, userId: 68318f7dff888836007ecc99
2025-05-27T13:44:19.531Z [INFO]: Post found: 68319085ff888836007ecd14, views: 423/0
2025-05-27T13:44:19.565Z [INFO]: Post views updated: 424/0
2025-05-27T13:44:25.151Z [INFO]: Fetching post with ID: 682d95ca4b115b431caef55e, userId: 68318f7dff888836007ecc99
2025-05-27T13:44:25.158Z [INFO]: Fetching comments for post ID: 682d95ca4b115b431caef55e
2025-05-27T13:44:25.159Z [INFO]: Fetching comments for post ID: 682d95ca4b115b431caef55e
2025-05-27T13:44:25.209Z [INFO]: Post found: 682d95ca4b115b431caef55e, views: 7/0
2025-05-27T13:44:25.243Z [INFO]: Post views updated: 8/0
2025-05-27T13:44:25.251Z [INFO]: Fetching comments for post ID: 682d95ca4b115b431caef55e
2025-05-27T13:44:25.252Z [INFO]: Fetching comments for post ID: 682d95ca4b115b431caef55e
2025-05-27T13:44:25.275Z [INFO]: Fetching post with ID: 682d95ca4b115b431caef55e, userId: 68318f7dff888836007ecc99
2025-05-27T13:44:25.339Z [INFO]: Post found: 682d95ca4b115b431caef55e, views: 8/0
2025-05-27T13:44:25.369Z [INFO]: Post views updated: 9/0
2025-05-27T13:44:32.448Z [INFO]: Fetching comments for post ID: 68344956b439e715badbc25f
2025-05-27T13:44:32.448Z [INFO]: Fetching comments for post ID: 68344956b439e715badbc25f
2025-05-27T13:44:32.466Z [INFO]: Fetching post with ID: 68344956b439e715badbc25f, userId: 68318f7dff888836007ecc99
2025-05-27T13:44:32.528Z [INFO]: Fetching comments for post ID: 68344956b439e715badbc25f
2025-05-27T13:44:32.528Z [INFO]: Fetching comments for post ID: 68344956b439e715badbc25f
2025-05-27T13:44:32.557Z [INFO]: Post found: 68344956b439e715badbc25f, views: 8/0
2025-05-27T13:44:32.606Z [INFO]: Post views updated: 9/0
2025-05-27T13:44:32.654Z [INFO]: Fetching post with ID: 68344956b439e715badbc25f, userId: 68318f7dff888836007ecc99
2025-05-27T13:44:32.747Z [INFO]: Post found: 68344956b439e715badbc25f, views: 9/0
2025-05-27T13:44:32.795Z [INFO]: Post views updated: 10/0
2025-05-27T13:48:43.576Z [INFO]: Fetching post with ID: 680b56d828859d29f727fbc1, userId: 681c376158ac95ae022b4c4a
2025-05-27T13:48:43.580Z [INFO]: Fetching comments for post ID: 680b56d828859d29f727fbc1
2025-05-27T13:48:43.580Z [INFO]: Fetching comments for post ID: 680b56d828859d29f727fbc1
2025-05-27T13:48:43.633Z [INFO]: Post found: 680b56d828859d29f727fbc1, views: 0/0
2025-05-27T13:48:43.663Z [INFO]: Post views updated: 1/0
2025-05-27T13:48:43.669Z [INFO]: Fetching comments for post ID: 680b56d828859d29f727fbc1
2025-05-27T13:48:43.669Z [INFO]: Fetching comments for post ID: 680b56d828859d29f727fbc1
2025-05-27T13:48:43.707Z [INFO]: Fetching post with ID: 680b56d828859d29f727fbc1, userId: 681c376158ac95ae022b4c4a
2025-05-27T13:48:43.760Z [INFO]: Post found: 680b56d828859d29f727fbc1, views: 1/0
2025-05-27T13:48:43.791Z [INFO]: Post views updated: 2/0
2025-05-27T13:48:50.841Z [INFO]: Fetching comments for post ID: 680b56d828859d29f727fbc1
2025-05-27T13:48:50.842Z [INFO]: Fetching comments for post ID: 680b56d828859d29f727fbc1
2025-05-27T13:48:50.849Z [INFO]: Fetching post with ID: 680b56d828859d29f727fbc1, userId: 681c376158ac95ae022b4c4a
2025-05-27T13:48:50.926Z [INFO]: Fetching comments for post ID: 680b56d828859d29f727fbc1
2025-05-27T13:48:50.926Z [INFO]: Fetching comments for post ID: 680b56d828859d29f727fbc1
2025-05-27T13:48:50.952Z [INFO]: Post found: 680b56d828859d29f727fbc1, views: 2/0
2025-05-27T13:48:51.004Z [INFO]: Post views updated: 3/0
2025-05-27T13:48:51.057Z [INFO]: Fetching post with ID: 680b56d828859d29f727fbc1, userId: 681c376158ac95ae022b4c4a
2025-05-27T13:48:51.157Z [INFO]: Post found: 680b56d828859d29f727fbc1, views: 3/0
2025-05-27T13:48:51.209Z [INFO]: Post views updated: 4/0
2025-05-27T13:48:54.962Z [INFO]: Fetching post with ID: 68318d33ff888836007ecadb, userId: 681c376158ac95ae022b4c4a
2025-05-27T13:48:54.965Z [INFO]: Fetching comments for post ID: 68318d33ff888836007ecadb
2025-05-27T13:48:54.965Z [INFO]: Fetching comments for post ID: 68318d33ff888836007ecadb
2025-05-27T13:48:55.019Z [INFO]: Post found: 68318d33ff888836007ecadb, views: 56/0
2025-05-27T13:48:55.050Z [INFO]: Post views updated: 57/0
2025-05-27T13:48:55.079Z [INFO]: Fetching comments for post ID: 68318d33ff888836007ecadb
2025-05-27T13:48:55.079Z [INFO]: Fetching comments for post ID: 68318d33ff888836007ecadb
2025-05-27T13:48:55.083Z [INFO]: Fetching post with ID: 68318d33ff888836007ecadb, userId: 681c376158ac95ae022b4c4a
2025-05-27T13:48:55.138Z [INFO]: Post found: 68318d33ff888836007ecadb, views: 57/0
2025-05-27T13:48:55.169Z [INFO]: Post views updated: 58/0
2025-05-27T13:49:02.319Z [INFO]: Fetching comments for post ID: 680b56d828859d29f727fbc1
2025-05-27T13:49:02.319Z [INFO]: Fetching comments for post ID: 680b56d828859d29f727fbc1
2025-05-27T13:49:02.336Z [INFO]: Fetching post with ID: 680b56d828859d29f727fbc1, userId: 681c376158ac95ae022b4c4a
2025-05-27T13:49:02.402Z [INFO]: Fetching comments for post ID: 680b56d828859d29f727fbc1
2025-05-27T13:49:02.402Z [INFO]: Fetching comments for post ID: 680b56d828859d29f727fbc1
2025-05-27T13:49:02.431Z [INFO]: Post found: 680b56d828859d29f727fbc1, views: 4/0
2025-05-27T13:49:02.482Z [INFO]: Post views updated: 5/0
2025-05-27T13:49:02.532Z [INFO]: Fetching post with ID: 680b56d828859d29f727fbc1, userId: 681c376158ac95ae022b4c4a
2025-05-27T13:49:02.628Z [INFO]: Post found: 680b56d828859d29f727fbc1, views: 5/0
2025-05-27T13:49:02.680Z [INFO]: Post views updated: 6/0
2025-05-27T13:50:42.142Z [INFO]: Fetching post with ID: 68319085ff888836007ecd14, userId: 66dfbd050bdfe18c723f1066
2025-05-27T13:50:42.169Z [INFO]: Fetching comments for post ID: 68319085ff888836007ecd14
2025-05-27T13:50:42.169Z [INFO]: Fetching comments for post ID: 68319085ff888836007ecd14
2025-05-27T13:50:42.202Z [INFO]: Post found: 68319085ff888836007ecd14, views: 424/0
2025-05-27T13:50:42.233Z [INFO]: Post views updated: 425/0
2025-05-27T13:50:42.263Z [INFO]: Fetching post with ID: 68319085ff888836007ecd14, userId: 66dfbd050bdfe18c723f1066
2025-05-27T13:50:42.315Z [INFO]: Post found: 68319085ff888836007ecd14, views: 425/0
2025-05-27T13:50:42.345Z [INFO]: Post views updated: 426/0
2025-05-27T13:50:42.357Z [INFO]: Fetching comments for post ID: 68319085ff888836007ecd14
2025-05-27T13:50:42.357Z [INFO]: Fetching comments for post ID: 68319085ff888836007ecd14
2025-05-27T13:50:54.233Z [INFO]: Fetching comments for post ID: 68319085ff888836007ecd14
2025-05-27T13:50:54.234Z [INFO]: Fetching comments for post ID: 68319085ff888836007ecd14
2025-05-27T13:50:54.252Z [INFO]: Fetching post with ID: 68319085ff888836007ecd14, userId: 66dfbd050bdfe18c723f1066
2025-05-27T13:50:54.340Z [INFO]: Fetching comments for post ID: 68319085ff888836007ecd14
2025-05-27T13:50:54.340Z [INFO]: Fetching comments for post ID: 68319085ff888836007ecd14
2025-05-27T13:50:54.343Z [INFO]: Post found: 68319085ff888836007ecd14, views: 426/0
2025-05-27T13:50:54.390Z [INFO]: Post views updated: 427/0
2025-05-27T13:50:54.439Z [INFO]: Fetching post with ID: 68319085ff888836007ecd14, userId: 66dfbd050bdfe18c723f1066
2025-05-27T13:50:54.542Z [INFO]: Post found: 68319085ff888836007ecd14, views: 427/0
2025-05-27T13:50:54.592Z [INFO]: Post views updated: 428/0
2025-05-27T13:51:15.701Z [INFO]: Fetching comments for post ID: 68319085ff888836007ecd14
2025-05-27T13:51:15.702Z [INFO]: Fetching comments for post ID: 68319085ff888836007ecd14
2025-05-27T13:51:15.717Z [INFO]: Fetching post with ID: 68319085ff888836007ecd14, userId: 66dfbd050bdfe18c723f1066
2025-05-27T13:51:15.806Z [INFO]: Post found: 68319085ff888836007ecd14, views: 428/0
2025-05-27T13:51:15.809Z [INFO]: Fetching comments for post ID: 68319085ff888836007ecd14
2025-05-27T13:51:15.810Z [INFO]: Fetching comments for post ID: 68319085ff888836007ecd14
2025-05-27T13:51:15.854Z [INFO]: Post views updated: 429/0
2025-05-27T13:51:15.902Z [INFO]: Fetching post with ID: 68319085ff888836007ecd14, userId: 66dfbd050bdfe18c723f1066
2025-05-27T13:51:15.994Z [INFO]: Post found: 68319085ff888836007ecd14, views: 429/0
2025-05-27T13:51:16.043Z [INFO]: Post views updated: 430/0
2025-05-27T13:51:20.407Z [INFO]: Fetching post with ID: 68319085ff888836007ecd14, userId: 66dfbd050bdfe18c723f1066
2025-05-27T13:51:20.418Z [INFO]: Fetching comments for post ID: 68319085ff888836007ecd14
2025-05-27T13:51:20.419Z [INFO]: Fetching comments for post ID: 68319085ff888836007ecd14
2025-05-27T13:51:20.466Z [INFO]: Post found: 68319085ff888836007ecd14, views: 430/0
2025-05-27T13:51:20.497Z [INFO]: Post views updated: 431/0
2025-05-27T13:51:20.528Z [INFO]: Fetching post with ID: 68319085ff888836007ecd14, userId: 66dfbd050bdfe18c723f1066
2025-05-27T13:51:20.531Z [INFO]: Fetching comments for post ID: 68319085ff888836007ecd14
2025-05-27T13:51:20.532Z [INFO]: Fetching comments for post ID: 68319085ff888836007ecd14
2025-05-27T13:51:20.596Z [INFO]: Post found: 68319085ff888836007ecd14, views: 431/0
2025-05-27T13:51:20.640Z [INFO]: Post views updated: 432/0
2025-05-27T13:51:59.258Z [INFO]: Fetching post with ID: 68318d33ff888836007ecadb, userId: 66dfbd050bdfe18c723f1066
2025-05-27T13:51:59.282Z [INFO]: Fetching comments for post ID: 68318d33ff888836007ecadb
2025-05-27T13:51:59.282Z [INFO]: Fetching comments for post ID: 68318d33ff888836007ecadb
2025-05-27T13:51:59.314Z [INFO]: Post found: 68318d33ff888836007ecadb, views: 58/0
2025-05-27T13:51:59.345Z [INFO]: Post views updated: 59/0
2025-05-27T13:51:59.377Z [INFO]: Fetching post with ID: 68318d33ff888836007ecadb, userId: 66dfbd050bdfe18c723f1066
2025-05-27T13:51:59.430Z [INFO]: Post found: 68318d33ff888836007ecadb, views: 59/0
2025-05-27T13:51:59.463Z [INFO]: Post views updated: 60/0
2025-05-27T13:51:59.470Z [INFO]: Fetching comments for post ID: 68318d33ff888836007ecadb
2025-05-27T13:51:59.470Z [INFO]: Fetching comments for post ID: 68318d33ff888836007ecadb
2025-05-27T13:56:36.592Z [INFO]: Fetching comments for post ID: 682d95ca4b115b431caef55e
2025-05-27T13:56:36.593Z [INFO]: Fetching comments for post ID: 682d95ca4b115b431caef55e
2025-05-27T13:56:36.604Z [INFO]: Fetching post with ID: 682d95ca4b115b431caef55e, userId: 66dfbd050bdfe18c723f1066
2025-05-27T13:56:36.683Z [INFO]: Fetching comments for post ID: 682d95ca4b115b431caef55e
2025-05-27T13:56:36.683Z [INFO]: Fetching comments for post ID: 682d95ca4b115b431caef55e
2025-05-27T13:56:36.714Z [INFO]: Post found: 682d95ca4b115b431caef55e, views: 9/0
2025-05-27T13:56:36.770Z [INFO]: Post views updated: 10/0
2025-05-27T13:56:36.820Z [INFO]: Fetching post with ID: 682d95ca4b115b431caef55e, userId: 66dfbd050bdfe18c723f1066
2025-05-27T13:56:36.917Z [INFO]: Post found: 682d95ca4b115b431caef55e, views: 10/0
2025-05-27T13:56:36.968Z [INFO]: Post views updated: 11/0
2025-05-27T13:59:23.167Z [INFO]: Fetching post with ID: 68319085ff888836007ecd14, userId: 66dfbd050bdfe18c723f1066
2025-05-27T13:59:23.171Z [INFO]: Fetching comments for post ID: 68319085ff888836007ecd14
2025-05-27T13:59:23.172Z [INFO]: Fetching comments for post ID: 68319085ff888836007ecd14
2025-05-27T13:59:23.264Z [INFO]: Post found: 68319085ff888836007ecd14, views: 432/0
2025-05-27T13:59:23.309Z [INFO]: Fetching comments for post ID: 68319085ff888836007ecd14
2025-05-27T13:59:23.309Z [INFO]: Fetching comments for post ID: 68319085ff888836007ecd14
2025-05-27T13:59:23.316Z [INFO]: Post views updated: 433/0
2025-05-27T13:59:23.368Z [INFO]: Fetching post with ID: 68319085ff888836007ecd14, userId: 66dfbd050bdfe18c723f1066
2025-05-27T13:59:23.476Z [INFO]: Post found: 68319085ff888836007ecd14, views: 433/0
2025-05-27T13:59:23.526Z [INFO]: Post views updated: 434/0
2025-05-27T13:59:45.584Z [INFO]: Fetching post with ID: 68319085ff888836007ecd14, userId: 66dfbd050bdfe18c723f1066
2025-05-27T13:59:45.603Z [INFO]: Fetching comments for post ID: 68319085ff888836007ecd14
2025-05-27T13:59:45.604Z [INFO]: Fetching comments for post ID: 68319085ff888836007ecd14
2025-05-27T13:59:45.679Z [INFO]: Post found: 68319085ff888836007ecd14, views: 434/0
2025-05-27T13:59:45.730Z [INFO]: Post views updated: 435/0
2025-05-27T13:59:45.792Z [INFO]: Fetching post with ID: 68319085ff888836007ecd14, userId: 66dfbd050bdfe18c723f1066
2025-05-27T13:59:45.807Z [INFO]: Fetching comments for post ID: 68319085ff888836007ecd14
2025-05-27T13:59:45.808Z [INFO]: Fetching comments for post ID: 68319085ff888836007ecd14
2025-05-27T13:59:45.862Z [INFO]: Post found: 68319085ff888836007ecd14, views: 435/0
2025-05-27T13:59:45.926Z [INFO]: Post views updated: 436/0
2025-05-27T14:01:10.753Z [INFO]: Fetching post with ID: 68319085ff888836007ecd14, userId: 66dfbd050bdfe18c723f1066
2025-05-27T14:01:10.765Z [INFO]: Fetching comments for post ID: 68319085ff888836007ecd14
2025-05-27T14:01:10.765Z [INFO]: Fetching comments for post ID: 68319085ff888836007ecd14
2025-05-27T14:01:10.816Z [INFO]: Post found: 68319085ff888836007ecd14, views: 436/0
2025-05-27T14:01:10.851Z [INFO]: Post views updated: 437/0
2025-05-27T14:01:10.906Z [INFO]: Fetching post with ID: 68319085ff888836007ecd14, userId: 66dfbd050bdfe18c723f1066
2025-05-27T14:01:10.949Z [INFO]: Fetching comments for post ID: 68319085ff888836007ecd14
2025-05-27T14:01:10.950Z [INFO]: Fetching comments for post ID: 68319085ff888836007ecd14
2025-05-27T14:01:10.964Z [INFO]: Post found: 68319085ff888836007ecd14, views: 437/0
2025-05-27T14:01:10.997Z [INFO]: Post views updated: 438/0
2025-05-27T14:01:14.050Z [INFO]: Fetching comments for post ID: 68319085ff888836007ecd14
2025-05-27T14:01:14.051Z [INFO]: Fetching comments for post ID: 68319085ff888836007ecd14
2025-05-27T14:01:14.053Z [INFO]: Fetching post with ID: 68319085ff888836007ecd14, userId: 66dfbd050bdfe18c723f1066
2025-05-27T14:01:14.156Z [INFO]: Post found: 68319085ff888836007ecd14, views: 438/0
2025-05-27T14:01:14.196Z [INFO]: Post views updated: 439/0
2025-05-27T14:01:14.222Z [INFO]: Fetching comments for post ID: 68319085ff888836007ecd14
2025-05-27T14:01:14.230Z [INFO]: Fetching comments for post ID: 68319085ff888836007ecd14
2025-05-27T14:01:14.243Z [INFO]: Fetching post with ID: 68319085ff888836007ecd14, userId: 66dfbd050bdfe18c723f1066
2025-05-27T14:01:14.322Z [INFO]: Post found: 68319085ff888836007ecd14, views: 439/0
2025-05-27T14:01:14.356Z [INFO]: Post views updated: 440/0
2025-05-27T14:01:26.673Z [INFO]: Fetching post with ID: 68319085ff888836007ecd14, userId: 66dfbd050bdfe18c723f1066
2025-05-27T14:01:26.677Z [INFO]: Fetching comments for post ID: 68319085ff888836007ecd14
2025-05-27T14:01:26.678Z [INFO]: Fetching comments for post ID: 68319085ff888836007ecd14
2025-05-27T14:01:26.747Z [INFO]: Post found: 68319085ff888836007ecd14, views: 440/0
2025-05-27T14:01:26.792Z [INFO]: Post views updated: 441/0
2025-05-27T14:01:26.829Z [INFO]: Fetching post with ID: 68319085ff888836007ecd14, userId: 66dfbd050bdfe18c723f1066
2025-05-27T14:01:26.837Z [INFO]: Fetching comments for post ID: 68319085ff888836007ecd14
2025-05-27T14:01:26.838Z [INFO]: Fetching comments for post ID: 68319085ff888836007ecd14
2025-05-27T14:01:26.900Z [INFO]: Post found: 68319085ff888836007ecd14, views: 441/0
2025-05-27T14:01:26.941Z [INFO]: Post views updated: 442/0
2025-05-27T14:04:51.009Z [INFO]: Fetching comments for post ID: 68319085ff888836007ecd14
2025-05-27T14:04:51.011Z [INFO]: Fetching comments for post ID: 68319085ff888836007ecd14
2025-05-27T14:04:51.016Z [INFO]: Fetching post with ID: 68319085ff888836007ecd14, userId: 66dfbd050bdfe18c723f1066
2025-05-27T14:04:51.110Z [INFO]: Post found: 68319085ff888836007ecd14, views: 442/0
2025-05-27T14:04:51.128Z [INFO]: Fetching comments for post ID: 68319085ff888836007ecd14
2025-05-27T14:04:51.129Z [INFO]: Fetching comments for post ID: 68319085ff888836007ecd14
2025-05-27T14:04:51.160Z [INFO]: Post views updated: 443/0
2025-05-27T14:04:51.211Z [INFO]: Fetching post with ID: 68319085ff888836007ecd14, userId: 66dfbd050bdfe18c723f1066
2025-05-27T14:04:51.306Z [INFO]: Post found: 68319085ff888836007ecd14, views: 443/0
2025-05-27T14:04:51.356Z [INFO]: Post views updated: 444/0
2025-05-27T14:04:53.932Z [INFO]: Fetching comments for post ID: 68319085ff888836007ecd14
2025-05-27T14:04:53.933Z [INFO]: Fetching comments for post ID: 68319085ff888836007ecd14
2025-05-27T14:04:53.954Z [INFO]: Fetching post with ID: 68319085ff888836007ecd14, userId: 66dfbd050bdfe18c723f1066
2025-05-27T14:04:54.064Z [INFO]: Post found: 68319085ff888836007ecd14, views: 444/0
2025-05-27T14:04:54.071Z [INFO]: Fetching comments for post ID: 68319085ff888836007ecd14
2025-05-27T14:04:54.073Z [INFO]: Fetching comments for post ID: 68319085ff888836007ecd14
2025-05-27T14:04:54.131Z [INFO]: Post views updated: 445/0
2025-05-27T14:04:54.182Z [INFO]: Fetching post with ID: 68319085ff888836007ecd14, userId: 66dfbd050bdfe18c723f1066
2025-05-27T14:04:54.276Z [INFO]: Post found: 68319085ff888836007ecd14, views: 445/0
2025-05-27T14:04:54.330Z [INFO]: Post views updated: 446/0
2025-05-27T14:05:00.359Z [INFO]: Fetching post with ID: 68319085ff888836007ecd14, userId: 66dfbd050bdfe18c723f1066
2025-05-27T14:05:00.362Z [INFO]: Fetching comments for post ID: 68319085ff888836007ecd14
2025-05-27T14:05:00.363Z [INFO]: Fetching comments for post ID: 68319085ff888836007ecd14
2025-05-27T14:05:00.417Z [INFO]: Post found: 68319085ff888836007ecd14, views: 446/0
2025-05-27T14:05:00.451Z [INFO]: Post views updated: 447/0
2025-05-27T14:05:00.487Z [INFO]: Fetching post with ID: 68319085ff888836007ecd14, userId: 66dfbd050bdfe18c723f1066
2025-05-27T14:05:00.492Z [INFO]: Fetching comments for post ID: 68319085ff888836007ecd14
2025-05-27T14:05:00.492Z [INFO]: Fetching comments for post ID: 68319085ff888836007ecd14
2025-05-27T14:05:00.545Z [INFO]: Post found: 68319085ff888836007ecd14, views: 447/0
2025-05-27T14:05:00.580Z [INFO]: Post views updated: 448/0
2025-05-27T14:05:20.820Z [INFO]: Fetching comments for post ID: 682d95ca4b115b431caef55e
2025-05-27T14:05:20.821Z [INFO]: Fetching comments for post ID: 682d95ca4b115b431caef55e
2025-05-27T14:05:20.824Z [INFO]: Fetching post with ID: 682d95ca4b115b431caef55e, userId: 66dfbd050bdfe18c723f1066
2025-05-27T14:05:20.896Z [INFO]: Post found: 682d95ca4b115b431caef55e, views: 11/0
2025-05-27T14:05:20.909Z [INFO]: Fetching comments for post ID: 682d95ca4b115b431caef55e
2025-05-27T14:05:20.909Z [INFO]: Fetching comments for post ID: 682d95ca4b115b431caef55e
2025-05-27T14:05:20.935Z [INFO]: Post views updated: 12/0
2025-05-27T14:05:20.976Z [INFO]: Fetching post with ID: 682d95ca4b115b431caef55e, userId: 66dfbd050bdfe18c723f1066
2025-05-27T14:05:21.047Z [INFO]: Post found: 682d95ca4b115b431caef55e, views: 12/0
2025-05-27T14:05:21.086Z [INFO]: Post views updated: 13/0
2025-05-27T14:05:24.148Z [INFO]: Fetching comments for post ID: 682d95ca4b115b431caef55e
2025-05-27T14:05:24.148Z [INFO]: Fetching comments for post ID: 682d95ca4b115b431caef55e
2025-05-27T14:05:24.154Z [INFO]: Fetching post with ID: 682d95ca4b115b431caef55e, userId: 66dfbd050bdfe18c723f1066
2025-05-27T14:05:24.228Z [INFO]: Post found: 682d95ca4b115b431caef55e, views: 13/0
2025-05-27T14:05:24.237Z [INFO]: Fetching comments for post ID: 682d95ca4b115b431caef55e
2025-05-27T14:05:24.239Z [INFO]: Fetching comments for post ID: 682d95ca4b115b431caef55e
2025-05-27T14:05:24.268Z [INFO]: Post views updated: 14/0
2025-05-27T14:05:24.325Z [INFO]: Fetching post with ID: 682d95ca4b115b431caef55e, userId: 66dfbd050bdfe18c723f1066
2025-05-27T14:05:24.419Z [INFO]: Post found: 682d95ca4b115b431caef55e, views: 14/0
2025-05-27T14:05:24.467Z [INFO]: Post views updated: 15/0
2025-05-27T14:05:40.888Z [INFO]: Fetching comments for post ID: 68319085ff888836007ecd14
2025-05-27T14:05:40.889Z [INFO]: Fetching comments for post ID: 68319085ff888836007ecd14
2025-05-27T14:05:40.894Z [INFO]: Fetching post with ID: 68319085ff888836007ecd14, userId: 66dfbd050bdfe18c723f1066
2025-05-27T14:05:40.967Z [INFO]: Post found: 68319085ff888836007ecd14, views: 448/0
2025-05-27T14:05:40.999Z [INFO]: Fetching comments for post ID: 68319085ff888836007ecd14
2025-05-27T14:05:40.999Z [INFO]: Fetching comments for post ID: 68319085ff888836007ecd14
2025-05-27T14:05:41.007Z [INFO]: Post views updated: 449/0
2025-05-27T14:05:41.047Z [INFO]: Fetching post with ID: 68319085ff888836007ecd14, userId: 66dfbd050bdfe18c723f1066
2025-05-27T14:05:41.119Z [INFO]: Post found: 68319085ff888836007ecd14, views: 449/0
2025-05-27T14:05:41.158Z [INFO]: Post views updated: 450/0
2025-05-27T14:27:21.677Z [INFO]: Fetching post with ID: 68319085ff888836007ecd14, userId: 66dfbd050bdfe18c723f1066
2025-05-27T14:27:21.682Z [INFO]: Fetching comments for post ID: 68319085ff888836007ecd14
2025-05-27T14:27:21.683Z [INFO]: Fetching comments for post ID: 68319085ff888836007ecd14
2025-05-27T14:27:21.732Z [INFO]: Post found: 68319085ff888836007ecd14, views: 450/0
2025-05-27T14:27:21.764Z [INFO]: Post views updated: 451/0
2025-05-27T14:27:21.789Z [INFO]: Fetching comments for post ID: 68319085ff888836007ecd14
2025-05-27T14:27:21.790Z [INFO]: Fetching comments for post ID: 68319085ff888836007ecd14
2025-05-27T14:27:21.795Z [INFO]: Fetching post with ID: 68319085ff888836007ecd14, userId: 66dfbd050bdfe18c723f1066
2025-05-27T14:27:21.853Z [INFO]: Post found: 68319085ff888836007ecd14, views: 451/0
2025-05-27T14:27:21.884Z [INFO]: Post views updated: 452/0
2025-05-27T14:27:58.904Z [INFO]: Fetching post with ID: 68318d33ff888836007ecadb, userId: 681c376158ac95ae022b4c4a
2025-05-27T14:27:58.924Z [INFO]: Fetching comments for post ID: 68318d33ff888836007ecadb
2025-05-27T14:27:58.925Z [INFO]: Fetching comments for post ID: 68318d33ff888836007ecadb
2025-05-27T14:27:58.956Z [INFO]: Post found: 68318d33ff888836007ecadb, views: 60/0
2025-05-27T14:27:58.986Z [INFO]: Post views updated: 61/0
2025-05-27T14:27:59.025Z [INFO]: Fetching post with ID: 68318d33ff888836007ecadb, userId: 681c376158ac95ae022b4c4a
2025-05-27T14:27:59.096Z [INFO]: Post found: 68318d33ff888836007ecadb, views: 61/0
2025-05-27T14:27:59.104Z [INFO]: Fetching comments for post ID: 68318d33ff888836007ecadb
2025-05-27T14:27:59.104Z [INFO]: Fetching comments for post ID: 68318d33ff888836007ecadb
2025-05-27T14:27:59.137Z [INFO]: Post views updated: 62/0
2025-05-27T14:32:54.660Z [INFO]: Fetching post with ID: 6835cd011a2f3b476bcabd56, userId: 683189f4417a5ff1adf23052
2025-05-27T14:32:54.661Z [INFO]: Fetching comments for post ID: 6835cd011a2f3b476bcabd56
2025-05-27T14:32:54.662Z [INFO]: Fetching comments for post ID: 6835cd011a2f3b476bcabd56
2025-05-27T14:32:54.712Z [INFO]: Post found: 6835cd011a2f3b476bcabd56, views: 0/0
2025-05-27T14:32:54.742Z [INFO]: Post views updated: 1/0
2025-05-27T14:32:54.745Z [INFO]: Fetching comments for post ID: 6835cd011a2f3b476bcabd56
2025-05-27T14:32:54.746Z [INFO]: Fetching comments for post ID: 6835cd011a2f3b476bcabd56
2025-05-27T14:32:54.784Z [INFO]: Fetching post with ID: 6835cd011a2f3b476bcabd56, userId: 683189f4417a5ff1adf23052
2025-05-27T14:32:54.854Z [INFO]: Post found: 6835cd011a2f3b476bcabd56, views: 1/0
2025-05-27T14:32:54.893Z [INFO]: Post views updated: 2/0
2025-05-27T14:33:49.462Z [INFO]: Fetching post with ID: 6835cd011a2f3b476bcabd56, userId: 683189f4417a5ff1adf23052
2025-05-27T14:33:49.476Z [INFO]: Fetching comments for post ID: 6835cd011a2f3b476bcabd56
2025-05-27T14:33:49.477Z [INFO]: Fetching comments for post ID: 6835cd011a2f3b476bcabd56
2025-05-27T14:33:49.529Z [INFO]: Post found: 6835cd011a2f3b476bcabd56, views: 2/0
2025-05-27T14:33:49.564Z [INFO]: Post views updated: 3/0
2025-05-27T14:33:49.577Z [INFO]: Fetching comments for post ID: 6835cd011a2f3b476bcabd56
2025-05-27T14:33:49.578Z [INFO]: Fetching comments for post ID: 6835cd011a2f3b476bcabd56
2025-05-27T14:33:49.603Z [INFO]: Fetching post with ID: 6835cd011a2f3b476bcabd56, userId: 683189f4417a5ff1adf23052
2025-05-27T14:33:49.666Z [INFO]: Post found: 6835cd011a2f3b476bcabd56, views: 3/0
2025-05-27T14:33:49.697Z [INFO]: Post views updated: 4/0
2025-05-27T14:34:10.344Z [INFO]: Fetching post with ID: 6835cd011a2f3b476bcabd56, userId: 683189f4417a5ff1adf23052
2025-05-27T14:34:10.357Z [INFO]: Fetching comments for post ID: 6835cd011a2f3b476bcabd56
2025-05-27T14:34:10.357Z [INFO]: Fetching comments for post ID: 6835cd011a2f3b476bcabd56
2025-05-27T14:34:10.397Z [INFO]: Post found: 6835cd011a2f3b476bcabd56, views: 4/0
2025-05-27T14:34:10.427Z [INFO]: Post views updated: 5/0
2025-05-27T14:34:10.457Z [INFO]: Fetching comments for post ID: 6835cd011a2f3b476bcabd56
2025-05-27T14:34:10.458Z [INFO]: Fetching comments for post ID: 6835cd011a2f3b476bcabd56
2025-05-27T14:34:10.466Z [INFO]: Fetching post with ID: 6835cd011a2f3b476bcabd56, userId: 683189f4417a5ff1adf23052
2025-05-27T14:34:10.536Z [INFO]: Post found: 6835cd011a2f3b476bcabd56, views: 5/0
2025-05-27T14:34:10.576Z [INFO]: Post views updated: 6/0
2025-05-28T10:24:55.272Z [ERROR]: Not authorized to pin this post
2025-05-28T10:25:28.695Z [ERROR]: Not authorized to pin this post
2025-05-28T10:25:36.537Z [ERROR]: Not authorized to pin this post
2025-05-28T10:26:12.528Z [ERROR]: Not authorized to pin this post
2025-05-28T10:28:00.104Z [ERROR]: Not authorized to pin this post
2025-05-28T10:29:13.450Z [ERROR]: Not authorized to delete this post
2025-05-28T10:36:45.622Z [ERROR]: Not authorized to pin this post
2025-05-28T10:36:54.283Z [ERROR]: Not authorized to pin this post
2025-05-28T10:40:02.459Z [ERROR]: Not authorized to pin this post
2025-05-28T10:40:11.182Z [ERROR]: Not authorized to pin this post
2025-05-28T10:43:35.462Z [ERROR]: Not authorized to pin this post
2025-05-28T10:43:37.842Z [ERROR]: Not authorized to pin this post
2025-05-28T10:44:17.955Z [ERROR]: Not authorized to pin this post
2025-05-28T10:44:20.410Z [ERROR]: Not authorized to delete this post
2025-05-28T10:44:58.800Z [ERROR]: Not authorized to pin this post
2025-05-28T10:45:12.019Z [ERROR]: Not authorized to pin this post
2025-05-28T10:49:43.294Z [ERROR]: Not authorized to pin this post
2025-05-28T11:00:17.024Z [ERROR]: Not authorized to pin this post
2025-05-28T11:00:37.162Z [ERROR]: Not authorized to pin this post
2025-05-28T11:02:37.970Z [ERROR]: Not authorized to pin this post
2025-05-28T11:02:44.262Z [ERROR]: Not authorized to pin this post
2025-05-28T11:02:55.692Z [ERROR]: Not authorized to pin this post
2025-05-28T11:03:44.372Z [ERROR]: Not authorized to pin this post
2025-05-28T11:04:06.686Z [ERROR]: Not authorized to pin this post
2025-05-28T12:37:49.015Z [ERROR]: Not authorized to pin this post
2025-05-28T12:39:26.690Z [ERROR]: Not authorized to pin this post
2025-05-28T13:49:45.244Z [ERROR]: Cannot find /api/users/users on this server
2025-05-28T13:49:45.248Z [ERROR]: Cannot find /api/users/users on this server
2025-05-28T13:50:20.119Z [ERROR]: Cannot find /api/users/get-users on this server
2025-05-28T13:50:24.388Z [ERROR]: Cannot find /api/users/get-users on this server
2025-05-28T13:50:24.398Z [ERROR]: Cannot find /api/users/get-users on this server
2025-05-28T13:50:26.725Z [ERROR]: Cannot find /api/users/get-users on this server
2025-05-28T13:50:26.728Z [ERROR]: Cannot find /api/users/get-users on this server
2025-05-29T02:18:00.096Z [ERROR]: Cannot find /api/notifications on this server
2025-05-29T02:18:01.117Z [ERROR]: Cannot find /api/notifications on this server
2025-05-29T02:18:03.137Z [ERROR]: Cannot find /api/notifications on this server
2025-05-29T02:18:07.153Z [ERROR]: Cannot find /api/notifications on this server
2025-05-29T02:18:33.453Z [ERROR]: Cannot find /api/notifications on this server
2025-05-29T02:32:34.241Z [INFO]: Fetching post with ID: 6835cd011a2f3b476bcabd56, userId: 68318f7dff888836007ecc99
2025-05-29T02:32:34.253Z [INFO]: Fetching comments for post ID: 6835cd011a2f3b476bcabd56
2025-05-29T02:32:34.254Z [INFO]: Fetching comments for post ID: 6835cd011a2f3b476bcabd56
2025-05-29T02:32:34.297Z [INFO]: Post found: 6835cd011a2f3b476bcabd56, views: 6/0
2025-05-29T02:32:34.327Z [INFO]: Post views updated: 7/0
2025-05-29T02:32:34.353Z [INFO]: Fetching comments for post ID: 6835cd011a2f3b476bcabd56
2025-05-29T02:32:34.354Z [INFO]: Fetching comments for post ID: 6835cd011a2f3b476bcabd56
2025-05-29T02:32:34.358Z [INFO]: Fetching post with ID: 6835cd011a2f3b476bcabd56, userId: 68318f7dff888836007ecc99
2025-05-29T02:32:34.412Z [INFO]: Post found: 6835cd011a2f3b476bcabd56, views: 7/0
2025-05-29T02:32:34.441Z [INFO]: Post views updated: 8/0
2025-05-29T02:32:43.892Z [INFO]: Fetching post with ID: 6835cd011a2f3b476bcabd56, userId: 68318f7dff888836007ecc99
2025-05-29T02:32:43.902Z [INFO]: Fetching comments for post ID: 6835cd011a2f3b476bcabd56
2025-05-29T02:32:43.903Z [INFO]: Fetching comments for post ID: 6835cd011a2f3b476bcabd56
2025-05-29T02:32:43.946Z [INFO]: Post found: 6835cd011a2f3b476bcabd56, views: 8/0
2025-05-29T02:32:43.978Z [INFO]: Post views updated: 9/0
2025-05-29T02:32:44.011Z [INFO]: Fetching comments for post ID: 6835cd011a2f3b476bcabd56
2025-05-29T02:32:44.011Z [INFO]: Fetching comments for post ID: 6835cd011a2f3b476bcabd56
2025-05-29T02:32:44.013Z [INFO]: Fetching post with ID: 6835cd011a2f3b476bcabd56, userId: 68318f7dff888836007ecc99
2025-05-29T02:32:44.069Z [INFO]: Post found: 6835cd011a2f3b476bcabd56, views: 9/0
2025-05-29T02:32:44.098Z [INFO]: Post views updated: 10/0
2025-05-29T02:33:11.186Z [INFO]: Creating comment for post ID: 6835cd011a2f3b476bcabd56
2025-05-29T02:33:17.262Z [INFO]: Fetching post with ID: 6835cd011a2f3b476bcabd56, userId: 68318f7dff888836007ecc99
2025-05-29T02:33:17.272Z [INFO]: Fetching comments for post ID: 6835cd011a2f3b476bcabd56
2025-05-29T02:33:17.273Z [INFO]: Fetching comments for post ID: 6835cd011a2f3b476bcabd56
2025-05-29T02:33:17.327Z [INFO]: Post found: 6835cd011a2f3b476bcabd56, views: 10/0
2025-05-29T02:33:17.363Z [INFO]: Post views updated: 11/0
2025-05-29T02:33:17.424Z [INFO]: Fetching post with ID: 6835cd011a2f3b476bcabd56, userId: 68318f7dff888836007ecc99
2025-05-29T02:33:17.434Z [INFO]: Fetching comments for post ID: 6835cd011a2f3b476bcabd56
2025-05-29T02:33:17.435Z [INFO]: Fetching comments for post ID: 6835cd011a2f3b476bcabd56
2025-05-29T02:33:17.501Z [INFO]: Post found: 6835cd011a2f3b476bcabd56, views: 11/0
2025-05-29T02:33:17.544Z [INFO]: Post views updated: 12/0
2025-05-29T02:33:33.537Z [ERROR]: Cannot find /api/notifications/6837c73e032b1b56dd92f5b5/read on this server
2025-05-29T02:33:33.576Z [ERROR]: Invalid post ID
2025-05-29T02:33:33.580Z [INFO]: Fetching comments for post ID: [object Object]
2025-05-29T02:33:33.580Z [INFO]: Fetching comments for post ID: [object Object]
2025-05-29T02:33:33.581Z [WARN]: Invalid post ID: [object Object]
2025-05-29T02:33:33.581Z [ERROR]: Get comments by post id error: Invalid post ID
2025-05-29T02:33:33.583Z [ERROR]: Invalid post ID
2025-05-29T02:33:33.618Z [ERROR]: Invalid post ID
2025-05-29T02:33:33.620Z [INFO]: Fetching comments for post ID: [object Object]
2025-05-29T02:33:33.620Z [INFO]: Fetching comments for post ID: [object Object]
2025-05-29T02:33:33.620Z [WARN]: Invalid post ID: [object Object]
2025-05-29T02:33:33.620Z [ERROR]: Get comments by post id error: Invalid post ID
2025-05-29T02:33:33.621Z [ERROR]: Invalid post ID
2025-05-29T02:33:40.055Z [ERROR]: Cannot find /api/notifications/6837c767032b1b56dd92f60e/read on this server
2025-05-29T02:33:40.100Z [INFO]: Fetching comments for post ID: [object Object]
2025-05-29T02:33:40.100Z [INFO]: Fetching comments for post ID: [object Object]
2025-05-29T02:33:40.101Z [WARN]: Invalid post ID: [object Object]
2025-05-29T02:33:40.101Z [ERROR]: Get comments by post id error: Invalid post ID
2025-05-29T02:33:40.101Z [ERROR]: Invalid post ID
2025-05-29T02:33:40.103Z [ERROR]: Invalid post ID
2025-05-29T02:33:40.138Z [ERROR]: Invalid post ID
2025-05-29T02:33:40.142Z [INFO]: Fetching comments for post ID: [object Object]
2025-05-29T02:33:40.142Z [INFO]: Fetching comments for post ID: [object Object]
2025-05-29T02:33:40.142Z [WARN]: Invalid post ID: [object Object]
2025-05-29T02:33:40.143Z [ERROR]: Get comments by post id error: Invalid post ID
2025-05-29T02:33:40.144Z [ERROR]: Invalid post ID
2025-05-29T02:33:48.728Z [ERROR]: Cannot find /api/notifications/6837c73e032b1b56dd92f5b5/read on this server
2025-05-29T02:33:48.770Z [ERROR]: Invalid post ID
2025-05-29T02:33:48.782Z [INFO]: Fetching comments for post ID: [object Object]
2025-05-29T02:33:48.782Z [INFO]: Fetching comments for post ID: [object Object]
2025-05-29T02:33:48.783Z [WARN]: Invalid post ID: [object Object]
2025-05-29T02:33:48.783Z [ERROR]: Get comments by post id error: Invalid post ID
2025-05-29T02:33:48.784Z [ERROR]: Invalid post ID
2025-05-29T02:33:48.805Z [ERROR]: Invalid post ID
2025-05-29T02:33:48.839Z [INFO]: Fetching comments for post ID: [object Object]
2025-05-29T02:33:48.840Z [INFO]: Fetching comments for post ID: [object Object]
2025-05-29T02:33:48.840Z [WARN]: Invalid post ID: [object Object]
2025-05-29T02:33:48.841Z [ERROR]: Get comments by post id error: Invalid post ID
2025-05-29T02:33:48.842Z [ERROR]: Invalid post ID
2025-05-29T02:34:04.874Z [INFO]: Fetching comments for post ID: [object Object]
2025-05-29T02:34:04.875Z [INFO]: Fetching comments for post ID: [object Object]
2025-05-29T02:34:04.875Z [WARN]: Invalid post ID: [object Object]
2025-05-29T02:34:04.875Z [ERROR]: Get comments by post id error: Invalid post ID
2025-05-29T02:34:04.876Z [ERROR]: Invalid post ID
2025-05-29T02:34:04.883Z [ERROR]: Invalid post ID
2025-05-29T02:34:04.903Z [INFO]: Fetching comments for post ID: [object Object]
2025-05-29T02:34:04.903Z [INFO]: Fetching comments for post ID: [object Object]
2025-05-29T02:34:04.904Z [WARN]: Invalid post ID: [object Object]
2025-05-29T02:34:04.904Z [ERROR]: Get comments by post id error: Invalid post ID
2025-05-29T02:34:04.905Z [ERROR]: Invalid post ID
2025-05-29T02:34:04.924Z [ERROR]: Invalid post ID
2025-05-29T02:34:42.161Z [ERROR]: Cannot find /api/notifications/6837c73e032b1b56dd92f5b5/read on this server
2025-05-29T02:34:42.222Z [ERROR]: Invalid post ID
2025-05-29T02:34:42.227Z [INFO]: Fetching comments for post ID: [object Object]
2025-05-29T02:34:42.227Z [INFO]: Fetching comments for post ID: [object Object]
2025-05-29T02:34:42.228Z [WARN]: Invalid post ID: [object Object]
2025-05-29T02:34:42.228Z [ERROR]: Get comments by post id error: Invalid post ID
2025-05-29T02:34:42.229Z [ERROR]: Invalid post ID
2025-05-29T02:34:42.279Z [ERROR]: Invalid post ID
2025-05-29T02:34:42.307Z [INFO]: Fetching comments for post ID: [object Object]
2025-05-29T02:34:42.308Z [INFO]: Fetching comments for post ID: [object Object]
2025-05-29T02:34:42.308Z [WARN]: Invalid post ID: [object Object]
2025-05-29T02:34:42.309Z [ERROR]: Get comments by post id error: Invalid post ID
2025-05-29T02:34:42.311Z [ERROR]: Invalid post ID
2025-05-29T02:35:35.588Z [ERROR]: Invalid post ID
2025-05-29T02:35:35.822Z [INFO]: Fetching comments for post ID: [object Object]
2025-05-29T02:35:35.823Z [INFO]: Fetching comments for post ID: [object Object]
2025-05-29T02:35:35.824Z [WARN]: Invalid post ID: [object Object]
2025-05-29T02:35:35.824Z [ERROR]: Get comments by post id error: Invalid post ID
2025-05-29T02:35:35.826Z [ERROR]: Invalid post ID
2025-05-29T02:35:41.545Z [ERROR]: Invalid post ID
2025-05-29T02:35:41.576Z [INFO]: Fetching comments for post ID: [object Object]
2025-05-29T02:35:41.577Z [INFO]: Fetching comments for post ID: [object Object]
2025-05-29T02:35:41.579Z [WARN]: Invalid post ID: [object Object]
2025-05-29T02:35:41.580Z [ERROR]: Get comments by post id error: Invalid post ID
2025-05-29T02:35:41.581Z [ERROR]: Invalid post ID
2025-05-29T02:35:41.611Z [ERROR]: Mark notification as read error: Notification not found
2025-05-29T02:35:41.639Z [ERROR]: Invalid post ID
2025-05-29T02:35:41.682Z [INFO]: Fetching comments for post ID: [object Object]
2025-05-29T02:35:41.682Z [INFO]: Fetching comments for post ID: [object Object]
2025-05-29T02:35:41.683Z [WARN]: Invalid post ID: [object Object]
2025-05-29T02:35:41.683Z [ERROR]: Get comments by post id error: Invalid post ID
2025-05-29T02:35:41.684Z [ERROR]: Invalid post ID
2025-05-29T02:37:49.417Z [ERROR]: Invalid post ID
2025-05-29T02:37:49.479Z [INFO]: Fetching comments for post ID: [object Object]
2025-05-29T02:37:49.480Z [INFO]: Fetching comments for post ID: [object Object]
2025-05-29T02:37:49.480Z [WARN]: Invalid post ID: [object Object]
2025-05-29T02:37:49.481Z [ERROR]: Get comments by post id error: Invalid post ID
2025-05-29T02:37:49.483Z [ERROR]: Invalid post ID
2025-05-29T02:37:49.502Z [ERROR]: Invalid post ID
2025-05-29T02:37:49.538Z [INFO]: Fetching comments for post ID: [object Object]
2025-05-29T02:37:49.539Z [INFO]: Fetching comments for post ID: [object Object]
2025-05-29T02:37:49.540Z [WARN]: Invalid post ID: [object Object]
2025-05-29T02:37:49.541Z [ERROR]: Get comments by post id error: Invalid post ID
2025-05-29T02:37:49.544Z [ERROR]: Invalid post ID
2025-05-29T02:37:59.989Z [ERROR]: Invalid post ID
2025-05-29T02:37:59.994Z [ERROR]: Invalid post ID
2025-05-29T02:38:00.039Z [INFO]: Fetching comments for post ID: [object Object]
2025-05-29T02:38:00.040Z [INFO]: Fetching comments for post ID: [object Object]
2025-05-29T02:38:00.040Z [WARN]: Invalid post ID: [object Object]
2025-05-29T02:38:00.040Z [ERROR]: Get comments by post id error: Invalid post ID
2025-05-29T02:38:00.042Z [ERROR]: Invalid post ID
2025-05-29T02:38:00.069Z [INFO]: Fetching comments for post ID: [object Object]
2025-05-29T02:38:00.069Z [INFO]: Fetching comments for post ID: [object Object]
2025-05-29T02:38:00.070Z [WARN]: Invalid post ID: [object Object]
2025-05-29T02:38:00.070Z [ERROR]: Get comments by post id error: Invalid post ID
2025-05-29T02:38:00.072Z [ERROR]: Invalid post ID
2025-05-29T02:40:46.249Z [ERROR]: Invalid post ID
2025-05-29T02:40:46.258Z [INFO]: Fetching comments for post ID: [object Object]
2025-05-29T02:40:46.259Z [INFO]: Fetching comments for post ID: [object Object]
2025-05-29T02:40:46.259Z [WARN]: Invalid post ID: [object Object]
2025-05-29T02:40:46.259Z [ERROR]: Get comments by post id error: Invalid post ID
2025-05-29T02:40:46.260Z [ERROR]: Invalid post ID
2025-05-29T02:40:46.294Z [ERROR]: Invalid post ID
2025-05-29T02:40:46.299Z [INFO]: Fetching comments for post ID: [object Object]
2025-05-29T02:40:46.299Z [INFO]: Fetching comments for post ID: [object Object]
2025-05-29T02:40:46.300Z [WARN]: Invalid post ID: [object Object]
2025-05-29T02:40:46.300Z [ERROR]: Get comments by post id error: Invalid post ID
2025-05-29T02:40:46.301Z [ERROR]: Invalid post ID
2025-05-29T02:46:56.112Z [INFO]: Fetching post with ID: 6835cd011a2f3b476bcabd56, userId: 683189f4417a5ff1adf23052
2025-05-29T02:46:56.130Z [INFO]: Fetching comments for post ID: 6835cd011a2f3b476bcabd56
2025-05-29T02:46:56.130Z [INFO]: Fetching comments for post ID: 6835cd011a2f3b476bcabd56
2025-05-29T02:46:56.172Z [INFO]: Post found: 6835cd011a2f3b476bcabd56, views: 12/0
2025-05-29T02:46:56.180Z [INFO]: Fetching post with ID: 6835cd011a2f3b476bcabd56, userId: 683189f4417a5ff1adf23052
2025-05-29T02:46:56.208Z [INFO]: Post views updated: 13/0
2025-05-29T02:46:56.255Z [INFO]: Post found: 6835cd011a2f3b476bcabd56, views: 13/0
2025-05-29T02:46:56.267Z [INFO]: Fetching comments for post ID: 6835cd011a2f3b476bcabd56
2025-05-29T02:46:56.267Z [INFO]: Fetching comments for post ID: 6835cd011a2f3b476bcabd56
2025-05-29T02:46:56.315Z [INFO]: Post views updated: 14/0
2025-05-29T02:47:06.562Z [INFO]: Fetching comments for post ID: 6835cd011a2f3b476bcabd56
2025-05-29T02:47:06.563Z [INFO]: Fetching comments for post ID: 6835cd011a2f3b476bcabd56
2025-05-29T02:47:06.567Z [INFO]: Fetching post with ID: 6835cd011a2f3b476bcabd56, userId: 683189f4417a5ff1adf23052
2025-05-29T02:47:06.641Z [INFO]: Post found: 6835cd011a2f3b476bcabd56, views: 14/0
2025-05-29T02:47:06.681Z [INFO]: Post views updated: 15/0
2025-05-29T02:47:06.693Z [INFO]: Fetching comments for post ID: 6835cd011a2f3b476bcabd56
2025-05-29T02:47:06.694Z [INFO]: Fetching comments for post ID: 6835cd011a2f3b476bcabd56
2025-05-29T02:47:06.725Z [INFO]: Fetching post with ID: 6835cd011a2f3b476bcabd56, userId: 683189f4417a5ff1adf23052
2025-05-29T02:47:06.806Z [INFO]: Post found: 6835cd011a2f3b476bcabd56, views: 15/0
2025-05-29T02:47:06.845Z [INFO]: Post views updated: 16/0
2025-05-29T02:48:46.529Z [INFO]: Fetching comments for post ID: 6835cd011a2f3b476bcabd56
2025-05-29T02:48:46.530Z [INFO]: Fetching comments for post ID: 6835cd011a2f3b476bcabd56
2025-05-29T02:48:46.536Z [INFO]: Fetching post with ID: 6835cd011a2f3b476bcabd56, userId: 68318f7dff888836007ecc99
2025-05-29T02:48:46.608Z [INFO]: Post found: 6835cd011a2f3b476bcabd56, views: 16/0
2025-05-29T02:48:46.639Z [INFO]: Fetching comments for post ID: 6835cd011a2f3b476bcabd56
2025-05-29T02:48:46.640Z [INFO]: Fetching comments for post ID: 6835cd011a2f3b476bcabd56
2025-05-29T02:48:46.652Z [INFO]: Post views updated: 17/0
2025-05-29T02:48:46.696Z [INFO]: Fetching post with ID: 6835cd011a2f3b476bcabd56, userId: 68318f7dff888836007ecc99
2025-05-29T02:48:46.773Z [INFO]: Post found: 6835cd011a2f3b476bcabd56, views: 17/0
2025-05-29T02:48:46.812Z [INFO]: Post views updated: 18/0
2025-05-29T02:48:51.144Z [INFO]: Fetching post with ID: 6835cd011a2f3b476bcabd56, userId: 68318f7dff888836007ecc99
2025-05-29T02:48:51.166Z [INFO]: Fetching comments for post ID: 6835cd011a2f3b476bcabd56
2025-05-29T02:48:51.167Z [INFO]: Fetching comments for post ID: 6835cd011a2f3b476bcabd56
2025-05-29T02:48:51.207Z [INFO]: Post found: 6835cd011a2f3b476bcabd56, views: 18/0
2025-05-29T02:48:51.244Z [INFO]: Post views updated: 19/0
2025-05-29T02:48:51.304Z [INFO]: Fetching post with ID: 6835cd011a2f3b476bcabd56, userId: 68318f7dff888836007ecc99
2025-05-29T02:48:51.374Z [INFO]: Fetching comments for post ID: 6835cd011a2f3b476bcabd56
2025-05-29T02:48:51.374Z [INFO]: Fetching comments for post ID: 6835cd011a2f3b476bcabd56
2025-05-29T02:48:51.400Z [INFO]: Post found: 6835cd011a2f3b476bcabd56, views: 19/0
2025-05-29T02:48:51.458Z [INFO]: Post views updated: 20/0
2025-05-29T02:53:52.878Z [INFO]: Fetching post with ID: 6835cd011a2f3b476bcabd56, userId: 68318f7dff888836007ecc99
2025-05-29T02:53:52.903Z [INFO]: Fetching comments for post ID: 6835cd011a2f3b476bcabd56
2025-05-29T02:53:52.905Z [INFO]: Fetching comments for post ID: 6835cd011a2f3b476bcabd56
2025-05-29T02:53:52.938Z [INFO]: Post found: 6835cd011a2f3b476bcabd56, views: 20/0
2025-05-29T02:53:52.989Z [INFO]: Post views updated: 21/0
2025-05-29T02:53:53.030Z [INFO]: Fetching post with ID: 6835cd011a2f3b476bcabd56, userId: 68318f7dff888836007ecc99
2025-05-29T02:53:53.089Z [INFO]: Post found: 6835cd011a2f3b476bcabd56, views: 21/0
2025-05-29T02:53:53.119Z [INFO]: Fetching comments for post ID: 6835cd011a2f3b476bcabd56
2025-05-29T02:53:53.120Z [INFO]: Fetching comments for post ID: 6835cd011a2f3b476bcabd56
2025-05-29T02:53:53.124Z [INFO]: Post views updated: 22/0
2025-05-29T02:54:43.532Z [INFO]: Fetching post with ID: 6835cd011a2f3b476bcabd56, userId: 68318f7dff888836007ecc99
2025-05-29T02:54:43.552Z [INFO]: Fetching comments for post ID: 6835cd011a2f3b476bcabd56
2025-05-29T02:54:43.552Z [INFO]: Fetching comments for post ID: 6835cd011a2f3b476bcabd56
2025-05-29T02:54:43.593Z [INFO]: Post found: 6835cd011a2f3b476bcabd56, views: 22/0
2025-05-29T02:54:43.622Z [INFO]: Post views updated: 23/0
2025-05-29T02:54:43.656Z [INFO]: Fetching post with ID: 6835cd011a2f3b476bcabd56, userId: 68318f7dff888836007ecc99
2025-05-29T02:54:43.706Z [INFO]: Post found: 6835cd011a2f3b476bcabd56, views: 23/0
2025-05-29T02:54:43.718Z [INFO]: Fetching comments for post ID: 6835cd011a2f3b476bcabd56
2025-05-29T02:54:43.718Z [INFO]: Fetching comments for post ID: 6835cd011a2f3b476bcabd56
2025-05-29T02:54:43.734Z [INFO]: Post views updated: 24/0
2025-05-29T02:54:47.502Z [INFO]: Fetching post with ID: 6835cd011a2f3b476bcabd56, userId: 68318f7dff888836007ecc99
2025-05-29T02:54:47.511Z [INFO]: Fetching comments for post ID: 6835cd011a2f3b476bcabd56
2025-05-29T02:54:47.511Z [INFO]: Fetching comments for post ID: 6835cd011a2f3b476bcabd56
2025-05-29T02:54:47.550Z [INFO]: Post found: 6835cd011a2f3b476bcabd56, views: 24/0
2025-05-29T02:54:47.579Z [INFO]: Post views updated: 25/0
2025-05-29T02:54:47.606Z [INFO]: Fetching post with ID: 6835cd011a2f3b476bcabd56, userId: 68318f7dff888836007ecc99
2025-05-29T02:54:47.643Z [INFO]: Fetching comments for post ID: 6835cd011a2f3b476bcabd56
2025-05-29T02:54:47.643Z [INFO]: Fetching comments for post ID: 6835cd011a2f3b476bcabd56
2025-05-29T02:54:47.654Z [INFO]: Post found: 6835cd011a2f3b476bcabd56, views: 25/0
2025-05-29T02:54:47.683Z [INFO]: Post views updated: 26/0
2025-05-29T02:55:03.096Z [INFO]: Fetching post with ID: 6835cd011a2f3b476bcabd56, userId: 68318f7dff888836007ecc99
2025-05-29T02:55:03.106Z [INFO]: Fetching comments for post ID: 6835cd011a2f3b476bcabd56
2025-05-29T02:55:03.107Z [INFO]: Fetching comments for post ID: 6835cd011a2f3b476bcabd56
2025-05-29T02:55:03.149Z [INFO]: Post found: 6835cd011a2f3b476bcabd56, views: 26/0
2025-05-29T02:55:03.185Z [INFO]: Post views updated: 27/0
2025-05-29T02:55:03.234Z [INFO]: Fetching post with ID: 6835cd011a2f3b476bcabd56, userId: 68318f7dff888836007ecc99
2025-05-29T02:55:03.245Z [INFO]: Fetching comments for post ID: 6835cd011a2f3b476bcabd56
2025-05-29T02:55:03.246Z [INFO]: Fetching comments for post ID: 6835cd011a2f3b476bcabd56
2025-05-29T02:55:03.314Z [INFO]: Post found: 6835cd011a2f3b476bcabd56, views: 27/0
2025-05-29T02:55:03.356Z [INFO]: Post views updated: 28/0
2025-05-29T02:55:05.074Z [INFO]: Fetching comments for post ID: 6835cd011a2f3b476bcabd56
2025-05-29T02:55:05.074Z [INFO]: Fetching comments for post ID: 6835cd011a2f3b476bcabd56
2025-05-29T02:55:05.085Z [INFO]: Fetching post with ID: 6835cd011a2f3b476bcabd56, userId: 68318f7dff888836007ecc99
2025-05-29T02:55:05.164Z [INFO]: Post found: 6835cd011a2f3b476bcabd56, views: 28/0
2025-05-29T02:55:05.175Z [INFO]: Fetching comments for post ID: 6835cd011a2f3b476bcabd56
2025-05-29T02:55:05.175Z [INFO]: Fetching comments for post ID: 6835cd011a2f3b476bcabd56
2025-05-29T02:55:05.207Z [INFO]: Post views updated: 29/0
2025-05-29T02:55:05.249Z [INFO]: Fetching post with ID: 6835cd011a2f3b476bcabd56, userId: 68318f7dff888836007ecc99
2025-05-29T02:55:05.329Z [INFO]: Post found: 6835cd011a2f3b476bcabd56, views: 29/0
2025-05-29T02:55:05.371Z [INFO]: Post views updated: 30/0
2025-05-29T02:55:18.589Z [INFO]: Fetching comments for post ID: 6835cd011a2f3b476bcabd56
2025-05-29T02:55:18.590Z [INFO]: Fetching comments for post ID: 6835cd011a2f3b476bcabd56
2025-05-29T02:55:18.609Z [INFO]: Fetching post with ID: 6835cd011a2f3b476bcabd56, userId: 683189f4417a5ff1adf23052
2025-05-29T02:55:18.710Z [INFO]: Post found: 6835cd011a2f3b476bcabd56, views: 30/0
2025-05-29T02:55:18.725Z [INFO]: Fetching comments for post ID: 6835cd011a2f3b476bcabd56
2025-05-29T02:55:18.725Z [INFO]: Fetching comments for post ID: 6835cd011a2f3b476bcabd56
2025-05-29T02:55:18.764Z [INFO]: Post views updated: 31/0
2025-05-29T02:55:18.817Z [INFO]: Fetching post with ID: 6835cd011a2f3b476bcabd56, userId: 683189f4417a5ff1adf23052
2025-05-29T02:55:18.918Z [INFO]: Post found: 6835cd011a2f3b476bcabd56, views: 31/0
2025-05-29T02:55:18.973Z [INFO]: Post views updated: 32/0
2025-05-29T02:56:36.445Z [INFO]: Fetching comments for post ID: 6835cd011a2f3b476bcabd56
2025-05-29T02:56:36.446Z [INFO]: Fetching comments for post ID: 6835cd011a2f3b476bcabd56
2025-05-29T02:56:36.459Z [INFO]: Fetching post with ID: 6835cd011a2f3b476bcabd56, userId: 68318f7dff888836007ecc99
2025-05-29T02:56:36.541Z [INFO]: Post found: 6835cd011a2f3b476bcabd56, views: 32/0
2025-05-29T02:56:36.553Z [INFO]: Fetching comments for post ID: 6835cd011a2f3b476bcabd56
2025-05-29T02:56:36.553Z [INFO]: Fetching comments for post ID: 6835cd011a2f3b476bcabd56
2025-05-29T02:56:36.583Z [INFO]: Post views updated: 33/0
2025-05-29T02:56:36.625Z [INFO]: Fetching post with ID: 6835cd011a2f3b476bcabd56, userId: 68318f7dff888836007ecc99
2025-05-29T02:56:36.705Z [INFO]: Post found: 6835cd011a2f3b476bcabd56, views: 33/0
2025-05-29T02:56:36.747Z [INFO]: Post views updated: 34/0
2025-05-29T03:01:06.117Z [INFO]: Fetching post with ID: 6835cd011a2f3b476bcabd56, userId: 68318f7dff888836007ecc99
2025-05-29T03:01:06.120Z [INFO]: Fetching comments for post ID: 6835cd011a2f3b476bcabd56
2025-05-29T03:01:06.120Z [INFO]: Fetching comments for post ID: 6835cd011a2f3b476bcabd56
2025-05-29T03:01:06.182Z [INFO]: Post found: 6835cd011a2f3b476bcabd56, views: 34/0
2025-05-29T03:01:06.221Z [INFO]: Post views updated: 35/0
2025-05-29T03:01:06.248Z [INFO]: Fetching comments for post ID: 6835cd011a2f3b476bcabd56
2025-05-29T03:01:06.248Z [INFO]: Fetching comments for post ID: 6835cd011a2f3b476bcabd56
2025-05-29T03:01:06.256Z [INFO]: Fetching post with ID: 6835cd011a2f3b476bcabd56, userId: 68318f7dff888836007ecc99
2025-05-29T03:01:06.326Z [INFO]: Post found: 6835cd011a2f3b476bcabd56, views: 35/0
2025-05-29T03:01:06.364Z [INFO]: Post views updated: 36/0
2025-05-29T03:09:56.403Z [INFO]: Fetching post with ID: 6835cd011a2f3b476bcabd56, userId: 68318f7dff888836007ecc99
2025-05-29T03:09:56.421Z [INFO]: Fetching comments for post ID: 6835cd011a2f3b476bcabd56
2025-05-29T03:09:56.422Z [INFO]: Fetching comments for post ID: 6835cd011a2f3b476bcabd56
2025-05-29T03:09:56.485Z [INFO]: Post found: 6835cd011a2f3b476bcabd56, views: 36/0
2025-05-29T03:09:56.528Z [INFO]: Post views updated: 37/0
2025-05-29T03:09:56.572Z [INFO]: Fetching post with ID: 6835cd011a2f3b476bcabd56, userId: 68318f7dff888836007ecc99
2025-05-29T03:09:56.608Z [INFO]: Fetching comments for post ID: 6835cd011a2f3b476bcabd56
2025-05-29T03:09:56.613Z [INFO]: Fetching comments for post ID: 6835cd011a2f3b476bcabd56
2025-05-29T03:09:56.661Z [INFO]: Post found: 6835cd011a2f3b476bcabd56, views: 37/0
2025-05-29T03:09:56.707Z [INFO]: Post views updated: 38/0
2025-05-29T03:34:37.181Z [INFO]: Fetching comments for post ID: 6835cd011a2f3b476bcabd56
2025-05-29T03:34:37.182Z [INFO]: Fetching comments for post ID: 6835cd011a2f3b476bcabd56
2025-05-29T03:34:37.185Z [INFO]: Fetching post with ID: 6835cd011a2f3b476bcabd56, userId: 68318f7dff888836007ecc99
2025-05-29T03:34:37.250Z [INFO]: Post found: 6835cd011a2f3b476bcabd56, views: 38/0
2025-05-29T03:34:37.283Z [INFO]: Fetching comments for post ID: 6835cd011a2f3b476bcabd56
2025-05-29T03:34:37.283Z [INFO]: Fetching comments for post ID: 6835cd011a2f3b476bcabd56
2025-05-29T03:34:37.285Z [INFO]: Post views updated: 39/0
2025-05-29T03:34:37.321Z [INFO]: Fetching post with ID: 6835cd011a2f3b476bcabd56, userId: 68318f7dff888836007ecc99
2025-05-29T03:34:37.392Z [INFO]: Post found: 6835cd011a2f3b476bcabd56, views: 39/0
2025-05-29T03:34:37.428Z [INFO]: Post views updated: 40/0
2025-05-29T03:35:34.873Z [INFO]: User 68318f7dff888836007ecc99 followed user 681c376158ac95ae022b4c4a
2025-05-29T03:49:53.040Z [ERROR]: ID is invalid
2025-05-29T03:49:54.313Z [ERROR]: ID is invalid
2025-05-29T03:50:09.480Z [INFO]: User 68318f7dff888836007ecc99 unfollowed user 681c376158ac95ae022b4c4a
2025-05-29T03:51:20.696Z [INFO]: Fetching post with ID: 6835cd011a2f3b476bcabd56, userId: 68318f7dff888836007ecc99
2025-05-29T03:51:20.704Z [INFO]: Fetching comments for post ID: 6835cd011a2f3b476bcabd56
2025-05-29T03:51:20.705Z [INFO]: Fetching comments for post ID: 6835cd011a2f3b476bcabd56
2025-05-29T03:51:20.745Z [INFO]: Post found: 6835cd011a2f3b476bcabd56, views: 40/0
2025-05-29T03:51:20.775Z [INFO]: Post views updated: 41/0
2025-05-29T03:51:20.804Z [INFO]: Fetching post with ID: 6835cd011a2f3b476bcabd56, userId: 68318f7dff888836007ecc99
2025-05-29T03:51:20.838Z [INFO]: Fetching comments for post ID: 6835cd011a2f3b476bcabd56
2025-05-29T03:51:20.838Z [INFO]: Fetching comments for post ID: 6835cd011a2f3b476bcabd56
2025-05-29T03:51:20.858Z [INFO]: Post found: 6835cd011a2f3b476bcabd56, views: 41/0
2025-05-29T03:51:20.888Z [INFO]: Post views updated: 42/0
2025-05-29T03:51:23.709Z [INFO]: Fetching post with ID: 6835cd011a2f3b476bcabd56, userId: 68318f7dff888836007ecc99
2025-05-29T03:51:23.717Z [INFO]: Fetching comments for post ID: 6835cd011a2f3b476bcabd56
2025-05-29T03:51:23.717Z [INFO]: Fetching comments for post ID: 6835cd011a2f3b476bcabd56
2025-05-29T03:51:23.758Z [INFO]: Post found: 6835cd011a2f3b476bcabd56, views: 42/0
2025-05-29T03:51:23.785Z [INFO]: Post views updated: 43/0
2025-05-29T03:51:23.816Z [INFO]: Fetching post with ID: 6835cd011a2f3b476bcabd56, userId: 68318f7dff888836007ecc99
2025-05-29T03:51:23.838Z [INFO]: Fetching comments for post ID: 6835cd011a2f3b476bcabd56
2025-05-29T03:51:23.839Z [INFO]: Fetching comments for post ID: 6835cd011a2f3b476bcabd56
2025-05-29T03:51:23.868Z [INFO]: Post found: 6835cd011a2f3b476bcabd56, views: 43/0
2025-05-29T03:51:23.896Z [INFO]: Post views updated: 44/0
2025-05-29T03:51:29.256Z [INFO]: Fetching post with ID: 6835cd011a2f3b476bcabd56, userId: 68318f7dff888836007ecc99
2025-05-29T03:51:29.266Z [INFO]: Fetching comments for post ID: 6835cd011a2f3b476bcabd56
2025-05-29T03:51:29.266Z [INFO]: Fetching comments for post ID: 6835cd011a2f3b476bcabd56
2025-05-29T03:51:29.304Z [INFO]: Post found: 6835cd011a2f3b476bcabd56, views: 44/0
2025-05-29T03:51:29.331Z [INFO]: Post views updated: 45/0
2025-05-29T03:51:29.359Z [INFO]: Fetching post with ID: 6835cd011a2f3b476bcabd56, userId: 68318f7dff888836007ecc99
2025-05-29T03:51:29.387Z [INFO]: Fetching comments for post ID: 6835cd011a2f3b476bcabd56
2025-05-29T03:51:29.388Z [INFO]: Fetching comments for post ID: 6835cd011a2f3b476bcabd56
2025-05-29T03:51:29.407Z [INFO]: Post found: 6835cd011a2f3b476bcabd56, views: 45/0
2025-05-29T03:51:29.435Z [INFO]: Post views updated: 46/0
2025-05-29T03:52:46.189Z [INFO]: Fetching comments for post ID: 6835cd011a2f3b476bcabd56
2025-05-29T03:52:46.189Z [INFO]: Fetching comments for post ID: 6835cd011a2f3b476bcabd56
2025-05-29T03:52:46.192Z [INFO]: Fetching post with ID: 6835cd011a2f3b476bcabd56, userId: 68318f7dff888836007ecc99
2025-05-29T03:52:46.253Z [INFO]: Post found: 6835cd011a2f3b476bcabd56, views: 46/0
2025-05-29T03:52:46.286Z [INFO]: Fetching comments for post ID: 6835cd011a2f3b476bcabd56
2025-05-29T03:52:46.286Z [INFO]: Fetching comments for post ID: 6835cd011a2f3b476bcabd56
2025-05-29T03:52:46.287Z [INFO]: Post views updated: 47/0
2025-05-29T03:52:46.320Z [INFO]: Fetching post with ID: 6835cd011a2f3b476bcabd56, userId: 68318f7dff888836007ecc99
2025-05-29T03:52:46.379Z [INFO]: Post found: 6835cd011a2f3b476bcabd56, views: 47/0
2025-05-29T03:52:46.411Z [INFO]: Post views updated: 48/0
2025-05-29T04:01:11.885Z [ERROR]: ID is invalid
2025-05-29T04:02:00.702Z [ERROR]: ID is invalid
2025-05-29T04:02:00.761Z [ERROR]: ID is invalid
2025-05-29T04:02:03.663Z [ERROR]: ID is invalid
2025-05-29T04:02:25.651Z [ERROR]: ID is invalid
2025-05-29T04:02:35.777Z [ERROR]: ID is invalid
2025-05-29T04:02:35.813Z [ERROR]: ID is invalid
2025-05-29T04:03:27.025Z [INFO]: Fetching post with ID: 6835cd011a2f3b476bcabd56, userId: 6837dbda9a61f514dc377cb7
2025-05-29T04:03:27.039Z [INFO]: Fetching comments for post ID: 6835cd011a2f3b476bcabd56
2025-05-29T04:03:27.040Z [INFO]: Fetching comments for post ID: 6835cd011a2f3b476bcabd56
2025-05-29T04:03:27.085Z [INFO]: Post found: 6835cd011a2f3b476bcabd56, views: 48/0
2025-05-29T04:03:27.118Z [INFO]: Post views updated: 49/0
2025-05-29T04:03:27.137Z [INFO]: Fetching comments for post ID: 6835cd011a2f3b476bcabd56
2025-05-29T04:03:27.138Z [INFO]: Fetching comments for post ID: 6835cd011a2f3b476bcabd56
2025-05-29T04:03:27.152Z [INFO]: Fetching post with ID: 6835cd011a2f3b476bcabd56, userId: 6837dbda9a61f514dc377cb7
2025-05-29T04:03:27.211Z [INFO]: Post found: 6835cd011a2f3b476bcabd56, views: 49/0
2025-05-29T04:03:27.244Z [INFO]: Post views updated: 50/0
2025-05-29T04:03:45.067Z [INFO]: Creating comment for post ID: 6835cd011a2f3b476bcabd56
2025-05-29T04:03:50.052Z [INFO]: Fetching post with ID: 6835cd011a2f3b476bcabd56, userId: 6837dbda9a61f514dc377cb7
2025-05-29T04:03:50.066Z [INFO]: Fetching comments for post ID: 6835cd011a2f3b476bcabd56
2025-05-29T04:03:50.066Z [INFO]: Fetching comments for post ID: 6835cd011a2f3b476bcabd56
2025-05-29T04:03:50.118Z [INFO]: Post found: 6835cd011a2f3b476bcabd56, views: 50/0
2025-05-29T04:03:50.155Z [INFO]: Post views updated: 51/0
2025-05-29T04:03:50.199Z [INFO]: Fetching post with ID: 6835cd011a2f3b476bcabd56, userId: 6837dbda9a61f514dc377cb7
2025-05-29T04:03:50.258Z [INFO]: Fetching comments for post ID: 6835cd011a2f3b476bcabd56
2025-05-29T04:03:50.259Z [INFO]: Fetching comments for post ID: 6835cd011a2f3b476bcabd56
2025-05-29T04:03:50.273Z [INFO]: Post found: 6835cd011a2f3b476bcabd56, views: 51/0
2025-05-29T04:03:50.310Z [INFO]: Post views updated: 52/0
2025-05-29T04:06:00.329Z [INFO]: User 6837dbda9a61f514dc377cb7 followed user 68318f7dff888836007ecc99
2025-05-29T04:06:04.007Z [INFO]: User 6837dbda9a61f514dc377cb7 followed user 683189f4417a5ff1adf23052
2025-05-29T04:14:11.890Z [INFO]: Fetching comments for post ID: 6835cd011a2f3b476bcabd56
2025-05-29T04:14:11.890Z [INFO]: Fetching comments for post ID: 6835cd011a2f3b476bcabd56
2025-05-29T04:14:11.902Z [INFO]: Fetching post with ID: 6835cd011a2f3b476bcabd56, userId: 683189f4417a5ff1adf23052
2025-05-29T04:14:11.995Z [INFO]: Post found: 6835cd011a2f3b476bcabd56, views: 52/0
2025-05-29T04:14:12.019Z [INFO]: Fetching comments for post ID: 6835cd011a2f3b476bcabd56
2025-05-29T04:14:12.020Z [INFO]: Fetching comments for post ID: 6835cd011a2f3b476bcabd56
2025-05-29T04:14:12.042Z [INFO]: Post views updated: 53/0
2025-05-29T04:14:12.097Z [INFO]: Fetching post with ID: 6835cd011a2f3b476bcabd56, userId: 683189f4417a5ff1adf23052
2025-05-29T04:14:12.190Z [INFO]: Post found: 6835cd011a2f3b476bcabd56, views: 53/0
2025-05-29T04:14:12.238Z [INFO]: Post views updated: 54/0
2025-05-29T04:14:18.299Z [INFO]: Fetching comments for post ID: 6835cd011a2f3b476bcabd56
2025-05-29T04:14:18.299Z [INFO]: Fetching comments for post ID: 6835cd011a2f3b476bcabd56
2025-05-29T04:14:18.319Z [INFO]: Fetching post with ID: 6835cd011a2f3b476bcabd56, userId: 683189f4417a5ff1adf23052
2025-05-29T04:14:18.399Z [INFO]: Fetching comments for post ID: 6835cd011a2f3b476bcabd56
2025-05-29T04:14:18.399Z [INFO]: Fetching comments for post ID: 6835cd011a2f3b476bcabd56
2025-05-29T04:14:18.420Z [INFO]: Post found: 6835cd011a2f3b476bcabd56, views: 54/0
2025-05-29T04:14:18.474Z [INFO]: Post views updated: 55/0
2025-05-29T04:14:18.528Z [INFO]: Fetching post with ID: 6835cd011a2f3b476bcabd56, userId: 683189f4417a5ff1adf23052
2025-05-29T04:14:18.629Z [INFO]: Post found: 6835cd011a2f3b476bcabd56, views: 55/0
2025-05-29T04:14:18.689Z [INFO]: Post views updated: 56/0
2025-05-29T04:15:26.417Z [ERROR]: ID is invalid
2025-05-29T04:20:50.894Z [ERROR]: ID is invalid
2025-05-29T04:25:50.352Z [INFO]: Fetching post with ID: 68318d33ff888836007ecadb, userId: 683189f4417a5ff1adf23052
2025-05-29T04:25:50.380Z [INFO]: Fetching comments for post ID: 68318d33ff888836007ecadb
2025-05-29T04:25:50.383Z [INFO]: Fetching comments for post ID: 68318d33ff888836007ecadb
2025-05-29T04:25:50.418Z [INFO]: Post found: 68318d33ff888836007ecadb, views: 62/0
2025-05-29T04:25:50.450Z [INFO]: Post views updated: 63/0
2025-05-29T04:25:50.477Z [INFO]: Fetching post with ID: 68318d33ff888836007ecadb, userId: 683189f4417a5ff1adf23052
2025-05-29T04:25:50.509Z [INFO]: Fetching comments for post ID: 68318d33ff888836007ecadb
2025-05-29T04:25:50.510Z [INFO]: Fetching comments for post ID: 68318d33ff888836007ecadb
2025-05-29T04:25:50.542Z [INFO]: Post found: 68318d33ff888836007ecadb, views: 63/0
2025-05-29T04:25:50.569Z [INFO]: Post views updated: 64/0
2025-05-29T14:05:44.928Z [ERROR]: Cannot find /api/auth/verify-reset-code on this server
2025-05-29T14:05:46.001Z [ERROR]: Cannot find /favicon.ico on this server
2025-05-29T14:31:01.352Z [ERROR]: ID is invalid
2025-05-29T14:31:01.384Z [ERROR]: ID is invalid
2025-05-29T14:55:53.844Z [INFO]: Fetching comments for post ID: 68319085ff888836007ecd14
2025-05-29T14:55:53.845Z [INFO]: Fetching comments for post ID: 68319085ff888836007ecd14
2025-05-29T14:55:53.847Z [INFO]: Fetching post with ID: 68319085ff888836007ecd14, userId: 66dfbd050bdfe18c723f1066
2025-05-29T14:55:53.905Z [INFO]: Post found: 68319085ff888836007ecd14, views: 452/0
2025-05-29T14:55:53.941Z [INFO]: Post views updated: 453/0
2025-05-29T14:55:53.960Z [INFO]: Fetching comments for post ID: 68319085ff888836007ecd14
2025-05-29T14:55:53.962Z [INFO]: Fetching comments for post ID: 68319085ff888836007ecd14
2025-05-29T14:55:53.976Z [INFO]: Fetching post with ID: 68319085ff888836007ecd14, userId: 66dfbd050bdfe18c723f1066
2025-05-29T14:55:54.036Z [INFO]: Post found: 68319085ff888836007ecd14, views: 453/0
2025-05-29T14:55:54.071Z [INFO]: Post views updated: 454/0
2025-05-29T15:03:57.474Z [ERROR]: ID is invalid
2025-05-29T15:15:13.464Z [ERROR]: ID is invalid
2025-05-29T15:15:29.048Z [ERROR]: ID is invalid
2025-05-29T15:15:39.068Z [ERROR]: ID is invalid
2025-05-30T01:49:16.634Z [ERROR]: Cannot find /api/threads on this server
2025-05-30T01:49:21.471Z [ERROR]: Cannot find /api/threads on this server
2025-05-30T01:49:22.485Z [ERROR]: Cannot find /api/threads on this server
2025-05-30T01:49:24.494Z [ERROR]: Cannot find /api/threads on this server
2025-05-30T01:49:28.515Z [ERROR]: Cannot find /api/threads on this server
2025-05-30T01:49:39.411Z [ERROR]: Cannot find /api/threads on this server
2025-05-30T01:58:28.200Z [INFO]: Fetching post with ID: 6837ddd79a61f514dc377f09, userId: 683189f4417a5ff1adf23052
2025-05-30T01:58:28.204Z [INFO]: Fetching comments for post ID: 6837ddd79a61f514dc377f09
2025-05-30T01:58:28.205Z [INFO]: Fetching comments for post ID: 6837ddd79a61f514dc377f09
2025-05-30T01:58:28.288Z [INFO]: Post found: 6837ddd79a61f514dc377f09, views: 0/0
2025-05-30T01:58:28.299Z [INFO]: Fetching comments for post ID: 6837ddd79a61f514dc377f09
2025-05-30T01:58:28.299Z [INFO]: Fetching comments for post ID: 6837ddd79a61f514dc377f09
2025-05-30T01:58:28.340Z [INFO]: Post views updated: 1/0
2025-05-30T01:58:28.386Z [INFO]: Fetching post with ID: 6837ddd79a61f514dc377f09, userId: 683189f4417a5ff1adf23052
2025-05-30T01:58:28.471Z [INFO]: Post found: 6837ddd79a61f514dc377f09, views: 1/0
2025-05-30T01:58:28.517Z [INFO]: Post views updated: 2/0
2025-05-30T02:04:14.689Z [INFO]: Fetching post with ID: 6837ddd79a61f514dc377f09, userId: 683189f4417a5ff1adf23052
2025-05-30T02:04:14.700Z [INFO]: Fetching comments for post ID: 6837ddd79a61f514dc377f09
2025-05-30T02:04:14.700Z [INFO]: Fetching comments for post ID: 6837ddd79a61f514dc377f09
2025-05-30T02:04:14.752Z [INFO]: Post found: 6837ddd79a61f514dc377f09, views: 2/0
2025-05-30T02:04:14.791Z [INFO]: Post views updated: 3/0
2025-05-30T02:04:14.810Z [INFO]: Fetching comments for post ID: 6837ddd79a61f514dc377f09
2025-05-30T02:04:14.811Z [INFO]: Fetching comments for post ID: 6837ddd79a61f514dc377f09
2025-05-30T02:04:14.825Z [INFO]: Fetching post with ID: 6837ddd79a61f514dc377f09, userId: 683189f4417a5ff1adf23052
2025-05-30T02:04:14.887Z [INFO]: Post found: 6837ddd79a61f514dc377f09, views: 3/0
2025-05-30T02:04:14.926Z [INFO]: Post views updated: 4/0
2025-05-30T02:08:19.798Z [INFO]: Fetching post with ID: 6837ddd79a61f514dc377f09, userId: 683189f4417a5ff1adf23052
2025-05-30T02:08:19.803Z [INFO]: Fetching post with ID: 6837ddd79a61f514dc377f09, userId: 683189f4417a5ff1adf23052
2025-05-30T02:08:19.862Z [INFO]: Post found: 6837ddd79a61f514dc377f09, views: 4/0
2025-05-30T02:08:19.871Z [INFO]: Fetching comments for post ID: 6837ddd79a61f514dc377f09
2025-05-30T02:08:19.872Z [INFO]: Fetching comments for post ID: 6837ddd79a61f514dc377f09
2025-05-30T02:08:19.877Z [INFO]: Post found: 6837ddd79a61f514dc377f09, views: 4/0
2025-05-30T02:08:19.903Z [INFO]: Post views updated: 5/0
2025-05-30T02:08:19.909Z [INFO]: Fetching comments for post ID: 6837ddd79a61f514dc377f09
2025-05-30T02:08:19.909Z [INFO]: Fetching comments for post ID: 6837ddd79a61f514dc377f09
2025-05-30T02:08:19.914Z [INFO]: Post views updated: 5/0
2025-05-30T02:17:53.913Z [INFO]: Fetching post with ID: 6837ddd79a61f514dc377f09, userId: 683189f4417a5ff1adf23052
2025-05-30T02:17:53.919Z [INFO]: Fetching comments for post ID: 6837ddd79a61f514dc377f09
2025-05-30T02:17:53.920Z [INFO]: Fetching comments for post ID: 6837ddd79a61f514dc377f09
2025-05-30T02:17:54.002Z [INFO]: Post found: 6837ddd79a61f514dc377f09, views: 5/0
2025-05-30T02:17:54.020Z [INFO]: Fetching comments for post ID: 6837ddd79a61f514dc377f09
2025-05-30T02:17:54.021Z [INFO]: Fetching comments for post ID: 6837ddd79a61f514dc377f09
2025-05-30T02:17:54.046Z [INFO]: Post views updated: 6/0
2025-05-30T02:17:54.088Z [INFO]: Fetching post with ID: 6837ddd79a61f514dc377f09, userId: 683189f4417a5ff1adf23052
2025-05-30T02:17:54.157Z [INFO]: Post found: 6837ddd79a61f514dc377f09, views: 6/0
2025-05-30T02:17:54.193Z [INFO]: Post views updated: 7/0
2025-05-30T02:18:10.565Z [INFO]: Fetching post with ID: 6837ddd79a61f514dc377f09, userId: 683189f4417a5ff1adf23052
2025-05-30T02:18:10.577Z [INFO]: Fetching comments for post ID: 6837ddd79a61f514dc377f09
2025-05-30T02:18:10.578Z [INFO]: Fetching comments for post ID: 6837ddd79a61f514dc377f09
2025-05-30T02:18:10.638Z [INFO]: Post found: 6837ddd79a61f514dc377f09, views: 7/0
2025-05-30T02:18:10.679Z [INFO]: Post views updated: 8/0
2025-05-30T02:28:33.248Z [INFO]: Fetching post with ID: 683915e9f0bfb1f26c7196af, userId: 683189f4417a5ff1adf23052
2025-05-30T02:28:33.251Z [INFO]: Fetching comments for post ID: 683915e9f0bfb1f26c7196af
2025-05-30T02:28:33.251Z [INFO]: Fetching comments for post ID: 683915e9f0bfb1f26c7196af
2025-05-30T02:28:33.315Z [INFO]: Post found: 683915e9f0bfb1f26c7196af, views: 0/0
2025-05-30T02:28:33.335Z [INFO]: Fetching post with ID: 683915e9f0bfb1f26c7196af, userId: 683189f4417a5ff1adf23052
2025-05-30T02:28:33.355Z [INFO]: Post views updated: 1/0
2025-05-30T02:28:33.366Z [INFO]: Fetching comments for post ID: 683915e9f0bfb1f26c7196af
2025-05-30T02:28:33.368Z [INFO]: Fetching comments for post ID: 683915e9f0bfb1f26c7196af
2025-05-30T02:28:33.404Z [INFO]: Post found: 683915e9f0bfb1f26c7196af, views: 1/0
2025-05-30T02:28:33.447Z [INFO]: Post views updated: 2/0
2025-05-30T02:56:22.589Z [INFO]: Fetching comments for post ID: 68391e44fea37d9507568040
2025-05-30T02:56:22.591Z [INFO]: Fetching comments for post ID: 68391e44fea37d9507568040
2025-05-30T02:56:22.593Z [INFO]: Fetching post with ID: 68391e44fea37d9507568040, userId: 68318f7dff888836007ecc99
2025-05-30T02:56:22.686Z [INFO]: Post found: 68391e44fea37d9507568040, views: 0/0
2025-05-30T02:56:22.713Z [INFO]: Fetching comments for post ID: 68391e44fea37d9507568040
2025-05-30T02:56:22.714Z [INFO]: Fetching comments for post ID: 68391e44fea37d9507568040
2025-05-30T02:56:22.738Z [INFO]: Post views updated: 1/0
2025-05-30T02:56:22.787Z [INFO]: Fetching post with ID: 68391e44fea37d9507568040, userId: 68318f7dff888836007ecc99
2025-05-30T02:56:22.880Z [INFO]: Post found: 68391e44fea37d9507568040, views: 1/0
2025-05-30T02:56:22.928Z [INFO]: Post views updated: 2/0
2025-05-30T02:58:20.007Z [ERROR]: ID is invalid
2025-05-30T02:58:46.278Z [ERROR]: ID is invalid
2025-05-30T03:08:54.854Z [ERROR]: ID is invalid
2025-05-30T03:09:06.036Z [ERROR]: ID is invalid
2025-05-30T03:10:51.526Z [ERROR]: ID is invalid
2025-05-30T03:11:02.562Z [ERROR]: ID is invalid
2025-05-30T03:11:38.232Z [ERROR]: Unexpected field
2025-05-30T03:11:46.720Z [ERROR]: Unexpected field
2025-05-30T03:12:10.030Z [ERROR]: ID is invalid
2025-05-30T03:12:17.384Z [ERROR]: Unexpected field
2025-05-30T03:12:57.434Z [ERROR]: ID is invalid
2025-05-30T03:13:11.611Z [ERROR]: Unexpected field
2025-05-30T03:13:42.951Z [ERROR]: ID is invalid
2025-05-30T03:13:43.015Z [ERROR]: ID is invalid
2025-05-30T03:13:50.750Z [ERROR]: ID is invalid
2025-05-30T03:13:51.015Z [ERROR]: ID is invalid
2025-05-30T03:17:12.522Z [ERROR]: ID is invalid
2025-05-30T03:17:12.934Z [ERROR]: ID is invalid
2025-05-30T03:17:12.977Z [ERROR]: ID is invalid
2025-05-30T03:17:36.074Z [ERROR]: Unexpected field
2025-05-30T03:18:05.157Z [ERROR]: ID is invalid
2025-05-30T03:18:05.161Z [ERROR]: ID is invalid
2025-05-30T03:18:05.444Z [ERROR]: ID is invalid
2025-05-30T03:18:05.733Z [ERROR]: ID is invalid
2025-05-30T03:18:05.905Z [ERROR]: ID is invalid
2025-05-30T03:18:12.381Z [ERROR]: Unexpected field
2025-05-30T03:18:20.555Z [ERROR]: Unexpected field
2025-05-30T03:18:20.794Z [ERROR]: Unexpected field
2025-05-30T03:18:40.549Z [ERROR]: ID is invalid
2025-05-30T03:18:40.649Z [ERROR]: ID is invalid
2025-05-30T03:18:50.982Z [ERROR]: ID is invalid
2025-05-30T03:18:51.100Z [ERROR]: ID is invalid
2025-05-30T03:19:05.524Z [ERROR]: Unexpected field
2025-05-30T03:19:27.386Z [ERROR]: ID is invalid
2025-05-30T03:19:27.517Z [ERROR]: ID is invalid
2025-05-30T03:19:29.393Z [ERROR]: ID is invalid
2025-05-30T03:19:51.810Z [ERROR]: ID is invalid
2025-05-30T03:19:52.237Z [ERROR]: ID is invalid
2025-05-30T03:24:50.638Z [ERROR]: ID is invalid
2025-05-30T03:24:50.646Z [ERROR]: ID is invalid
2025-05-30T03:24:51.038Z [ERROR]: ID is invalid
2025-05-30T03:24:51.308Z [ERROR]: ID is invalid
2025-05-30T03:24:51.317Z [ERROR]: ID is invalid
2025-05-30T03:25:13.745Z [ERROR]: ID is invalid
2025-05-30T03:25:18.464Z [ERROR]: ID is invalid
2025-05-30T03:38:06.501Z [INFO]: Fetching post with ID: 6837ddd79a61f514dc377f09, userId: 68318f7dff888836007ecc99
2025-05-30T03:38:06.514Z [INFO]: Fetching comments for post ID: 6837ddd79a61f514dc377f09
2025-05-30T03:38:06.515Z [INFO]: Fetching comments for post ID: 6837ddd79a61f514dc377f09
2025-05-30T03:38:06.560Z [INFO]: Post found: 6837ddd79a61f514dc377f09, views: 8/0
2025-05-30T03:38:06.597Z [INFO]: Post views updated: 9/0
2025-05-30T03:38:06.629Z [INFO]: Fetching post with ID: 6837ddd79a61f514dc377f09, userId: 68318f7dff888836007ecc99
2025-05-30T03:38:06.632Z [INFO]: Fetching comments for post ID: 6837ddd79a61f514dc377f09
2025-05-30T03:38:06.633Z [INFO]: Fetching comments for post ID: 6837ddd79a61f514dc377f09
2025-05-30T03:38:06.688Z [INFO]: Post found: 6837ddd79a61f514dc377f09, views: 9/0
2025-05-30T03:38:06.718Z [INFO]: Post views updated: 10/0
2025-05-30T03:42:17.927Z [INFO]: Fetching post with ID: 6837ddd79a61f514dc377f09, userId: 68318f7dff888836007ecc99
2025-05-30T03:42:17.936Z [INFO]: Fetching comments for post ID: 6837ddd79a61f514dc377f09
2025-05-30T03:42:17.936Z [INFO]: Fetching comments for post ID: 6837ddd79a61f514dc377f09
2025-05-30T03:42:18.019Z [INFO]: Post found: 6837ddd79a61f514dc377f09, views: 10/0
2025-05-30T03:42:18.070Z [INFO]: Fetching comments for post ID: 6837ddd79a61f514dc377f09
2025-05-30T03:42:18.070Z [INFO]: Fetching comments for post ID: 6837ddd79a61f514dc377f09
2025-05-30T03:42:18.081Z [INFO]: Post views updated: 11/0
2025-05-30T03:42:18.133Z [INFO]: Fetching post with ID: 6837ddd79a61f514dc377f09, userId: 68318f7dff888836007ecc99
2025-05-30T03:42:18.235Z [INFO]: Post found: 6837ddd79a61f514dc377f09, views: 11/0
2025-05-30T03:42:18.285Z [INFO]: Post views updated: 12/0
2025-05-30T03:42:34.487Z [INFO]: Fetching comments for post ID: 6837ddd79a61f514dc377f09
2025-05-30T03:42:34.487Z [INFO]: Fetching comments for post ID: 6837ddd79a61f514dc377f09
2025-05-30T03:42:34.493Z [INFO]: Fetching post with ID: 6837ddd79a61f514dc377f09, userId: 68318f7dff888836007ecc99
2025-05-30T03:42:34.565Z [INFO]: Post found: 6837ddd79a61f514dc377f09, views: 12/0
2025-05-30T03:42:34.569Z [INFO]: Fetching comments for post ID: 6837ddd79a61f514dc377f09
2025-05-30T03:42:34.570Z [INFO]: Fetching comments for post ID: 6837ddd79a61f514dc377f09
2025-05-30T03:42:34.606Z [INFO]: Post views updated: 13/0
2025-05-30T03:42:34.648Z [INFO]: Fetching post with ID: 6837ddd79a61f514dc377f09, userId: 68318f7dff888836007ecc99
2025-05-30T03:42:34.722Z [INFO]: Post found: 6837ddd79a61f514dc377f09, views: 13/0
2025-05-30T03:42:34.761Z [INFO]: Post views updated: 14/0
2025-05-30T03:43:48.116Z [INFO]: Fetching post with ID: 6837ddd79a61f514dc377f09, userId: 68318f7dff888836007ecc99
2025-05-30T03:43:48.125Z [INFO]: Fetching comments for post ID: 6837ddd79a61f514dc377f09
2025-05-30T03:43:48.125Z [INFO]: Fetching comments for post ID: 6837ddd79a61f514dc377f09
2025-05-30T03:43:48.172Z [INFO]: Post found: 6837ddd79a61f514dc377f09, views: 14/0
2025-05-30T03:43:48.203Z [INFO]: Post views updated: 15/0
2025-05-30T03:43:53.120Z [INFO]: Fetching post with ID: 6837ddd79a61f514dc377f09, userId: 68318f7dff888836007ecc99
2025-05-30T03:43:53.126Z [INFO]: Fetching comments for post ID: 6837ddd79a61f514dc377f09
2025-05-30T03:43:53.126Z [INFO]: Fetching comments for post ID: 6837ddd79a61f514dc377f09
2025-05-30T03:43:53.208Z [INFO]: Post found: 6837ddd79a61f514dc377f09, views: 15/0
2025-05-30T03:43:53.258Z [INFO]: Post views updated: 16/0
2025-05-30T03:43:53.267Z [INFO]: Fetching comments for post ID: 6837ddd79a61f514dc377f09
2025-05-30T03:43:53.268Z [INFO]: Fetching comments for post ID: 6837ddd79a61f514dc377f09
2025-05-30T03:43:53.305Z [INFO]: Fetching post with ID: 6837ddd79a61f514dc377f09, userId: 68318f7dff888836007ecc99
2025-05-30T03:43:53.393Z [INFO]: Post found: 6837ddd79a61f514dc377f09, views: 16/0
2025-05-30T03:43:53.441Z [INFO]: Post views updated: 17/0
2025-05-30T03:44:16.097Z [INFO]: Fetching post with ID: 6837ddd79a61f514dc377f09, userId: 68318f7dff888836007ecc99
2025-05-30T03:44:16.111Z [INFO]: Fetching comments for post ID: 6837ddd79a61f514dc377f09
2025-05-30T03:44:16.112Z [INFO]: Fetching comments for post ID: 6837ddd79a61f514dc377f09
2025-05-30T03:44:16.184Z [INFO]: Post found: 6837ddd79a61f514dc377f09, views: 17/0
2025-05-30T03:44:16.231Z [INFO]: Post views updated: 18/0
2025-05-30T03:44:56.262Z [INFO]: Fetching comments for post ID: 6837ddd79a61f514dc377f09
2025-05-30T03:44:56.263Z [INFO]: Fetching comments for post ID: 6837ddd79a61f514dc377f09
2025-05-30T03:44:56.275Z [INFO]: Fetching post with ID: 6837ddd79a61f514dc377f09, userId: 68318f7dff888836007ecc99
2025-05-30T03:44:56.368Z [INFO]: Post found: 6837ddd79a61f514dc377f09, views: 18/0
2025-05-30T03:44:56.422Z [INFO]: Post views updated: 19/0
2025-05-30T03:45:09.638Z [INFO]: Fetching comments for post ID: 6837ddd79a61f514dc377f09
2025-05-30T03:45:09.638Z [INFO]: Fetching comments for post ID: 6837ddd79a61f514dc377f09
2025-05-30T03:45:09.643Z [INFO]: Fetching post with ID: 6837ddd79a61f514dc377f09, userId: 68318f7dff888836007ecc99
2025-05-30T03:45:09.718Z [INFO]: Post found: 6837ddd79a61f514dc377f09, views: 19/0
2025-05-30T03:45:09.760Z [INFO]: Post views updated: 20/0
2025-05-30T03:45:20.955Z [INFO]: Fetching post with ID: 68319085ff888836007ecd14, userId: 68318f7dff888836007ecc99
2025-05-30T03:45:20.957Z [INFO]: Fetching comments for post ID: 68319085ff888836007ecd14
2025-05-30T03:45:20.957Z [INFO]: Fetching comments for post ID: 68319085ff888836007ecd14
2025-05-30T03:45:21.009Z [INFO]: Post found: 68319085ff888836007ecd14, views: 454/0
2025-05-30T03:45:21.039Z [INFO]: Post views updated: 455/0
2025-05-30T03:45:21.070Z [INFO]: Fetching post with ID: 68319085ff888836007ecd14, userId: 68318f7dff888836007ecc99
2025-05-30T03:45:21.108Z [INFO]: Fetching comments for post ID: 68319085ff888836007ecd14
2025-05-30T03:45:21.109Z [INFO]: Fetching comments for post ID: 68319085ff888836007ecd14
2025-05-30T03:45:21.129Z [INFO]: Post found: 68319085ff888836007ecd14, views: 455/0
2025-05-30T03:45:21.160Z [INFO]: Post views updated: 456/0
2025-05-30T03:46:15.659Z [INFO]: Fetching comments for post ID: 68319085ff888836007ecd14
2025-05-30T03:46:15.660Z [INFO]: Fetching comments for post ID: 68319085ff888836007ecd14
2025-05-30T03:46:15.665Z [INFO]: Fetching post with ID: 68319085ff888836007ecd14, userId: 68318f7dff888836007ecc99
2025-05-30T03:46:15.770Z [INFO]: Post found: 68319085ff888836007ecd14, views: 456/0
2025-05-30T03:46:15.823Z [INFO]: Post views updated: 457/0
2025-05-30T03:46:58.541Z [INFO]: Fetching comments for post ID: 6837ddd79a61f514dc377f09
2025-05-30T03:46:58.541Z [INFO]: Fetching comments for post ID: 6837ddd79a61f514dc377f09
2025-05-30T03:46:58.543Z [INFO]: Fetching post with ID: 6837ddd79a61f514dc377f09, userId: 68318f7dff888836007ecc99
2025-05-30T03:46:58.605Z [INFO]: Post found: 6837ddd79a61f514dc377f09, views: 20/0
2025-05-30T03:46:58.639Z [INFO]: Fetching comments for post ID: 6837ddd79a61f514dc377f09
2025-05-30T03:46:58.640Z [INFO]: Fetching comments for post ID: 6837ddd79a61f514dc377f09
2025-05-30T03:46:58.645Z [INFO]: Post views updated: 21/0
2025-05-30T03:46:58.680Z [INFO]: Fetching post with ID: 6837ddd79a61f514dc377f09, userId: 68318f7dff888836007ecc99
2025-05-30T03:46:58.742Z [INFO]: Post found: 6837ddd79a61f514dc377f09, views: 21/0
2025-05-30T03:46:58.779Z [INFO]: Post views updated: 22/0
2025-05-30T03:47:22.386Z [INFO]: Fetching post with ID: 6837ddd79a61f514dc377f09, userId: 68318f7dff888836007ecc99
2025-05-30T03:47:22.413Z [INFO]: Fetching comments for post ID: 6837ddd79a61f514dc377f09
2025-05-30T03:47:22.414Z [INFO]: Fetching comments for post ID: 6837ddd79a61f514dc377f09
2025-05-30T03:47:22.457Z [INFO]: Post found: 6837ddd79a61f514dc377f09, views: 22/0
2025-05-30T03:47:22.490Z [INFO]: Post views updated: 23/0
2025-05-30T03:47:29.878Z [INFO]: Fetching comments for post ID: 68319085ff888836007ecd14
2025-05-30T03:47:29.879Z [INFO]: Fetching comments for post ID: 68319085ff888836007ecd14
2025-05-30T03:47:29.889Z [INFO]: Fetching post with ID: 68319085ff888836007ecd14, userId: 68318f7dff888836007ecc99
2025-05-30T03:47:29.978Z [INFO]: Post found: 68319085ff888836007ecd14, views: 457/0
2025-05-30T03:47:30.009Z [INFO]: Fetching comments for post ID: 68319085ff888836007ecd14
2025-05-30T03:47:30.010Z [INFO]: Fetching comments for post ID: 68319085ff888836007ecd14
2025-05-30T03:47:30.025Z [INFO]: Post views updated: 458/0
2025-05-30T03:47:30.074Z [INFO]: Fetching post with ID: 68319085ff888836007ecd14, userId: 68318f7dff888836007ecc99
2025-05-30T03:47:30.165Z [INFO]: Post found: 68319085ff888836007ecd14, views: 458/0
2025-05-30T03:47:30.213Z [INFO]: Post views updated: 459/0
2025-05-30T03:48:00.329Z [INFO]: Fetching comments for post ID: 68319085ff888836007ecd14
2025-05-30T03:48:00.330Z [INFO]: Fetching comments for post ID: 68319085ff888836007ecd14
2025-05-30T03:48:00.488Z [INFO]: Fetching post with ID: 68319085ff888836007ecd14, userId: 68318f7dff888836007ecc99
2025-05-30T03:48:00.682Z [INFO]: Post found: 68319085ff888836007ecd14, views: 459/0
2025-05-30T03:48:00.726Z [INFO]: Post views updated: 460/0
2025-05-30T03:49:06.761Z [INFO]: Fetching comments for post ID: 68319085ff888836007ecd14
2025-05-30T03:49:06.762Z [INFO]: Fetching comments for post ID: 68319085ff888836007ecd14
2025-05-30T03:49:06.770Z [INFO]: Fetching post with ID: 68319085ff888836007ecd14, userId: 68318f7dff888836007ecc99
2025-05-30T03:49:06.849Z [INFO]: Post found: 68319085ff888836007ecd14, views: 460/0
2025-05-30T03:49:06.856Z [INFO]: Fetching post with ID: 68319085ff888836007ecd14, userId: 68318f7dff888836007ecc99
2025-05-30T03:49:06.873Z [INFO]: Fetching comments for post ID: 68319085ff888836007ecd14
2025-05-30T03:49:06.874Z [INFO]: Fetching comments for post ID: 68319085ff888836007ecd14
2025-05-30T03:49:06.895Z [INFO]: Post views updated: 461/0
2025-05-30T03:49:06.920Z [INFO]: Post found: 68319085ff888836007ecd14, views: 461/0
2025-05-30T03:49:06.962Z [INFO]: Post views updated: 462/0
2025-05-30T03:49:46.476Z [INFO]: Fetching post with ID: 68319085ff888836007ecd14, userId: 68318f7dff888836007ecc99
2025-05-30T03:49:46.492Z [INFO]: Fetching comments for post ID: 68319085ff888836007ecd14
2025-05-30T03:49:46.493Z [INFO]: Fetching comments for post ID: 68319085ff888836007ecd14
2025-05-30T03:49:46.571Z [INFO]: Post found: 68319085ff888836007ecd14, views: 462/0
2025-05-30T03:49:46.621Z [INFO]: Post views updated: 463/0
2025-05-30T03:50:56.933Z [INFO]: Fetching comments for post ID: 68319085ff888836007ecd14
2025-05-30T03:50:56.934Z [INFO]: Fetching comments for post ID: 68319085ff888836007ecd14
2025-05-30T03:50:56.943Z [INFO]: Fetching post with ID: 68319085ff888836007ecd14, userId: 68318f7dff888836007ecc99
2025-05-30T03:50:57.025Z [INFO]: Post found: 68319085ff888836007ecd14, views: 463/0
2025-05-30T03:50:57.043Z [INFO]: Fetching comments for post ID: 68319085ff888836007ecd14
2025-05-30T03:50:57.043Z [INFO]: Fetching comments for post ID: 68319085ff888836007ecd14
2025-05-30T03:50:57.068Z [INFO]: Post views updated: 464/0
2025-05-30T03:50:57.111Z [INFO]: Fetching post with ID: 68319085ff888836007ecd14, userId: 68318f7dff888836007ecc99
2025-05-30T03:50:57.193Z [INFO]: Post found: 68319085ff888836007ecd14, views: 464/0
2025-05-30T03:50:57.238Z [INFO]: Post views updated: 465/0
2025-05-30T03:51:23.246Z [INFO]: Fetching post with ID: 68319085ff888836007ecd14, userId: 68318f7dff888836007ecc99
2025-05-30T03:51:23.248Z [INFO]: Fetching comments for post ID: 68319085ff888836007ecd14
2025-05-30T03:51:23.248Z [INFO]: Fetching comments for post ID: 68319085ff888836007ecd14
2025-05-30T03:51:23.335Z [INFO]: Post found: 68319085ff888836007ecd14, views: 465/0
2025-05-30T03:51:23.390Z [INFO]: Post views updated: 466/0
2025-05-30T03:51:33.394Z [INFO]: Fetching post with ID: 68319085ff888836007ecd14, userId: 68318f7dff888836007ecc99
2025-05-30T03:51:33.401Z [INFO]: Fetching comments for post ID: 68319085ff888836007ecd14
2025-05-30T03:51:33.401Z [INFO]: Fetching comments for post ID: 68319085ff888836007ecd14
2025-05-30T03:51:33.451Z [INFO]: Post found: 68319085ff888836007ecd14, views: 466/0
2025-05-30T03:51:33.482Z [INFO]: Post views updated: 467/0
2025-05-30T03:51:47.413Z [INFO]: Fetching comments for post ID: 68319085ff888836007ecd14
2025-05-30T03:51:47.414Z [INFO]: Fetching comments for post ID: 68319085ff888836007ecd14
2025-05-30T03:51:47.421Z [INFO]: Fetching post with ID: 68319085ff888836007ecd14, userId: 68318f7dff888836007ecc99
2025-05-30T03:51:47.509Z [INFO]: Post found: 68319085ff888836007ecd14, views: 467/0
2025-05-30T03:51:47.557Z [INFO]: Post views updated: 468/0
2025-05-30T03:51:57.399Z [INFO]: Fetching post with ID: 68319085ff888836007ecd14, userId: 68318f7dff888836007ecc99
2025-05-30T03:51:57.412Z [INFO]: Fetching comments for post ID: 68319085ff888836007ecd14
2025-05-30T03:51:57.412Z [INFO]: Fetching comments for post ID: 68319085ff888836007ecd14
2025-05-30T03:51:57.454Z [INFO]: Post found: 68319085ff888836007ecd14, views: 468/0
2025-05-30T03:51:57.484Z [INFO]: Post views updated: 469/0
2025-05-30T03:52:05.613Z [INFO]: Fetching post with ID: 68319085ff888836007ecd14, userId: 68318f7dff888836007ecc99
2025-05-30T03:52:05.618Z [INFO]: Fetching comments for post ID: 68319085ff888836007ecd14
2025-05-30T03:52:05.619Z [INFO]: Fetching comments for post ID: 68319085ff888836007ecd14
2025-05-30T03:52:05.693Z [INFO]: Post found: 68319085ff888836007ecd14, views: 469/0
2025-05-30T03:52:05.738Z [INFO]: Post views updated: 470/0
2025-05-30T03:52:26.282Z [INFO]: Fetching comments for post ID: 68319085ff888836007ecd14
2025-05-30T03:52:26.283Z [INFO]: Fetching comments for post ID: 68319085ff888836007ecd14
2025-05-30T03:52:26.288Z [INFO]: Fetching post with ID: 68319085ff888836007ecd14, userId: 68318f7dff888836007ecc99
2025-05-30T03:52:26.384Z [INFO]: Post found: 68319085ff888836007ecd14, views: 470/0
2025-05-30T03:52:26.434Z [INFO]: Post views updated: 471/0
2025-05-30T03:52:37.391Z [INFO]: Fetching comments for post ID: 68319085ff888836007ecd14
2025-05-30T03:52:37.391Z [INFO]: Fetching comments for post ID: 68319085ff888836007ecd14
2025-05-30T03:52:37.402Z [INFO]: Fetching post with ID: 68319085ff888836007ecd14, userId: 68318f7dff888836007ecc99
2025-05-30T03:52:37.481Z [INFO]: Post found: 68319085ff888836007ecd14, views: 471/0
2025-05-30T03:52:37.525Z [INFO]: Post views updated: 472/0
2025-05-30T03:53:19.396Z [INFO]: Fetching post with ID: 68319085ff888836007ecd14, userId: 68318f7dff888836007ecc99
2025-05-30T03:53:19.400Z [INFO]: Fetching comments for post ID: 68319085ff888836007ecd14
2025-05-30T03:53:19.400Z [INFO]: Fetching comments for post ID: 68319085ff888836007ecd14
2025-05-30T03:53:19.450Z [INFO]: Post found: 68319085ff888836007ecd14, views: 472/0
2025-05-30T03:53:19.484Z [INFO]: Post views updated: 473/0
2025-05-30T03:54:59.143Z [INFO]: Fetching comments for post ID: 6837ddd79a61f514dc377f09
2025-05-30T03:54:59.144Z [INFO]: Fetching comments for post ID: 6837ddd79a61f514dc377f09
2025-05-30T03:54:59.147Z [INFO]: Fetching post with ID: 6837ddd79a61f514dc377f09, userId: 68318f7dff888836007ecc99
2025-05-30T03:54:59.239Z [INFO]: Post found: 6837ddd79a61f514dc377f09, views: 23/0
2025-05-30T03:54:59.259Z [INFO]: Fetching comments for post ID: 6837ddd79a61f514dc377f09
2025-05-30T03:54:59.260Z [INFO]: Fetching comments for post ID: 6837ddd79a61f514dc377f09
2025-05-30T03:54:59.292Z [INFO]: Post views updated: 24/0
2025-05-30T03:54:59.340Z [INFO]: Fetching post with ID: 6837ddd79a61f514dc377f09, userId: 68318f7dff888836007ecc99
2025-05-30T03:54:59.432Z [INFO]: Post found: 6837ddd79a61f514dc377f09, views: 24/0
2025-05-30T03:54:59.480Z [INFO]: Post views updated: 25/0
2025-05-30T04:09:08.229Z [ERROR]: ID is invalid
2025-05-30T06:32:46.863Z [INFO]: Fetching post with ID: 68318d33ff888836007ecadb, userId: 68318f7dff888836007ecc99
2025-05-30T06:32:46.940Z [INFO]: Post found: 68318d33ff888836007ecadb, views: 64/0
2025-05-30T06:32:46.976Z [INFO]: Post views updated: 65/0
2025-05-30T06:32:47.014Z [INFO]: Fetching post with ID: 68318d33ff888836007ecadb, userId: 68318f7dff888836007ecc99
2025-05-30T06:32:47.072Z [INFO]: Post found: 68318d33ff888836007ecadb, views: 65/0
2025-05-30T06:32:47.107Z [INFO]: Post views updated: 66/0
2025-05-30T06:32:47.134Z [INFO]: Fetching comments for post ID: 68318d33ff888836007ecadb
2025-05-30T06:32:47.135Z [INFO]: Fetching comments for post ID: 68318d33ff888836007ecadb
2025-05-30T06:32:47.261Z [INFO]: Fetching comments for post ID: 68318d33ff888836007ecadb
2025-05-30T06:32:47.261Z [INFO]: Fetching comments for post ID: 68318d33ff888836007ecadb
2025-05-30T06:32:55.925Z [INFO]: Fetching comments for post ID: 68319085ff888836007ecd14
2025-05-30T06:32:55.926Z [INFO]: Fetching comments for post ID: 68319085ff888836007ecd14
2025-05-30T06:32:55.929Z [INFO]: Fetching post with ID: 68319085ff888836007ecd14, userId: 68318f7dff888836007ecc99
2025-05-30T06:32:56.023Z [INFO]: Post found: 68319085ff888836007ecd14, views: 473/0
2025-05-30T06:32:56.066Z [INFO]: Fetching comments for post ID: 68319085ff888836007ecd14
2025-05-30T06:32:56.066Z [INFO]: Fetching comments for post ID: 68319085ff888836007ecd14
2025-05-30T06:32:56.080Z [INFO]: Post views updated: 474/0
2025-05-30T06:32:56.129Z [INFO]: Fetching post with ID: 68319085ff888836007ecd14, userId: 68318f7dff888836007ecc99
2025-05-30T06:32:56.219Z [INFO]: Post found: 68319085ff888836007ecd14, views: 474/0
2025-05-30T06:32:56.264Z [INFO]: Post views updated: 475/0
2025-05-30T06:45:48.931Z [INFO]: Fetching post with ID: 68319085ff888836007ecd14, userId: 6837dbda9a61f514dc377cb7
2025-05-30T06:45:48.949Z [INFO]: Fetching comments for post ID: 68319085ff888836007ecd14
2025-05-30T06:45:48.949Z [INFO]: Fetching comments for post ID: 68319085ff888836007ecd14
2025-05-30T06:45:48.991Z [INFO]: Post found: 68319085ff888836007ecd14, views: 475/0
2025-05-30T06:45:49.040Z [INFO]: Post views updated: 476/0
2025-05-30T06:45:49.075Z [INFO]: Fetching post with ID: 68319085ff888836007ecd14, userId: 6837dbda9a61f514dc377cb7
2025-05-30T06:45:49.137Z [INFO]: Post found: 68319085ff888836007ecd14, views: 476/0
2025-05-30T06:45:49.147Z [INFO]: Fetching comments for post ID: 68319085ff888836007ecd14
2025-05-30T06:45:49.147Z [INFO]: Fetching comments for post ID: 68319085ff888836007ecd14
2025-05-30T06:45:49.169Z [INFO]: Post views updated: 477/0
2025-05-30T06:55:57.219Z [ERROR]: ID is invalid
2025-05-30T06:55:57.264Z [ERROR]: ID is invalid
2025-05-30T07:02:50.670Z [ERROR]: ID is invalid
2025-05-30T07:11:40.590Z [ERROR]: ID is invalid
2025-05-30T07:11:42.787Z [ERROR]: ID is invalid
2025-05-30T07:14:08.191Z [ERROR]: ID is invalid
2025-05-30T07:19:29.402Z [ERROR]: ID is invalid
2025-05-30T07:20:46.393Z [ERROR]: ID is invalid
2025-05-30T07:20:48.378Z [ERROR]: ID is invalid
2025-05-30T07:20:48.920Z [ERROR]: ID is invalid
2025-05-30T07:20:48.986Z [ERROR]: ID is invalid
2025-05-30T07:21:07.880Z [ERROR]: ID is invalid
2025-05-30T07:21:07.925Z [ERROR]: ID is invalid
2025-05-30T07:21:08.033Z [ERROR]: ID is invalid
2025-05-30T07:21:20.711Z [ERROR]: ID is invalid
2025-05-30T07:21:20.763Z [ERROR]: ID is invalid
2025-05-30T07:21:44.900Z [ERROR]: ID is invalid
2025-05-30T07:21:44.967Z [ERROR]: ID is invalid
2025-05-30T07:21:45.014Z [ERROR]: ID is invalid
2025-05-30T07:21:55.104Z [ERROR]: ID is invalid
2025-05-30T07:21:55.146Z [ERROR]: ID is invalid
2025-05-30T07:21:55.205Z [ERROR]: ID is invalid
2025-05-30T07:22:12.596Z [ERROR]: ID is invalid
2025-05-30T07:22:12.627Z [ERROR]: ID is invalid
2025-05-30T07:31:39.850Z [INFO]: Fetching post with ID: 68319085ff888836007ecd14, userId: 683189f4417a5ff1adf23052
2025-05-30T07:31:39.857Z [INFO]: Fetching comments for post ID: 68319085ff888836007ecd14
2025-05-30T07:31:39.857Z [INFO]: Fetching comments for post ID: 68319085ff888836007ecd14
2025-05-30T07:31:39.906Z [INFO]: Post found: 68319085ff888836007ecd14, views: 477/0
2025-05-30T07:31:39.941Z [INFO]: Post views updated: 478/0
2025-05-30T07:31:39.975Z [INFO]: Fetching post with ID: 68319085ff888836007ecd14, userId: 683189f4417a5ff1adf23052
2025-05-30T07:31:39.992Z [INFO]: Fetching comments for post ID: 68319085ff888836007ecd14
2025-05-30T07:31:39.992Z [INFO]: Fetching comments for post ID: 68319085ff888836007ecd14
2025-05-30T07:31:40.037Z [INFO]: Post found: 68319085ff888836007ecd14, views: 478/0
2025-05-30T07:31:40.072Z [INFO]: Post views updated: 479/0
2025-05-30T07:31:45.190Z [INFO]: Fetching comments for post ID: 6835cd011a2f3b476bcabd56
2025-05-30T07:31:45.191Z [INFO]: Fetching comments for post ID: 6835cd011a2f3b476bcabd56
2025-05-30T07:31:45.197Z [INFO]: Fetching post with ID: 6835cd011a2f3b476bcabd56, userId: 683189f4417a5ff1adf23052
2025-05-30T07:31:45.252Z [INFO]: Post found: 6835cd011a2f3b476bcabd56, views: 56/0
2025-05-30T07:31:45.283Z [INFO]: Post views updated: 57/0
2025-05-30T07:31:45.300Z [INFO]: Fetching comments for post ID: 6835cd011a2f3b476bcabd56
2025-05-30T07:31:45.300Z [INFO]: Fetching comments for post ID: 6835cd011a2f3b476bcabd56
2025-05-30T07:31:45.312Z [INFO]: Fetching post with ID: 6835cd011a2f3b476bcabd56, userId: 683189f4417a5ff1adf23052
2025-05-30T07:31:45.364Z [INFO]: Post found: 6835cd011a2f3b476bcabd56, views: 57/0
2025-05-30T07:31:45.394Z [INFO]: Post views updated: 58/0
2025-05-30T07:31:48.239Z [INFO]: Fetching post with ID: 68319085ff888836007ecd14, userId: 683189f4417a5ff1adf23052
2025-05-30T07:31:48.242Z [INFO]: Fetching comments for post ID: 68319085ff888836007ecd14
2025-05-30T07:31:48.242Z [INFO]: Fetching comments for post ID: 68319085ff888836007ecd14
2025-05-30T07:31:48.303Z [INFO]: Post found: 68319085ff888836007ecd14, views: 479/0
2025-05-30T07:31:48.338Z [INFO]: Post views updated: 480/0
2025-05-30T07:31:48.352Z [INFO]: Fetching comments for post ID: 68319085ff888836007ecd14
2025-05-30T07:31:48.352Z [INFO]: Fetching comments for post ID: 68319085ff888836007ecd14
2025-05-30T07:31:48.373Z [INFO]: Fetching post with ID: 68319085ff888836007ecd14, userId: 683189f4417a5ff1adf23052
2025-05-30T07:31:48.436Z [INFO]: Post found: 68319085ff888836007ecd14, views: 480/0
2025-05-30T07:31:48.471Z [INFO]: Post views updated: 481/0
2025-05-30T07:31:50.360Z [INFO]: Fetching post with ID: 68319085ff888836007ecd14, userId: 683189f4417a5ff1adf23052
2025-05-30T07:31:50.366Z [INFO]: Fetching comments for post ID: 68319085ff888836007ecd14
2025-05-30T07:31:50.367Z [INFO]: Fetching comments for post ID: 68319085ff888836007ecd14
2025-05-30T07:31:50.417Z [INFO]: Post found: 68319085ff888836007ecd14, views: 481/0
2025-05-30T07:31:50.448Z [INFO]: Post views updated: 482/0
2025-05-30T07:31:50.479Z [INFO]: Fetching post with ID: 68319085ff888836007ecd14, userId: 683189f4417a5ff1adf23052
2025-05-30T07:31:50.514Z [INFO]: Fetching comments for post ID: 68319085ff888836007ecd14
2025-05-30T07:31:50.515Z [INFO]: Fetching comments for post ID: 68319085ff888836007ecd14
2025-05-30T07:31:50.540Z [INFO]: Post found: 68319085ff888836007ecd14, views: 482/0
2025-05-30T07:31:50.573Z [INFO]: Post views updated: 483/0
2025-05-30T07:31:53.872Z [INFO]: Fetching comments for post ID: 68319085ff888836007ecd14
2025-05-30T07:31:53.873Z [INFO]: Fetching comments for post ID: 68319085ff888836007ecd14
2025-05-30T07:31:53.875Z [INFO]: Fetching post with ID: 68319085ff888836007ecd14, userId: 683189f4417a5ff1adf23052
2025-05-30T07:31:53.942Z [INFO]: Post found: 68319085ff888836007ecd14, views: 483/0
2025-05-30T07:31:53.978Z [INFO]: Post views updated: 484/0
2025-05-30T07:31:53.988Z [INFO]: Fetching comments for post ID: 68319085ff888836007ecd14
2025-05-30T07:31:53.988Z [INFO]: Fetching comments for post ID: 68319085ff888836007ecd14
2025-05-30T07:31:54.013Z [INFO]: Fetching post with ID: 68319085ff888836007ecd14, userId: 683189f4417a5ff1adf23052
2025-05-30T07:31:54.075Z [INFO]: Post found: 68319085ff888836007ecd14, views: 484/0
2025-05-30T07:31:54.110Z [INFO]: Post views updated: 485/0
2025-05-30T07:31:58.386Z [INFO]: Fetching comments for post ID: 68319085ff888836007ecd14
2025-05-30T07:31:58.386Z [INFO]: Fetching comments for post ID: 68319085ff888836007ecd14
2025-05-30T07:31:58.390Z [INFO]: Fetching post with ID: 68319085ff888836007ecd14, userId: 683189f4417a5ff1adf23052
2025-05-30T07:31:58.456Z [INFO]: Post found: 68319085ff888836007ecd14, views: 485/0
2025-05-30T07:31:58.492Z [INFO]: Post views updated: 486/0
2025-05-30T07:31:58.498Z [INFO]: Fetching comments for post ID: 68319085ff888836007ecd14
2025-05-30T07:31:58.498Z [INFO]: Fetching comments for post ID: 68319085ff888836007ecd14
2025-05-30T07:31:58.527Z [INFO]: Fetching post with ID: 68319085ff888836007ecd14, userId: 683189f4417a5ff1adf23052
2025-05-30T07:31:58.588Z [INFO]: Post found: 68319085ff888836007ecd14, views: 486/0
2025-05-30T07:31:58.622Z [INFO]: Post views updated: 487/0
2025-05-30T07:32:03.193Z [INFO]: Fetching post with ID: 68319085ff888836007ecd14, userId: 683189f4417a5ff1adf23052
2025-05-30T07:32:03.195Z [INFO]: Fetching comments for post ID: 68319085ff888836007ecd14
2025-05-30T07:32:03.195Z [INFO]: Fetching comments for post ID: 68319085ff888836007ecd14
2025-05-30T07:32:03.250Z [INFO]: Post found: 68319085ff888836007ecd14, views: 487/0
2025-05-30T07:32:03.284Z [INFO]: Post views updated: 488/0
2025-05-30T07:32:03.314Z [INFO]: Fetching comments for post ID: 68319085ff888836007ecd14
2025-05-30T07:32:03.314Z [INFO]: Fetching comments for post ID: 68319085ff888836007ecd14
2025-05-30T07:32:03.333Z [INFO]: Fetching post with ID: 68319085ff888836007ecd14, userId: 683189f4417a5ff1adf23052
2025-05-30T07:32:03.418Z [INFO]: Post found: 68319085ff888836007ecd14, views: 488/0
2025-05-30T07:32:03.462Z [INFO]: Post views updated: 489/0
2025-05-30T07:32:09.404Z [INFO]: Fetching comments for post ID: 68319085ff888836007ecd14
2025-05-30T07:32:09.405Z [INFO]: Fetching comments for post ID: 68319085ff888836007ecd14
2025-05-30T07:32:09.416Z [INFO]: Fetching post with ID: 68319085ff888836007ecd14, userId: 683189f4417a5ff1adf23052
2025-05-30T07:32:09.505Z [INFO]: Post found: 68319085ff888836007ecd14, views: 489/0
2025-05-30T07:32:09.520Z [INFO]: Fetching comments for post ID: 68319085ff888836007ecd14
2025-05-30T07:32:09.521Z [INFO]: Fetching comments for post ID: 68319085ff888836007ecd14
2025-05-30T07:32:09.550Z [INFO]: Post views updated: 490/0
2025-05-30T07:32:09.594Z [INFO]: Fetching post with ID: 68319085ff888836007ecd14, userId: 683189f4417a5ff1adf23052
2025-05-30T07:32:09.677Z [INFO]: Post found: 68319085ff888836007ecd14, views: 490/0
2025-05-30T07:32:09.730Z [INFO]: Post views updated: 491/0
2025-05-30T07:32:15.140Z [INFO]: Fetching comments for post ID: 68319085ff888836007ecd14
2025-05-30T07:32:15.141Z [INFO]: Fetching comments for post ID: 68319085ff888836007ecd14
2025-05-30T07:32:15.150Z [INFO]: Fetching post with ID: 68319085ff888836007ecd14, userId: 683189f4417a5ff1adf23052
2025-05-30T07:32:15.236Z [INFO]: Post found: 68319085ff888836007ecd14, views: 491/0
2025-05-30T07:32:15.254Z [INFO]: Fetching comments for post ID: 68319085ff888836007ecd14
2025-05-30T07:32:15.254Z [INFO]: Fetching comments for post ID: 68319085ff888836007ecd14
2025-05-30T07:32:15.282Z [INFO]: Post views updated: 492/0
2025-05-30T07:32:15.326Z [INFO]: Fetching post with ID: 68319085ff888836007ecd14, userId: 683189f4417a5ff1adf23052
2025-05-30T07:32:15.411Z [INFO]: Post found: 68319085ff888836007ecd14, views: 492/0
2025-05-30T07:32:15.456Z [INFO]: Post views updated: 493/0
2025-05-30T07:32:19.577Z [INFO]: Fetching comments for post ID: 68319085ff888836007ecd14
2025-05-30T07:32:19.578Z [INFO]: Fetching comments for post ID: 68319085ff888836007ecd14
2025-05-30T07:32:19.589Z [INFO]: Fetching post with ID: 68319085ff888836007ecd14, userId: 683189f4417a5ff1adf23052
2025-05-30T07:32:19.673Z [INFO]: Post found: 68319085ff888836007ecd14, views: 493/0
2025-05-30T07:32:19.690Z [INFO]: Fetching comments for post ID: 68319085ff888836007ecd14
2025-05-30T07:32:19.690Z [INFO]: Fetching comments for post ID: 68319085ff888836007ecd14
2025-05-30T07:32:19.719Z [INFO]: Post views updated: 494/0
2025-05-30T07:32:19.767Z [INFO]: Fetching post with ID: 68319085ff888836007ecd14, userId: 683189f4417a5ff1adf23052
2025-05-30T07:32:19.852Z [INFO]: Post found: 68319085ff888836007ecd14, views: 494/0
2025-05-30T07:32:19.899Z [INFO]: Post views updated: 495/0
2025-05-30T07:32:22.873Z [INFO]: Fetching comments for post ID: 68319085ff888836007ecd14
2025-05-30T07:32:22.874Z [INFO]: Fetching comments for post ID: 68319085ff888836007ecd14
2025-05-30T07:32:22.887Z [INFO]: Fetching post with ID: 68319085ff888836007ecd14, userId: 683189f4417a5ff1adf23052
2025-05-30T07:32:22.972Z [INFO]: Post found: 68319085ff888836007ecd14, views: 495/0
2025-05-30T07:32:22.986Z [INFO]: Fetching comments for post ID: 68319085ff888836007ecd14
2025-05-30T07:32:22.986Z [INFO]: Fetching comments for post ID: 68319085ff888836007ecd14
2025-05-30T07:32:23.017Z [INFO]: Post views updated: 496/0
2025-05-30T07:32:23.065Z [INFO]: Fetching post with ID: 68319085ff888836007ecd14, userId: 683189f4417a5ff1adf23052
2025-05-30T07:32:23.148Z [INFO]: Post found: 68319085ff888836007ecd14, views: 496/0
2025-05-30T07:32:23.193Z [INFO]: Post views updated: 497/0
2025-05-30T07:32:25.055Z [INFO]: Fetching comments for post ID: 68319085ff888836007ecd14
2025-05-30T07:32:25.056Z [INFO]: Fetching comments for post ID: 68319085ff888836007ecd14
2025-05-30T07:32:25.059Z [INFO]: Fetching post with ID: 68319085ff888836007ecd14, userId: 683189f4417a5ff1adf23052
2025-05-30T07:32:25.150Z [INFO]: Post found: 68319085ff888836007ecd14, views: 497/0
2025-05-30T07:32:25.199Z [INFO]: Fetching comments for post ID: 68319085ff888836007ecd14
2025-05-30T07:32:25.200Z [INFO]: Fetching comments for post ID: 68319085ff888836007ecd14
2025-05-30T07:32:25.205Z [INFO]: Post views updated: 498/0
2025-05-30T07:32:25.242Z [INFO]: Fetching post with ID: 68319085ff888836007ecd14, userId: 683189f4417a5ff1adf23052
2025-05-30T07:32:25.302Z [INFO]: Post found: 68319085ff888836007ecd14, views: 498/0
2025-05-30T07:32:25.333Z [INFO]: Post views updated: 499/0
2025-05-30T07:32:27.543Z [INFO]: Fetching post with ID: 68319085ff888836007ecd14, userId: 683189f4417a5ff1adf23052
2025-05-30T07:32:27.552Z [INFO]: Fetching comments for post ID: 68319085ff888836007ecd14
2025-05-30T07:32:27.552Z [INFO]: Fetching comments for post ID: 68319085ff888836007ecd14
2025-05-30T07:32:27.608Z [INFO]: Post found: 68319085ff888836007ecd14, views: 499/0
2025-05-30T07:32:27.639Z [INFO]: Post views updated: 500/0
2025-05-30T07:32:27.686Z [INFO]: Fetching post with ID: 68319085ff888836007ecd14, userId: 683189f4417a5ff1adf23052
2025-05-30T07:32:27.689Z [INFO]: Fetching comments for post ID: 68319085ff888836007ecd14
2025-05-30T07:32:27.690Z [INFO]: Fetching comments for post ID: 68319085ff888836007ecd14
2025-05-30T07:32:27.771Z [INFO]: Post found: 68319085ff888836007ecd14, views: 500/0
2025-05-30T07:32:27.816Z [INFO]: Post views updated: 501/0
2025-05-30T07:32:45.113Z [INFO]: Fetching comments for post ID: 68319085ff888836007ecd14
2025-05-30T07:32:45.114Z [INFO]: Fetching comments for post ID: 68319085ff888836007ecd14
2025-05-30T07:32:45.125Z [INFO]: Fetching post with ID: 68319085ff888836007ecd14, userId: 683189f4417a5ff1adf23052
2025-05-30T07:32:45.210Z [INFO]: Post found: 68319085ff888836007ecd14, views: 501/0
2025-05-30T07:32:45.225Z [INFO]: Fetching comments for post ID: 68319085ff888836007ecd14
2025-05-30T07:32:45.225Z [INFO]: Fetching comments for post ID: 68319085ff888836007ecd14
2025-05-30T07:32:45.261Z [INFO]: Post views updated: 502/0
2025-05-30T07:32:45.307Z [INFO]: Fetching post with ID: 68319085ff888836007ecd14, userId: 683189f4417a5ff1adf23052
2025-05-30T07:32:45.392Z [INFO]: Post found: 68319085ff888836007ecd14, views: 502/0
2025-05-30T07:32:45.438Z [INFO]: Post views updated: 503/0
2025-05-30T07:33:16.528Z [INFO]: Fetching comments for post ID: 68319085ff888836007ecd14
2025-05-30T07:33:16.528Z [INFO]: Fetching comments for post ID: 68319085ff888836007ecd14
2025-05-30T07:33:16.531Z [INFO]: Fetching post with ID: 68319085ff888836007ecd14, userId: 683189f4417a5ff1adf23052
2025-05-30T07:33:16.616Z [INFO]: Post found: 68319085ff888836007ecd14, views: 503/0
2025-05-30T07:33:16.662Z [INFO]: Post views updated: 504/0
2025-05-30T07:33:16.668Z [INFO]: Fetching comments for post ID: 68319085ff888836007ecd14
2025-05-30T07:33:16.669Z [INFO]: Fetching comments for post ID: 68319085ff888836007ecd14
2025-05-30T07:33:16.708Z [INFO]: Fetching post with ID: 68319085ff888836007ecd14, userId: 683189f4417a5ff1adf23052
2025-05-30T07:33:16.793Z [INFO]: Post found: 68319085ff888836007ecd14, views: 504/0
2025-05-30T07:33:16.839Z [INFO]: Post views updated: 505/0
2025-05-30T11:00:51.702Z [ERROR]: ID is invalid
2025-05-30T11:16:40.667Z [INFO]: Fetching comments for post ID: 68319085ff888836007ecd14
2025-05-30T11:16:40.668Z [INFO]: Fetching comments for post ID: 68319085ff888836007ecd14
2025-05-30T11:16:40.677Z [INFO]: Fetching post with ID: 68319085ff888836007ecd14, userId: 683189f4417a5ff1adf23052
2025-05-30T11:16:40.764Z [INFO]: Post found: 68319085ff888836007ecd14, views: 505/0
2025-05-30T11:16:40.787Z [INFO]: Fetching comments for post ID: 68319085ff888836007ecd14
2025-05-30T11:16:40.787Z [INFO]: Fetching comments for post ID: 68319085ff888836007ecd14
2025-05-30T11:16:40.816Z [INFO]: Post views updated: 506/0
2025-05-30T11:16:40.861Z [INFO]: Fetching post with ID: 68319085ff888836007ecd14, userId: 683189f4417a5ff1adf23052
2025-05-30T11:16:40.944Z [INFO]: Post found: 68319085ff888836007ecd14, views: 506/0
2025-05-30T11:16:41.010Z [INFO]: Post views updated: 507/0
2025-05-30T11:16:55.885Z [ERROR]: ID is invalid
2025-05-30T12:37:27.212Z [ERROR]: Cannot find / on this server
2025-05-30T12:37:27.754Z [ERROR]: Cannot find /favicon.ico on this server
2025-05-31T01:18:25.145Z [ERROR]: ID is invalid
2025-05-31T01:19:04.082Z [INFO]: Fetching comments for post ID: 68319085ff888836007ecd14
2025-05-31T01:19:04.084Z [INFO]: Fetching comments for post ID: 68319085ff888836007ecd14
2025-05-31T01:19:04.408Z [INFO]: Fetching comments for post ID: 68319085ff888836007ecd14
2025-05-31T01:19:04.409Z [INFO]: Fetching comments for post ID: 68319085ff888836007ecd14
2025-05-31T01:19:04.470Z [INFO]: Fetching post with ID: 68319085ff888836007ecd14, userId: 66dfbd050bdfe18c723f1066
2025-05-31T01:19:04.610Z [INFO]: Post found: 68319085ff888836007ecd14, views: 507/0
2025-05-31T01:19:04.688Z [INFO]: Post views updated: 508/0
2025-05-31T01:19:04.788Z [INFO]: Fetching post with ID: 68319085ff888836007ecd14, userId: 66dfbd050bdfe18c723f1066
2025-05-31T01:19:04.935Z [INFO]: Post found: 68319085ff888836007ecd14, views: 508/0
2025-05-31T01:19:05.004Z [INFO]: Post views updated: 509/0
2025-05-31T01:19:24.953Z [ERROR]: ID is invalid
2025-05-31T01:51:13.018Z [ERROR]: Login error: Login is Unsuccessful
2025-05-31T01:52:07.174Z [ERROR]: Register service error: E11000 duplicate key error collection: Threads.users index: name_1 dup key: { name: "UTEHY" }
2025-05-31T01:52:07.175Z [ERROR]: Register error: Internal server error
2025-05-31T01:52:21.203Z [ERROR]: Register service error: E11000 duplicate key error collection: Threads.users index: name_1 dup key: { name: "UTEHY" }
2025-05-31T01:52:21.205Z [ERROR]: Register error: Internal server error
2025-05-31T01:52:39.516Z [ERROR]: Register service error: E11000 duplicate key error collection: Threads.users index: name_1 dup key: { name: "UTEHY" }
2025-05-31T01:52:39.517Z [ERROR]: Register error: Internal server error
2025-05-31T01:52:45.546Z [ERROR]: Register service error: E11000 duplicate key error collection: Threads.users index: name_1 dup key: { name: "UTEHY" }
2025-05-31T01:52:45.547Z [ERROR]: Register error: Internal server error
2025-05-31T01:54:23.623Z [INFO]: Email verified for user: quoctrungdinhse03@gmail.com
2025-05-31T01:54:24.665Z [ERROR]: Cannot find /favicon.ico on this server
2025-05-31T01:54:47.191Z [ERROR]: Login error: Login is Unsuccessful
2025-05-31T01:54:52.037Z [ERROR]: Login error: Login is Unsuccessful
2025-05-31T01:54:55.004Z [ERROR]: Login error: Login is Unsuccessful
2025-05-31T01:55:15.618Z [ERROR]: Login error: Login is Unsuccessful
2025-05-31T01:55:16.150Z [ERROR]: Login error: Login is Unsuccessful
2025-05-31T01:55:18.033Z [ERROR]: Login error: Login is Unsuccessful
2025-05-31T01:55:27.914Z [ERROR]: Login error: Login is Unsuccessful
2025-05-31T01:55:28.893Z [ERROR]: Login error: Login is Unsuccessful
2025-05-31T01:57:22.969Z [ERROR]: ID is invalid
2025-05-31T01:58:39.253Z [ERROR]: ID is invalid
2025-05-31T01:58:40.921Z [ERROR]: ID is invalid
2025-05-31T02:01:13.545Z [INFO]: User 66dfbd050bdfe18c723f1066 unfollowed user 683189f4417a5ff1adf23052
2025-05-31T02:06:59.826Z [INFO]: Fetching post with ID: 683a62a4b310f95272dd24f1, userId: 681c376158ac95ae022b4c4a
2025-05-31T02:06:59.835Z [INFO]: Fetching comments for post ID: 683a62a4b310f95272dd24f1
2025-05-31T02:06:59.836Z [INFO]: Fetching comments for post ID: 683a62a4b310f95272dd24f1
2025-05-31T02:06:59.974Z [INFO]: Post found: 683a62a4b310f95272dd24f1, views: 0/0
2025-05-31T02:07:00.154Z [INFO]: Post views updated: 1/0
2025-05-31T02:07:00.191Z [INFO]: Fetching comments for post ID: 683a62a4b310f95272dd24f1
2025-05-31T02:07:00.192Z [INFO]: Fetching comments for post ID: 683a62a4b310f95272dd24f1
2025-05-31T02:07:00.233Z [INFO]: Fetching post with ID: 683a62a4b310f95272dd24f1, userId: 681c376158ac95ae022b4c4a
2025-05-31T02:07:00.366Z [INFO]: Post found: 683a62a4b310f95272dd24f1, views: 1/0
2025-05-31T02:07:00.430Z [INFO]: Post views updated: 2/0
2025-05-31T02:07:35.250Z [INFO]: Creating comment for post ID: 683a62a4b310f95272dd24f1
2025-05-31T02:08:08.842Z [INFO]: Fetching post with ID: 68319085ff888836007ecd14, userId: 681c376158ac95ae022b4c4a
2025-05-31T02:08:09.049Z [INFO]: Post found: 68319085ff888836007ecd14, views: 509/0
2025-05-31T02:08:09.132Z [INFO]: Post views updated: 510/0
2025-05-31T02:08:09.205Z [INFO]: Fetching post with ID: 68319085ff888836007ecd14, userId: 681c376158ac95ae022b4c4a
2025-05-31T02:08:09.326Z [INFO]: Fetching comments for post ID: 68319085ff888836007ecd14
2025-05-31T02:08:09.327Z [INFO]: Fetching comments for post ID: 68319085ff888836007ecd14
2025-05-31T02:08:09.373Z [INFO]: Post found: 68319085ff888836007ecd14, views: 510/0
2025-05-31T02:08:09.483Z [INFO]: Post views updated: 511/0
2025-05-31T02:08:09.623Z [INFO]: Fetching comments for post ID: 68319085ff888836007ecd14
2025-05-31T02:08:09.624Z [INFO]: Fetching comments for post ID: 68319085ff888836007ecd14
2025-06-01T09:17:58.388Z [ERROR]: Cannot find /socket.io/?EIO=4&transport=polling&t=g71epnhn on this server
2025-06-01T09:17:59.379Z [ERROR]: Cannot find /socket.io/?EIO=4&transport=polling&t=g7268jjr on this server
2025-06-01T09:18:03.764Z [ERROR]: Cannot find /socket.io/?EIO=4&transport=polling&t=g75kabgf on this server
2025-06-01T09:18:03.768Z [ERROR]: Cannot find /socket.io/?EIO=4&transport=polling&t=g75kgu23 on this server
2025-06-01T09:18:04.701Z [ERROR]: Cannot find /socket.io/?EIO=4&transport=polling&t=g76aje4q on this server
2025-06-01T09:18:06.284Z [ERROR]: Cannot find /socket.io/?EIO=4&transport=polling&t=g77ihdnn on this server
2025-06-01T09:18:10.285Z [ERROR]: Cannot find /socket.io/?EIO=4&transport=polling&t=g7alnspi on this server
2025-06-01T09:18:15.347Z [ERROR]: Cannot find /socket.io/?EIO=4&transport=polling&t=g7ei9t6v on this server
2025-06-01T09:18:21.359Z [ERROR]: Cannot find /socket.io/?EIO=4&transport=polling&t=g7j57l0w on this server
2025-06-01T09:18:27.357Z [ERROR]: Cannot find /socket.io/?EIO=4&transport=polling&t=g7nrsz2i on this server
2025-06-01T09:18:33.356Z [ERROR]: Cannot find /socket.io/?EIO=4&transport=polling&t=g7segzoa on this server
2025-06-01T09:18:37.386Z [ERROR]: Cannot find /socket.io/?EIO=4&transport=polling&t=g7vi2m16 on this server
2025-06-01T09:18:37.434Z [ERROR]: Cannot find /recommendations on this server
2025-06-01T09:18:37.538Z [ERROR]: Cannot find /recommendations on this server
2025-06-01T09:18:39.356Z [ERROR]: Cannot find /socket.io/?EIO=4&transport=polling&t=g7x145ri on this server
2025-06-01T09:18:42.357Z [ERROR]: Cannot find /socket.io/?EIO=4&transport=polling&t=g7zcile2 on this server
2025-06-01T09:18:47.633Z [ERROR]: Cannot find /socket.io/?EIO=4&transport=polling&t=g83elcbs on this server
2025-06-01T09:18:47.639Z [ERROR]: Cannot find /socket.io/?EIO=4&transport=polling&t=g83enh71 on this server
2025-06-01T09:18:47.804Z [ERROR]: Cannot find /recommendations on this server
2025-06-01T09:18:47.952Z [ERROR]: Cannot find /recommendations on this server
2025-06-01T09:18:49.141Z [ERROR]: Cannot find /socket.io/?EIO=4&transport=polling&t=g84kz7wm on this server
2025-06-01T09:18:51.347Z [ERROR]: Cannot find /socket.io/?EIO=4&transport=polling&t=g86aafs6 on this server
2025-06-01T09:18:57.351Z [ERROR]: Cannot find /socket.io/?EIO=4&transport=polling&t=g8ax0nle on this server
2025-06-01T09:19:03.356Z [ERROR]: Cannot find /socket.io/?EIO=4&transport=polling&t=g8fjudyc on this server
2025-06-01T09:19:09.346Z [ERROR]: Cannot find /socket.io/?EIO=4&transport=polling&t=g8k68eun on this server
2025-06-01T09:19:14.370Z [ERROR]: Cannot find /socket.io/?EIO=4&transport=polling&t=g8o1komr on this server
2025-06-01T09:19:19.416Z [ERROR]: Cannot find /socket.io/?EIO=4&transport=polling&t=g8rxnwpo on this server
2025-06-01T09:19:25.364Z [ERROR]: Cannot find /socket.io/?EIO=4&transport=polling&t=g8wiqpti on this server
2025-06-01T09:19:31.344Z [ERROR]: Cannot find /socket.io/?EIO=4&transport=polling&t=g915aleu on this server
2025-06-01T09:19:37.345Z [ERROR]: Cannot find /socket.io/?EIO=4&transport=polling&t=g95ryfsl on this server
2025-06-01T09:19:43.354Z [ERROR]: Cannot find /socket.io/?EIO=4&transport=polling&t=g9aetfz2 on this server
2025-06-01T09:19:49.352Z [ERROR]: Cannot find /socket.io/?EIO=4&transport=polling&t=g9f1jjp9 on this server
2025-06-01T09:19:55.350Z [ERROR]: Cannot find /socket.io/?EIO=4&transport=polling&t=g9jo29r0 on this server
2025-06-01T09:20:01.353Z [ERROR]: Cannot find /socket.io/?EIO=4&transport=polling&t=g9oavil6 on this server
2025-06-01T09:20:07.345Z [ERROR]: Cannot find /socket.io/?EIO=4&transport=polling&t=g9sxaod1 on this server
2025-06-01T09:20:13.357Z [ERROR]: Cannot find /socket.io/?EIO=4&transport=polling&t=g9xk58zi on this server
2025-06-01T09:20:19.346Z [ERROR]: Cannot find /socket.io/?EIO=4&transport=polling&t=ga26l21b on this server
2025-06-01T09:20:25.352Z [ERROR]: Cannot find /socket.io/?EIO=4&transport=polling&t=ga6tfwou on this server
2025-06-01T09:20:31.350Z [ERROR]: Cannot find /socket.io/?EIO=4&transport=polling&t=gabg1f12 on this server
2025-06-01T09:20:37.352Z [ERROR]: Cannot find /socket.io/?EIO=4&transport=polling&t=gag2rbkn on this server
2025-06-01T09:20:43.350Z [ERROR]: Cannot find /socket.io/?EIO=4&transport=polling&t=gakpfhav on this server
2025-06-01T09:20:49.348Z [ERROR]: Cannot find /socket.io/?EIO=4&transport=polling&t=gapc2pym on this server
2025-06-01T09:20:55.357Z [ERROR]: Cannot find /socket.io/?EIO=4&transport=polling&t=gatyym69 on this server
2025-06-01T09:21:01.343Z [ERROR]: Cannot find /socket.io/?EIO=4&transport=polling&t=gayl9o5u on this server
2025-06-01T09:21:07.356Z [ERROR]: Cannot find /socket.io/?EIO=4&transport=polling&t=gb388ybu on this server
2025-06-01T09:21:13.358Z [ERROR]: Cannot find /socket.io/?EIO=4&transport=polling&t=gb7uz2cj on this server
2025-06-01T09:21:19.350Z [ERROR]: Cannot find /socket.io/?EIO=4&transport=polling&t=gbchhdt1 on this server
2025-06-01T09:21:25.354Z [ERROR]: Cannot find /socket.io/?EIO=4&transport=polling&t=gbh48cjq on this server
2025-06-01T09:21:31.348Z [ERROR]: Cannot find /socket.io/?EIO=4&transport=polling&t=gblqqep7 on this server
2025-06-01T09:21:37.358Z [ERROR]: Cannot find /socket.io/?EIO=4&transport=polling&t=gbqdo2fk on this server
2025-06-01T09:21:43.347Z [ERROR]: Cannot find /socket.io/?EIO=4&transport=polling&t=gbv00iq0 on this server
2025-06-01T09:21:48.593Z [ERROR]: Cannot find /socket.io/?EIO=4&transport=polling&t=gbz0jkzj on this server
2025-06-01T09:21:54.349Z [ERROR]: Cannot find /socket.io/?EIO=4&transport=polling&t=gc3hmy4d on this server
2025-06-01T09:21:59.900Z [ERROR]: Cannot find /socket.io/?EIO=4&transport=polling&t=gc7rj4l1 on this server
2025-06-01T09:28:25.745Z [ERROR]: ID is invalid
2025-06-01T09:30:54.817Z [INFO]: Fetching comments for post ID: 68319085ff888836007ecd14
2025-06-01T09:30:54.819Z [INFO]: Fetching comments for post ID: 68319085ff888836007ecd14
2025-06-01T09:30:54.828Z [INFO]: Fetching post with ID: 68319085ff888836007ecd14, userId: 6837dbda9a61f514dc377cb7
2025-06-01T09:30:54.951Z [INFO]: Post found: 68319085ff888836007ecd14, views: 511/0
2025-06-01T09:30:54.995Z [INFO]: Fetching comments for post ID: 68319085ff888836007ecd14
2025-06-01T09:30:54.996Z [INFO]: Fetching comments for post ID: 68319085ff888836007ecd14
2025-06-01T09:30:55.013Z [INFO]: Post views updated: 512/0
2025-06-01T09:30:55.085Z [INFO]: Fetching post with ID: 68319085ff888836007ecd14, userId: 6837dbda9a61f514dc377cb7
2025-06-01T09:30:55.197Z [INFO]: Post found: 68319085ff888836007ecd14, views: 512/0
2025-06-01T09:30:55.272Z [INFO]: Post views updated: 513/0
2025-06-01T09:44:19.777Z [INFO]: Fetching comments for post ID: 680b56d828859d29f727fbc1
2025-06-01T09:44:19.779Z [INFO]: Fetching comments for post ID: 680b56d828859d29f727fbc1
2025-06-01T09:44:19.784Z [INFO]: Fetching post with ID: 680b56d828859d29f727fbc1, userId: 683a610f1987f4895b1bd789
2025-06-01T09:44:19.881Z [INFO]: Post found: 680b56d828859d29f727fbc1, views: 6/0
2025-06-01T09:44:19.910Z [INFO]: Fetching comments for post ID: 680b56d828859d29f727fbc1
2025-06-01T09:44:19.911Z [INFO]: Fetching comments for post ID: 680b56d828859d29f727fbc1
2025-06-01T09:44:19.929Z [INFO]: Post views updated: 7/0
2025-06-01T09:44:19.981Z [INFO]: Fetching post with ID: 680b56d828859d29f727fbc1, userId: 683a610f1987f4895b1bd789
2025-06-01T09:44:20.067Z [INFO]: Post found: 680b56d828859d29f727fbc1, views: 7/0
2025-06-01T09:44:20.113Z [INFO]: Post views updated: 8/0
2025-06-01T09:44:25.276Z [INFO]: Fetching post with ID: 680b56d828859d29f727fbc1, userId: 683a610f1987f4895b1bd789
2025-06-01T09:44:25.296Z [INFO]: Fetching comments for post ID: 680b56d828859d29f727fbc1
2025-06-01T09:44:25.297Z [INFO]: Fetching comments for post ID: 680b56d828859d29f727fbc1
2025-06-01T09:44:25.338Z [INFO]: Post found: 680b56d828859d29f727fbc1, views: 8/0
2025-06-01T09:44:25.370Z [INFO]: Post views updated: 9/0
2025-06-01T09:44:25.409Z [INFO]: Fetching comments for post ID: 680b56d828859d29f727fbc1
2025-06-01T09:44:25.410Z [INFO]: Fetching comments for post ID: 680b56d828859d29f727fbc1
2025-06-01T09:44:25.418Z [INFO]: Fetching post with ID: 680b56d828859d29f727fbc1, userId: 683a610f1987f4895b1bd789
2025-06-01T09:44:25.491Z [INFO]: Post found: 680b56d828859d29f727fbc1, views: 9/0
2025-06-01T09:44:25.533Z [INFO]: Post views updated: 10/0
2025-06-01T09:44:38.326Z [INFO]: Fetching post with ID: 6801d7854ed027f695924586, userId: 683a610f1987f4895b1bd789
2025-06-01T09:44:38.341Z [INFO]: Fetching comments for post ID: 6801d7854ed027f695924586
2025-06-01T09:44:38.341Z [INFO]: Fetching comments for post ID: 6801d7854ed027f695924586
2025-06-01T09:44:38.392Z [INFO]: Post found: 6801d7854ed027f695924586, views: 0/0
2025-06-01T09:44:38.430Z [INFO]: Post views updated: 1/0
2025-06-01T09:44:38.476Z [INFO]: Fetching comments for post ID: 6801d7854ed027f695924586
2025-06-01T09:44:38.476Z [INFO]: Fetching comments for post ID: 6801d7854ed027f695924586
2025-06-01T09:44:38.484Z [INFO]: Fetching post with ID: 6801d7854ed027f695924586, userId: 683a610f1987f4895b1bd789
2025-06-01T09:44:38.569Z [INFO]: Post found: 6801d7854ed027f695924586, views: 1/0
2025-06-01T09:44:38.616Z [INFO]: Post views updated: 2/0
2025-06-01T10:21:07.124Z [ERROR]: ID is invalid
2025-06-01T13:50:39.252Z [ERROR]: ID is invalid
2025-06-01T14:08:26.905Z [INFO]: Fetching post with ID: 683c5e6d1f8ddd0875dd424b, userId: 681c376158ac95ae022b4c4a
2025-06-01T14:08:26.918Z [INFO]: Fetching comments for post ID: 683c5e6d1f8ddd0875dd424b
2025-06-01T14:08:26.920Z [INFO]: Fetching comments for post ID: 683c5e6d1f8ddd0875dd424b
2025-06-01T14:08:27.044Z [INFO]: Post found: 683c5e6d1f8ddd0875dd424b, views: 0/0
2025-06-01T14:08:27.096Z [INFO]: Fetching comments for post ID: 683c5e6d1f8ddd0875dd424b
2025-06-01T14:08:27.098Z [INFO]: Fetching comments for post ID: 683c5e6d1f8ddd0875dd424b
2025-06-01T14:08:27.109Z [INFO]: Post views updated: 1/0
2025-06-01T14:08:27.173Z [INFO]: Fetching post with ID: 683c5e6d1f8ddd0875dd424b, userId: 681c376158ac95ae022b4c4a
2025-06-01T14:08:27.279Z [INFO]: Post found: 683c5e6d1f8ddd0875dd424b, views: 1/0
2025-06-01T14:08:27.327Z [INFO]: Post views updated: 2/0
2025-06-01T14:17:15.799Z [INFO]: Creating comment for post ID: 683c5e6d1f8ddd0875dd424b
2025-06-01T14:18:51.789Z [INFO]: Fetching post with ID: 68319085ff888836007ecd14, userId: 66dfbd050bdfe18c723f1066
2025-06-01T14:18:51.798Z [INFO]: Fetching comments for post ID: 68319085ff888836007ecd14
2025-06-01T14:18:51.799Z [INFO]: Fetching comments for post ID: 68319085ff888836007ecd14
2025-06-01T14:18:51.906Z [INFO]: Post found: 68319085ff888836007ecd14, views: 513/0
2025-06-01T14:18:51.950Z [INFO]: Post views updated: 514/0
2025-06-01T14:18:51.983Z [INFO]: Fetching comments for post ID: 68319085ff888836007ecd14
2025-06-01T14:18:51.984Z [INFO]: Fetching comments for post ID: 68319085ff888836007ecd14
2025-06-01T14:18:52.028Z [INFO]: Fetching post with ID: 68319085ff888836007ecd14, userId: 66dfbd050bdfe18c723f1066
2025-06-01T14:18:52.101Z [INFO]: Post found: 68319085ff888836007ecd14, views: 514/0
2025-06-01T14:18:52.134Z [INFO]: Post views updated: 515/0
2025-06-01T14:18:57.582Z [INFO]: Fetching post with ID: 682d95ca4b115b431caef55e, userId: 66dfbd050bdfe18c723f1066
2025-06-01T14:18:57.613Z [INFO]: Fetching comments for post ID: 682d95ca4b115b431caef55e
2025-06-01T14:18:57.614Z [INFO]: Fetching comments for post ID: 682d95ca4b115b431caef55e
2025-06-01T14:18:57.667Z [INFO]: Post found: 682d95ca4b115b431caef55e, views: 15/0
2025-06-01T14:18:57.713Z [INFO]: Post views updated: 16/0
2025-06-01T14:18:57.759Z [INFO]: Fetching post with ID: 682d95ca4b115b431caef55e, userId: 66dfbd050bdfe18c723f1066
2025-06-01T14:18:57.780Z [INFO]: Fetching comments for post ID: 682d95ca4b115b431caef55e
2025-06-01T14:18:57.780Z [INFO]: Fetching comments for post ID: 682d95ca4b115b431caef55e
2025-06-01T14:18:57.831Z [INFO]: Post found: 682d95ca4b115b431caef55e, views: 16/0
2025-06-01T14:18:57.865Z [INFO]: Post views updated: 17/0
2025-06-01T14:19:09.995Z [INFO]: Fetching post with ID: 68319085ff888836007ecd14, userId: 66dfbd050bdfe18c723f1066
2025-06-01T14:19:09.998Z [INFO]: Fetching comments for post ID: 68319085ff888836007ecd14
2025-06-01T14:19:09.999Z [INFO]: Fetching comments for post ID: 68319085ff888836007ecd14
2025-06-01T14:19:10.082Z [INFO]: Post found: 68319085ff888836007ecd14, views: 515/0
2025-06-01T14:19:10.122Z [INFO]: Post views updated: 516/0
2025-06-01T14:19:10.139Z [INFO]: Fetching comments for post ID: 68319085ff888836007ecd14
2025-06-01T14:19:10.140Z [INFO]: Fetching comments for post ID: 68319085ff888836007ecd14
2025-06-01T14:19:10.175Z [INFO]: Fetching post with ID: 68319085ff888836007ecd14, userId: 66dfbd050bdfe18c723f1066
2025-06-01T14:19:10.243Z [INFO]: Post found: 68319085ff888836007ecd14, views: 516/0
2025-06-01T14:19:10.281Z [INFO]: Post views updated: 517/0
2025-06-01T14:24:44.354Z [INFO]: Fetching post with ID: 682d95ca4b115b431caef55e, userId: 66dfbd050bdfe18c723f1066
2025-06-01T14:24:44.371Z [INFO]: Fetching comments for post ID: 682d95ca4b115b431caef55e
2025-06-01T14:24:44.372Z [INFO]: Fetching comments for post ID: 682d95ca4b115b431caef55e
2025-06-01T14:24:44.442Z [INFO]: Post found: 682d95ca4b115b431caef55e, views: 17/0
2025-06-01T14:24:44.495Z [INFO]: Post views updated: 18/0
2025-06-01T14:24:44.531Z [INFO]: Fetching comments for post ID: 682d95ca4b115b431caef55e
2025-06-01T14:24:44.532Z [INFO]: Fetching comments for post ID: 682d95ca4b115b431caef55e
2025-06-01T14:24:44.541Z [INFO]: Fetching post with ID: 682d95ca4b115b431caef55e, userId: 66dfbd050bdfe18c723f1066
2025-06-01T14:24:44.616Z [INFO]: Post found: 682d95ca4b115b431caef55e, views: 18/0
2025-06-01T14:24:44.658Z [INFO]: Post views updated: 19/0
2025-06-01T14:25:07.279Z [INFO]: Fetching comments for post ID: 68318d33ff888836007ecadb
2025-06-01T14:25:07.279Z [INFO]: Fetching comments for post ID: 68318d33ff888836007ecadb
2025-06-01T14:25:07.295Z [INFO]: Fetching post with ID: 68318d33ff888836007ecadb, userId: 66dfbd050bdfe18c723f1066
2025-06-01T14:25:07.398Z [INFO]: Fetching comments for post ID: 68318d33ff888836007ecadb
2025-06-01T14:25:07.399Z [INFO]: Fetching comments for post ID: 68318d33ff888836007ecadb
2025-06-01T14:25:07.410Z [INFO]: Post found: 68318d33ff888836007ecadb, views: 66/0
2025-06-01T14:25:07.467Z [INFO]: Post views updated: 67/0
2025-06-01T14:25:07.532Z [INFO]: Fetching post with ID: 68318d33ff888836007ecadb, userId: 66dfbd050bdfe18c723f1066
2025-06-01T14:25:07.627Z [INFO]: Post found: 68318d33ff888836007ecadb, views: 67/0
2025-06-01T14:25:07.677Z [INFO]: Post views updated: 68/0
2025-06-01T14:26:59.399Z [INFO]: Fetching post with ID: 68319085ff888836007ecd14, userId: 66dfbd050bdfe18c723f1066
2025-06-01T14:26:59.425Z [INFO]: Fetching comments for post ID: 68319085ff888836007ecd14
2025-06-01T14:26:59.425Z [INFO]: Fetching comments for post ID: 68319085ff888836007ecd14
2025-06-01T14:26:59.458Z [INFO]: Post found: 68319085ff888836007ecd14, views: 517/0
2025-06-01T14:26:59.494Z [INFO]: Post views updated: 518/0
2025-06-01T14:26:59.528Z [INFO]: Fetching post with ID: 68319085ff888836007ecd14, userId: 66dfbd050bdfe18c723f1066
2025-06-01T14:26:59.581Z [INFO]: Post found: 68319085ff888836007ecd14, views: 518/0
2025-06-01T14:26:59.613Z [INFO]: Post views updated: 519/0
2025-06-01T14:26:59.624Z [INFO]: Fetching comments for post ID: 68319085ff888836007ecd14
2025-06-01T14:26:59.625Z [INFO]: Fetching comments for post ID: 68319085ff888836007ecd14
2025-06-01T14:27:33.297Z [INFO]: Fetching post with ID: 683c5e6d1f8ddd0875dd424b, userId: 66dfbd050bdfe18c723f1066
2025-06-01T14:27:33.363Z [INFO]: Fetching comments for post ID: 683c5e6d1f8ddd0875dd424b
2025-06-01T14:27:33.365Z [INFO]: Fetching comments for post ID: 683c5e6d1f8ddd0875dd424b
2025-06-01T14:27:33.376Z [INFO]: Post found: 683c5e6d1f8ddd0875dd424b, views: 2/0
2025-06-01T14:27:33.413Z [INFO]: Post views updated: 3/0
2025-06-01T14:27:33.450Z [INFO]: Fetching post with ID: 683c5e6d1f8ddd0875dd424b, userId: 66dfbd050bdfe18c723f1066
2025-06-01T14:27:33.506Z [INFO]: Fetching comments for post ID: 683c5e6d1f8ddd0875dd424b
2025-06-01T14:27:33.507Z [INFO]: Fetching comments for post ID: 683c5e6d1f8ddd0875dd424b
2025-06-01T14:27:33.512Z [INFO]: Post found: 683c5e6d1f8ddd0875dd424b, views: 3/0
2025-06-01T14:27:33.544Z [INFO]: Post views updated: 4/0
2025-06-01T14:29:19.272Z [INFO]: Fetching post with ID: 683c5e6d1f8ddd0875dd424b, userId: 681c376158ac95ae022b4c4a
2025-06-01T14:29:19.331Z [INFO]: Fetching comments for post ID: 683c5e6d1f8ddd0875dd424b
2025-06-01T14:29:19.332Z [INFO]: Fetching comments for post ID: 683c5e6d1f8ddd0875dd424b
2025-06-01T14:29:19.379Z [INFO]: Post found: 683c5e6d1f8ddd0875dd424b, views: 4/0
2025-06-01T14:29:19.434Z [INFO]: Post views updated: 5/0
2025-06-01T14:29:19.462Z [INFO]: Fetching comments for post ID: 683c5e6d1f8ddd0875dd424b
2025-06-01T14:29:19.464Z [INFO]: Fetching comments for post ID: 683c5e6d1f8ddd0875dd424b
2025-06-01T14:29:19.489Z [INFO]: Fetching post with ID: 683c5e6d1f8ddd0875dd424b, userId: 681c376158ac95ae022b4c4a
2025-06-01T14:29:19.585Z [INFO]: Post found: 683c5e6d1f8ddd0875dd424b, views: 5/0
2025-06-01T14:29:19.637Z [INFO]: Post views updated: 6/0
2025-06-01T14:30:02.588Z [INFO]: Fetching post with ID: 68319085ff888836007ecd14, userId: 681c376158ac95ae022b4c4a
2025-06-01T14:30:02.611Z [INFO]: Fetching comments for post ID: 68319085ff888836007ecd14
2025-06-01T14:30:02.616Z [INFO]: Fetching comments for post ID: 68319085ff888836007ecd14
2025-06-01T14:30:02.921Z [INFO]: Post found: 68319085ff888836007ecd14, views: 519/0
2025-06-01T14:30:03.001Z [INFO]: Post views updated: 520/0
2025-06-01T14:30:03.102Z [INFO]: Fetching post with ID: 68319085ff888836007ecd14, userId: 681c376158ac95ae022b4c4a
2025-06-01T14:30:03.127Z [INFO]: Fetching comments for post ID: 68319085ff888836007ecd14
2025-06-01T14:30:03.128Z [INFO]: Fetching comments for post ID: 68319085ff888836007ecd14
2025-06-01T14:30:03.166Z [INFO]: Post found: 68319085ff888836007ecd14, views: 520/0
2025-06-01T14:30:03.200Z [INFO]: Post views updated: 521/0
2025-06-01T14:30:05.938Z [INFO]: Fetching post with ID: 68319085ff888836007ecd14, userId: 681c376158ac95ae022b4c4a
2025-06-01T14:30:05.946Z [INFO]: Fetching comments for post ID: 68319085ff888836007ecd14
2025-06-01T14:30:05.947Z [INFO]: Fetching comments for post ID: 68319085ff888836007ecd14
2025-06-01T14:30:06.026Z [INFO]: Post found: 68319085ff888836007ecd14, views: 521/0
2025-06-01T14:30:06.070Z [INFO]: Post views updated: 522/0
2025-06-01T14:30:06.096Z [INFO]: Fetching comments for post ID: 68319085ff888836007ecd14
2025-06-01T14:30:06.099Z [INFO]: Fetching comments for post ID: 68319085ff888836007ecd14
2025-06-01T14:30:06.116Z [INFO]: Fetching post with ID: 68319085ff888836007ecd14, userId: 681c376158ac95ae022b4c4a
2025-06-01T14:30:06.199Z [INFO]: Post found: 68319085ff888836007ecd14, views: 522/0
2025-06-01T14:30:06.242Z [INFO]: Post views updated: 523/0
2025-06-01T14:30:35.048Z [INFO]: Fetching comments for post ID: 68319085ff888836007ecd14
2025-06-01T14:30:35.049Z [INFO]: Fetching comments for post ID: 68319085ff888836007ecd14
2025-06-01T14:30:35.059Z [INFO]: Fetching post with ID: 68319085ff888836007ecd14, userId: 681c376158ac95ae022b4c4a
2025-06-01T14:30:35.164Z [INFO]: Post found: 68319085ff888836007ecd14, views: 523/0
2025-06-01T14:30:35.196Z [INFO]: Fetching comments for post ID: 68319085ff888836007ecd14
2025-06-01T14:30:35.197Z [INFO]: Fetching comments for post ID: 68319085ff888836007ecd14
2025-06-01T14:30:35.219Z [INFO]: Post views updated: 524/0
2025-06-01T14:30:35.278Z [INFO]: Fetching post with ID: 68319085ff888836007ecd14, userId: 681c376158ac95ae022b4c4a
2025-06-01T14:30:35.375Z [INFO]: Post found: 68319085ff888836007ecd14, views: 524/0
2025-06-01T14:30:35.423Z [INFO]: Post views updated: 525/0
2025-06-01T14:30:40.999Z [INFO]: Fetching comments for post ID: 68319085ff888836007ecd14
2025-06-01T14:30:41.000Z [INFO]: Fetching comments for post ID: 68319085ff888836007ecd14
2025-06-01T14:30:41.011Z [INFO]: Fetching post with ID: 68319085ff888836007ecd14, userId: 681c376158ac95ae022b4c4a
2025-06-01T14:30:41.108Z [INFO]: Post found: 68319085ff888836007ecd14, views: 525/0
2025-06-01T14:30:41.123Z [INFO]: Fetching comments for post ID: 68319085ff888836007ecd14
2025-06-01T14:30:41.124Z [INFO]: Fetching comments for post ID: 68319085ff888836007ecd14
2025-06-01T14:30:41.162Z [INFO]: Post views updated: 526/0
2025-06-01T14:30:41.204Z [INFO]: Fetching post with ID: 68319085ff888836007ecd14, userId: 681c376158ac95ae022b4c4a
2025-06-01T14:30:41.267Z [INFO]: Post found: 68319085ff888836007ecd14, views: 526/0
2025-06-01T14:30:41.301Z [INFO]: Post views updated: 527/0
2025-06-02T02:15:10.043Z [INFO]: Fetching post with ID: 68319085ff888836007ecd14, userId: 683189f4417a5ff1adf23052
2025-06-02T02:15:10.066Z [INFO]: Fetching comments for post ID: 68319085ff888836007ecd14
2025-06-02T02:15:10.068Z [INFO]: Fetching comments for post ID: 68319085ff888836007ecd14
2025-06-02T02:15:10.130Z [INFO]: Post found: 68319085ff888836007ecd14, views: 527/0
2025-06-02T02:15:10.188Z [INFO]: Post views updated: 528/0
2025-06-02T02:15:10.237Z [INFO]: Fetching post with ID: 68319085ff888836007ecd14, userId: 683189f4417a5ff1adf23052
2025-06-02T02:15:10.284Z [INFO]: Fetching comments for post ID: 68319085ff888836007ecd14
2025-06-02T02:15:10.285Z [INFO]: Fetching comments for post ID: 68319085ff888836007ecd14
2025-06-02T02:15:10.314Z [INFO]: Post found: 68319085ff888836007ecd14, views: 528/0
2025-06-02T02:15:10.353Z [INFO]: Post views updated: 529/0
2025-06-02T02:24:37.962Z [ERROR]: ID is invalid
2025-06-02T07:24:18.685Z [ERROR]: Login error: Login is Unsuccessful
2025-06-02T07:25:04.874Z [ERROR]: ID is invalid
2025-06-02T07:25:11.032Z [ERROR]: ID is invalid
2025-06-02T07:25:14.061Z [ERROR]: ID is invalid
2025-06-02T07:25:21.897Z [INFO]: Fetching post with ID: 68319085ff888836007ecd14, userId: 681c376158ac95ae022b4c4a
2025-06-02T07:25:21.904Z [INFO]: Fetching comments for post ID: 68319085ff888836007ecd14
2025-06-02T07:25:21.906Z [INFO]: Fetching comments for post ID: 68319085ff888836007ecd14
2025-06-02T07:25:21.968Z [INFO]: Post found: 68319085ff888836007ecd14, views: 529/0
2025-06-02T07:25:22.009Z [INFO]: Post views updated: 530/0
2025-06-02T07:25:22.046Z [INFO]: Fetching comments for post ID: 68319085ff888836007ecd14
2025-06-02T07:25:22.047Z [INFO]: Fetching comments for post ID: 68319085ff888836007ecd14
2025-06-02T07:25:22.070Z [INFO]: Fetching post with ID: 68319085ff888836007ecd14, userId: 681c376158ac95ae022b4c4a
2025-06-02T07:25:22.166Z [INFO]: Post found: 68319085ff888836007ecd14, views: 530/0
2025-06-02T07:25:22.216Z [INFO]: Post views updated: 531/0
2025-06-02T07:44:24.063Z [ERROR]: Cannot find /api/auth/check-email on this server
2025-06-02T07:44:29.501Z [ERROR]: Cannot find /api/auth/check-email on this server
2025-06-02T07:46:56.108Z [ERROR]: Cannot find /api/auth/check-email on this server
2025-06-02T07:46:57.117Z [ERROR]: Cannot find /favicon.ico on this server
2025-06-02T08:03:02.085Z [ERROR]: Register service error: E11000 duplicate key error collection: Threads.users index: email_1 dup key: { email: "trungthpthy123@gmail.com" }
2025-06-02T08:03:02.091Z [ERROR]: Register error: Internal server error
2025-06-02T08:03:11.089Z [ERROR]: Register service error: E11000 duplicate key error collection: Threads.users index: email_1 dup key: { email: "trungthpthy123@gmail.com" }
2025-06-02T08:03:11.090Z [ERROR]: Register error: Internal server error
2025-06-02T08:03:30.834Z [ERROR]: Register service error: E11000 duplicate key error collection: Threads.users index: email_1 dup key: { email: "quoctrungdinhse03@gmail.com" }
2025-06-02T08:03:30.836Z [ERROR]: Register error: Internal server error
2025-06-02T08:03:48.815Z [ERROR]: Register service error: E11000 duplicate key error collection: Threads.users index: email_1 dup key: { email: "trungthpthy123@gmail.com" }
2025-06-02T08:03:48.815Z [ERROR]: Register error: Internal server error
2025-06-02T08:06:24.662Z [ERROR]: Register service error: E11000 duplicate key error collection: Threads.users index: email_1 dup key: { email: "trungthpthy123@gmail.com" }
2025-06-02T08:06:24.663Z [ERROR]: Register error: Internal server error
2025-06-02T08:07:00.103Z [ERROR]: Register service error: E11000 duplicate key error collection: Threads.users index: email_1 dup key: { email: "trungthpthy123@gmail.com" }
2025-06-02T08:07:00.103Z [ERROR]: Register error: Internal server error
2025-06-02T08:07:09.812Z [ERROR]: Register service error: E11000 duplicate key error collection: Threads.users index: email_1 dup key: { email: "trungthpthy123@gmail.com" }
2025-06-02T08:07:09.813Z [ERROR]: Register error: Internal server error
2025-06-02T08:08:15.267Z [ERROR]: Register service error: E11000 duplicate key error collection: Threads.users index: email_1 dup key: { email: "trungthpthy123@gmail.com" }
2025-06-02T08:08:15.268Z [ERROR]: Register error: Internal server error
2025-06-02T08:48:32.266Z [WARN]: Headers already sent, skipping errorHandler
2025-06-02T08:49:51.727Z [WARN]: Headers already sent, skipping errorHandler
2025-06-02T08:49:52.322Z [WARN]: Headers already sent, skipping errorHandler
2025-06-02T09:04:41.541Z [WARN]: Headers already sent, skipping errorHandler
2025-06-02T09:05:16.649Z [WARN]: Headers already sent, skipping errorHandler
2025-06-02T09:07:59.139Z [WARN]: Headers already sent, skipping errorHandler
2025-06-02T09:10:43.532Z [WARN]: Headers already sent, skipping errorHandler
2025-06-02T09:23:53.457Z [WARN]: Headers already sent, skipping errorHandler
2025-06-02T09:37:33.758Z [WARN]: Headers already sent, skipping errorHandler
2025-06-02T09:41:44.115Z [WARN]: Headers already sent, skipping errorHandler
2025-06-02T10:27:49.168Z [INFO]: Fetching post with ID: 68319085ff888836007ecd14, userId: 66dfbd050bdfe18c723f1066
2025-06-02T10:27:49.191Z [INFO]: Fetching comments for post ID: 68319085ff888836007ecd14
2025-06-02T10:27:49.193Z [INFO]: Fetching comments for post ID: 68319085ff888836007ecd14
2025-06-02T10:27:49.231Z [INFO]: Post found: 68319085ff888836007ecd14, views: 531/0
2025-06-02T10:27:49.271Z [INFO]: Post views updated: 532/0
2025-06-02T10:27:49.311Z [INFO]: Fetching post with ID: 68319085ff888836007ecd14, userId: 66dfbd050bdfe18c723f1066
2025-06-02T10:27:49.381Z [INFO]: Post found: 68319085ff888836007ecd14, views: 532/0
2025-06-02T10:27:49.387Z [INFO]: Fetching comments for post ID: 68319085ff888836007ecd14
2025-06-02T10:27:49.388Z [INFO]: Fetching comments for post ID: 68319085ff888836007ecd14
2025-06-02T10:27:49.419Z [INFO]: Post views updated: 533/0
2025-06-03T07:27:14.046Z [ERROR]: ID is invalid
2025-06-03T07:27:38.345Z [ERROR]: ID is invalid
2025-06-03T07:27:41.311Z [ERROR]: ID is invalid
2025-06-03T08:35:11.250Z [ERROR]: ID is invalid
2025-06-03T08:35:19.743Z [ERROR]: ID is invalid
2025-06-03T08:36:06.603Z [INFO]: Fetching post with ID: 683c5e6d1f8ddd0875dd424b, userId: 66dfbd050bdfe18c723f1066
2025-06-03T08:36:06.608Z [INFO]: Fetching comments for post ID: 683c5e6d1f8ddd0875dd424b
2025-06-03T08:36:06.609Z [INFO]: Fetching comments for post ID: 683c5e6d1f8ddd0875dd424b
2025-06-03T08:36:06.674Z [INFO]: Post found: 683c5e6d1f8ddd0875dd424b, views: 6/0
2025-06-03T08:36:06.706Z [INFO]: Post views updated: 7/0
2025-06-03T08:36:06.738Z [INFO]: Fetching post with ID: 683c5e6d1f8ddd0875dd424b, userId: 66dfbd050bdfe18c723f1066
2025-06-03T08:36:06.782Z [INFO]: Fetching comments for post ID: 683c5e6d1f8ddd0875dd424b
2025-06-03T08:36:06.783Z [INFO]: Fetching comments for post ID: 683c5e6d1f8ddd0875dd424b
2025-06-03T08:36:06.804Z [INFO]: Post found: 683c5e6d1f8ddd0875dd424b, views: 7/0
2025-06-03T08:36:06.840Z [INFO]: Post views updated: 8/0
2025-06-03T08:36:06.870Z [INFO]: Fetching post with ID: 683c5e6d1f8ddd0875dd424b, userId: 66dfbd050bdfe18c723f1066
2025-06-03T08:36:06.917Z [INFO]: Fetching comments for post ID: 683c5e6d1f8ddd0875dd424b
2025-06-03T08:36:06.918Z [INFO]: Fetching comments for post ID: 683c5e6d1f8ddd0875dd424b
2025-06-03T08:36:06.922Z [INFO]: Post found: 683c5e6d1f8ddd0875dd424b, views: 8/0
2025-06-03T08:36:06.951Z [INFO]: Post views updated: 9/0
2025-06-03T08:48:20.260Z [INFO]: Fetching post with ID: 683c5e6d1f8ddd0875dd424b, userId: 66dfbd050bdfe18c723f1066
2025-06-03T08:48:20.316Z [INFO]: Fetching comments for post ID: 683c5e6d1f8ddd0875dd424b
2025-06-03T08:48:20.316Z [INFO]: Fetching comments for post ID: 683c5e6d1f8ddd0875dd424b
2025-06-03T08:48:20.376Z [INFO]: Post found: 683c5e6d1f8ddd0875dd424b, views: 9/0
2025-06-03T08:48:20.439Z [INFO]: Post views updated: 10/0
2025-06-03T08:48:20.445Z [INFO]: Fetching comments for post ID: 683c5e6d1f8ddd0875dd424b
2025-06-03T08:48:20.446Z [INFO]: Fetching comments for post ID: 683c5e6d1f8ddd0875dd424b
2025-06-03T08:48:20.502Z [INFO]: Fetching post with ID: 683c5e6d1f8ddd0875dd424b, userId: 66dfbd050bdfe18c723f1066
2025-06-03T08:48:20.556Z [INFO]: Fetching comments for post ID: 683c5e6d1f8ddd0875dd424b
2025-06-03T08:48:20.556Z [INFO]: Fetching comments for post ID: 683c5e6d1f8ddd0875dd424b
2025-06-03T08:48:20.598Z [INFO]: Post found: 683c5e6d1f8ddd0875dd424b, views: 10/0
2025-06-03T08:48:20.648Z [INFO]: Post views updated: 11/0
2025-06-03T08:48:20.665Z [INFO]: Fetching comments for post ID: 683c5e6d1f8ddd0875dd424b
2025-06-03T08:48:20.666Z [INFO]: Fetching comments for post ID: 683c5e6d1f8ddd0875dd424b
2025-06-03T08:48:20.697Z [INFO]: Fetching post with ID: 683c5e6d1f8ddd0875dd424b, userId: 66dfbd050bdfe18c723f1066
2025-06-03T08:48:20.793Z [INFO]: Post found: 683c5e6d1f8ddd0875dd424b, views: 11/0
2025-06-03T08:48:20.844Z [INFO]: Post views updated: 12/0
2025-06-03T08:48:20.895Z [INFO]: Fetching post with ID: 683c5e6d1f8ddd0875dd424b, userId: 66dfbd050bdfe18c723f1066
2025-06-03T08:48:20.991Z [INFO]: Post found: 683c5e6d1f8ddd0875dd424b, views: 12/0
2025-06-03T08:48:21.042Z [INFO]: Post views updated: 13/0
2025-06-03T08:49:09.764Z [INFO]: Fetching comments for post ID: 680b56d828859d29f727fbc1
2025-06-03T08:49:09.765Z [INFO]: Fetching comments for post ID: 680b56d828859d29f727fbc1
2025-06-03T08:49:09.846Z [INFO]: Fetching post with ID: 680b56d828859d29f727fbc1, userId: 66dfbd050bdfe18c723f1066
2025-06-03T08:49:09.883Z [INFO]: Fetching comments for post ID: 680b56d828859d29f727fbc1
2025-06-03T08:49:09.883Z [INFO]: Fetching comments for post ID: 680b56d828859d29f727fbc1
2025-06-03T08:49:09.921Z [INFO]: Post found: 680b56d828859d29f727fbc1, views: 10/0
2025-06-03T08:49:09.953Z [INFO]: Post views updated: 11/0
2025-06-03T08:49:09.989Z [INFO]: Fetching post with ID: 680b56d828859d29f727fbc1, userId: 66dfbd050bdfe18c723f1066
2025-06-03T08:49:10.032Z [INFO]: Fetching comments for post ID: 680b56d828859d29f727fbc1
2025-06-03T08:49:10.033Z [INFO]: Fetching comments for post ID: 680b56d828859d29f727fbc1
2025-06-03T08:49:10.050Z [INFO]: Post found: 680b56d828859d29f727fbc1, views: 11/0
2025-06-03T08:49:10.082Z [INFO]: Post views updated: 12/0
2025-06-03T08:49:10.110Z [INFO]: Fetching post with ID: 680b56d828859d29f727fbc1, userId: 66dfbd050bdfe18c723f1066
2025-06-03T08:49:10.163Z [INFO]: Post found: 680b56d828859d29f727fbc1, views: 12/0
2025-06-03T08:49:10.191Z [INFO]: Post views updated: 13/0
2025-06-03T09:14:45.048Z [INFO]: Fetching post with ID: 68319085ff888836007ecd14, userId: 68318f7dff888836007ecc99
2025-06-03T09:14:45.093Z [INFO]: Fetching comments for post ID: 68319085ff888836007ecd14
2025-06-03T09:14:45.094Z [INFO]: Fetching comments for post ID: 68319085ff888836007ecd14
2025-06-03T09:14:45.152Z [INFO]: Post found: 68319085ff888836007ecd14, views: 533/0
2025-06-03T09:14:45.204Z [INFO]: Post views updated: 534/0
2025-06-03T09:14:45.218Z [INFO]: Fetching comments for post ID: 68319085ff888836007ecd14
2025-06-03T09:14:45.219Z [INFO]: Fetching comments for post ID: 68319085ff888836007ecd14
2025-06-03T09:14:45.259Z [INFO]: Fetching post with ID: 68319085ff888836007ecd14, userId: 68318f7dff888836007ecc99
2025-06-03T09:14:45.356Z [INFO]: Post found: 68319085ff888836007ecd14, views: 534/0
2025-06-03T09:14:45.408Z [INFO]: Post views updated: 535/0
2025-06-03T09:17:04.044Z [INFO]: Fetching post with ID: 6835cd011a2f3b476bcabd56, userId: 683189f4417a5ff1adf23052
2025-06-03T09:17:04.061Z [INFO]: Fetching comments for post ID: 6835cd011a2f3b476bcabd56
2025-06-03T09:17:04.062Z [INFO]: Fetching comments for post ID: 6835cd011a2f3b476bcabd56
2025-06-03T09:17:04.098Z [INFO]: Post found: 6835cd011a2f3b476bcabd56, views: 58/0
2025-06-03T09:17:04.129Z [INFO]: Post views updated: 59/0
2025-06-03T09:17:04.162Z [INFO]: Fetching post with ID: 6835cd011a2f3b476bcabd56, userId: 683189f4417a5ff1adf23052
2025-06-03T09:17:04.218Z [INFO]: Post found: 6835cd011a2f3b476bcabd56, views: 59/0
2025-06-03T09:17:04.241Z [INFO]: Fetching comments for post ID: 6835cd011a2f3b476bcabd56
2025-06-03T09:17:04.242Z [INFO]: Fetching comments for post ID: 6835cd011a2f3b476bcabd56
2025-06-03T09:17:04.248Z [INFO]: Post views updated: 60/0
2025-06-03T09:30:42.639Z [INFO]: Fetching post with ID: 6835cd011a2f3b476bcabd56, userId: 683189f4417a5ff1adf23052
2025-06-03T09:30:42.665Z [INFO]: Fetching comments for post ID: 6835cd011a2f3b476bcabd56
2025-06-03T09:30:42.666Z [INFO]: Fetching comments for post ID: 6835cd011a2f3b476bcabd56
2025-06-03T09:30:42.767Z [INFO]: Post found: 6835cd011a2f3b476bcabd56, views: 60/0
2025-06-03T09:30:42.813Z [INFO]: Post views updated: 61/0
2025-06-03T09:30:42.859Z [INFO]: Fetching comments for post ID: 6835cd011a2f3b476bcabd56
2025-06-03T09:30:42.859Z [INFO]: Fetching comments for post ID: 6835cd011a2f3b476bcabd56
2025-06-03T09:30:42.863Z [INFO]: Fetching post with ID: 6835cd011a2f3b476bcabd56, userId: 683189f4417a5ff1adf23052
2025-06-03T09:30:42.929Z [INFO]: Post found: 6835cd011a2f3b476bcabd56, views: 61/0
2025-06-03T09:30:42.964Z [INFO]: Post views updated: 62/0
2025-06-03T09:30:42.996Z [INFO]: Fetching comments for post ID: 6835cd011a2f3b476bcabd56
2025-06-03T09:30:42.996Z [INFO]: Fetching comments for post ID: 6835cd011a2f3b476bcabd56
2025-06-03T09:30:43.000Z [INFO]: Fetching post with ID: 6835cd011a2f3b476bcabd56, userId: 683189f4417a5ff1adf23052
2025-06-03T09:30:43.064Z [INFO]: Post found: 6835cd011a2f3b476bcabd56, views: 62/0
2025-06-03T09:30:43.099Z [INFO]: Post views updated: 63/0
2025-06-03T09:30:43.119Z [INFO]: Fetching comments for post ID: 6835cd011a2f3b476bcabd56
2025-06-03T09:30:43.120Z [INFO]: Fetching comments for post ID: 6835cd011a2f3b476bcabd56
2025-06-03T09:30:43.135Z [INFO]: Fetching post with ID: 6835cd011a2f3b476bcabd56, userId: 683189f4417a5ff1adf23052
2025-06-03T09:30:43.210Z [INFO]: Post found: 6835cd011a2f3b476bcabd56, views: 63/0
2025-06-03T09:30:43.246Z [INFO]: Post views updated: 64/0
2025-06-03T09:30:43.248Z [INFO]: Fetching comments for post ID: 6835cd011a2f3b476bcabd56
2025-06-03T09:30:43.249Z [INFO]: Fetching comments for post ID: 6835cd011a2f3b476bcabd56
2025-06-03T09:30:43.283Z [INFO]: Fetching post with ID: 6835cd011a2f3b476bcabd56, userId: 683189f4417a5ff1adf23052
2025-06-03T09:30:43.350Z [INFO]: Post found: 6835cd011a2f3b476bcabd56, views: 64/0
2025-06-03T09:30:43.387Z [INFO]: Post views updated: 65/0
2025-06-03T09:31:24.980Z [INFO]: Fetching post with ID: 6835cd011a2f3b476bcabd56, userId: 683189f4417a5ff1adf23052
2025-06-03T09:31:24.984Z [INFO]: Fetching comments for post ID: 6835cd011a2f3b476bcabd56
2025-06-03T09:31:24.985Z [INFO]: Fetching comments for post ID: 6835cd011a2f3b476bcabd56
2025-06-03T09:31:25.061Z [INFO]: Post found: 6835cd011a2f3b476bcabd56, views: 65/0
2025-06-03T09:31:25.098Z [INFO]: Post views updated: 66/0
2025-06-03T09:31:25.112Z [INFO]: Fetching comments for post ID: 6835cd011a2f3b476bcabd56
2025-06-03T09:31:25.112Z [INFO]: Fetching comments for post ID: 6835cd011a2f3b476bcabd56
2025-06-03T09:31:25.133Z [INFO]: Fetching post with ID: 6835cd011a2f3b476bcabd56, userId: 683189f4417a5ff1adf23052
2025-06-03T09:31:25.201Z [INFO]: Post found: 6835cd011a2f3b476bcabd56, views: 66/0
2025-06-03T09:31:25.232Z [INFO]: Fetching comments for post ID: 6835cd011a2f3b476bcabd56
2025-06-03T09:31:25.232Z [INFO]: Fetching comments for post ID: 6835cd011a2f3b476bcabd56
2025-06-03T09:31:25.233Z [INFO]: Post views updated: 67/0
2025-06-03T09:31:25.262Z [INFO]: Fetching post with ID: 6835cd011a2f3b476bcabd56, userId: 683189f4417a5ff1adf23052
2025-06-03T09:31:25.317Z [INFO]: Post found: 6835cd011a2f3b476bcabd56, views: 67/0
2025-06-03T09:31:25.347Z [INFO]: Post views updated: 68/0
2025-06-03T09:31:54.139Z [INFO]: Fetching post with ID: 6835cd011a2f3b476bcabd56, userId: 683189f4417a5ff1adf23052
2025-06-03T09:31:54.186Z [INFO]: Fetching comments for post ID: 6835cd011a2f3b476bcabd56
2025-06-03T09:31:54.187Z [INFO]: Fetching comments for post ID: 6835cd011a2f3b476bcabd56
2025-06-03T09:31:54.245Z [INFO]: Post found: 6835cd011a2f3b476bcabd56, views: 68/0
2025-06-03T09:31:54.300Z [INFO]: Post views updated: 69/0
2025-06-03T09:31:54.330Z [INFO]: Fetching comments for post ID: 6835cd011a2f3b476bcabd56
2025-06-03T09:31:54.331Z [INFO]: Fetching comments for post ID: 6835cd011a2f3b476bcabd56
2025-06-03T09:31:54.361Z [INFO]: Fetching post with ID: 6835cd011a2f3b476bcabd56, userId: 683189f4417a5ff1adf23052
2025-06-03T09:31:54.459Z [INFO]: Post found: 6835cd011a2f3b476bcabd56, views: 69/0
2025-06-03T09:31:54.510Z [INFO]: Post views updated: 70/0
2025-06-03T09:31:56.688Z [INFO]: Fetching post with ID: 68318d33ff888836007ecadb, userId: 683189f4417a5ff1adf23052
2025-06-03T09:31:56.755Z [INFO]: Post found: 68318d33ff888836007ecadb, views: 68/0
2025-06-03T09:31:56.776Z [INFO]: Fetching comments for post ID: 68318d33ff888836007ecadb
2025-06-03T09:31:56.777Z [INFO]: Fetching comments for post ID: 68318d33ff888836007ecadb
2025-06-03T09:31:56.790Z [INFO]: Post views updated: 69/0
2025-06-03T09:31:56.847Z [INFO]: Fetching post with ID: 68318d33ff888836007ecadb, userId: 683189f4417a5ff1adf23052
2025-06-03T09:31:56.910Z [INFO]: Post found: 68318d33ff888836007ecadb, views: 69/0
2025-06-03T09:31:56.917Z [INFO]: Fetching comments for post ID: 68318d33ff888836007ecadb
2025-06-03T09:31:56.917Z [INFO]: Fetching comments for post ID: 68318d33ff888836007ecadb
2025-06-03T09:31:56.944Z [INFO]: Post views updated: 70/0
2025-06-03T09:31:58.576Z [INFO]: Fetching post with ID: 68318d33ff888836007ecadb, userId: 683189f4417a5ff1adf23052
2025-06-03T09:31:58.606Z [INFO]: Fetching comments for post ID: 68318d33ff888836007ecadb
2025-06-03T09:31:58.607Z [INFO]: Fetching comments for post ID: 68318d33ff888836007ecadb
2025-06-03T09:31:58.648Z [INFO]: Post found: 68318d33ff888836007ecadb, views: 70/0
2025-06-03T09:31:58.685Z [INFO]: Post views updated: 71/0
2025-06-03T09:31:58.724Z [INFO]: Fetching post with ID: 68318d33ff888836007ecadb, userId: 683189f4417a5ff1adf23052
2025-06-03T09:31:58.786Z [INFO]: Post found: 68318d33ff888836007ecadb, views: 71/0
2025-06-03T09:31:58.815Z [INFO]: Fetching comments for post ID: 68318d33ff888836007ecadb
2025-06-03T09:31:58.817Z [INFO]: Fetching comments for post ID: 68318d33ff888836007ecadb
2025-06-03T09:31:58.819Z [INFO]: Post views updated: 72/0
2025-06-03T09:39:34.432Z [INFO]: Fetching post with ID: 6835cd011a2f3b476bcabd56, userId: 683189f4417a5ff1adf23052
2025-06-03T09:39:34.440Z [INFO]: Fetching comments for post ID: 6835cd011a2f3b476bcabd56
2025-06-03T09:39:34.441Z [INFO]: Fetching comments for post ID: 6835cd011a2f3b476bcabd56
2025-06-03T09:39:34.511Z [INFO]: Post found: 6835cd011a2f3b476bcabd56, views: 70/0
2025-06-03T09:39:34.562Z [INFO]: Post views updated: 71/0
2025-06-03T09:39:34.603Z [INFO]: Fetching comments for post ID: 6835cd011a2f3b476bcabd56
2025-06-03T09:39:34.604Z [INFO]: Fetching comments for post ID: 6835cd011a2f3b476bcabd56
2025-06-03T09:39:34.622Z [INFO]: Fetching post with ID: 6835cd011a2f3b476bcabd56, userId: 683189f4417a5ff1adf23052
2025-06-03T09:39:34.711Z [INFO]: Post found: 6835cd011a2f3b476bcabd56, views: 71/0
2025-06-03T09:39:34.757Z [INFO]: Post views updated: 72/0
2025-06-03T09:39:34.799Z [INFO]: Fetching comments for post ID: 6835cd011a2f3b476bcabd56
2025-06-03T09:39:34.799Z [INFO]: Fetching comments for post ID: 6835cd011a2f3b476bcabd56
2025-06-03T09:39:34.803Z [INFO]: Fetching post with ID: 6835cd011a2f3b476bcabd56, userId: 683189f4417a5ff1adf23052
2025-06-03T09:39:34.886Z [INFO]: Post found: 6835cd011a2f3b476bcabd56, views: 72/0
2025-06-03T09:39:34.932Z [INFO]: Post views updated: 73/0
2025-06-03T09:39:34.978Z [INFO]: Fetching post with ID: 6835cd011a2f3b476bcabd56, userId: 683189f4417a5ff1adf23052
2025-06-03T09:39:34.988Z [INFO]: Fetching comments for post ID: 6835cd011a2f3b476bcabd56
2025-06-03T09:39:34.988Z [INFO]: Fetching comments for post ID: 6835cd011a2f3b476bcabd56
2025-06-03T09:39:35.063Z [INFO]: Post found: 6835cd011a2f3b476bcabd56, views: 73/0
2025-06-03T09:39:35.110Z [INFO]: Post views updated: 74/0
2025-06-03T09:39:35.157Z [INFO]: Fetching post with ID: 6835cd011a2f3b476bcabd56, userId: 683189f4417a5ff1adf23052
2025-06-03T09:39:35.192Z [INFO]: Fetching comments for post ID: 6835cd011a2f3b476bcabd56
2025-06-03T09:39:35.193Z [INFO]: Fetching comments for post ID: 6835cd011a2f3b476bcabd56
2025-06-03T09:39:35.249Z [INFO]: Post found: 6835cd011a2f3b476bcabd56, views: 74/0
2025-06-03T09:39:35.295Z [INFO]: Post views updated: 75/0
2025-06-03T09:39:35.343Z [INFO]: Fetching post with ID: 6835cd011a2f3b476bcabd56, userId: 683189f4417a5ff1adf23052
2025-06-03T09:39:35.392Z [INFO]: Fetching comments for post ID: 6835cd011a2f3b476bcabd56
2025-06-03T09:39:35.392Z [INFO]: Fetching comments for post ID: 6835cd011a2f3b476bcabd56
2025-06-03T09:39:35.429Z [INFO]: Post found: 6835cd011a2f3b476bcabd56, views: 75/0
2025-06-03T09:39:35.476Z [INFO]: Post views updated: 76/0
2025-06-03T09:39:37.141Z [INFO]: Fetching post with ID: 6835cd011a2f3b476bcabd56, userId: 683189f4417a5ff1adf23052
2025-06-03T09:39:37.149Z [INFO]: Fetching comments for post ID: 6835cd011a2f3b476bcabd56
2025-06-03T09:39:37.150Z [INFO]: Fetching comments for post ID: 6835cd011a2f3b476bcabd56
2025-06-03T09:39:37.212Z [INFO]: Post found: 6835cd011a2f3b476bcabd56, views: 76/0
2025-06-03T09:39:37.246Z [INFO]: Post views updated: 77/0
2025-06-03T09:39:37.292Z [INFO]: Fetching comments for post ID: 6835cd011a2f3b476bcabd56
2025-06-03T09:39:37.293Z [INFO]: Fetching comments for post ID: 6835cd011a2f3b476bcabd56
2025-06-03T09:39:37.306Z [INFO]: Fetching post with ID: 6835cd011a2f3b476bcabd56, userId: 683189f4417a5ff1adf23052
2025-06-03T09:39:37.391Z [INFO]: Post found: 6835cd011a2f3b476bcabd56, views: 77/0
2025-06-03T09:39:37.436Z [INFO]: Post views updated: 78/0
2025-06-03T09:39:56.866Z [INFO]: Fetching post with ID: 6835cd011a2f3b476bcabd56, userId: 683189f4417a5ff1adf23052
2025-06-03T09:39:56.871Z [INFO]: Fetching comments for post ID: 6835cd011a2f3b476bcabd56
2025-06-03T09:39:56.871Z [INFO]: Fetching comments for post ID: 6835cd011a2f3b476bcabd56
2025-06-03T09:39:56.931Z [INFO]: Post found: 6835cd011a2f3b476bcabd56, views: 78/0
2025-06-03T09:39:56.965Z [INFO]: Post views updated: 79/0
2025-06-03T09:39:57.009Z [INFO]: Fetching post with ID: 6835cd011a2f3b476bcabd56, userId: 683189f4417a5ff1adf23052
2025-06-03T09:39:57.017Z [INFO]: Fetching comments for post ID: 6835cd011a2f3b476bcabd56
2025-06-03T09:39:57.018Z [INFO]: Fetching comments for post ID: 6835cd011a2f3b476bcabd56
2025-06-03T09:39:57.090Z [INFO]: Post found: 6835cd011a2f3b476bcabd56, views: 79/0
2025-06-03T09:39:57.132Z [INFO]: Post views updated: 80/0
2025-06-03T09:40:12.709Z [INFO]: Fetching post with ID: 6835cd011a2f3b476bcabd56, userId: 683189f4417a5ff1adf23052
2025-06-03T09:40:12.732Z [INFO]: Fetching comments for post ID: 6835cd011a2f3b476bcabd56
2025-06-03T09:40:12.733Z [INFO]: Fetching comments for post ID: 6835cd011a2f3b476bcabd56
2025-06-03T09:40:12.784Z [INFO]: Post found: 6835cd011a2f3b476bcabd56, views: 80/0
2025-06-03T09:40:12.819Z [INFO]: Post views updated: 81/0
2025-06-03T09:40:12.855Z [INFO]: Fetching post with ID: 6835cd011a2f3b476bcabd56, userId: 683189f4417a5ff1adf23052
2025-06-03T09:40:12.913Z [INFO]: Post found: 6835cd011a2f3b476bcabd56, views: 81/0
2025-06-03T09:40:12.945Z [INFO]: Fetching comments for post ID: 6835cd011a2f3b476bcabd56
2025-06-03T09:40:12.945Z [INFO]: Fetching comments for post ID: 6835cd011a2f3b476bcabd56
2025-06-03T09:40:12.947Z [INFO]: Post views updated: 82/0
2025-06-03T09:40:53.274Z [INFO]: Fetching post with ID: 6835cd011a2f3b476bcabd56, userId: 683189f4417a5ff1adf23052
2025-06-03T09:40:53.285Z [INFO]: Fetching comments for post ID: 6835cd011a2f3b476bcabd56
2025-06-03T09:40:53.285Z [INFO]: Fetching comments for post ID: 6835cd011a2f3b476bcabd56
2025-06-03T09:40:53.350Z [INFO]: Post found: 6835cd011a2f3b476bcabd56, views: 82/0
2025-06-03T09:40:53.396Z [INFO]: Post views updated: 83/0
2025-06-03T09:40:53.447Z [INFO]: Fetching post with ID: 6835cd011a2f3b476bcabd56, userId: 683189f4417a5ff1adf23052
2025-06-03T09:40:53.463Z [INFO]: Fetching comments for post ID: 6835cd011a2f3b476bcabd56
2025-06-03T09:40:53.465Z [INFO]: Fetching comments for post ID: 6835cd011a2f3b476bcabd56
2025-06-03T09:40:53.519Z [INFO]: Post found: 6835cd011a2f3b476bcabd56, views: 83/0
2025-06-03T09:40:53.556Z [INFO]: Post views updated: 84/0
2025-06-03T09:44:38.122Z [INFO]: Fetching post with ID: 683c5e6d1f8ddd0875dd424b, userId: 66dfbd050bdfe18c723f1066
2025-06-03T09:44:38.165Z [INFO]: Fetching comments for post ID: 683c5e6d1f8ddd0875dd424b
2025-06-03T09:44:38.168Z [INFO]: Fetching comments for post ID: 683c5e6d1f8ddd0875dd424b
2025-06-03T09:44:38.223Z [INFO]: Post found: 683c5e6d1f8ddd0875dd424b, views: 13/0
2025-06-03T09:44:38.285Z [INFO]: Post views updated: 14/0
2025-06-03T09:44:38.318Z [INFO]: Fetching post with ID: 683c5e6d1f8ddd0875dd424b, userId: 66dfbd050bdfe18c723f1066
2025-06-03T09:44:38.330Z [INFO]: Fetching comments for post ID: 683c5e6d1f8ddd0875dd424b
2025-06-03T09:44:38.333Z [INFO]: Fetching comments for post ID: 683c5e6d1f8ddd0875dd424b
2025-06-03T09:44:38.466Z [INFO]: Post found: 683c5e6d1f8ddd0875dd424b, views: 14/0
2025-06-03T09:44:38.537Z [INFO]: Post views updated: 15/0
2025-06-03T09:44:42.567Z [INFO]: Fetching post with ID: 683c5e6d1f8ddd0875dd424b, userId: 66dfbd050bdfe18c723f1066
2025-06-03T09:44:42.571Z [INFO]: Fetching comments for post ID: 683c5e6d1f8ddd0875dd424b
2025-06-03T09:44:42.572Z [INFO]: Fetching comments for post ID: 683c5e6d1f8ddd0875dd424b
2025-06-03T09:44:42.670Z [INFO]: Post found: 683c5e6d1f8ddd0875dd424b, views: 15/0
2025-06-03T09:44:42.718Z [INFO]: Fetching comments for post ID: 683c5e6d1f8ddd0875dd424b
2025-06-03T09:44:42.718Z [INFO]: Fetching comments for post ID: 683c5e6d1f8ddd0875dd424b
2025-06-03T09:44:42.720Z [INFO]: Post views updated: 16/0
2025-06-03T09:44:42.771Z [INFO]: Fetching post with ID: 683c5e6d1f8ddd0875dd424b, userId: 66dfbd050bdfe18c723f1066
2025-06-03T09:44:42.858Z [INFO]: Post found: 683c5e6d1f8ddd0875dd424b, views: 16/0
2025-06-03T09:44:42.905Z [INFO]: Post views updated: 17/0
2025-06-03T09:44:46.170Z [INFO]: Fetching post with ID: 683c5e6d1f8ddd0875dd424b, userId: 66dfbd050bdfe18c723f1066
2025-06-03T09:44:46.238Z [INFO]: Post found: 683c5e6d1f8ddd0875dd424b, views: 17/0
2025-06-03T09:44:46.258Z [INFO]: Fetching comments for post ID: 683c5e6d1f8ddd0875dd424b
2025-06-03T09:44:46.261Z [INFO]: Fetching comments for post ID: 683c5e6d1f8ddd0875dd424b
2025-06-03T09:44:46.270Z [INFO]: Post views updated: 18/0
2025-06-03T09:44:46.305Z [INFO]: Fetching post with ID: 683c5e6d1f8ddd0875dd424b, userId: 66dfbd050bdfe18c723f1066
2025-06-03T09:44:46.369Z [INFO]: Post found: 683c5e6d1f8ddd0875dd424b, views: 18/0
2025-06-03T09:44:46.387Z [INFO]: Fetching comments for post ID: 683c5e6d1f8ddd0875dd424b
2025-06-03T09:44:46.388Z [INFO]: Fetching comments for post ID: 683c5e6d1f8ddd0875dd424b
2025-06-03T09:44:46.404Z [INFO]: Post views updated: 19/0
2025-06-03T09:46:02.979Z [INFO]: Fetching post with ID: 683c5e6d1f8ddd0875dd424b, userId: 66dfbd050bdfe18c723f1066
2025-06-03T09:46:02.986Z [INFO]: Fetching comments for post ID: 683c5e6d1f8ddd0875dd424b
2025-06-03T09:46:02.987Z [INFO]: Fetching comments for post ID: 683c5e6d1f8ddd0875dd424b
2025-06-03T09:46:03.098Z [INFO]: Post found: 683c5e6d1f8ddd0875dd424b, views: 19/0
2025-06-03T09:46:03.150Z [INFO]: Post views updated: 20/0
2025-06-03T09:46:03.189Z [INFO]: Fetching comments for post ID: 683c5e6d1f8ddd0875dd424b
2025-06-03T09:46:03.191Z [INFO]: Fetching comments for post ID: 683c5e6d1f8ddd0875dd424b
2025-06-03T09:46:03.208Z [INFO]: Fetching post with ID: 683c5e6d1f8ddd0875dd424b, userId: 66dfbd050bdfe18c723f1066
2025-06-03T09:46:03.306Z [INFO]: Post found: 683c5e6d1f8ddd0875dd424b, views: 20/0
2025-06-03T09:46:03.356Z [INFO]: Post views updated: 21/0
2025-06-03T09:46:15.695Z [INFO]: Fetching post with ID: 683c5e6d1f8ddd0875dd424b, userId: 66dfbd050bdfe18c723f1066
2025-06-03T09:46:15.708Z [INFO]: Fetching comments for post ID: 683c5e6d1f8ddd0875dd424b
2025-06-03T09:46:15.709Z [INFO]: Fetching comments for post ID: 683c5e6d1f8ddd0875dd424b
2025-06-03T09:46:15.757Z [INFO]: Post found: 683c5e6d1f8ddd0875dd424b, views: 21/0
2025-06-03T09:46:15.791Z [INFO]: Post views updated: 22/0
2025-06-03T09:46:15.834Z [INFO]: Fetching comments for post ID: 683c5e6d1f8ddd0875dd424b
2025-06-03T09:46:15.834Z [INFO]: Fetching comments for post ID: 683c5e6d1f8ddd0875dd424b
2025-06-03T09:46:15.848Z [INFO]: Fetching post with ID: 683c5e6d1f8ddd0875dd424b, userId: 66dfbd050bdfe18c723f1066
2025-06-03T09:46:15.936Z [INFO]: Post found: 683c5e6d1f8ddd0875dd424b, views: 22/0
2025-06-03T09:46:15.982Z [INFO]: Post views updated: 23/0
2025-06-03T09:47:25.188Z [INFO]: Fetching comments for post ID: 683c5e6d1f8ddd0875dd424b
2025-06-03T09:47:25.189Z [INFO]: Fetching comments for post ID: 683c5e6d1f8ddd0875dd424b
2025-06-03T09:47:25.200Z [INFO]: Fetching post with ID: 683c5e6d1f8ddd0875dd424b, userId: 66dfbd050bdfe18c723f1066
2025-06-03T09:47:25.312Z [INFO]: Post found: 683c5e6d1f8ddd0875dd424b, views: 23/0
2025-06-03T09:47:25.342Z [INFO]: Fetching comments for post ID: 683c5e6d1f8ddd0875dd424b
2025-06-03T09:47:25.344Z [INFO]: Fetching comments for post ID: 683c5e6d1f8ddd0875dd424b
2025-06-03T09:47:25.373Z [INFO]: Post views updated: 24/0
2025-06-03T09:47:25.432Z [INFO]: Fetching post with ID: 683c5e6d1f8ddd0875dd424b, userId: 66dfbd050bdfe18c723f1066
2025-06-03T09:47:25.532Z [INFO]: Post found: 683c5e6d1f8ddd0875dd424b, views: 24/0
2025-06-03T09:47:25.584Z [INFO]: Post views updated: 25/0
2025-06-03T09:48:07.106Z [INFO]: Fetching comments for post ID: 683c5e6d1f8ddd0875dd424b
2025-06-03T09:48:07.107Z [INFO]: Fetching comments for post ID: 683c5e6d1f8ddd0875dd424b
2025-06-03T09:48:07.114Z [INFO]: Fetching post with ID: 683c5e6d1f8ddd0875dd424b, userId: 68318f7dff888836007ecc99
2025-06-03T09:48:07.188Z [INFO]: Post found: 683c5e6d1f8ddd0875dd424b, views: 25/0
2025-06-03T09:48:07.227Z [INFO]: Post views updated: 26/0
2025-06-03T09:48:07.233Z [INFO]: Fetching comments for post ID: 683c5e6d1f8ddd0875dd424b
2025-06-03T09:48:07.234Z [INFO]: Fetching comments for post ID: 683c5e6d1f8ddd0875dd424b
2025-06-03T09:48:07.299Z [INFO]: Fetching post with ID: 683c5e6d1f8ddd0875dd424b, userId: 68318f7dff888836007ecc99
2025-06-03T09:48:07.397Z [INFO]: Post found: 683c5e6d1f8ddd0875dd424b, views: 26/0
2025-06-03T09:48:07.446Z [INFO]: Post views updated: 27/0
2025-06-03T09:48:26.064Z [ERROR]: Login error: Login is Unsuccessful
2025-06-03T09:49:07.858Z [INFO]: Fetching post with ID: 683c5e6d1f8ddd0875dd424b, userId: 681c376158ac95ae022b4c4a
2025-06-03T09:49:07.904Z [INFO]: Fetching comments for post ID: 683c5e6d1f8ddd0875dd424b
2025-06-03T09:49:07.905Z [INFO]: Fetching comments for post ID: 683c5e6d1f8ddd0875dd424b
2025-06-03T09:49:07.939Z [INFO]: Post found: 683c5e6d1f8ddd0875dd424b, views: 27/0
2025-06-03T09:49:07.979Z [INFO]: Post views updated: 28/0
2025-06-03T09:49:08.013Z [INFO]: Fetching post with ID: 683c5e6d1f8ddd0875dd424b, userId: 681c376158ac95ae022b4c4a
2025-06-03T09:49:08.018Z [INFO]: Fetching comments for post ID: 683c5e6d1f8ddd0875dd424b
2025-06-03T09:49:08.019Z [INFO]: Fetching comments for post ID: 683c5e6d1f8ddd0875dd424b
2025-06-03T09:49:08.076Z [INFO]: Post found: 683c5e6d1f8ddd0875dd424b, views: 28/0
2025-06-03T09:49:08.106Z [INFO]: Post views updated: 29/0
2025-06-03T09:53:32.442Z [INFO]: Fetching post with ID: 683c5e6d1f8ddd0875dd424b, userId: 66dfbd050bdfe18c723f1066
2025-06-03T09:53:32.512Z [INFO]: Post found: 683c5e6d1f8ddd0875dd424b, views: 29/0
2025-06-03T09:53:32.542Z [INFO]: Fetching comments for post ID: 683c5e6d1f8ddd0875dd424b
2025-06-03T09:53:32.543Z [INFO]: Fetching comments for post ID: 683c5e6d1f8ddd0875dd424b
2025-06-03T09:53:32.553Z [INFO]: Post views updated: 30/0
2025-06-03T09:53:32.616Z [INFO]: Fetching post with ID: 683c5e6d1f8ddd0875dd424b, userId: 66dfbd050bdfe18c723f1066
2025-06-03T09:53:32.692Z [INFO]: Fetching comments for post ID: 683c5e6d1f8ddd0875dd424b
2025-06-03T09:53:32.693Z [INFO]: Fetching comments for post ID: 683c5e6d1f8ddd0875dd424b
2025-06-03T09:53:32.712Z [INFO]: Post found: 683c5e6d1f8ddd0875dd424b, views: 30/0
2025-06-03T09:53:32.760Z [INFO]: Post views updated: 31/0
2025-06-03T09:53:32.806Z [INFO]: Fetching post with ID: 683c5e6d1f8ddd0875dd424b, userId: 66dfbd050bdfe18c723f1066
2025-06-03T09:53:32.830Z [INFO]: Fetching comments for post ID: 683c5e6d1f8ddd0875dd424b
2025-06-03T09:53:32.830Z [INFO]: Fetching comments for post ID: 683c5e6d1f8ddd0875dd424b
2025-06-03T09:53:32.892Z [INFO]: Post found: 683c5e6d1f8ddd0875dd424b, views: 31/0
2025-06-03T09:53:32.939Z [INFO]: Post views updated: 32/0
2025-06-03T10:00:00.773Z [INFO]: Fetching post with ID: 683c5e6d1f8ddd0875dd424b, userId: 66dfbd050bdfe18c723f1066
2025-06-03T10:00:00.794Z [INFO]: Fetching comments for post ID: 683c5e6d1f8ddd0875dd424b
2025-06-03T10:00:00.795Z [INFO]: Fetching comments for post ID: 683c5e6d1f8ddd0875dd424b
2025-06-03T10:00:00.884Z [INFO]: Post found: 683c5e6d1f8ddd0875dd424b, views: 32/0
2025-06-03T10:00:00.946Z [INFO]: Post views updated: 33/0
2025-06-03T10:00:01.006Z [INFO]: Fetching post with ID: 683c5e6d1f8ddd0875dd424b, userId: 66dfbd050bdfe18c723f1066
2025-06-03T10:00:01.030Z [INFO]: Fetching comments for post ID: 683c5e6d1f8ddd0875dd424b
2025-06-03T10:00:01.030Z [INFO]: Fetching comments for post ID: 683c5e6d1f8ddd0875dd424b
2025-06-03T10:00:01.103Z [INFO]: Post found: 683c5e6d1f8ddd0875dd424b, views: 33/0
2025-06-03T10:00:01.151Z [INFO]: Post views updated: 34/0
2025-06-03T10:00:01.194Z [INFO]: Fetching post with ID: 683c5e6d1f8ddd0875dd424b, userId: 66dfbd050bdfe18c723f1066
2025-06-03T10:00:01.226Z [INFO]: Fetching comments for post ID: 683c5e6d1f8ddd0875dd424b
2025-06-03T10:00:01.227Z [INFO]: Fetching comments for post ID: 683c5e6d1f8ddd0875dd424b
2025-06-03T10:00:01.287Z [INFO]: Post found: 683c5e6d1f8ddd0875dd424b, views: 34/0
2025-06-03T10:00:01.334Z [INFO]: Post views updated: 35/0
2025-06-03T10:00:01.407Z [INFO]: Fetching post with ID: 683c5e6d1f8ddd0875dd424b, userId: 66dfbd050bdfe18c723f1066
2025-06-03T10:00:01.459Z [INFO]: Fetching comments for post ID: 683c5e6d1f8ddd0875dd424b
2025-06-03T10:00:01.459Z [INFO]: Fetching comments for post ID: 683c5e6d1f8ddd0875dd424b
2025-06-03T10:00:01.498Z [INFO]: Post found: 683c5e6d1f8ddd0875dd424b, views: 35/0
2025-06-03T10:00:01.546Z [INFO]: Post views updated: 36/0
2025-06-03T10:00:01.600Z [INFO]: Fetching post with ID: 683c5e6d1f8ddd0875dd424b, userId: 66dfbd050bdfe18c723f1066
2025-06-03T10:00:01.663Z [INFO]: Fetching comments for post ID: 683c5e6d1f8ddd0875dd424b
2025-06-03T10:00:01.663Z [INFO]: Fetching comments for post ID: 683c5e6d1f8ddd0875dd424b
2025-06-03T10:00:01.685Z [INFO]: Post found: 683c5e6d1f8ddd0875dd424b, views: 36/0
2025-06-03T10:00:01.735Z [INFO]: Post views updated: 37/0
2025-06-03T10:00:01.789Z [INFO]: Fetching post with ID: 683c5e6d1f8ddd0875dd424b, userId: 66dfbd050bdfe18c723f1066
2025-06-03T10:00:01.864Z [INFO]: Fetching comments for post ID: 683c5e6d1f8ddd0875dd424b
2025-06-03T10:00:01.865Z [INFO]: Fetching comments for post ID: 683c5e6d1f8ddd0875dd424b
2025-06-03T10:00:01.872Z [INFO]: Post found: 683c5e6d1f8ddd0875dd424b, views: 37/0
2025-06-03T10:00:01.919Z [INFO]: Post views updated: 38/0
2025-06-03T10:00:05.066Z [INFO]: Fetching post with ID: 683c5e6d1f8ddd0875dd424b, userId: 66dfbd050bdfe18c723f1066
2025-06-03T10:00:05.077Z [INFO]: Fetching comments for post ID: 683c5e6d1f8ddd0875dd424b
2025-06-03T10:00:05.078Z [INFO]: Fetching comments for post ID: 683c5e6d1f8ddd0875dd424b
2025-06-03T10:00:05.162Z [INFO]: Post found: 683c5e6d1f8ddd0875dd424b, views: 38/0
2025-06-03T10:00:05.208Z [INFO]: Post views updated: 39/0
2025-06-03T10:00:05.259Z [INFO]: Fetching post with ID: 683c5e6d1f8ddd0875dd424b, userId: 66dfbd050bdfe18c723f1066
2025-06-03T10:00:05.270Z [INFO]: Fetching comments for post ID: 683c5e6d1f8ddd0875dd424b
2025-06-03T10:00:05.271Z [INFO]: Fetching comments for post ID: 683c5e6d1f8ddd0875dd424b
2025-06-03T10:00:05.345Z [INFO]: Post found: 683c5e6d1f8ddd0875dd424b, views: 39/0
2025-06-03T10:00:05.391Z [INFO]: Post views updated: 40/0
2025-06-03T10:00:21.001Z [INFO]: Fetching comments for post ID: 68319085ff888836007ecd14
2025-06-03T10:00:21.002Z [INFO]: Fetching comments for post ID: 68319085ff888836007ecd14
2025-06-03T10:00:21.006Z [INFO]: Fetching post with ID: 68319085ff888836007ecd14, userId: 66dfbd050bdfe18c723f1066
2025-06-03T10:00:21.101Z [INFO]: Post found: 68319085ff888836007ecd14, views: 535/0
2025-06-03T10:00:21.155Z [INFO]: Post views updated: 536/0
2025-06-03T10:00:21.169Z [INFO]: Fetching comments for post ID: 68319085ff888836007ecd14
2025-06-03T10:00:21.170Z [INFO]: Fetching comments for post ID: 68319085ff888836007ecd14
2025-06-03T10:00:21.211Z [INFO]: Fetching post with ID: 68319085ff888836007ecd14, userId: 66dfbd050bdfe18c723f1066
2025-06-03T10:00:21.305Z [INFO]: Post found: 68319085ff888836007ecd14, views: 536/0
2025-06-03T10:00:21.354Z [INFO]: Post views updated: 537/0
2025-06-03T10:10:44.627Z [INFO]: Fetching post with ID: 683c5e6d1f8ddd0875dd424b, userId: 66dfbd050bdfe18c723f1066
2025-06-03T10:10:44.670Z [INFO]: Fetching comments for post ID: 683c5e6d1f8ddd0875dd424b
2025-06-03T10:10:44.672Z [INFO]: Fetching comments for post ID: 683c5e6d1f8ddd0875dd424b
2025-06-03T10:10:44.780Z [INFO]: Post found: 683c5e6d1f8ddd0875dd424b, views: 40/0
2025-06-03T10:10:44.871Z [INFO]: Post views updated: 41/0
2025-06-03T10:10:44.895Z [INFO]: Fetching comments for post ID: 683c5e6d1f8ddd0875dd424b
2025-06-03T10:10:44.897Z [INFO]: Fetching comments for post ID: 683c5e6d1f8ddd0875dd424b
2025-06-03T10:10:44.917Z [INFO]: Fetching post with ID: 683c5e6d1f8ddd0875dd424b, userId: 66dfbd050bdfe18c723f1066
2025-06-03T10:10:45.001Z [INFO]: Post found: 683c5e6d1f8ddd0875dd424b, views: 41/0
2025-06-03T10:10:45.019Z [INFO]: Fetching comments for post ID: 683c5e6d1f8ddd0875dd424b
2025-06-03T10:10:45.021Z [INFO]: Fetching comments for post ID: 683c5e6d1f8ddd0875dd424b
2025-06-03T10:10:45.045Z [INFO]: Post views updated: 42/0
2025-06-03T10:10:45.085Z [INFO]: Fetching post with ID: 683c5e6d1f8ddd0875dd424b, userId: 66dfbd050bdfe18c723f1066
2025-06-03T10:10:45.164Z [INFO]: Post found: 683c5e6d1f8ddd0875dd424b, views: 42/0
2025-06-03T10:10:45.205Z [INFO]: Post views updated: 43/0
2025-06-03T10:10:49.761Z [INFO]: Fetching post with ID: 683c5e6d1f8ddd0875dd424b, userId: 66dfbd050bdfe18c723f1066
2025-06-03T10:10:49.767Z [INFO]: Fetching comments for post ID: 683c5e6d1f8ddd0875dd424b
2025-06-03T10:10:49.768Z [INFO]: Fetching comments for post ID: 683c5e6d1f8ddd0875dd424b
2025-06-03T10:10:49.821Z [INFO]: Post found: 683c5e6d1f8ddd0875dd424b, views: 43/0
2025-06-03T10:10:49.853Z [INFO]: Post views updated: 44/0
2025-06-03T10:10:49.886Z [INFO]: Fetching post with ID: 683c5e6d1f8ddd0875dd424b, userId: 66dfbd050bdfe18c723f1066
2025-06-03T10:10:49.902Z [INFO]: Fetching comments for post ID: 683c5e6d1f8ddd0875dd424b
2025-06-03T10:10:49.903Z [INFO]: Fetching comments for post ID: 683c5e6d1f8ddd0875dd424b
2025-06-03T10:10:49.944Z [INFO]: Post found: 683c5e6d1f8ddd0875dd424b, views: 44/0
2025-06-03T10:10:49.975Z [INFO]: Post views updated: 45/0
2025-06-03T10:10:50.005Z [INFO]: Fetching post with ID: 683c5e6d1f8ddd0875dd424b, userId: 66dfbd050bdfe18c723f1066
2025-06-03T10:10:50.035Z [INFO]: Fetching comments for post ID: 683c5e6d1f8ddd0875dd424b
2025-06-03T10:10:50.035Z [INFO]: Fetching comments for post ID: 683c5e6d1f8ddd0875dd424b
2025-06-03T10:10:50.060Z [INFO]: Post found: 683c5e6d1f8ddd0875dd424b, views: 45/0
2025-06-03T10:10:50.091Z [INFO]: Post views updated: 46/0
2025-06-03T10:10:54.748Z [INFO]: Fetching post with ID: 680b56d828859d29f727fbc1, userId: 66dfbd050bdfe18c723f1066
2025-06-03T10:10:54.762Z [INFO]: Fetching comments for post ID: 680b56d828859d29f727fbc1
2025-06-03T10:10:54.763Z [INFO]: Fetching comments for post ID: 680b56d828859d29f727fbc1
2025-06-03T10:10:54.813Z [INFO]: Post found: 680b56d828859d29f727fbc1, views: 13/0
2025-06-03T10:10:54.850Z [INFO]: Post views updated: 14/0
2025-06-03T10:10:54.884Z [INFO]: Fetching comments for post ID: 680b56d828859d29f727fbc1
2025-06-03T10:10:54.885Z [INFO]: Fetching comments for post ID: 680b56d828859d29f727fbc1
2025-06-03T10:10:54.886Z [INFO]: Fetching post with ID: 680b56d828859d29f727fbc1, userId: 66dfbd050bdfe18c723f1066
2025-06-03T10:10:54.954Z [INFO]: Post found: 680b56d828859d29f727fbc1, views: 14/0
2025-06-03T10:10:54.994Z [INFO]: Post views updated: 15/0
2025-06-03T10:10:55.004Z [INFO]: Fetching comments for post ID: 680b56d828859d29f727fbc1
2025-06-03T10:10:55.004Z [INFO]: Fetching comments for post ID: 680b56d828859d29f727fbc1
2025-06-03T10:10:55.033Z [INFO]: Fetching post with ID: 680b56d828859d29f727fbc1, userId: 66dfbd050bdfe18c723f1066
2025-06-03T10:10:55.099Z [INFO]: Post found: 680b56d828859d29f727fbc1, views: 15/0
2025-06-03T10:10:55.134Z [INFO]: Post views updated: 16/0
2025-06-03T10:11:04.153Z [INFO]: Fetching comments for post ID: 683c5e6d1f8ddd0875dd424b
2025-06-03T10:11:04.154Z [INFO]: Fetching comments for post ID: 683c5e6d1f8ddd0875dd424b
2025-06-03T10:11:04.161Z [INFO]: Fetching post with ID: 683c5e6d1f8ddd0875dd424b, userId: 66dfbd050bdfe18c723f1066
2025-06-03T10:11:04.243Z [INFO]: Post found: 683c5e6d1f8ddd0875dd424b, views: 46/0
2025-06-03T10:11:04.296Z [INFO]: Post views updated: 47/0
2025-06-03T10:11:04.307Z [INFO]: Fetching comments for post ID: 683c5e6d1f8ddd0875dd424b
2025-06-03T10:11:04.308Z [INFO]: Fetching comments for post ID: 683c5e6d1f8ddd0875dd424b
2025-06-03T10:11:04.349Z [INFO]: Fetching post with ID: 683c5e6d1f8ddd0875dd424b, userId: 66dfbd050bdfe18c723f1066
2025-06-03T10:11:04.427Z [INFO]: Post found: 683c5e6d1f8ddd0875dd424b, views: 47/0
2025-06-03T10:11:04.448Z [INFO]: Fetching comments for post ID: 683c5e6d1f8ddd0875dd424b
2025-06-03T10:11:04.448Z [INFO]: Fetching comments for post ID: 683c5e6d1f8ddd0875dd424b
2025-06-03T10:11:04.467Z [INFO]: Post views updated: 48/0
2025-06-03T10:11:04.506Z [INFO]: Fetching post with ID: 683c5e6d1f8ddd0875dd424b, userId: 66dfbd050bdfe18c723f1066
2025-06-03T10:11:04.580Z [INFO]: Post found: 683c5e6d1f8ddd0875dd424b, views: 48/0
2025-06-03T10:11:04.620Z [INFO]: Post views updated: 49/0
2025-06-03T10:11:31.158Z [INFO]: Fetching comments for post ID: 683c5e6d1f8ddd0875dd424b
2025-06-03T10:11:31.158Z [INFO]: Fetching comments for post ID: 683c5e6d1f8ddd0875dd424b
2025-06-03T10:11:31.166Z [INFO]: Fetching post with ID: 683c5e6d1f8ddd0875dd424b, userId: 66dfbd050bdfe18c723f1066
2025-06-03T10:11:31.248Z [INFO]: Post found: 683c5e6d1f8ddd0875dd424b, views: 49/0
2025-06-03T10:11:31.286Z [INFO]: Fetching comments for post ID: 683c5e6d1f8ddd0875dd424b
2025-06-03T10:11:31.286Z [INFO]: Fetching comments for post ID: 683c5e6d1f8ddd0875dd424b
2025-06-03T10:11:31.290Z [INFO]: Post views updated: 50/0
2025-06-03T10:11:31.333Z [INFO]: Fetching post with ID: 683c5e6d1f8ddd0875dd424b, userId: 66dfbd050bdfe18c723f1066
2025-06-03T10:11:31.396Z [INFO]: Fetching comments for post ID: 683c5e6d1f8ddd0875dd424b
2025-06-03T10:11:31.396Z [INFO]: Fetching comments for post ID: 683c5e6d1f8ddd0875dd424b
2025-06-03T10:11:31.407Z [INFO]: Post found: 683c5e6d1f8ddd0875dd424b, views: 50/0
2025-06-03T10:11:31.448Z [INFO]: Post views updated: 51/0
2025-06-03T10:11:31.488Z [INFO]: Fetching post with ID: 683c5e6d1f8ddd0875dd424b, userId: 66dfbd050bdfe18c723f1066
2025-06-03T10:11:31.565Z [INFO]: Post found: 683c5e6d1f8ddd0875dd424b, views: 51/0
2025-06-03T10:11:31.606Z [INFO]: Post views updated: 52/0
2025-06-03T10:11:44.630Z [INFO]: Fetching comments for post ID: 683c5e6d1f8ddd0875dd424b
2025-06-03T10:11:44.631Z [INFO]: Fetching comments for post ID: 683c5e6d1f8ddd0875dd424b
2025-06-03T10:11:44.633Z [INFO]: Fetching post with ID: 683c5e6d1f8ddd0875dd424b, userId: 66dfbd050bdfe18c723f1066
2025-06-03T10:11:44.710Z [INFO]: Post found: 683c5e6d1f8ddd0875dd424b, views: 52/0
2025-06-03T10:11:44.752Z [INFO]: Post views updated: 53/0
2025-06-03T10:11:44.770Z [INFO]: Fetching comments for post ID: 683c5e6d1f8ddd0875dd424b
2025-06-03T10:11:44.771Z [INFO]: Fetching comments for post ID: 683c5e6d1f8ddd0875dd424b
2025-06-03T10:11:44.800Z [INFO]: Fetching post with ID: 683c5e6d1f8ddd0875dd424b, userId: 66dfbd050bdfe18c723f1066
2025-06-03T10:11:44.876Z [INFO]: Post found: 683c5e6d1f8ddd0875dd424b, views: 53/0
2025-06-03T10:11:44.906Z [INFO]: Fetching comments for post ID: 683c5e6d1f8ddd0875dd424b
2025-06-03T10:11:44.906Z [INFO]: Fetching comments for post ID: 683c5e6d1f8ddd0875dd424b
2025-06-03T10:11:44.915Z [INFO]: Post views updated: 54/0
2025-06-03T10:11:44.953Z [INFO]: Fetching post with ID: 683c5e6d1f8ddd0875dd424b, userId: 66dfbd050bdfe18c723f1066
2025-06-03T10:11:45.027Z [INFO]: Post found: 683c5e6d1f8ddd0875dd424b, views: 54/0
2025-06-03T10:11:45.070Z [INFO]: Post views updated: 55/0
2025-06-03T10:12:08.104Z [INFO]: Fetching post with ID: 683c5e6d1f8ddd0875dd424b, userId: 66dfbd050bdfe18c723f1066
2025-06-03T10:12:08.111Z [INFO]: Fetching comments for post ID: 683c5e6d1f8ddd0875dd424b
2025-06-03T10:12:08.111Z [INFO]: Fetching comments for post ID: 683c5e6d1f8ddd0875dd424b
2025-06-03T10:12:08.178Z [INFO]: Post found: 683c5e6d1f8ddd0875dd424b, views: 55/0
2025-06-03T10:12:08.215Z [INFO]: Post views updated: 56/0
2025-06-03T10:12:08.236Z [INFO]: Fetching comments for post ID: 683c5e6d1f8ddd0875dd424b
2025-06-03T10:12:08.237Z [INFO]: Fetching comments for post ID: 683c5e6d1f8ddd0875dd424b
2025-06-03T10:12:08.258Z [INFO]: Fetching post with ID: 683c5e6d1f8ddd0875dd424b, userId: 66dfbd050bdfe18c723f1066
2025-06-03T10:12:08.360Z [INFO]: Post found: 683c5e6d1f8ddd0875dd424b, views: 56/0
2025-06-03T10:12:08.369Z [INFO]: Fetching comments for post ID: 683c5e6d1f8ddd0875dd424b
2025-06-03T10:12:08.370Z [INFO]: Fetching comments for post ID: 683c5e6d1f8ddd0875dd424b
2025-06-03T10:12:08.397Z [INFO]: Post views updated: 57/0
2025-06-03T10:12:08.433Z [INFO]: Fetching post with ID: 683c5e6d1f8ddd0875dd424b, userId: 66dfbd050bdfe18c723f1066
2025-06-03T10:12:08.499Z [INFO]: Post found: 683c5e6d1f8ddd0875dd424b, views: 57/0
2025-06-03T10:12:08.534Z [INFO]: Post views updated: 58/0
2025-06-03T10:13:52.123Z [INFO]: Fetching post with ID: 683c5e6d1f8ddd0875dd424b, userId: 66dfbd050bdfe18c723f1066
2025-06-03T10:13:52.144Z [INFO]: Fetching comments for post ID: 683c5e6d1f8ddd0875dd424b
2025-06-03T10:13:52.144Z [INFO]: Fetching comments for post ID: 683c5e6d1f8ddd0875dd424b
2025-06-03T10:13:52.177Z [INFO]: Post found: 683c5e6d1f8ddd0875dd424b, views: 58/0
2025-06-03T10:13:52.210Z [INFO]: Post views updated: 59/0
2025-06-03T10:13:52.259Z [INFO]: Fetching post with ID: 683c5e6d1f8ddd0875dd424b, userId: 66dfbd050bdfe18c723f1066
2025-06-03T10:13:52.304Z [INFO]: Fetching comments for post ID: 683c5e6d1f8ddd0875dd424b
2025-06-03T10:13:52.304Z [INFO]: Fetching comments for post ID: 683c5e6d1f8ddd0875dd424b
2025-06-03T10:13:52.349Z [INFO]: Post found: 683c5e6d1f8ddd0875dd424b, views: 59/0
2025-06-03T10:13:52.395Z [INFO]: Post views updated: 60/0
2025-06-03T10:13:55.774Z [INFO]: Fetching post with ID: 683c5e6d1f8ddd0875dd424b, userId: 66dfbd050bdfe18c723f1066
2025-06-03T10:13:55.783Z [INFO]: Fetching comments for post ID: 683c5e6d1f8ddd0875dd424b
2025-06-03T10:13:55.783Z [INFO]: Fetching comments for post ID: 683c5e6d1f8ddd0875dd424b
2025-06-03T10:13:55.835Z [INFO]: Post found: 683c5e6d1f8ddd0875dd424b, views: 60/0
2025-06-03T10:13:55.875Z [INFO]: Post views updated: 61/0
2025-06-03T10:13:55.915Z [INFO]: Fetching post with ID: 683c5e6d1f8ddd0875dd424b, userId: 66dfbd050bdfe18c723f1066
2025-06-03T10:13:55.945Z [INFO]: Fetching comments for post ID: 683c5e6d1f8ddd0875dd424b
2025-06-03T10:13:55.946Z [INFO]: Fetching comments for post ID: 683c5e6d1f8ddd0875dd424b
2025-06-03T10:13:55.982Z [INFO]: Post found: 683c5e6d1f8ddd0875dd424b, views: 61/0
2025-06-03T10:13:56.015Z [INFO]: Post views updated: 62/0
2025-06-03T10:13:59.379Z [INFO]: Fetching post with ID: 683c5e6d1f8ddd0875dd424b, userId: 66dfbd050bdfe18c723f1066
2025-06-03T10:13:59.421Z [INFO]: Fetching comments for post ID: 683c5e6d1f8ddd0875dd424b
2025-06-03T10:13:59.422Z [INFO]: Fetching comments for post ID: 683c5e6d1f8ddd0875dd424b
2025-06-03T10:13:59.439Z [INFO]: Post found: 683c5e6d1f8ddd0875dd424b, views: 62/0
2025-06-03T10:13:59.479Z [INFO]: Post views updated: 63/0
2025-06-03T10:13:59.526Z [INFO]: Fetching post with ID: 683c5e6d1f8ddd0875dd424b, userId: 66dfbd050bdfe18c723f1066
2025-06-03T10:13:59.563Z [INFO]: Fetching comments for post ID: 683c5e6d1f8ddd0875dd424b
2025-06-03T10:13:59.564Z [INFO]: Fetching comments for post ID: 683c5e6d1f8ddd0875dd424b
2025-06-03T10:13:59.619Z [INFO]: Post found: 683c5e6d1f8ddd0875dd424b, views: 63/0
2025-06-03T10:13:59.667Z [INFO]: Post views updated: 64/0
2025-06-03T10:14:11.678Z [INFO]: Fetching post with ID: 683c5e6d1f8ddd0875dd424b, userId: 66dfbd050bdfe18c723f1066
2025-06-03T10:14:11.690Z [INFO]: Fetching comments for post ID: 683c5e6d1f8ddd0875dd424b
2025-06-03T10:14:11.691Z [INFO]: Fetching comments for post ID: 683c5e6d1f8ddd0875dd424b
2025-06-03T10:14:11.745Z [INFO]: Post found: 683c5e6d1f8ddd0875dd424b, views: 64/0
2025-06-03T10:14:11.775Z [INFO]: Post views updated: 65/0
2025-06-03T10:14:11.808Z [INFO]: Fetching post with ID: 683c5e6d1f8ddd0875dd424b, userId: 66dfbd050bdfe18c723f1066
2025-06-03T10:14:11.859Z [INFO]: Fetching comments for post ID: 683c5e6d1f8ddd0875dd424b
2025-06-03T10:14:11.860Z [INFO]: Fetching comments for post ID: 683c5e6d1f8ddd0875dd424b
2025-06-03T10:14:11.866Z [INFO]: Post found: 683c5e6d1f8ddd0875dd424b, views: 65/0
2025-06-03T10:14:11.895Z [INFO]: Post views updated: 66/0
2025-06-03T10:14:11.925Z [INFO]: Fetching post with ID: 683c5e6d1f8ddd0875dd424b, userId: 66dfbd050bdfe18c723f1066
2025-06-03T10:14:11.979Z [INFO]: Post found: 683c5e6d1f8ddd0875dd424b, views: 66/0
2025-06-03T10:14:12.010Z [INFO]: Post views updated: 67/0
2025-06-03T10:14:12.013Z [INFO]: Fetching comments for post ID: 683c5e6d1f8ddd0875dd424b
2025-06-03T10:14:12.013Z [INFO]: Fetching comments for post ID: 683c5e6d1f8ddd0875dd424b
2025-06-03T10:27:37.841Z [INFO]: Fetching post with ID: 683c5e6d1f8ddd0875dd424b, userId: 68318f7dff888836007ecc99
2025-06-03T10:27:37.925Z [INFO]: Fetching comments for post ID: 683c5e6d1f8ddd0875dd424b
2025-06-03T10:27:37.926Z [INFO]: Fetching comments for post ID: 683c5e6d1f8ddd0875dd424b
2025-06-03T10:27:38.325Z [INFO]: Post found: 683c5e6d1f8ddd0875dd424b, views: 67/0
2025-06-03T10:27:38.389Z [INFO]: Post views updated: 68/0
2025-06-03T10:27:38.467Z [INFO]: Fetching post with ID: 683c5e6d1f8ddd0875dd424b, userId: 68318f7dff888836007ecc99
2025-06-03T10:27:38.570Z [INFO]: Post found: 683c5e6d1f8ddd0875dd424b, views: 68/0
2025-06-03T10:27:38.632Z [INFO]: Post views updated: 69/0
2025-06-03T10:27:38.638Z [INFO]: Fetching comments for post ID: 683c5e6d1f8ddd0875dd424b
2025-06-03T10:27:38.639Z [INFO]: Fetching comments for post ID: 683c5e6d1f8ddd0875dd424b
2025-06-03T10:27:42.073Z [INFO]: Fetching post with ID: 683c5e6d1f8ddd0875dd424b, userId: 68318f7dff888836007ecc99
2025-06-03T10:27:42.079Z [INFO]: Fetching comments for post ID: 683c5e6d1f8ddd0875dd424b
2025-06-03T10:27:42.080Z [INFO]: Fetching comments for post ID: 683c5e6d1f8ddd0875dd424b
2025-06-03T10:27:42.148Z [INFO]: Post found: 683c5e6d1f8ddd0875dd424b, views: 69/0
2025-06-03T10:27:42.191Z [INFO]: Post views updated: 70/0
2025-06-03T10:27:42.220Z [INFO]: Fetching comments for post ID: 683c5e6d1f8ddd0875dd424b
2025-06-03T10:27:42.222Z [INFO]: Fetching comments for post ID: 683c5e6d1f8ddd0875dd424b
2025-06-03T10:27:42.244Z [INFO]: Fetching post with ID: 683c5e6d1f8ddd0875dd424b, userId: 68318f7dff888836007ecc99
2025-06-03T10:27:42.336Z [INFO]: Post found: 683c5e6d1f8ddd0875dd424b, views: 70/0
2025-06-03T10:27:42.385Z [INFO]: Post views updated: 71/0
2025-06-03T10:33:39.684Z [ERROR]: ID is invalid
2025-06-03T10:33:39.722Z [ERROR]: ID is invalid
2025-06-03T10:33:47.645Z [INFO]: Fetching comments for post ID: 683c5e6d1f8ddd0875dd424b
2025-06-03T10:33:47.645Z [INFO]: Fetching comments for post ID: 683c5e6d1f8ddd0875dd424b
2025-06-03T10:33:47.652Z [INFO]: Fetching post with ID: 683c5e6d1f8ddd0875dd424b, userId: 66dfbd050bdfe18c723f1066
2025-06-03T10:33:47.760Z [INFO]: Post found: 683c5e6d1f8ddd0875dd424b, views: 71/0
2025-06-03T10:33:47.798Z [INFO]: Fetching comments for post ID: 683c5e6d1f8ddd0875dd424b
2025-06-03T10:33:47.799Z [INFO]: Fetching comments for post ID: 683c5e6d1f8ddd0875dd424b
2025-06-03T10:33:47.819Z [INFO]: Post views updated: 72/0
2025-06-03T10:33:47.877Z [INFO]: Fetching post with ID: 683c5e6d1f8ddd0875dd424b, userId: 66dfbd050bdfe18c723f1066
2025-06-03T10:33:47.977Z [INFO]: Post found: 683c5e6d1f8ddd0875dd424b, views: 72/0
2025-06-03T10:33:48.030Z [INFO]: Post views updated: 73/0
2025-06-03T10:34:09.035Z [ERROR]: ID is invalid
2025-06-03T10:34:10.950Z [ERROR]: ID is invalid
2025-06-03T10:35:55.420Z [ERROR]: ID is invalid
2025-06-03T10:36:48.056Z [ERROR]: ID is invalid
2025-06-03T10:36:48.102Z [ERROR]: ID is invalid
2025-06-03T10:37:18.522Z [ERROR]: ID is invalid
2025-06-03T10:37:18.570Z [ERROR]: ID is invalid
