2024-11-19T02:22:04.692Z [ERROR]: Error: Cannot find /api/users/profile/hi on this server 
Stack: Error: Cannot find /api/users/profile/hi on this server
    at G:\ThreadsClone\ThreadsClone\server\src\app.ts:42:8
    at Layer.handle [as handle_request] (G:\ThreadsClone\ThreadsClone\server\node_modules\express\lib\router\layer.js:95:5)
    at next (G:\ThreadsClone\ThreadsClone\server\node_modules\express\lib\router\route.js:149:13)
    at next (G:\ThreadsClone\ThreadsClone\server\node_modules\express\lib\router\route.js:145:7)
    at next (G:\ThreadsClone\ThreadsClone\server\node_modules\express\lib\router\route.js:145:7)
    at next (G:\ThreadsClone\ThreadsClone\server\node_modules\express\lib\router\route.js:145:7)
    at next (G:\ThreadsClone\ThreadsClone\server\node_modules\express\lib\router\route.js:145:7)
    at next (G:\ThreadsClone\ThreadsClone\server\node_modules\express\lib\router\route.js:145:7)
    at next (G:\ThreadsClone\ThreadsClone\server\node_modules\express\lib\router\route.js:145:7)
    at Route.dispatch (G:\ThreadsClone\ThreadsClone\server\node_modules\express\lib\router\route.js:119:3)
2024-11-19T02:26:41.954Z [ERROR]: Error: Cannot find /api/users/profile/bi on this server 
Stack: Error: Cannot find /api/users/profile/bi on this server
    at G:\ThreadsClone\ThreadsClone\server\src\app.ts:42:8
    at Layer.handle [as handle_request] (G:\ThreadsClone\ThreadsClone\server\node_modules\express\lib\router\layer.js:95:5)
    at next (G:\ThreadsClone\ThreadsClone\server\node_modules\express\lib\router\route.js:149:13)
    at next (G:\ThreadsClone\ThreadsClone\server\node_modules\express\lib\router\route.js:145:7)
    at next (G:\ThreadsClone\ThreadsClone\server\node_modules\express\lib\router\route.js:145:7)
    at next (G:\ThreadsClone\ThreadsClone\server\node_modules\express\lib\router\route.js:145:7)
    at next (G:\ThreadsClone\ThreadsClone\server\node_modules\express\lib\router\route.js:145:7)
    at next (G:\ThreadsClone\ThreadsClone\server\node_modules\express\lib\router\route.js:145:7)
    at next (G:\ThreadsClone\ThreadsClone\server\node_modules\express\lib\router\route.js:145:7)
    at Route.dispatch (G:\ThreadsClone\ThreadsClone\server\node_modules\express\lib\router\route.js:119:3)
2024-12-02T09:07:25.595Z [ERROR]: Error: Cannot find /threads/posts on this server 
Stack: Error: Cannot find /threads/posts on this server
    at G:\ThreadsClone\ThreadsClone\server\src\app.ts:42:8
    at Layer.handle [as handle_request] (G:\ThreadsClone\ThreadsClone\server\node_modules\express\lib\router\layer.js:95:5)
    at next (G:\ThreadsClone\ThreadsClone\server\node_modules\express\lib\router\route.js:149:13)
    at next (G:\ThreadsClone\ThreadsClone\server\node_modules\express\lib\router\route.js:145:7)
    at next (G:\ThreadsClone\ThreadsClone\server\node_modules\express\lib\router\route.js:145:7)
    at next (G:\ThreadsClone\ThreadsClone\server\node_modules\express\lib\router\route.js:145:7)
    at next (G:\ThreadsClone\ThreadsClone\server\node_modules\express\lib\router\route.js:145:7)
    at next (G:\ThreadsClone\ThreadsClone\server\node_modules\express\lib\router\route.js:145:7)
    at next (G:\ThreadsClone\ThreadsClone\server\node_modules\express\lib\router\route.js:145:7)
    at Route.dispatch (G:\ThreadsClone\ThreadsClone\server\node_modules\express\lib\router\route.js:119:3)
2024-12-02T09:42:26.591Z [ERROR]: Error: Unexpected token 'n', "null" is not valid JSON 
Stack: SyntaxError: Unexpected token 'n', "null" is not valid JSON
    at JSON.parse (<anonymous>)
    at createStrictSyntaxError (G:\ThreadsClone\ThreadsClone\server\node_modules\body-parser\lib\types\json.js:169:10)
    at parse (G:\ThreadsClone\ThreadsClone\server\node_modules\body-parser\lib\types\json.js:86:15)
    at G:\ThreadsClone\ThreadsClone\server\node_modules\body-parser\lib\read.js:128:18
    at AsyncResource.runInAsyncScope (node:async_hooks:206:9)
    at invokeCallback (G:\ThreadsClone\ThreadsClone\server\node_modules\raw-body\index.js:238:16)
    at done (G:\ThreadsClone\ThreadsClone\server\node_modules\raw-body\index.js:227:7)
    at IncomingMessage.onEnd (G:\ThreadsClone\ThreadsClone\server\node_modules\raw-body\index.js:287:7)
    at IncomingMessage.emit (node:events:519:28)
    at IncomingMessage.emit (node:domain:488:12)
2024-12-02T09:42:26.599Z [ERROR]: Error: Unexpected token 'n', "null" is not valid JSON 
Stack: SyntaxError: Unexpected token 'n', "null" is not valid JSON
    at JSON.parse (<anonymous>)
    at createStrictSyntaxError (G:\ThreadsClone\ThreadsClone\server\node_modules\body-parser\lib\types\json.js:169:10)
    at parse (G:\ThreadsClone\ThreadsClone\server\node_modules\body-parser\lib\types\json.js:86:15)
    at G:\ThreadsClone\ThreadsClone\server\node_modules\body-parser\lib\read.js:128:18
    at AsyncResource.runInAsyncScope (node:async_hooks:206:9)
    at invokeCallback (G:\ThreadsClone\ThreadsClone\server\node_modules\raw-body\index.js:238:16)
    at done (G:\ThreadsClone\ThreadsClone\server\node_modules\raw-body\index.js:227:7)
    at IncomingMessage.onEnd (G:\ThreadsClone\ThreadsClone\server\node_modules\raw-body\index.js:287:7)
    at IncomingMessage.emit (node:events:519:28)
    at IncomingMessage.emit (node:domain:488:12)
2024-12-02T09:42:57.278Z [ERROR]: Error: Unexpected token 'n', "null" is not valid JSON 
Stack: SyntaxError: Unexpected token 'n', "null" is not valid JSON
    at JSON.parse (<anonymous>)
    at createStrictSyntaxError (G:\ThreadsClone\ThreadsClone\server\node_modules\body-parser\lib\types\json.js:169:10)
    at parse (G:\ThreadsClone\ThreadsClone\server\node_modules\body-parser\lib\types\json.js:86:15)
    at G:\ThreadsClone\ThreadsClone\server\node_modules\body-parser\lib\read.js:128:18
    at AsyncResource.runInAsyncScope (node:async_hooks:206:9)
    at invokeCallback (G:\ThreadsClone\ThreadsClone\server\node_modules\raw-body\index.js:238:16)
    at done (G:\ThreadsClone\ThreadsClone\server\node_modules\raw-body\index.js:227:7)
    at IncomingMessage.onEnd (G:\ThreadsClone\ThreadsClone\server\node_modules\raw-body\index.js:287:7)
    at IncomingMessage.emit (node:events:519:28)
    at IncomingMessage.emit (node:domain:488:12)
2024-12-02T09:42:57.288Z [ERROR]: Error: Unexpected token 'n', "null" is not valid JSON 
Stack: SyntaxError: Unexpected token 'n', "null" is not valid JSON
    at JSON.parse (<anonymous>)
    at createStrictSyntaxError (G:\ThreadsClone\ThreadsClone\server\node_modules\body-parser\lib\types\json.js:169:10)
    at parse (G:\ThreadsClone\ThreadsClone\server\node_modules\body-parser\lib\types\json.js:86:15)
    at G:\ThreadsClone\ThreadsClone\server\node_modules\body-parser\lib\read.js:128:18
    at AsyncResource.runInAsyncScope (node:async_hooks:206:9)
    at invokeCallback (G:\ThreadsClone\ThreadsClone\server\node_modules\raw-body\index.js:238:16)
    at done (G:\ThreadsClone\ThreadsClone\server\node_modules\raw-body\index.js:227:7)
    at IncomingMessage.onEnd (G:\ThreadsClone\ThreadsClone\server\node_modules\raw-body\index.js:287:7)
    at IncomingMessage.emit (node:events:519:28)
    at IncomingMessage.emit (node:domain:488:12)
2024-12-02T09:45:07.636Z [ERROR]: Error: Cannot find /api/threads/posts on this server 
Stack: Error: Cannot find /api/threads/posts on this server
    at G:\ThreadsClone\ThreadsClone\server\src\app.ts:42:8
    at Layer.handle [as handle_request] (G:\ThreadsClone\ThreadsClone\server\node_modules\express\lib\router\layer.js:95:5)
    at next (G:\ThreadsClone\ThreadsClone\server\node_modules\express\lib\router\route.js:149:13)
    at next (G:\ThreadsClone\ThreadsClone\server\node_modules\express\lib\router\route.js:145:7)
    at next (G:\ThreadsClone\ThreadsClone\server\node_modules\express\lib\router\route.js:145:7)
    at next (G:\ThreadsClone\ThreadsClone\server\node_modules\express\lib\router\route.js:145:7)
    at next (G:\ThreadsClone\ThreadsClone\server\node_modules\express\lib\router\route.js:145:7)
    at next (G:\ThreadsClone\ThreadsClone\server\node_modules\express\lib\router\route.js:145:7)
    at next (G:\ThreadsClone\ThreadsClone\server\node_modules\express\lib\router\route.js:145:7)
    at next (G:\ThreadsClone\ThreadsClone\server\node_modules\express\lib\router\route.js:145:7)
2024-12-02T09:48:18.597Z [ERROR]: Error: Cannot find /api/threads/posts on this server 
Stack: Error: Cannot find /api/threads/posts on this server
    at G:\ThreadsClone\ThreadsClone\server\src\app.ts:42:8
    at Layer.handle [as handle_request] (G:\ThreadsClone\ThreadsClone\server\node_modules\express\lib\router\layer.js:95:5)
    at next (G:\ThreadsClone\ThreadsClone\server\node_modules\express\lib\router\route.js:149:13)
    at next (G:\ThreadsClone\ThreadsClone\server\node_modules\express\lib\router\route.js:145:7)
    at next (G:\ThreadsClone\ThreadsClone\server\node_modules\express\lib\router\route.js:145:7)
    at next (G:\ThreadsClone\ThreadsClone\server\node_modules\express\lib\router\route.js:145:7)
    at next (G:\ThreadsClone\ThreadsClone\server\node_modules\express\lib\router\route.js:145:7)
    at next (G:\ThreadsClone\ThreadsClone\server\node_modules\express\lib\router\route.js:145:7)
    at next (G:\ThreadsClone\ThreadsClone\server\node_modules\express\lib\router\route.js:145:7)
    at next (G:\ThreadsClone\ThreadsClone\server\node_modules\express\lib\router\route.js:145:7)
2024-12-02T09:48:18.606Z [ERROR]: Error: Cannot find /api/threads/posts on this server 
Stack: Error: Cannot find /api/threads/posts on this server
    at G:\ThreadsClone\ThreadsClone\server\src\app.ts:42:8
    at Layer.handle [as handle_request] (G:\ThreadsClone\ThreadsClone\server\node_modules\express\lib\router\layer.js:95:5)
    at next (G:\ThreadsClone\ThreadsClone\server\node_modules\express\lib\router\route.js:149:13)
    at next (G:\ThreadsClone\ThreadsClone\server\node_modules\express\lib\router\route.js:145:7)
    at next (G:\ThreadsClone\ThreadsClone\server\node_modules\express\lib\router\route.js:145:7)
    at next (G:\ThreadsClone\ThreadsClone\server\node_modules\express\lib\router\route.js:145:7)
    at next (G:\ThreadsClone\ThreadsClone\server\node_modules\express\lib\router\route.js:145:7)
    at next (G:\ThreadsClone\ThreadsClone\server\node_modules\express\lib\router\route.js:145:7)
    at next (G:\ThreadsClone\ThreadsClone\server\node_modules\express\lib\router\route.js:145:7)
    at next (G:\ThreadsClone\ThreadsClone\server\node_modules\express\lib\router\route.js:145:7)
2024-12-02T09:48:46.323Z [ERROR]: Error: Cannot find /api/threads/posts on this server 
Stack: Error: Cannot find /api/threads/posts on this server
    at G:\ThreadsClone\ThreadsClone\server\src\app.ts:42:8
    at Layer.handle [as handle_request] (G:\ThreadsClone\ThreadsClone\server\node_modules\express\lib\router\layer.js:95:5)
    at next (G:\ThreadsClone\ThreadsClone\server\node_modules\express\lib\router\route.js:149:13)
    at next (G:\ThreadsClone\ThreadsClone\server\node_modules\express\lib\router\route.js:145:7)
    at next (G:\ThreadsClone\ThreadsClone\server\node_modules\express\lib\router\route.js:145:7)
    at next (G:\ThreadsClone\ThreadsClone\server\node_modules\express\lib\router\route.js:145:7)
    at next (G:\ThreadsClone\ThreadsClone\server\node_modules\express\lib\router\route.js:145:7)
    at next (G:\ThreadsClone\ThreadsClone\server\node_modules\express\lib\router\route.js:145:7)
    at next (G:\ThreadsClone\ThreadsClone\server\node_modules\express\lib\router\route.js:145:7)
    at next (G:\ThreadsClone\ThreadsClone\server\node_modules\express\lib\router\route.js:145:7)
2024-12-02T09:48:46.331Z [ERROR]: Error: Cannot find /api/threads/posts on this server 
Stack: Error: Cannot find /api/threads/posts on this server
    at G:\ThreadsClone\ThreadsClone\server\src\app.ts:42:8
    at Layer.handle [as handle_request] (G:\ThreadsClone\ThreadsClone\server\node_modules\express\lib\router\layer.js:95:5)
    at next (G:\ThreadsClone\ThreadsClone\server\node_modules\express\lib\router\route.js:149:13)
    at next (G:\ThreadsClone\ThreadsClone\server\node_modules\express\lib\router\route.js:145:7)
    at next (G:\ThreadsClone\ThreadsClone\server\node_modules\express\lib\router\route.js:145:7)
    at next (G:\ThreadsClone\ThreadsClone\server\node_modules\express\lib\router\route.js:145:7)
    at next (G:\ThreadsClone\ThreadsClone\server\node_modules\express\lib\router\route.js:145:7)
    at next (G:\ThreadsClone\ThreadsClone\server\node_modules\express\lib\router\route.js:145:7)
    at next (G:\ThreadsClone\ThreadsClone\server\node_modules\express\lib\router\route.js:145:7)
    at next (G:\ThreadsClone\ThreadsClone\server\node_modules\express\lib\router\route.js:145:7)
2024-12-02T09:48:55.072Z [ERROR]: Error: Cannot find /api/threads/posts on this server 
Stack: Error: Cannot find /api/threads/posts on this server
    at G:\ThreadsClone\ThreadsClone\server\src\app.ts:42:8
    at Layer.handle [as handle_request] (G:\ThreadsClone\ThreadsClone\server\node_modules\express\lib\router\layer.js:95:5)
    at next (G:\ThreadsClone\ThreadsClone\server\node_modules\express\lib\router\route.js:149:13)
    at next (G:\ThreadsClone\ThreadsClone\server\node_modules\express\lib\router\route.js:145:7)
    at next (G:\ThreadsClone\ThreadsClone\server\node_modules\express\lib\router\route.js:145:7)
    at next (G:\ThreadsClone\ThreadsClone\server\node_modules\express\lib\router\route.js:145:7)
    at next (G:\ThreadsClone\ThreadsClone\server\node_modules\express\lib\router\route.js:145:7)
    at next (G:\ThreadsClone\ThreadsClone\server\node_modules\express\lib\router\route.js:145:7)
    at next (G:\ThreadsClone\ThreadsClone\server\node_modules\express\lib\router\route.js:145:7)
    at next (G:\ThreadsClone\ThreadsClone\server\node_modules\express\lib\router\route.js:145:7)
2024-12-02T09:48:55.077Z [ERROR]: Error: Cannot find /api/threads/posts on this server 
Stack: Error: Cannot find /api/threads/posts on this server
    at G:\ThreadsClone\ThreadsClone\server\src\app.ts:42:8
    at Layer.handle [as handle_request] (G:\ThreadsClone\ThreadsClone\server\node_modules\express\lib\router\layer.js:95:5)
    at next (G:\ThreadsClone\ThreadsClone\server\node_modules\express\lib\router\route.js:149:13)
    at next (G:\ThreadsClone\ThreadsClone\server\node_modules\express\lib\router\route.js:145:7)
    at next (G:\ThreadsClone\ThreadsClone\server\node_modules\express\lib\router\route.js:145:7)
    at next (G:\ThreadsClone\ThreadsClone\server\node_modules\express\lib\router\route.js:145:7)
    at next (G:\ThreadsClone\ThreadsClone\server\node_modules\express\lib\router\route.js:145:7)
    at next (G:\ThreadsClone\ThreadsClone\server\node_modules\express\lib\router\route.js:145:7)
    at next (G:\ThreadsClone\ThreadsClone\server\node_modules\express\lib\router\route.js:145:7)
    at next (G:\ThreadsClone\ThreadsClone\server\node_modules\express\lib\router\route.js:145:7)
2024-12-02T09:48:59.702Z [ERROR]: Error: Cannot find /api/threads/posts on this server 
Stack: Error: Cannot find /api/threads/posts on this server
    at G:\ThreadsClone\ThreadsClone\server\src\app.ts:42:8
    at Layer.handle [as handle_request] (G:\ThreadsClone\ThreadsClone\server\node_modules\express\lib\router\layer.js:95:5)
    at next (G:\ThreadsClone\ThreadsClone\server\node_modules\express\lib\router\route.js:149:13)
    at next (G:\ThreadsClone\ThreadsClone\server\node_modules\express\lib\router\route.js:145:7)
    at next (G:\ThreadsClone\ThreadsClone\server\node_modules\express\lib\router\route.js:145:7)
    at next (G:\ThreadsClone\ThreadsClone\server\node_modules\express\lib\router\route.js:145:7)
    at next (G:\ThreadsClone\ThreadsClone\server\node_modules\express\lib\router\route.js:145:7)
    at next (G:\ThreadsClone\ThreadsClone\server\node_modules\express\lib\router\route.js:145:7)
    at next (G:\ThreadsClone\ThreadsClone\server\node_modules\express\lib\router\route.js:145:7)
    at next (G:\ThreadsClone\ThreadsClone\server\node_modules\express\lib\router\route.js:145:7)
2024-12-02T09:48:59.710Z [ERROR]: Error: Cannot find /api/threads/posts on this server 
Stack: Error: Cannot find /api/threads/posts on this server
    at G:\ThreadsClone\ThreadsClone\server\src\app.ts:42:8
    at Layer.handle [as handle_request] (G:\ThreadsClone\ThreadsClone\server\node_modules\express\lib\router\layer.js:95:5)
    at next (G:\ThreadsClone\ThreadsClone\server\node_modules\express\lib\router\route.js:149:13)
    at next (G:\ThreadsClone\ThreadsClone\server\node_modules\express\lib\router\route.js:145:7)
    at next (G:\ThreadsClone\ThreadsClone\server\node_modules\express\lib\router\route.js:145:7)
    at next (G:\ThreadsClone\ThreadsClone\server\node_modules\express\lib\router\route.js:145:7)
    at next (G:\ThreadsClone\ThreadsClone\server\node_modules\express\lib\router\route.js:145:7)
    at next (G:\ThreadsClone\ThreadsClone\server\node_modules\express\lib\router\route.js:145:7)
    at next (G:\ThreadsClone\ThreadsClone\server\node_modules\express\lib\router\route.js:145:7)
    at next (G:\ThreadsClone\ThreadsClone\server\node_modules\express\lib\router\route.js:145:7)
2024-12-02T09:49:01.947Z [ERROR]: Error: Cannot find /api/threads/posts on this server 
Stack: Error: Cannot find /api/threads/posts on this server
    at G:\ThreadsClone\ThreadsClone\server\src\app.ts:42:8
    at Layer.handle [as handle_request] (G:\ThreadsClone\ThreadsClone\server\node_modules\express\lib\router\layer.js:95:5)
    at next (G:\ThreadsClone\ThreadsClone\server\node_modules\express\lib\router\route.js:149:13)
    at next (G:\ThreadsClone\ThreadsClone\server\node_modules\express\lib\router\route.js:145:7)
    at next (G:\ThreadsClone\ThreadsClone\server\node_modules\express\lib\router\route.js:145:7)
    at next (G:\ThreadsClone\ThreadsClone\server\node_modules\express\lib\router\route.js:145:7)
    at next (G:\ThreadsClone\ThreadsClone\server\node_modules\express\lib\router\route.js:145:7)
    at next (G:\ThreadsClone\ThreadsClone\server\node_modules\express\lib\router\route.js:145:7)
    at next (G:\ThreadsClone\ThreadsClone\server\node_modules\express\lib\router\route.js:145:7)
    at next (G:\ThreadsClone\ThreadsClone\server\node_modules\express\lib\router\route.js:145:7)
2024-12-02T09:49:01.950Z [ERROR]: Error: Cannot find /api/threads/posts on this server 
Stack: Error: Cannot find /api/threads/posts on this server
    at G:\ThreadsClone\ThreadsClone\server\src\app.ts:42:8
    at Layer.handle [as handle_request] (G:\ThreadsClone\ThreadsClone\server\node_modules\express\lib\router\layer.js:95:5)
    at next (G:\ThreadsClone\ThreadsClone\server\node_modules\express\lib\router\route.js:149:13)
    at next (G:\ThreadsClone\ThreadsClone\server\node_modules\express\lib\router\route.js:145:7)
    at next (G:\ThreadsClone\ThreadsClone\server\node_modules\express\lib\router\route.js:145:7)
    at next (G:\ThreadsClone\ThreadsClone\server\node_modules\express\lib\router\route.js:145:7)
    at next (G:\ThreadsClone\ThreadsClone\server\node_modules\express\lib\router\route.js:145:7)
    at next (G:\ThreadsClone\ThreadsClone\server\node_modules\express\lib\router\route.js:145:7)
    at next (G:\ThreadsClone\ThreadsClone\server\node_modules\express\lib\router\route.js:145:7)
    at next (G:\ThreadsClone\ThreadsClone\server\node_modules\express\lib\router\route.js:145:7)
2024-12-02T09:49:02.898Z [ERROR]: Error: Cannot find /api/threads/posts on this server 
Stack: Error: Cannot find /api/threads/posts on this server
    at G:\ThreadsClone\ThreadsClone\server\src\app.ts:42:8
    at Layer.handle [as handle_request] (G:\ThreadsClone\ThreadsClone\server\node_modules\express\lib\router\layer.js:95:5)
    at next (G:\ThreadsClone\ThreadsClone\server\node_modules\express\lib\router\route.js:149:13)
    at next (G:\ThreadsClone\ThreadsClone\server\node_modules\express\lib\router\route.js:145:7)
    at next (G:\ThreadsClone\ThreadsClone\server\node_modules\express\lib\router\route.js:145:7)
    at next (G:\ThreadsClone\ThreadsClone\server\node_modules\express\lib\router\route.js:145:7)
    at next (G:\ThreadsClone\ThreadsClone\server\node_modules\express\lib\router\route.js:145:7)
    at next (G:\ThreadsClone\ThreadsClone\server\node_modules\express\lib\router\route.js:145:7)
    at next (G:\ThreadsClone\ThreadsClone\server\node_modules\express\lib\router\route.js:145:7)
    at next (G:\ThreadsClone\ThreadsClone\server\node_modules\express\lib\router\route.js:145:7)
2024-12-02T09:49:02.902Z [ERROR]: Error: Cannot find /api/threads/posts on this server 
Stack: Error: Cannot find /api/threads/posts on this server
    at G:\ThreadsClone\ThreadsClone\server\src\app.ts:42:8
    at Layer.handle [as handle_request] (G:\ThreadsClone\ThreadsClone\server\node_modules\express\lib\router\layer.js:95:5)
    at next (G:\ThreadsClone\ThreadsClone\server\node_modules\express\lib\router\route.js:149:13)
    at next (G:\ThreadsClone\ThreadsClone\server\node_modules\express\lib\router\route.js:145:7)
    at next (G:\ThreadsClone\ThreadsClone\server\node_modules\express\lib\router\route.js:145:7)
    at next (G:\ThreadsClone\ThreadsClone\server\node_modules\express\lib\router\route.js:145:7)
    at next (G:\ThreadsClone\ThreadsClone\server\node_modules\express\lib\router\route.js:145:7)
    at next (G:\ThreadsClone\ThreadsClone\server\node_modules\express\lib\router\route.js:145:7)
    at next (G:\ThreadsClone\ThreadsClone\server\node_modules\express\lib\router\route.js:145:7)
    at next (G:\ThreadsClone\ThreadsClone\server\node_modules\express\lib\router\route.js:145:7)
2024-12-02T09:49:05.095Z [ERROR]: Error: Cannot find /api/threads/posts on this server 
Stack: Error: Cannot find /api/threads/posts on this server
    at G:\ThreadsClone\ThreadsClone\server\src\app.ts:42:8
    at Layer.handle [as handle_request] (G:\ThreadsClone\ThreadsClone\server\node_modules\express\lib\router\layer.js:95:5)
    at next (G:\ThreadsClone\ThreadsClone\server\node_modules\express\lib\router\route.js:149:13)
    at next (G:\ThreadsClone\ThreadsClone\server\node_modules\express\lib\router\route.js:145:7)
    at next (G:\ThreadsClone\ThreadsClone\server\node_modules\express\lib\router\route.js:145:7)
    at next (G:\ThreadsClone\ThreadsClone\server\node_modules\express\lib\router\route.js:145:7)
    at next (G:\ThreadsClone\ThreadsClone\server\node_modules\express\lib\router\route.js:145:7)
    at next (G:\ThreadsClone\ThreadsClone\server\node_modules\express\lib\router\route.js:145:7)
    at next (G:\ThreadsClone\ThreadsClone\server\node_modules\express\lib\router\route.js:145:7)
    at next (G:\ThreadsClone\ThreadsClone\server\node_modules\express\lib\router\route.js:145:7)
2024-12-02T09:49:05.099Z [ERROR]: Error: Cannot find /api/threads/posts on this server 
Stack: Error: Cannot find /api/threads/posts on this server
    at G:\ThreadsClone\ThreadsClone\server\src\app.ts:42:8
    at Layer.handle [as handle_request] (G:\ThreadsClone\ThreadsClone\server\node_modules\express\lib\router\layer.js:95:5)
    at next (G:\ThreadsClone\ThreadsClone\server\node_modules\express\lib\router\route.js:149:13)
    at next (G:\ThreadsClone\ThreadsClone\server\node_modules\express\lib\router\route.js:145:7)
    at next (G:\ThreadsClone\ThreadsClone\server\node_modules\express\lib\router\route.js:145:7)
    at next (G:\ThreadsClone\ThreadsClone\server\node_modules\express\lib\router\route.js:145:7)
    at next (G:\ThreadsClone\ThreadsClone\server\node_modules\express\lib\router\route.js:145:7)
    at next (G:\ThreadsClone\ThreadsClone\server\node_modules\express\lib\router\route.js:145:7)
    at next (G:\ThreadsClone\ThreadsClone\server\node_modules\express\lib\router\route.js:145:7)
    at next (G:\ThreadsClone\ThreadsClone\server\node_modules\express\lib\router\route.js:145:7)
2024-12-11T10:28:02.098Z [ERROR]: Error: Like validation failed: createdAt: Cast to date failed for value "[Function: Date]" (type function) at path "createdAt" 
Stack: ValidationError: Like validation failed: createdAt: Cast to date failed for value "[Function: Date]" (type function) at path "createdAt"
    at model.Document.invalidate (G:\ThreadsClone\ThreadsClone\server\node_modules\mongoose\lib\document.js:3318:32)
    at model.$set (G:\ThreadsClone\ThreadsClone\server\node_modules\mongoose\lib\document.js:1474:12)
    at model.$set (G:\ThreadsClone\ThreadsClone\server\node_modules\mongoose\lib\document.js:1128:16)
    at model.Document (G:\ThreadsClone\ThreadsClone\server\node_modules\mongoose\lib\document.js:177:12)
    at model.Model (G:\ThreadsClone\ThreadsClone\server\node_modules\mongoose\lib\model.js:125:12)
    at new model (G:\ThreadsClone\ThreadsClone\server\node_modules\mongoose\lib\model.js:4611:15)
    at G:\ThreadsClone\ThreadsClone\server\src\controllers\threadController.ts:142:25
    at processTicksAndRejections (node:internal/process/task_queues:95:5)
2024-12-11T10:28:05.359Z [ERROR]: Error: Like validation failed: createdAt: Cast to date failed for value "[Function: Date]" (type function) at path "createdAt" 
Stack: ValidationError: Like validation failed: createdAt: Cast to date failed for value "[Function: Date]" (type function) at path "createdAt"
    at model.Document.invalidate (G:\ThreadsClone\ThreadsClone\server\node_modules\mongoose\lib\document.js:3318:32)
    at model.$set (G:\ThreadsClone\ThreadsClone\server\node_modules\mongoose\lib\document.js:1474:12)
    at model.$set (G:\ThreadsClone\ThreadsClone\server\node_modules\mongoose\lib\document.js:1128:16)
    at model.Document (G:\ThreadsClone\ThreadsClone\server\node_modules\mongoose\lib\document.js:177:12)
    at model.Model (G:\ThreadsClone\ThreadsClone\server\node_modules\mongoose\lib\model.js:125:12)
    at new model (G:\ThreadsClone\ThreadsClone\server\node_modules\mongoose\lib\model.js:4611:15)
    at G:\ThreadsClone\ThreadsClone\server\src\controllers\threadController.ts:142:25
    at processTicksAndRejections (node:internal/process/task_queues:95:5)
2024-12-11T10:28:05.890Z [ERROR]: Error: Like validation failed: createdAt: Cast to date failed for value "[Function: Date]" (type function) at path "createdAt" 
Stack: ValidationError: Like validation failed: createdAt: Cast to date failed for value "[Function: Date]" (type function) at path "createdAt"
    at model.Document.invalidate (G:\ThreadsClone\ThreadsClone\server\node_modules\mongoose\lib\document.js:3318:32)
    at model.$set (G:\ThreadsClone\ThreadsClone\server\node_modules\mongoose\lib\document.js:1474:12)
    at model.$set (G:\ThreadsClone\ThreadsClone\server\node_modules\mongoose\lib\document.js:1128:16)
    at model.Document (G:\ThreadsClone\ThreadsClone\server\node_modules\mongoose\lib\document.js:177:12)
    at model.Model (G:\ThreadsClone\ThreadsClone\server\node_modules\mongoose\lib\model.js:125:12)
    at new model (G:\ThreadsClone\ThreadsClone\server\node_modules\mongoose\lib\model.js:4611:15)
    at G:\ThreadsClone\ThreadsClone\server\src\controllers\threadController.ts:142:25
    at processTicksAndRejections (node:internal/process/task_queues:95:5)
2024-12-11T10:28:06.120Z [ERROR]: Error: Like validation failed: createdAt: Cast to date failed for value "[Function: Date]" (type function) at path "createdAt" 
Stack: ValidationError: Like validation failed: createdAt: Cast to date failed for value "[Function: Date]" (type function) at path "createdAt"
    at model.Document.invalidate (G:\ThreadsClone\ThreadsClone\server\node_modules\mongoose\lib\document.js:3318:32)
    at model.$set (G:\ThreadsClone\ThreadsClone\server\node_modules\mongoose\lib\document.js:1474:12)
    at model.$set (G:\ThreadsClone\ThreadsClone\server\node_modules\mongoose\lib\document.js:1128:16)
    at model.Document (G:\ThreadsClone\ThreadsClone\server\node_modules\mongoose\lib\document.js:177:12)
    at model.Model (G:\ThreadsClone\ThreadsClone\server\node_modules\mongoose\lib\model.js:125:12)
    at new model (G:\ThreadsClone\ThreadsClone\server\node_modules\mongoose\lib\model.js:4611:15)
    at G:\ThreadsClone\ThreadsClone\server\src\controllers\threadController.ts:142:25
    at processTicksAndRejections (node:internal/process/task_queues:95:5)
2024-12-11T10:28:06.352Z [ERROR]: Error: Like validation failed: createdAt: Cast to date failed for value "[Function: Date]" (type function) at path "createdAt" 
Stack: ValidationError: Like validation failed: createdAt: Cast to date failed for value "[Function: Date]" (type function) at path "createdAt"
    at model.Document.invalidate (G:\ThreadsClone\ThreadsClone\server\node_modules\mongoose\lib\document.js:3318:32)
    at model.$set (G:\ThreadsClone\ThreadsClone\server\node_modules\mongoose\lib\document.js:1474:12)
    at model.$set (G:\ThreadsClone\ThreadsClone\server\node_modules\mongoose\lib\document.js:1128:16)
    at model.Document (G:\ThreadsClone\ThreadsClone\server\node_modules\mongoose\lib\document.js:177:12)
    at model.Model (G:\ThreadsClone\ThreadsClone\server\node_modules\mongoose\lib\model.js:125:12)
    at new model (G:\ThreadsClone\ThreadsClone\server\node_modules\mongoose\lib\model.js:4611:15)
    at G:\ThreadsClone\ThreadsClone\server\src\controllers\threadController.ts:142:25
    at processTicksAndRejections (node:internal/process/task_queues:95:5)
2024-12-11T10:28:06.547Z [ERROR]: Error: Like validation failed: createdAt: Cast to date failed for value "[Function: Date]" (type function) at path "createdAt" 
Stack: ValidationError: Like validation failed: createdAt: Cast to date failed for value "[Function: Date]" (type function) at path "createdAt"
    at model.Document.invalidate (G:\ThreadsClone\ThreadsClone\server\node_modules\mongoose\lib\document.js:3318:32)
    at model.$set (G:\ThreadsClone\ThreadsClone\server\node_modules\mongoose\lib\document.js:1474:12)
    at model.$set (G:\ThreadsClone\ThreadsClone\server\node_modules\mongoose\lib\document.js:1128:16)
    at model.Document (G:\ThreadsClone\ThreadsClone\server\node_modules\mongoose\lib\document.js:177:12)
    at model.Model (G:\ThreadsClone\ThreadsClone\server\node_modules\mongoose\lib\model.js:125:12)
    at new model (G:\ThreadsClone\ThreadsClone\server\node_modules\mongoose\lib\model.js:4611:15)
    at G:\ThreadsClone\ThreadsClone\server\src\controllers\threadController.ts:142:25
    at processTicksAndRejections (node:internal/process/task_queues:95:5)
2024-12-11T10:28:06.737Z [ERROR]: Error: Like validation failed: createdAt: Cast to date failed for value "[Function: Date]" (type function) at path "createdAt" 
Stack: ValidationError: Like validation failed: createdAt: Cast to date failed for value "[Function: Date]" (type function) at path "createdAt"
    at model.Document.invalidate (G:\ThreadsClone\ThreadsClone\server\node_modules\mongoose\lib\document.js:3318:32)
    at model.$set (G:\ThreadsClone\ThreadsClone\server\node_modules\mongoose\lib\document.js:1474:12)
    at model.$set (G:\ThreadsClone\ThreadsClone\server\node_modules\mongoose\lib\document.js:1128:16)
    at model.Document (G:\ThreadsClone\ThreadsClone\server\node_modules\mongoose\lib\document.js:177:12)
    at model.Model (G:\ThreadsClone\ThreadsClone\server\node_modules\mongoose\lib\model.js:125:12)
    at new model (G:\ThreadsClone\ThreadsClone\server\node_modules\mongoose\lib\model.js:4611:15)
    at G:\ThreadsClone\ThreadsClone\server\src\controllers\threadController.ts:142:25
    at processTicksAndRejections (node:internal/process/task_queues:95:5)
2024-12-11T10:28:06.892Z [ERROR]: Error: Like validation failed: createdAt: Cast to date failed for value "[Function: Date]" (type function) at path "createdAt" 
Stack: ValidationError: Like validation failed: createdAt: Cast to date failed for value "[Function: Date]" (type function) at path "createdAt"
    at model.Document.invalidate (G:\ThreadsClone\ThreadsClone\server\node_modules\mongoose\lib\document.js:3318:32)
    at model.$set (G:\ThreadsClone\ThreadsClone\server\node_modules\mongoose\lib\document.js:1474:12)
    at model.$set (G:\ThreadsClone\ThreadsClone\server\node_modules\mongoose\lib\document.js:1128:16)
    at model.Document (G:\ThreadsClone\ThreadsClone\server\node_modules\mongoose\lib\document.js:177:12)
    at model.Model (G:\ThreadsClone\ThreadsClone\server\node_modules\mongoose\lib\model.js:125:12)
    at new model (G:\ThreadsClone\ThreadsClone\server\node_modules\mongoose\lib\model.js:4611:15)
    at G:\ThreadsClone\ThreadsClone\server\src\controllers\threadController.ts:142:25
    at processTicksAndRejections (node:internal/process/task_queues:95:5)
2024-12-11T10:28:07.459Z [ERROR]: Error: Like validation failed: createdAt: Cast to date failed for value "[Function: Date]" (type function) at path "createdAt" 
Stack: ValidationError: Like validation failed: createdAt: Cast to date failed for value "[Function: Date]" (type function) at path "createdAt"
    at model.Document.invalidate (G:\ThreadsClone\ThreadsClone\server\node_modules\mongoose\lib\document.js:3318:32)
    at model.$set (G:\ThreadsClone\ThreadsClone\server\node_modules\mongoose\lib\document.js:1474:12)
    at model.$set (G:\ThreadsClone\ThreadsClone\server\node_modules\mongoose\lib\document.js:1128:16)
    at model.Document (G:\ThreadsClone\ThreadsClone\server\node_modules\mongoose\lib\document.js:177:12)
    at model.Model (G:\ThreadsClone\ThreadsClone\server\node_modules\mongoose\lib\model.js:125:12)
    at new model (G:\ThreadsClone\ThreadsClone\server\node_modules\mongoose\lib\model.js:4611:15)
    at G:\ThreadsClone\ThreadsClone\server\src\controllers\threadController.ts:142:25
    at processTicksAndRejections (node:internal/process/task_queues:95:5)
2024-12-11T10:28:07.684Z [ERROR]: Error: Like validation failed: createdAt: Cast to date failed for value "[Function: Date]" (type function) at path "createdAt" 
Stack: ValidationError: Like validation failed: createdAt: Cast to date failed for value "[Function: Date]" (type function) at path "createdAt"
    at model.Document.invalidate (G:\ThreadsClone\ThreadsClone\server\node_modules\mongoose\lib\document.js:3318:32)
    at model.$set (G:\ThreadsClone\ThreadsClone\server\node_modules\mongoose\lib\document.js:1474:12)
    at model.$set (G:\ThreadsClone\ThreadsClone\server\node_modules\mongoose\lib\document.js:1128:16)
    at model.Document (G:\ThreadsClone\ThreadsClone\server\node_modules\mongoose\lib\document.js:177:12)
    at model.Model (G:\ThreadsClone\ThreadsClone\server\node_modules\mongoose\lib\model.js:125:12)
    at new model (G:\ThreadsClone\ThreadsClone\server\node_modules\mongoose\lib\model.js:4611:15)
    at G:\ThreadsClone\ThreadsClone\server\src\controllers\threadController.ts:142:25
    at processTicksAndRejections (node:internal/process/task_queues:95:5)
2024-12-11T10:28:07.857Z [ERROR]: Error: Like validation failed: createdAt: Cast to date failed for value "[Function: Date]" (type function) at path "createdAt" 
Stack: ValidationError: Like validation failed: createdAt: Cast to date failed for value "[Function: Date]" (type function) at path "createdAt"
    at model.Document.invalidate (G:\ThreadsClone\ThreadsClone\server\node_modules\mongoose\lib\document.js:3318:32)
    at model.$set (G:\ThreadsClone\ThreadsClone\server\node_modules\mongoose\lib\document.js:1474:12)
    at model.$set (G:\ThreadsClone\ThreadsClone\server\node_modules\mongoose\lib\document.js:1128:16)
    at model.Document (G:\ThreadsClone\ThreadsClone\server\node_modules\mongoose\lib\document.js:177:12)
    at model.Model (G:\ThreadsClone\ThreadsClone\server\node_modules\mongoose\lib\model.js:125:12)
    at new model (G:\ThreadsClone\ThreadsClone\server\node_modules\mongoose\lib\model.js:4611:15)
    at G:\ThreadsClone\ThreadsClone\server\src\controllers\threadController.ts:142:25
    at processTicksAndRejections (node:internal/process/task_queues:95:5)
2024-12-11T10:28:08.016Z [ERROR]: Error: Like validation failed: createdAt: Cast to date failed for value "[Function: Date]" (type function) at path "createdAt" 
Stack: ValidationError: Like validation failed: createdAt: Cast to date failed for value "[Function: Date]" (type function) at path "createdAt"
    at model.Document.invalidate (G:\ThreadsClone\ThreadsClone\server\node_modules\mongoose\lib\document.js:3318:32)
    at model.$set (G:\ThreadsClone\ThreadsClone\server\node_modules\mongoose\lib\document.js:1474:12)
    at model.$set (G:\ThreadsClone\ThreadsClone\server\node_modules\mongoose\lib\document.js:1128:16)
    at model.Document (G:\ThreadsClone\ThreadsClone\server\node_modules\mongoose\lib\document.js:177:12)
    at model.Model (G:\ThreadsClone\ThreadsClone\server\node_modules\mongoose\lib\model.js:125:12)
    at new model (G:\ThreadsClone\ThreadsClone\server\node_modules\mongoose\lib\model.js:4611:15)
    at G:\ThreadsClone\ThreadsClone\server\src\controllers\threadController.ts:142:25
    at processTicksAndRejections (node:internal/process/task_queues:95:5)
2024-12-11T10:28:08.176Z [ERROR]: Error: Like validation failed: createdAt: Cast to date failed for value "[Function: Date]" (type function) at path "createdAt" 
Stack: ValidationError: Like validation failed: createdAt: Cast to date failed for value "[Function: Date]" (type function) at path "createdAt"
    at model.Document.invalidate (G:\ThreadsClone\ThreadsClone\server\node_modules\mongoose\lib\document.js:3318:32)
    at model.$set (G:\ThreadsClone\ThreadsClone\server\node_modules\mongoose\lib\document.js:1474:12)
    at model.$set (G:\ThreadsClone\ThreadsClone\server\node_modules\mongoose\lib\document.js:1128:16)
    at model.Document (G:\ThreadsClone\ThreadsClone\server\node_modules\mongoose\lib\document.js:177:12)
    at model.Model (G:\ThreadsClone\ThreadsClone\server\node_modules\mongoose\lib\model.js:125:12)
    at new model (G:\ThreadsClone\ThreadsClone\server\node_modules\mongoose\lib\model.js:4611:15)
    at G:\ThreadsClone\ThreadsClone\server\src\controllers\threadController.ts:142:25
    at processTicksAndRejections (node:internal/process/task_queues:95:5)
2024-12-11T10:28:08.803Z [ERROR]: Error: Like validation failed: createdAt: Cast to date failed for value "[Function: Date]" (type function) at path "createdAt" 
Stack: ValidationError: Like validation failed: createdAt: Cast to date failed for value "[Function: Date]" (type function) at path "createdAt"
    at model.Document.invalidate (G:\ThreadsClone\ThreadsClone\server\node_modules\mongoose\lib\document.js:3318:32)
    at model.$set (G:\ThreadsClone\ThreadsClone\server\node_modules\mongoose\lib\document.js:1474:12)
    at model.$set (G:\ThreadsClone\ThreadsClone\server\node_modules\mongoose\lib\document.js:1128:16)
    at model.Document (G:\ThreadsClone\ThreadsClone\server\node_modules\mongoose\lib\document.js:177:12)
    at model.Model (G:\ThreadsClone\ThreadsClone\server\node_modules\mongoose\lib\model.js:125:12)
    at new model (G:\ThreadsClone\ThreadsClone\server\node_modules\mongoose\lib\model.js:4611:15)
    at G:\ThreadsClone\ThreadsClone\server\src\controllers\threadController.ts:142:25
    at processTicksAndRejections (node:internal/process/task_queues:95:5)
2024-12-11T10:28:08.973Z [ERROR]: Error: Like validation failed: createdAt: Cast to date failed for value "[Function: Date]" (type function) at path "createdAt" 
Stack: ValidationError: Like validation failed: createdAt: Cast to date failed for value "[Function: Date]" (type function) at path "createdAt"
    at model.Document.invalidate (G:\ThreadsClone\ThreadsClone\server\node_modules\mongoose\lib\document.js:3318:32)
    at model.$set (G:\ThreadsClone\ThreadsClone\server\node_modules\mongoose\lib\document.js:1474:12)
    at model.$set (G:\ThreadsClone\ThreadsClone\server\node_modules\mongoose\lib\document.js:1128:16)
    at model.Document (G:\ThreadsClone\ThreadsClone\server\node_modules\mongoose\lib\document.js:177:12)
    at model.Model (G:\ThreadsClone\ThreadsClone\server\node_modules\mongoose\lib\model.js:125:12)
    at new model (G:\ThreadsClone\ThreadsClone\server\node_modules\mongoose\lib\model.js:4611:15)
    at G:\ThreadsClone\ThreadsClone\server\src\controllers\threadController.ts:142:25
    at processTicksAndRejections (node:internal/process/task_queues:95:5)
2024-12-11T10:28:22.638Z [ERROR]: Error: Like validation failed: createdAt: Cast to date failed for value "[Function: Date]" (type function) at path "createdAt" 
Stack: ValidationError: Like validation failed: createdAt: Cast to date failed for value "[Function: Date]" (type function) at path "createdAt"
    at model.Document.invalidate (G:\ThreadsClone\ThreadsClone\server\node_modules\mongoose\lib\document.js:3318:32)
    at model.$set (G:\ThreadsClone\ThreadsClone\server\node_modules\mongoose\lib\document.js:1474:12)
    at model.$set (G:\ThreadsClone\ThreadsClone\server\node_modules\mongoose\lib\document.js:1128:16)
    at model.Document (G:\ThreadsClone\ThreadsClone\server\node_modules\mongoose\lib\document.js:177:12)
    at model.Model (G:\ThreadsClone\ThreadsClone\server\node_modules\mongoose\lib\model.js:125:12)
    at new model (G:\ThreadsClone\ThreadsClone\server\node_modules\mongoose\lib\model.js:4611:15)
    at G:\ThreadsClone\ThreadsClone\server\src\controllers\threadController.ts:142:25
    at processTicksAndRejections (node:internal/process/task_queues:95:5)
2024-12-11T10:29:35.365Z [ERROR]: Error: Like validation failed: createdAt: Cast to date failed for value "[Function: Date]" (type function) at path "createdAt" 
Stack: ValidationError: Like validation failed: createdAt: Cast to date failed for value "[Function: Date]" (type function) at path "createdAt"
    at model.Document.invalidate (G:\ThreadsClone\ThreadsClone\server\node_modules\mongoose\lib\document.js:3318:32)
    at model.$set (G:\ThreadsClone\ThreadsClone\server\node_modules\mongoose\lib\document.js:1474:12)
    at model.$set (G:\ThreadsClone\ThreadsClone\server\node_modules\mongoose\lib\document.js:1128:16)
    at model.Document (G:\ThreadsClone\ThreadsClone\server\node_modules\mongoose\lib\document.js:177:12)
    at model.Model (G:\ThreadsClone\ThreadsClone\server\node_modules\mongoose\lib\model.js:125:12)
    at new model (G:\ThreadsClone\ThreadsClone\server\node_modules\mongoose\lib\model.js:4611:15)
    at G:\ThreadsClone\ThreadsClone\server\src\controllers\threadController.ts:142:25
    at processTicksAndRejections (node:internal/process/task_queues:95:5)
2024-12-11T10:37:23.899Z [ERROR]: Error: Like validation failed: createdAt: Cast to date failed for value "[Function: Date]" (type function) at path "createdAt" 
Stack: ValidationError: Like validation failed: createdAt: Cast to date failed for value "[Function: Date]" (type function) at path "createdAt"
    at model.Document.invalidate (G:\ThreadsClone\ThreadsClone\server\node_modules\mongoose\lib\document.js:3318:32)
    at model.$set (G:\ThreadsClone\ThreadsClone\server\node_modules\mongoose\lib\document.js:1474:12)
    at model.$set (G:\ThreadsClone\ThreadsClone\server\node_modules\mongoose\lib\document.js:1128:16)
    at model.Document (G:\ThreadsClone\ThreadsClone\server\node_modules\mongoose\lib\document.js:177:12)
    at model.Model (G:\ThreadsClone\ThreadsClone\server\node_modules\mongoose\lib\model.js:125:12)
    at new model (G:\ThreadsClone\ThreadsClone\server\node_modules\mongoose\lib\model.js:4611:15)
    at G:\ThreadsClone\ThreadsClone\server\src\controllers\threadController.ts:142:25
    at processTicksAndRejections (node:internal/process/task_queues:95:5)
2024-12-11T10:37:29.467Z [ERROR]: Error: Like validation failed: createdAt: Cast to date failed for value "[Function: Date]" (type function) at path "createdAt" 
Stack: ValidationError: Like validation failed: createdAt: Cast to date failed for value "[Function: Date]" (type function) at path "createdAt"
    at model.Document.invalidate (G:\ThreadsClone\ThreadsClone\server\node_modules\mongoose\lib\document.js:3318:32)
    at model.$set (G:\ThreadsClone\ThreadsClone\server\node_modules\mongoose\lib\document.js:1474:12)
    at model.$set (G:\ThreadsClone\ThreadsClone\server\node_modules\mongoose\lib\document.js:1128:16)
    at model.Document (G:\ThreadsClone\ThreadsClone\server\node_modules\mongoose\lib\document.js:177:12)
    at model.Model (G:\ThreadsClone\ThreadsClone\server\node_modules\mongoose\lib\model.js:125:12)
    at new model (G:\ThreadsClone\ThreadsClone\server\node_modules\mongoose\lib\model.js:4611:15)
    at G:\ThreadsClone\ThreadsClone\server\src\controllers\threadController.ts:142:25
    at processTicksAndRejections (node:internal/process/task_queues:95:5)
2024-12-11T10:38:59.136Z [ERROR]: Error: Like validation failed: createdAt: Cast to date failed for value "[Function: Date]" (type function) at path "createdAt" 
Stack: ValidationError: Like validation failed: createdAt: Cast to date failed for value "[Function: Date]" (type function) at path "createdAt"
    at model.Document.invalidate (G:\ThreadsClone\ThreadsClone\server\node_modules\mongoose\lib\document.js:3318:32)
    at model.$set (G:\ThreadsClone\ThreadsClone\server\node_modules\mongoose\lib\document.js:1474:12)
    at model.$set (G:\ThreadsClone\ThreadsClone\server\node_modules\mongoose\lib\document.js:1128:16)
    at model.Document (G:\ThreadsClone\ThreadsClone\server\node_modules\mongoose\lib\document.js:177:12)
    at model.Model (G:\ThreadsClone\ThreadsClone\server\node_modules\mongoose\lib\model.js:125:12)
    at new model (G:\ThreadsClone\ThreadsClone\server\node_modules\mongoose\lib\model.js:4611:15)
    at G:\ThreadsClone\ThreadsClone\server\src\controllers\threadController.ts:142:25
    at processTicksAndRejections (node:internal/process/task_queues:95:5)
2024-12-11T10:40:03.974Z [ERROR]: Error: Like validation failed: createdAt: Cast to date failed for value "[Function: Date]" (type function) at path "createdAt" 
Stack: ValidationError: Like validation failed: createdAt: Cast to date failed for value "[Function: Date]" (type function) at path "createdAt"
    at model.Document.invalidate (G:\ThreadsClone\ThreadsClone\server\node_modules\mongoose\lib\document.js:3318:32)
    at model.$set (G:\ThreadsClone\ThreadsClone\server\node_modules\mongoose\lib\document.js:1474:12)
    at model.$set (G:\ThreadsClone\ThreadsClone\server\node_modules\mongoose\lib\document.js:1128:16)
    at model.Document (G:\ThreadsClone\ThreadsClone\server\node_modules\mongoose\lib\document.js:177:12)
    at model.Model (G:\ThreadsClone\ThreadsClone\server\node_modules\mongoose\lib\model.js:125:12)
    at new model (G:\ThreadsClone\ThreadsClone\server\node_modules\mongoose\lib\model.js:4611:15)
    at G:\ThreadsClone\ThreadsClone\server\src\controllers\threadController.ts:142:25
    at processTicksAndRejections (node:internal/process/task_queues:95:5)
2024-12-12T00:29:05.265Z [ERROR]: Error: Cannot find /api/threads/threads:id/like on this server 
Stack: Error: Cannot find /api/threads/threads:id/like on this server
    at G:\ThreadsClone\ThreadsClone\server\src\app.ts:42:8
    at Layer.handle [as handle_request] (G:\ThreadsClone\ThreadsClone\server\node_modules\express\lib\router\layer.js:95:5)
    at next (G:\ThreadsClone\ThreadsClone\server\node_modules\express\lib\router\route.js:149:13)
    at next (G:\ThreadsClone\ThreadsClone\server\node_modules\express\lib\router\route.js:145:7)
    at next (G:\ThreadsClone\ThreadsClone\server\node_modules\express\lib\router\route.js:145:7)
    at next (G:\ThreadsClone\ThreadsClone\server\node_modules\express\lib\router\route.js:145:7)
    at next (G:\ThreadsClone\ThreadsClone\server\node_modules\express\lib\router\route.js:145:7)
    at next (G:\ThreadsClone\ThreadsClone\server\node_modules\express\lib\router\route.js:145:7)
    at next (G:\ThreadsClone\ThreadsClone\server\node_modules\express\lib\router\route.js:145:7)
    at next (G:\ThreadsClone\ThreadsClone\server\node_modules\express\lib\router\route.js:145:7)
2024-12-12T00:29:12.327Z [ERROR]: Error: Cannot find /api/threads/threads:id/like on this server 
Stack: Error: Cannot find /api/threads/threads:id/like on this server
    at G:\ThreadsClone\ThreadsClone\server\src\app.ts:42:8
    at Layer.handle [as handle_request] (G:\ThreadsClone\ThreadsClone\server\node_modules\express\lib\router\layer.js:95:5)
    at next (G:\ThreadsClone\ThreadsClone\server\node_modules\express\lib\router\route.js:149:13)
    at next (G:\ThreadsClone\ThreadsClone\server\node_modules\express\lib\router\route.js:145:7)
    at next (G:\ThreadsClone\ThreadsClone\server\node_modules\express\lib\router\route.js:145:7)
    at next (G:\ThreadsClone\ThreadsClone\server\node_modules\express\lib\router\route.js:145:7)
    at next (G:\ThreadsClone\ThreadsClone\server\node_modules\express\lib\router\route.js:145:7)
    at next (G:\ThreadsClone\ThreadsClone\server\node_modules\express\lib\router\route.js:145:7)
    at next (G:\ThreadsClone\ThreadsClone\server\node_modules\express\lib\router\route.js:145:7)
    at next (G:\ThreadsClone\ThreadsClone\server\node_modules\express\lib\router\route.js:145:7)
2024-12-12T01:01:22.797Z [ERROR]: Error: Cannot find /api/threads/posts/liked on this server 
Stack: Error: Cannot find /api/threads/posts/liked on this server
    at G:\ThreadsClone\ThreadsClone\server\src\app.ts:42:8
    at Layer.handle [as handle_request] (G:\ThreadsClone\ThreadsClone\server\node_modules\express\lib\router\layer.js:95:5)
    at next (G:\ThreadsClone\ThreadsClone\server\node_modules\express\lib\router\route.js:149:13)
    at next (G:\ThreadsClone\ThreadsClone\server\node_modules\express\lib\router\route.js:145:7)
    at next (G:\ThreadsClone\ThreadsClone\server\node_modules\express\lib\router\route.js:145:7)
    at next (G:\ThreadsClone\ThreadsClone\server\node_modules\express\lib\router\route.js:145:7)
    at next (G:\ThreadsClone\ThreadsClone\server\node_modules\express\lib\router\route.js:145:7)
    at next (G:\ThreadsClone\ThreadsClone\server\node_modules\express\lib\router\route.js:145:7)
    at next (G:\ThreadsClone\ThreadsClone\server\node_modules\express\lib\router\route.js:145:7)
    at Route.dispatch (G:\ThreadsClone\ThreadsClone\server\node_modules\express\lib\router\route.js:119:3)
2024-12-12T01:01:22.910Z [ERROR]: Error: Cannot find /api/threads/posts/liked on this server 
Stack: Error: Cannot find /api/threads/posts/liked on this server
    at G:\ThreadsClone\ThreadsClone\server\src\app.ts:42:8
    at Layer.handle [as handle_request] (G:\ThreadsClone\ThreadsClone\server\node_modules\express\lib\router\layer.js:95:5)
    at next (G:\ThreadsClone\ThreadsClone\server\node_modules\express\lib\router\route.js:149:13)
    at next (G:\ThreadsClone\ThreadsClone\server\node_modules\express\lib\router\route.js:145:7)
    at next (G:\ThreadsClone\ThreadsClone\server\node_modules\express\lib\router\route.js:145:7)
    at next (G:\ThreadsClone\ThreadsClone\server\node_modules\express\lib\router\route.js:145:7)
    at next (G:\ThreadsClone\ThreadsClone\server\node_modules\express\lib\router\route.js:145:7)
    at next (G:\ThreadsClone\ThreadsClone\server\node_modules\express\lib\router\route.js:145:7)
    at next (G:\ThreadsClone\ThreadsClone\server\node_modules\express\lib\router\route.js:145:7)
    at Route.dispatch (G:\ThreadsClone\ThreadsClone\server\node_modules\express\lib\router\route.js:119:3)
2024-12-12T01:01:36.960Z [ERROR]: Error: Cannot find /api/threads/posts/liked on this server 
Stack: Error: Cannot find /api/threads/posts/liked on this server
    at G:\ThreadsClone\ThreadsClone\server\src\app.ts:42:8
    at Layer.handle [as handle_request] (G:\ThreadsClone\ThreadsClone\server\node_modules\express\lib\router\layer.js:95:5)
    at next (G:\ThreadsClone\ThreadsClone\server\node_modules\express\lib\router\route.js:149:13)
    at next (G:\ThreadsClone\ThreadsClone\server\node_modules\express\lib\router\route.js:145:7)
    at next (G:\ThreadsClone\ThreadsClone\server\node_modules\express\lib\router\route.js:145:7)
    at next (G:\ThreadsClone\ThreadsClone\server\node_modules\express\lib\router\route.js:145:7)
    at next (G:\ThreadsClone\ThreadsClone\server\node_modules\express\lib\router\route.js:145:7)
    at next (G:\ThreadsClone\ThreadsClone\server\node_modules\express\lib\router\route.js:145:7)
    at next (G:\ThreadsClone\ThreadsClone\server\node_modules\express\lib\router\route.js:145:7)
    at Route.dispatch (G:\ThreadsClone\ThreadsClone\server\node_modules\express\lib\router\route.js:119:3)
2024-12-12T01:01:37.097Z [ERROR]: Error: Cannot find /api/threads/posts/liked on this server 
Stack: Error: Cannot find /api/threads/posts/liked on this server
    at G:\ThreadsClone\ThreadsClone\server\src\app.ts:42:8
    at Layer.handle [as handle_request] (G:\ThreadsClone\ThreadsClone\server\node_modules\express\lib\router\layer.js:95:5)
    at next (G:\ThreadsClone\ThreadsClone\server\node_modules\express\lib\router\route.js:149:13)
    at next (G:\ThreadsClone\ThreadsClone\server\node_modules\express\lib\router\route.js:145:7)
    at next (G:\ThreadsClone\ThreadsClone\server\node_modules\express\lib\router\route.js:145:7)
    at next (G:\ThreadsClone\ThreadsClone\server\node_modules\express\lib\router\route.js:145:7)
    at next (G:\ThreadsClone\ThreadsClone\server\node_modules\express\lib\router\route.js:145:7)
    at next (G:\ThreadsClone\ThreadsClone\server\node_modules\express\lib\router\route.js:145:7)
    at next (G:\ThreadsClone\ThreadsClone\server\node_modules\express\lib\router\route.js:145:7)
    at Route.dispatch (G:\ThreadsClone\ThreadsClone\server\node_modules\express\lib\router\route.js:119:3)
2024-12-12T01:01:44.764Z [ERROR]: Error: Cannot find /api/threads/posts/liked on this server 
Stack: Error: Cannot find /api/threads/posts/liked on this server
    at G:\ThreadsClone\ThreadsClone\server\src\app.ts:42:8
    at Layer.handle [as handle_request] (G:\ThreadsClone\ThreadsClone\server\node_modules\express\lib\router\layer.js:95:5)
    at next (G:\ThreadsClone\ThreadsClone\server\node_modules\express\lib\router\route.js:149:13)
    at next (G:\ThreadsClone\ThreadsClone\server\node_modules\express\lib\router\route.js:145:7)
    at next (G:\ThreadsClone\ThreadsClone\server\node_modules\express\lib\router\route.js:145:7)
    at next (G:\ThreadsClone\ThreadsClone\server\node_modules\express\lib\router\route.js:145:7)
    at next (G:\ThreadsClone\ThreadsClone\server\node_modules\express\lib\router\route.js:145:7)
    at next (G:\ThreadsClone\ThreadsClone\server\node_modules\express\lib\router\route.js:145:7)
    at next (G:\ThreadsClone\ThreadsClone\server\node_modules\express\lib\router\route.js:145:7)
    at Route.dispatch (G:\ThreadsClone\ThreadsClone\server\node_modules\express\lib\router\route.js:119:3)
2024-12-12T01:01:44.880Z [ERROR]: Error: Cannot find /api/threads/posts/liked on this server 
Stack: Error: Cannot find /api/threads/posts/liked on this server
    at G:\ThreadsClone\ThreadsClone\server\src\app.ts:42:8
    at Layer.handle [as handle_request] (G:\ThreadsClone\ThreadsClone\server\node_modules\express\lib\router\layer.js:95:5)
    at next (G:\ThreadsClone\ThreadsClone\server\node_modules\express\lib\router\route.js:149:13)
    at next (G:\ThreadsClone\ThreadsClone\server\node_modules\express\lib\router\route.js:145:7)
    at next (G:\ThreadsClone\ThreadsClone\server\node_modules\express\lib\router\route.js:145:7)
    at next (G:\ThreadsClone\ThreadsClone\server\node_modules\express\lib\router\route.js:145:7)
    at next (G:\ThreadsClone\ThreadsClone\server\node_modules\express\lib\router\route.js:145:7)
    at next (G:\ThreadsClone\ThreadsClone\server\node_modules\express\lib\router\route.js:145:7)
    at next (G:\ThreadsClone\ThreadsClone\server\node_modules\express\lib\router\route.js:145:7)
    at Route.dispatch (G:\ThreadsClone\ThreadsClone\server\node_modules\express\lib\router\route.js:119:3)
2024-12-12T01:01:59.582Z [ERROR]: Error: Cannot find /api/threads/posts/liked on this server 
Stack: Error: Cannot find /api/threads/posts/liked on this server
    at G:\ThreadsClone\ThreadsClone\server\src\app.ts:42:8
    at Layer.handle [as handle_request] (G:\ThreadsClone\ThreadsClone\server\node_modules\express\lib\router\layer.js:95:5)
    at next (G:\ThreadsClone\ThreadsClone\server\node_modules\express\lib\router\route.js:149:13)
    at next (G:\ThreadsClone\ThreadsClone\server\node_modules\express\lib\router\route.js:145:7)
    at next (G:\ThreadsClone\ThreadsClone\server\node_modules\express\lib\router\route.js:145:7)
    at next (G:\ThreadsClone\ThreadsClone\server\node_modules\express\lib\router\route.js:145:7)
    at next (G:\ThreadsClone\ThreadsClone\server\node_modules\express\lib\router\route.js:145:7)
    at next (G:\ThreadsClone\ThreadsClone\server\node_modules\express\lib\router\route.js:145:7)
    at next (G:\ThreadsClone\ThreadsClone\server\node_modules\express\lib\router\route.js:145:7)
    at Route.dispatch (G:\ThreadsClone\ThreadsClone\server\node_modules\express\lib\router\route.js:119:3)
2024-12-12T01:01:59.710Z [ERROR]: Error: Cannot find /api/threads/posts/liked on this server 
Stack: Error: Cannot find /api/threads/posts/liked on this server
    at G:\ThreadsClone\ThreadsClone\server\src\app.ts:42:8
    at Layer.handle [as handle_request] (G:\ThreadsClone\ThreadsClone\server\node_modules\express\lib\router\layer.js:95:5)
    at next (G:\ThreadsClone\ThreadsClone\server\node_modules\express\lib\router\route.js:149:13)
    at next (G:\ThreadsClone\ThreadsClone\server\node_modules\express\lib\router\route.js:145:7)
    at next (G:\ThreadsClone\ThreadsClone\server\node_modules\express\lib\router\route.js:145:7)
    at next (G:\ThreadsClone\ThreadsClone\server\node_modules\express\lib\router\route.js:145:7)
    at next (G:\ThreadsClone\ThreadsClone\server\node_modules\express\lib\router\route.js:145:7)
    at next (G:\ThreadsClone\ThreadsClone\server\node_modules\express\lib\router\route.js:145:7)
    at next (G:\ThreadsClone\ThreadsClone\server\node_modules\express\lib\router\route.js:145:7)
    at Route.dispatch (G:\ThreadsClone\ThreadsClone\server\node_modules\express\lib\router\route.js:119:3)
2024-12-12T01:02:12.115Z [ERROR]: Error: Cannot find /api/threads/posts/liked on this server 
Stack: Error: Cannot find /api/threads/posts/liked on this server
    at G:\ThreadsClone\ThreadsClone\server\src\app.ts:42:8
    at Layer.handle [as handle_request] (G:\ThreadsClone\ThreadsClone\server\node_modules\express\lib\router\layer.js:95:5)
    at next (G:\ThreadsClone\ThreadsClone\server\node_modules\express\lib\router\route.js:149:13)
    at next (G:\ThreadsClone\ThreadsClone\server\node_modules\express\lib\router\route.js:145:7)
    at next (G:\ThreadsClone\ThreadsClone\server\node_modules\express\lib\router\route.js:145:7)
    at next (G:\ThreadsClone\ThreadsClone\server\node_modules\express\lib\router\route.js:145:7)
    at next (G:\ThreadsClone\ThreadsClone\server\node_modules\express\lib\router\route.js:145:7)
    at next (G:\ThreadsClone\ThreadsClone\server\node_modules\express\lib\router\route.js:145:7)
    at next (G:\ThreadsClone\ThreadsClone\server\node_modules\express\lib\router\route.js:145:7)
    at Route.dispatch (G:\ThreadsClone\ThreadsClone\server\node_modules\express\lib\router\route.js:119:3)
2024-12-12T01:02:12.238Z [ERROR]: Error: Cannot find /api/threads/posts/liked on this server 
Stack: Error: Cannot find /api/threads/posts/liked on this server
    at G:\ThreadsClone\ThreadsClone\server\src\app.ts:42:8
    at Layer.handle [as handle_request] (G:\ThreadsClone\ThreadsClone\server\node_modules\express\lib\router\layer.js:95:5)
    at next (G:\ThreadsClone\ThreadsClone\server\node_modules\express\lib\router\route.js:149:13)
    at next (G:\ThreadsClone\ThreadsClone\server\node_modules\express\lib\router\route.js:145:7)
    at next (G:\ThreadsClone\ThreadsClone\server\node_modules\express\lib\router\route.js:145:7)
    at next (G:\ThreadsClone\ThreadsClone\server\node_modules\express\lib\router\route.js:145:7)
    at next (G:\ThreadsClone\ThreadsClone\server\node_modules\express\lib\router\route.js:145:7)
    at next (G:\ThreadsClone\ThreadsClone\server\node_modules\express\lib\router\route.js:145:7)
    at next (G:\ThreadsClone\ThreadsClone\server\node_modules\express\lib\router\route.js:145:7)
    at Route.dispatch (G:\ThreadsClone\ThreadsClone\server\node_modules\express\lib\router\route.js:119:3)
2024-12-12T03:55:29.596Z [ERROR]: Error: Cannot set headers after they are sent to the client 
Stack: Error: Cannot set headers after they are sent to the client
    at ServerResponse.setHeader (node:_http_outgoing:703:11)
    at ServerResponse.header (G:\ThreadsClone\ThreadsClone\server\node_modules\express\lib\response.js:794:10)
    at ServerResponse.send (G:\ThreadsClone\ThreadsClone\server\node_modules\express\lib\response.js:174:12)
    at ServerResponse.json (G:\ThreadsClone\ThreadsClone\server\node_modules\express\lib\response.js:278:15)
    at G:\ThreadsClone\ThreadsClone\server\src\controllers\threadController.ts:190:21
    at processTicksAndRejections (node:internal/process/task_queues:95:5)
2024-12-12T03:55:29.662Z [ERROR]: Error: Cannot set headers after they are sent to the client 
Stack: Error: Cannot set headers after they are sent to the client
    at ServerResponse.setHeader (node:_http_outgoing:703:11)
    at ServerResponse.header (G:\ThreadsClone\ThreadsClone\server\node_modules\express\lib\response.js:794:10)
    at ServerResponse.send (G:\ThreadsClone\ThreadsClone\server\node_modules\express\lib\response.js:174:12)
    at ServerResponse.json (G:\ThreadsClone\ThreadsClone\server\node_modules\express\lib\response.js:278:15)
    at G:\ThreadsClone\ThreadsClone\server\src\controllers\threadController.ts:190:21
    at processTicksAndRejections (node:internal/process/task_queues:95:5)
2024-12-12T03:55:37.064Z [ERROR]: Error: Cannot set headers after they are sent to the client 
Stack: Error: Cannot set headers after they are sent to the client
    at ServerResponse.setHeader (node:_http_outgoing:703:11)
    at ServerResponse.header (G:\ThreadsClone\ThreadsClone\server\node_modules\express\lib\response.js:794:10)
    at ServerResponse.send (G:\ThreadsClone\ThreadsClone\server\node_modules\express\lib\response.js:174:12)
    at ServerResponse.json (G:\ThreadsClone\ThreadsClone\server\node_modules\express\lib\response.js:278:15)
    at G:\ThreadsClone\ThreadsClone\server\src\controllers\threadController.ts:190:21
    at processTicksAndRejections (node:internal/process/task_queues:95:5)
2024-12-12T03:55:37.136Z [ERROR]: Error: Cannot set headers after they are sent to the client 
Stack: Error: Cannot set headers after they are sent to the client
    at ServerResponse.setHeader (node:_http_outgoing:703:11)
    at ServerResponse.header (G:\ThreadsClone\ThreadsClone\server\node_modules\express\lib\response.js:794:10)
    at ServerResponse.send (G:\ThreadsClone\ThreadsClone\server\node_modules\express\lib\response.js:174:12)
    at ServerResponse.json (G:\ThreadsClone\ThreadsClone\server\node_modules\express\lib\response.js:278:15)
    at G:\ThreadsClone\ThreadsClone\server\src\controllers\threadController.ts:190:21
    at processTicksAndRejections (node:internal/process/task_queues:95:5)
2024-12-12T03:55:42.751Z [ERROR]: Error: Cannot set headers after they are sent to the client 
Stack: Error: Cannot set headers after they are sent to the client
    at ServerResponse.setHeader (node:_http_outgoing:703:11)
    at ServerResponse.header (G:\ThreadsClone\ThreadsClone\server\node_modules\express\lib\response.js:794:10)
    at ServerResponse.send (G:\ThreadsClone\ThreadsClone\server\node_modules\express\lib\response.js:174:12)
    at ServerResponse.json (G:\ThreadsClone\ThreadsClone\server\node_modules\express\lib\response.js:278:15)
    at G:\ThreadsClone\ThreadsClone\server\src\controllers\threadController.ts:190:21
    at processTicksAndRejections (node:internal/process/task_queues:95:5)
2024-12-12T03:55:42.821Z [ERROR]: Error: Cannot set headers after they are sent to the client 
Stack: Error: Cannot set headers after they are sent to the client
    at ServerResponse.setHeader (node:_http_outgoing:703:11)
    at ServerResponse.header (G:\ThreadsClone\ThreadsClone\server\node_modules\express\lib\response.js:794:10)
    at ServerResponse.send (G:\ThreadsClone\ThreadsClone\server\node_modules\express\lib\response.js:174:12)
    at ServerResponse.json (G:\ThreadsClone\ThreadsClone\server\node_modules\express\lib\response.js:278:15)
    at G:\ThreadsClone\ThreadsClone\server\src\controllers\threadController.ts:190:21
    at processTicksAndRejections (node:internal/process/task_queues:95:5)
2024-12-12T03:56:03.985Z [ERROR]: Error: Cannot set headers after they are sent to the client 
Stack: Error: Cannot set headers after they are sent to the client
    at ServerResponse.setHeader (node:_http_outgoing:703:11)
    at ServerResponse.header (G:\ThreadsClone\ThreadsClone\server\node_modules\express\lib\response.js:794:10)
    at ServerResponse.send (G:\ThreadsClone\ThreadsClone\server\node_modules\express\lib\response.js:174:12)
    at ServerResponse.json (G:\ThreadsClone\ThreadsClone\server\node_modules\express\lib\response.js:278:15)
    at G:\ThreadsClone\ThreadsClone\server\src\controllers\threadController.ts:190:21
    at processTicksAndRejections (node:internal/process/task_queues:95:5)
2024-12-12T03:56:04.302Z [ERROR]: Error: Cannot set headers after they are sent to the client 
Stack: Error: Cannot set headers after they are sent to the client
    at ServerResponse.setHeader (node:_http_outgoing:703:11)
    at ServerResponse.header (G:\ThreadsClone\ThreadsClone\server\node_modules\express\lib\response.js:794:10)
    at ServerResponse.send (G:\ThreadsClone\ThreadsClone\server\node_modules\express\lib\response.js:174:12)
    at ServerResponse.json (G:\ThreadsClone\ThreadsClone\server\node_modules\express\lib\response.js:278:15)
    at G:\ThreadsClone\ThreadsClone\server\src\controllers\threadController.ts:190:21
    at processTicksAndRejections (node:internal/process/task_queues:95:5)
2024-12-12T03:56:15.823Z [ERROR]: Error: Cannot set headers after they are sent to the client 
Stack: Error: Cannot set headers after they are sent to the client
    at ServerResponse.setHeader (node:_http_outgoing:703:11)
    at ServerResponse.header (G:\ThreadsClone\ThreadsClone\server\node_modules\express\lib\response.js:794:10)
    at ServerResponse.send (G:\ThreadsClone\ThreadsClone\server\node_modules\express\lib\response.js:174:12)
    at ServerResponse.json (G:\ThreadsClone\ThreadsClone\server\node_modules\express\lib\response.js:278:15)
    at G:\ThreadsClone\ThreadsClone\server\src\controllers\threadController.ts:190:21
    at processTicksAndRejections (node:internal/process/task_queues:95:5)
2024-12-12T03:56:15.906Z [ERROR]: Error: Cannot set headers after they are sent to the client 
Stack: Error: Cannot set headers after they are sent to the client
    at ServerResponse.setHeader (node:_http_outgoing:703:11)
    at ServerResponse.header (G:\ThreadsClone\ThreadsClone\server\node_modules\express\lib\response.js:794:10)
    at ServerResponse.send (G:\ThreadsClone\ThreadsClone\server\node_modules\express\lib\response.js:174:12)
    at ServerResponse.json (G:\ThreadsClone\ThreadsClone\server\node_modules\express\lib\response.js:278:15)
    at G:\ThreadsClone\ThreadsClone\server\src\controllers\threadController.ts:190:21
    at processTicksAndRejections (node:internal/process/task_queues:95:5)
2024-12-12T03:56:16.461Z [ERROR]: Error: Cannot set headers after they are sent to the client 
Stack: Error: Cannot set headers after they are sent to the client
    at ServerResponse.setHeader (node:_http_outgoing:703:11)
    at ServerResponse.header (G:\ThreadsClone\ThreadsClone\server\node_modules\express\lib\response.js:794:10)
    at ServerResponse.send (G:\ThreadsClone\ThreadsClone\server\node_modules\express\lib\response.js:174:12)
    at ServerResponse.json (G:\ThreadsClone\ThreadsClone\server\node_modules\express\lib\response.js:278:15)
    at G:\ThreadsClone\ThreadsClone\server\src\controllers\threadController.ts:190:21
    at processTicksAndRejections (node:internal/process/task_queues:95:5)
2024-12-12T03:56:16.528Z [ERROR]: Error: Cannot set headers after they are sent to the client 
Stack: Error: Cannot set headers after they are sent to the client
    at ServerResponse.setHeader (node:_http_outgoing:703:11)
    at ServerResponse.header (G:\ThreadsClone\ThreadsClone\server\node_modules\express\lib\response.js:794:10)
    at ServerResponse.send (G:\ThreadsClone\ThreadsClone\server\node_modules\express\lib\response.js:174:12)
    at ServerResponse.json (G:\ThreadsClone\ThreadsClone\server\node_modules\express\lib\response.js:278:15)
    at G:\ThreadsClone\ThreadsClone\server\src\controllers\threadController.ts:190:21
    at processTicksAndRejections (node:internal/process/task_queues:95:5)
2024-12-12T03:57:29.416Z [ERROR]: Error: Cannot set headers after they are sent to the client 
Stack: Error: Cannot set headers after they are sent to the client
    at ServerResponse.setHeader (node:_http_outgoing:703:11)
    at ServerResponse.header (G:\ThreadsClone\ThreadsClone\server\node_modules\express\lib\response.js:794:10)
    at ServerResponse.send (G:\ThreadsClone\ThreadsClone\server\node_modules\express\lib\response.js:174:12)
    at ServerResponse.json (G:\ThreadsClone\ThreadsClone\server\node_modules\express\lib\response.js:278:15)
    at G:\ThreadsClone\ThreadsClone\server\src\controllers\threadController.ts:190:21
    at processTicksAndRejections (node:internal/process/task_queues:95:5)
2024-12-12T03:57:29.493Z [ERROR]: Error: Cannot set headers after they are sent to the client 
Stack: Error: Cannot set headers after they are sent to the client
    at ServerResponse.setHeader (node:_http_outgoing:703:11)
    at ServerResponse.header (G:\ThreadsClone\ThreadsClone\server\node_modules\express\lib\response.js:794:10)
    at ServerResponse.send (G:\ThreadsClone\ThreadsClone\server\node_modules\express\lib\response.js:174:12)
    at ServerResponse.json (G:\ThreadsClone\ThreadsClone\server\node_modules\express\lib\response.js:278:15)
    at G:\ThreadsClone\ThreadsClone\server\src\controllers\threadController.ts:190:21
    at processTicksAndRejections (node:internal/process/task_queues:95:5)
2024-12-12T04:00:20.254Z [ERROR]: Error: Cannot set headers after they are sent to the client 
Stack: Error: Cannot set headers after they are sent to the client
    at ServerResponse.setHeader (node:_http_outgoing:703:11)
    at ServerResponse.header (G:\ThreadsClone\ThreadsClone\server\node_modules\express\lib\response.js:794:10)
    at ServerResponse.send (G:\ThreadsClone\ThreadsClone\server\node_modules\express\lib\response.js:174:12)
    at ServerResponse.json (G:\ThreadsClone\ThreadsClone\server\node_modules\express\lib\response.js:278:15)
    at G:\ThreadsClone\ThreadsClone\server\src\controllers\threadController.ts:190:21
    at processTicksAndRejections (node:internal/process/task_queues:95:5)
2024-12-12T04:00:20.311Z [ERROR]: Error: Cannot set headers after they are sent to the client 
Stack: Error: Cannot set headers after they are sent to the client
    at ServerResponse.setHeader (node:_http_outgoing:703:11)
    at ServerResponse.header (G:\ThreadsClone\ThreadsClone\server\node_modules\express\lib\response.js:794:10)
    at ServerResponse.send (G:\ThreadsClone\ThreadsClone\server\node_modules\express\lib\response.js:174:12)
    at ServerResponse.json (G:\ThreadsClone\ThreadsClone\server\node_modules\express\lib\response.js:278:15)
    at G:\ThreadsClone\ThreadsClone\server\src\controllers\threadController.ts:190:21
    at processTicksAndRejections (node:internal/process/task_queues:95:5)
2024-12-12T04:03:51.901Z [ERROR]: Error: Cannot set headers after they are sent to the client 
Stack: Error: Cannot set headers after they are sent to the client
    at ServerResponse.setHeader (node:_http_outgoing:703:11)
    at ServerResponse.header (G:\ThreadsClone\ThreadsClone\server\node_modules\express\lib\response.js:794:10)
    at ServerResponse.send (G:\ThreadsClone\ThreadsClone\server\node_modules\express\lib\response.js:174:12)
    at ServerResponse.json (G:\ThreadsClone\ThreadsClone\server\node_modules\express\lib\response.js:278:15)
    at G:\ThreadsClone\ThreadsClone\server\src\controllers\threadController.ts:193:21
    at processTicksAndRejections (node:internal/process/task_queues:95:5)
2024-12-12T04:03:51.998Z [ERROR]: Error: Cannot set headers after they are sent to the client 
Stack: Error: Cannot set headers after they are sent to the client
    at ServerResponse.setHeader (node:_http_outgoing:703:11)
    at ServerResponse.header (G:\ThreadsClone\ThreadsClone\server\node_modules\express\lib\response.js:794:10)
    at ServerResponse.send (G:\ThreadsClone\ThreadsClone\server\node_modules\express\lib\response.js:174:12)
    at ServerResponse.json (G:\ThreadsClone\ThreadsClone\server\node_modules\express\lib\response.js:278:15)
    at G:\ThreadsClone\ThreadsClone\server\src\controllers\threadController.ts:193:21
    at processTicksAndRejections (node:internal/process/task_queues:95:5)
2024-12-12T04:28:39.100Z [ERROR]: Error: Cannot set headers after they are sent to the client 
Stack: Error: Cannot set headers after they are sent to the client
    at ServerResponse.setHeader (node:_http_outgoing:703:11)
    at ServerResponse.header (G:\ThreadsClone\ThreadsClone\server\node_modules\express\lib\response.js:794:10)
    at ServerResponse.send (G:\ThreadsClone\ThreadsClone\server\node_modules\express\lib\response.js:174:12)
    at ServerResponse.json (G:\ThreadsClone\ThreadsClone\server\node_modules\express\lib\response.js:278:15)
    at G:\ThreadsClone\ThreadsClone\server\src\controllers\threadController.ts:193:21
    at processTicksAndRejections (node:internal/process/task_queues:95:5)
2024-12-12T04:28:39.350Z [ERROR]: Error: Cannot set headers after they are sent to the client 
Stack: Error: Cannot set headers after they are sent to the client
    at ServerResponse.setHeader (node:_http_outgoing:703:11)
    at ServerResponse.header (G:\ThreadsClone\ThreadsClone\server\node_modules\express\lib\response.js:794:10)
    at ServerResponse.send (G:\ThreadsClone\ThreadsClone\server\node_modules\express\lib\response.js:174:12)
    at ServerResponse.json (G:\ThreadsClone\ThreadsClone\server\node_modules\express\lib\response.js:278:15)
    at G:\ThreadsClone\ThreadsClone\server\src\controllers\threadController.ts:193:21
    at processTicksAndRejections (node:internal/process/task_queues:95:5)
2024-12-12T04:29:18.943Z [ERROR]: Error: Cannot set headers after they are sent to the client 
Stack: Error: Cannot set headers after they are sent to the client
    at ServerResponse.setHeader (node:_http_outgoing:703:11)
    at ServerResponse.header (G:\ThreadsClone\ThreadsClone\server\node_modules\express\lib\response.js:794:10)
    at ServerResponse.send (G:\ThreadsClone\ThreadsClone\server\node_modules\express\lib\response.js:174:12)
    at ServerResponse.json (G:\ThreadsClone\ThreadsClone\server\node_modules\express\lib\response.js:278:15)
    at G:\ThreadsClone\ThreadsClone\server\src\controllers\threadController.ts:193:21
    at processTicksAndRejections (node:internal/process/task_queues:95:5)
2024-12-12T04:29:20.617Z [ERROR]: Error: Cannot set headers after they are sent to the client 
Stack: Error: Cannot set headers after they are sent to the client
    at ServerResponse.setHeader (node:_http_outgoing:703:11)
    at ServerResponse.header (G:\ThreadsClone\ThreadsClone\server\node_modules\express\lib\response.js:794:10)
    at ServerResponse.send (G:\ThreadsClone\ThreadsClone\server\node_modules\express\lib\response.js:174:12)
    at ServerResponse.json (G:\ThreadsClone\ThreadsClone\server\node_modules\express\lib\response.js:278:15)
    at G:\ThreadsClone\ThreadsClone\server\src\controllers\threadController.ts:193:21
    at processTicksAndRejections (node:internal/process/task_queues:95:5)
2024-12-12T04:29:20.728Z [ERROR]: Error: Cannot set headers after they are sent to the client 
Stack: Error: Cannot set headers after they are sent to the client
    at ServerResponse.setHeader (node:_http_outgoing:703:11)
    at ServerResponse.header (G:\ThreadsClone\ThreadsClone\server\node_modules\express\lib\response.js:794:10)
    at ServerResponse.send (G:\ThreadsClone\ThreadsClone\server\node_modules\express\lib\response.js:174:12)
    at ServerResponse.json (G:\ThreadsClone\ThreadsClone\server\node_modules\express\lib\response.js:278:15)
    at G:\ThreadsClone\ThreadsClone\server\src\controllers\threadController.ts:193:21
    at processTicksAndRejections (node:internal/process/task_queues:95:5)
2024-12-12T04:29:30.477Z [ERROR]: Error: Cannot set headers after they are sent to the client 
Stack: Error: Cannot set headers after they are sent to the client
    at ServerResponse.setHeader (node:_http_outgoing:703:11)
    at ServerResponse.header (G:\ThreadsClone\ThreadsClone\server\node_modules\express\lib\response.js:794:10)
    at ServerResponse.send (G:\ThreadsClone\ThreadsClone\server\node_modules\express\lib\response.js:174:12)
    at ServerResponse.json (G:\ThreadsClone\ThreadsClone\server\node_modules\express\lib\response.js:278:15)
    at G:\ThreadsClone\ThreadsClone\server\src\controllers\threadController.ts:193:21
    at processTicksAndRejections (node:internal/process/task_queues:95:5)
2024-12-12T04:29:30.551Z [ERROR]: Error: Cannot set headers after they are sent to the client 
Stack: Error: Cannot set headers after they are sent to the client
    at ServerResponse.setHeader (node:_http_outgoing:703:11)
    at ServerResponse.header (G:\ThreadsClone\ThreadsClone\server\node_modules\express\lib\response.js:794:10)
    at ServerResponse.send (G:\ThreadsClone\ThreadsClone\server\node_modules\express\lib\response.js:174:12)
    at ServerResponse.json (G:\ThreadsClone\ThreadsClone\server\node_modules\express\lib\response.js:278:15)
    at G:\ThreadsClone\ThreadsClone\server\src\controllers\threadController.ts:193:21
    at processTicksAndRejections (node:internal/process/task_queues:95:5)
2024-12-12T04:29:49.044Z [ERROR]: Error: Cannot set headers after they are sent to the client 
Stack: Error: Cannot set headers after they are sent to the client
    at ServerResponse.setHeader (node:_http_outgoing:703:11)
    at ServerResponse.header (G:\ThreadsClone\ThreadsClone\server\node_modules\express\lib\response.js:794:10)
    at ServerResponse.send (G:\ThreadsClone\ThreadsClone\server\node_modules\express\lib\response.js:174:12)
    at ServerResponse.json (G:\ThreadsClone\ThreadsClone\server\node_modules\express\lib\response.js:278:15)
    at G:\ThreadsClone\ThreadsClone\server\src\controllers\threadController.ts:193:21
    at processTicksAndRejections (node:internal/process/task_queues:95:5)
2024-12-12T04:29:49.110Z [ERROR]: Error: Cannot set headers after they are sent to the client 
Stack: Error: Cannot set headers after they are sent to the client
    at ServerResponse.setHeader (node:_http_outgoing:703:11)
    at ServerResponse.header (G:\ThreadsClone\ThreadsClone\server\node_modules\express\lib\response.js:794:10)
    at ServerResponse.send (G:\ThreadsClone\ThreadsClone\server\node_modules\express\lib\response.js:174:12)
    at ServerResponse.json (G:\ThreadsClone\ThreadsClone\server\node_modules\express\lib\response.js:278:15)
    at G:\ThreadsClone\ThreadsClone\server\src\controllers\threadController.ts:193:21
    at processTicksAndRejections (node:internal/process/task_queues:95:5)
2024-12-12T04:31:17.558Z [ERROR]: Error: Cannot set headers after they are sent to the client 
Stack: Error: Cannot set headers after they are sent to the client
    at ServerResponse.setHeader (node:_http_outgoing:703:11)
    at ServerResponse.header (G:\ThreadsClone\ThreadsClone\server\node_modules\express\lib\response.js:794:10)
    at ServerResponse.send (G:\ThreadsClone\ThreadsClone\server\node_modules\express\lib\response.js:174:12)
    at ServerResponse.json (G:\ThreadsClone\ThreadsClone\server\node_modules\express\lib\response.js:278:15)
    at G:\ThreadsClone\ThreadsClone\server\src\controllers\threadController.ts:193:21
    at processTicksAndRejections (node:internal/process/task_queues:95:5)
2024-12-12T04:31:19.719Z [ERROR]: Error: Cannot set headers after they are sent to the client 
Stack: Error: Cannot set headers after they are sent to the client
    at ServerResponse.setHeader (node:_http_outgoing:703:11)
    at ServerResponse.header (G:\ThreadsClone\ThreadsClone\server\node_modules\express\lib\response.js:794:10)
    at ServerResponse.send (G:\ThreadsClone\ThreadsClone\server\node_modules\express\lib\response.js:174:12)
    at ServerResponse.json (G:\ThreadsClone\ThreadsClone\server\node_modules\express\lib\response.js:278:15)
    at G:\ThreadsClone\ThreadsClone\server\src\controllers\threadController.ts:193:21
    at processTicksAndRejections (node:internal/process/task_queues:95:5)
2024-12-12T04:31:20.056Z [ERROR]: Error: Cannot set headers after they are sent to the client 
Stack: Error: Cannot set headers after they are sent to the client
    at ServerResponse.setHeader (node:_http_outgoing:703:11)
    at ServerResponse.header (G:\ThreadsClone\ThreadsClone\server\node_modules\express\lib\response.js:794:10)
    at ServerResponse.send (G:\ThreadsClone\ThreadsClone\server\node_modules\express\lib\response.js:174:12)
    at ServerResponse.json (G:\ThreadsClone\ThreadsClone\server\node_modules\express\lib\response.js:278:15)
    at G:\ThreadsClone\ThreadsClone\server\src\controllers\threadController.ts:193:21
    at processTicksAndRejections (node:internal/process/task_queues:95:5)
2024-12-12T04:33:13.532Z [ERROR]: Error: Cannot set headers after they are sent to the client 
Stack: Error: Cannot set headers after they are sent to the client
    at ServerResponse.setHeader (node:_http_outgoing:703:11)
    at ServerResponse.header (G:\ThreadsClone\ThreadsClone\server\node_modules\express\lib\response.js:794:10)
    at ServerResponse.send (G:\ThreadsClone\ThreadsClone\server\node_modules\express\lib\response.js:174:12)
    at ServerResponse.json (G:\ThreadsClone\ThreadsClone\server\node_modules\express\lib\response.js:278:15)
    at G:\ThreadsClone\ThreadsClone\server\src\controllers\threadController.ts:193:21
    at processTicksAndRejections (node:internal/process/task_queues:95:5)
2024-12-12T04:33:21.494Z [ERROR]: Error: Cannot set headers after they are sent to the client 
Stack: Error: Cannot set headers after they are sent to the client
    at ServerResponse.setHeader (node:_http_outgoing:703:11)
    at ServerResponse.header (G:\ThreadsClone\ThreadsClone\server\node_modules\express\lib\response.js:794:10)
    at ServerResponse.send (G:\ThreadsClone\ThreadsClone\server\node_modules\express\lib\response.js:174:12)
    at ServerResponse.json (G:\ThreadsClone\ThreadsClone\server\node_modules\express\lib\response.js:278:15)
    at G:\ThreadsClone\ThreadsClone\server\src\controllers\threadController.ts:193:21
    at processTicksAndRejections (node:internal/process/task_queues:95:5)
2024-12-12T04:33:35.516Z [ERROR]: Error: Cannot set headers after they are sent to the client 
Stack: Error: Cannot set headers after they are sent to the client
    at ServerResponse.setHeader (node:_http_outgoing:703:11)
    at ServerResponse.header (G:\ThreadsClone\ThreadsClone\server\node_modules\express\lib\response.js:794:10)
    at ServerResponse.send (G:\ThreadsClone\ThreadsClone\server\node_modules\express\lib\response.js:174:12)
    at ServerResponse.json (G:\ThreadsClone\ThreadsClone\server\node_modules\express\lib\response.js:278:15)
    at G:\ThreadsClone\ThreadsClone\server\src\controllers\threadController.ts:193:21
    at processTicksAndRejections (node:internal/process/task_queues:95:5)
2024-12-12T04:33:39.837Z [ERROR]: Error: Cannot set headers after they are sent to the client 
Stack: Error: Cannot set headers after they are sent to the client
    at ServerResponse.setHeader (node:_http_outgoing:703:11)
    at ServerResponse.header (G:\ThreadsClone\ThreadsClone\server\node_modules\express\lib\response.js:794:10)
    at ServerResponse.send (G:\ThreadsClone\ThreadsClone\server\node_modules\express\lib\response.js:174:12)
    at ServerResponse.json (G:\ThreadsClone\ThreadsClone\server\node_modules\express\lib\response.js:278:15)
    at G:\ThreadsClone\ThreadsClone\server\src\controllers\threadController.ts:193:21
    at processTicksAndRejections (node:internal/process/task_queues:95:5)
2024-12-12T04:33:39.904Z [ERROR]: Error: Cannot set headers after they are sent to the client 
Stack: Error: Cannot set headers after they are sent to the client
    at ServerResponse.setHeader (node:_http_outgoing:703:11)
    at ServerResponse.header (G:\ThreadsClone\ThreadsClone\server\node_modules\express\lib\response.js:794:10)
    at ServerResponse.send (G:\ThreadsClone\ThreadsClone\server\node_modules\express\lib\response.js:174:12)
    at ServerResponse.json (G:\ThreadsClone\ThreadsClone\server\node_modules\express\lib\response.js:278:15)
    at G:\ThreadsClone\ThreadsClone\server\src\controllers\threadController.ts:193:21
    at processTicksAndRejections (node:internal/process/task_queues:95:5)
2024-12-12T04:35:05.454Z [ERROR]: Error: Cannot set headers after they are sent to the client 
Stack: Error: Cannot set headers after they are sent to the client
    at ServerResponse.setHeader (node:_http_outgoing:703:11)
    at ServerResponse.header (G:\ThreadsClone\ThreadsClone\server\node_modules\express\lib\response.js:794:10)
    at ServerResponse.send (G:\ThreadsClone\ThreadsClone\server\node_modules\express\lib\response.js:174:12)
    at ServerResponse.json (G:\ThreadsClone\ThreadsClone\server\node_modules\express\lib\response.js:278:15)
    at G:\ThreadsClone\ThreadsClone\server\src\controllers\threadController.ts:193:21
    at processTicksAndRejections (node:internal/process/task_queues:95:5)
2024-12-12T04:35:10.547Z [ERROR]: Error: Cannot set headers after they are sent to the client 
Stack: Error: Cannot set headers after they are sent to the client
    at ServerResponse.setHeader (node:_http_outgoing:703:11)
    at ServerResponse.header (G:\ThreadsClone\ThreadsClone\server\node_modules\express\lib\response.js:794:10)
    at ServerResponse.send (G:\ThreadsClone\ThreadsClone\server\node_modules\express\lib\response.js:174:12)
    at ServerResponse.json (G:\ThreadsClone\ThreadsClone\server\node_modules\express\lib\response.js:278:15)
    at G:\ThreadsClone\ThreadsClone\server\src\controllers\threadController.ts:193:21
    at processTicksAndRejections (node:internal/process/task_queues:95:5)
2024-12-12T04:35:12.623Z [ERROR]: Error: Cannot set headers after they are sent to the client 
Stack: Error: Cannot set headers after they are sent to the client
    at ServerResponse.setHeader (node:_http_outgoing:703:11)
    at ServerResponse.header (G:\ThreadsClone\ThreadsClone\server\node_modules\express\lib\response.js:794:10)
    at ServerResponse.send (G:\ThreadsClone\ThreadsClone\server\node_modules\express\lib\response.js:174:12)
    at ServerResponse.json (G:\ThreadsClone\ThreadsClone\server\node_modules\express\lib\response.js:278:15)
    at G:\ThreadsClone\ThreadsClone\server\src\controllers\threadController.ts:193:21
    at processTicksAndRejections (node:internal/process/task_queues:95:5)
2024-12-12T04:35:12.710Z [ERROR]: Error: Cannot set headers after they are sent to the client 
Stack: Error: Cannot set headers after they are sent to the client
    at ServerResponse.setHeader (node:_http_outgoing:703:11)
    at ServerResponse.header (G:\ThreadsClone\ThreadsClone\server\node_modules\express\lib\response.js:794:10)
    at ServerResponse.send (G:\ThreadsClone\ThreadsClone\server\node_modules\express\lib\response.js:174:12)
    at ServerResponse.json (G:\ThreadsClone\ThreadsClone\server\node_modules\express\lib\response.js:278:15)
    at G:\ThreadsClone\ThreadsClone\server\src\controllers\threadController.ts:193:21
    at processTicksAndRejections (node:internal/process/task_queues:95:5)
2024-12-12T04:35:28.460Z [ERROR]: Error: Cannot set headers after they are sent to the client 
Stack: Error: Cannot set headers after they are sent to the client
    at ServerResponse.setHeader (node:_http_outgoing:703:11)
    at ServerResponse.header (G:\ThreadsClone\ThreadsClone\server\node_modules\express\lib\response.js:794:10)
    at ServerResponse.send (G:\ThreadsClone\ThreadsClone\server\node_modules\express\lib\response.js:174:12)
    at ServerResponse.json (G:\ThreadsClone\ThreadsClone\server\node_modules\express\lib\response.js:278:15)
    at G:\ThreadsClone\ThreadsClone\server\src\controllers\threadController.ts:193:21
    at processTicksAndRejections (node:internal/process/task_queues:95:5)
2024-12-12T04:35:47.035Z [ERROR]: Error: Cannot set headers after they are sent to the client 
Stack: Error: Cannot set headers after they are sent to the client
    at ServerResponse.setHeader (node:_http_outgoing:703:11)
    at ServerResponse.header (G:\ThreadsClone\ThreadsClone\server\node_modules\express\lib\response.js:794:10)
    at ServerResponse.send (G:\ThreadsClone\ThreadsClone\server\node_modules\express\lib\response.js:174:12)
    at ServerResponse.json (G:\ThreadsClone\ThreadsClone\server\node_modules\express\lib\response.js:278:15)
    at G:\ThreadsClone\ThreadsClone\server\src\controllers\threadController.ts:193:21
    at processTicksAndRejections (node:internal/process/task_queues:95:5)
2024-12-12T04:38:35.084Z [ERROR]: Error: Cannot set headers after they are sent to the client 
Stack: Error: Cannot set headers after they are sent to the client
    at ServerResponse.setHeader (node:_http_outgoing:703:11)
    at ServerResponse.header (G:\ThreadsClone\ThreadsClone\server\node_modules\express\lib\response.js:794:10)
    at ServerResponse.send (G:\ThreadsClone\ThreadsClone\server\node_modules\express\lib\response.js:174:12)
    at ServerResponse.json (G:\ThreadsClone\ThreadsClone\server\node_modules\express\lib\response.js:278:15)
    at G:\ThreadsClone\ThreadsClone\server\src\controllers\threadController.ts:193:21
    at processTicksAndRejections (node:internal/process/task_queues:95:5)
2024-12-12T04:38:35.165Z [ERROR]: Error: Cannot set headers after they are sent to the client 
Stack: Error: Cannot set headers after they are sent to the client
    at ServerResponse.setHeader (node:_http_outgoing:703:11)
    at ServerResponse.header (G:\ThreadsClone\ThreadsClone\server\node_modules\express\lib\response.js:794:10)
    at ServerResponse.send (G:\ThreadsClone\ThreadsClone\server\node_modules\express\lib\response.js:174:12)
    at ServerResponse.json (G:\ThreadsClone\ThreadsClone\server\node_modules\express\lib\response.js:278:15)
    at G:\ThreadsClone\ThreadsClone\server\src\controllers\threadController.ts:193:21
    at processTicksAndRejections (node:internal/process/task_queues:95:5)
2024-12-12T04:39:31.486Z [ERROR]: Error: Cannot set headers after they are sent to the client 
Stack: Error: Cannot set headers after they are sent to the client
    at ServerResponse.setHeader (node:_http_outgoing:703:11)
    at ServerResponse.header (G:\ThreadsClone\ThreadsClone\server\node_modules\express\lib\response.js:794:10)
    at ServerResponse.send (G:\ThreadsClone\ThreadsClone\server\node_modules\express\lib\response.js:174:12)
    at ServerResponse.json (G:\ThreadsClone\ThreadsClone\server\node_modules\express\lib\response.js:278:15)
    at G:\ThreadsClone\ThreadsClone\server\src\controllers\threadController.ts:193:21
    at processTicksAndRejections (node:internal/process/task_queues:95:5)
2024-12-12T04:39:35.176Z [ERROR]: Error: Cannot set headers after they are sent to the client 
Stack: Error: Cannot set headers after they are sent to the client
    at ServerResponse.setHeader (node:_http_outgoing:703:11)
    at ServerResponse.header (G:\ThreadsClone\ThreadsClone\server\node_modules\express\lib\response.js:794:10)
    at ServerResponse.send (G:\ThreadsClone\ThreadsClone\server\node_modules\express\lib\response.js:174:12)
    at ServerResponse.json (G:\ThreadsClone\ThreadsClone\server\node_modules\express\lib\response.js:278:15)
    at G:\ThreadsClone\ThreadsClone\server\src\controllers\threadController.ts:193:21
    at processTicksAndRejections (node:internal/process/task_queues:95:5)
2024-12-12T04:39:35.263Z [ERROR]: Error: Cannot set headers after they are sent to the client 
Stack: Error: Cannot set headers after they are sent to the client
    at ServerResponse.setHeader (node:_http_outgoing:703:11)
    at ServerResponse.header (G:\ThreadsClone\ThreadsClone\server\node_modules\express\lib\response.js:794:10)
    at ServerResponse.send (G:\ThreadsClone\ThreadsClone\server\node_modules\express\lib\response.js:174:12)
    at ServerResponse.json (G:\ThreadsClone\ThreadsClone\server\node_modules\express\lib\response.js:278:15)
    at G:\ThreadsClone\ThreadsClone\server\src\controllers\threadController.ts:193:21
    at processTicksAndRejections (node:internal/process/task_queues:95:5)
2024-12-12T04:40:12.151Z [ERROR]: Error: Cannot set headers after they are sent to the client 
Stack: Error: Cannot set headers after they are sent to the client
    at ServerResponse.setHeader (node:_http_outgoing:703:11)
    at ServerResponse.header (G:\ThreadsClone\ThreadsClone\server\node_modules\express\lib\response.js:794:10)
    at ServerResponse.send (G:\ThreadsClone\ThreadsClone\server\node_modules\express\lib\response.js:174:12)
    at ServerResponse.json (G:\ThreadsClone\ThreadsClone\server\node_modules\express\lib\response.js:278:15)
    at G:\ThreadsClone\ThreadsClone\server\src\controllers\threadController.ts:193:21
    at processTicksAndRejections (node:internal/process/task_queues:95:5)
2024-12-12T04:42:52.560Z [ERROR]: Error: Cannot set headers after they are sent to the client 
Stack: Error: Cannot set headers after they are sent to the client
    at ServerResponse.setHeader (node:_http_outgoing:703:11)
    at ServerResponse.header (G:\ThreadsClone\ThreadsClone\server\node_modules\express\lib\response.js:794:10)
    at ServerResponse.send (G:\ThreadsClone\ThreadsClone\server\node_modules\express\lib\response.js:174:12)
    at ServerResponse.json (G:\ThreadsClone\ThreadsClone\server\node_modules\express\lib\response.js:278:15)
    at G:\ThreadsClone\ThreadsClone\server\src\controllers\threadController.ts:193:21
    at processTicksAndRejections (node:internal/process/task_queues:95:5)
2024-12-12T04:43:07.727Z [ERROR]: Error: Cannot set headers after they are sent to the client 
Stack: Error: Cannot set headers after they are sent to the client
    at ServerResponse.setHeader (node:_http_outgoing:703:11)
    at ServerResponse.header (G:\ThreadsClone\ThreadsClone\server\node_modules\express\lib\response.js:794:10)
    at ServerResponse.send (G:\ThreadsClone\ThreadsClone\server\node_modules\express\lib\response.js:174:12)
    at ServerResponse.json (G:\ThreadsClone\ThreadsClone\server\node_modules\express\lib\response.js:278:15)
    at G:\ThreadsClone\ThreadsClone\server\src\controllers\threadController.ts:193:21
    at processTicksAndRejections (node:internal/process/task_queues:95:5)
2024-12-12T04:43:11.598Z [ERROR]: Error: Cannot set headers after they are sent to the client 
Stack: Error: Cannot set headers after they are sent to the client
    at ServerResponse.setHeader (node:_http_outgoing:703:11)
    at ServerResponse.header (G:\ThreadsClone\ThreadsClone\server\node_modules\express\lib\response.js:794:10)
    at ServerResponse.send (G:\ThreadsClone\ThreadsClone\server\node_modules\express\lib\response.js:174:12)
    at ServerResponse.json (G:\ThreadsClone\ThreadsClone\server\node_modules\express\lib\response.js:278:15)
    at G:\ThreadsClone\ThreadsClone\server\src\controllers\threadController.ts:193:21
    at processTicksAndRejections (node:internal/process/task_queues:95:5)
2024-12-12T04:43:11.763Z [ERROR]: Error: Cannot set headers after they are sent to the client 
Stack: Error: Cannot set headers after they are sent to the client
    at ServerResponse.setHeader (node:_http_outgoing:703:11)
    at ServerResponse.header (G:\ThreadsClone\ThreadsClone\server\node_modules\express\lib\response.js:794:10)
    at ServerResponse.send (G:\ThreadsClone\ThreadsClone\server\node_modules\express\lib\response.js:174:12)
    at ServerResponse.json (G:\ThreadsClone\ThreadsClone\server\node_modules\express\lib\response.js:278:15)
    at G:\ThreadsClone\ThreadsClone\server\src\controllers\threadController.ts:193:21
    at processTicksAndRejections (node:internal/process/task_queues:95:5)
2024-12-12T04:44:23.652Z [ERROR]: Error: Cannot set headers after they are sent to the client 
Stack: Error: Cannot set headers after they are sent to the client
    at ServerResponse.setHeader (node:_http_outgoing:703:11)
    at ServerResponse.header (G:\ThreadsClone\ThreadsClone\server\node_modules\express\lib\response.js:794:10)
    at ServerResponse.send (G:\ThreadsClone\ThreadsClone\server\node_modules\express\lib\response.js:174:12)
    at ServerResponse.json (G:\ThreadsClone\ThreadsClone\server\node_modules\express\lib\response.js:278:15)
    at G:\ThreadsClone\ThreadsClone\server\src\controllers\threadController.ts:193:21
    at processTicksAndRejections (node:internal/process/task_queues:95:5)
2024-12-12T04:44:26.999Z [ERROR]: Error: Cannot set headers after they are sent to the client 
Stack: Error: Cannot set headers after they are sent to the client
    at ServerResponse.setHeader (node:_http_outgoing:703:11)
    at ServerResponse.header (G:\ThreadsClone\ThreadsClone\server\node_modules\express\lib\response.js:794:10)
    at ServerResponse.send (G:\ThreadsClone\ThreadsClone\server\node_modules\express\lib\response.js:174:12)
    at ServerResponse.json (G:\ThreadsClone\ThreadsClone\server\node_modules\express\lib\response.js:278:15)
    at G:\ThreadsClone\ThreadsClone\server\src\controllers\threadController.ts:193:21
    at processTicksAndRejections (node:internal/process/task_queues:95:5)
2024-12-12T04:44:27.542Z [ERROR]: Error: Cannot set headers after they are sent to the client 
Stack: Error: Cannot set headers after they are sent to the client
    at ServerResponse.setHeader (node:_http_outgoing:703:11)
    at ServerResponse.header (G:\ThreadsClone\ThreadsClone\server\node_modules\express\lib\response.js:794:10)
    at ServerResponse.send (G:\ThreadsClone\ThreadsClone\server\node_modules\express\lib\response.js:174:12)
    at ServerResponse.json (G:\ThreadsClone\ThreadsClone\server\node_modules\express\lib\response.js:278:15)
    at G:\ThreadsClone\ThreadsClone\server\src\controllers\threadController.ts:193:21
    at processTicksAndRejections (node:internal/process/task_queues:95:5)
2024-12-12T04:44:50.783Z [ERROR]: Error: Cannot set headers after they are sent to the client 
Stack: Error: Cannot set headers after they are sent to the client
    at ServerResponse.setHeader (node:_http_outgoing:703:11)
    at ServerResponse.header (G:\ThreadsClone\ThreadsClone\server\node_modules\express\lib\response.js:794:10)
    at ServerResponse.send (G:\ThreadsClone\ThreadsClone\server\node_modules\express\lib\response.js:174:12)
    at ServerResponse.json (G:\ThreadsClone\ThreadsClone\server\node_modules\express\lib\response.js:278:15)
    at G:\ThreadsClone\ThreadsClone\server\src\controllers\threadController.ts:193:21
    at processTicksAndRejections (node:internal/process/task_queues:95:5)
2024-12-12T05:58:22.471Z [ERROR]: Error: Cannot find /api/threads/liked-posts/null on this server 
Stack: Error: Cannot find /api/threads/liked-posts/null on this server
    at G:\ThreadsClone\ThreadsClone\server\src\app.ts:42:8
    at Layer.handle [as handle_request] (G:\ThreadsClone\ThreadsClone\server\node_modules\express\lib\router\layer.js:95:5)
    at next (G:\ThreadsClone\ThreadsClone\server\node_modules\express\lib\router\route.js:149:13)
    at next (G:\ThreadsClone\ThreadsClone\server\node_modules\express\lib\router\route.js:145:7)
    at next (G:\ThreadsClone\ThreadsClone\server\node_modules\express\lib\router\route.js:145:7)
    at next (G:\ThreadsClone\ThreadsClone\server\node_modules\express\lib\router\route.js:145:7)
    at next (G:\ThreadsClone\ThreadsClone\server\node_modules\express\lib\router\route.js:145:7)
    at next (G:\ThreadsClone\ThreadsClone\server\node_modules\express\lib\router\route.js:145:7)
    at next (G:\ThreadsClone\ThreadsClone\server\node_modules\express\lib\router\route.js:145:7)
    at Route.dispatch (G:\ThreadsClone\ThreadsClone\server\node_modules\express\lib\router\route.js:119:3)
2024-12-12T05:58:22.519Z [ERROR]: Error: Cannot find /api/threads/liked-posts/null on this server 
Stack: Error: Cannot find /api/threads/liked-posts/null on this server
    at G:\ThreadsClone\ThreadsClone\server\src\app.ts:42:8
    at Layer.handle [as handle_request] (G:\ThreadsClone\ThreadsClone\server\node_modules\express\lib\router\layer.js:95:5)
    at next (G:\ThreadsClone\ThreadsClone\server\node_modules\express\lib\router\route.js:149:13)
    at next (G:\ThreadsClone\ThreadsClone\server\node_modules\express\lib\router\route.js:145:7)
    at next (G:\ThreadsClone\ThreadsClone\server\node_modules\express\lib\router\route.js:145:7)
    at next (G:\ThreadsClone\ThreadsClone\server\node_modules\express\lib\router\route.js:145:7)
    at next (G:\ThreadsClone\ThreadsClone\server\node_modules\express\lib\router\route.js:145:7)
    at next (G:\ThreadsClone\ThreadsClone\server\node_modules\express\lib\router\route.js:145:7)
    at next (G:\ThreadsClone\ThreadsClone\server\node_modules\express\lib\router\route.js:145:7)
    at Route.dispatch (G:\ThreadsClone\ThreadsClone\server\node_modules\express\lib\router\route.js:119:3)
2024-12-12T05:58:22.526Z [ERROR]: Error: Cannot find /api/threads/liked-posts/null on this server 
Stack: Error: Cannot find /api/threads/liked-posts/null on this server
    at G:\ThreadsClone\ThreadsClone\server\src\app.ts:42:8
    at Layer.handle [as handle_request] (G:\ThreadsClone\ThreadsClone\server\node_modules\express\lib\router\layer.js:95:5)
    at next (G:\ThreadsClone\ThreadsClone\server\node_modules\express\lib\router\route.js:149:13)
    at next (G:\ThreadsClone\ThreadsClone\server\node_modules\express\lib\router\route.js:145:7)
    at next (G:\ThreadsClone\ThreadsClone\server\node_modules\express\lib\router\route.js:145:7)
    at next (G:\ThreadsClone\ThreadsClone\server\node_modules\express\lib\router\route.js:145:7)
    at next (G:\ThreadsClone\ThreadsClone\server\node_modules\express\lib\router\route.js:145:7)
    at next (G:\ThreadsClone\ThreadsClone\server\node_modules\express\lib\router\route.js:145:7)
    at next (G:\ThreadsClone\ThreadsClone\server\node_modules\express\lib\router\route.js:145:7)
    at Route.dispatch (G:\ThreadsClone\ThreadsClone\server\node_modules\express\lib\router\route.js:119:3)
2024-12-12T05:58:22.536Z [ERROR]: Error: Cannot find /api/threads/liked-posts/null on this server 
Stack: Error: Cannot find /api/threads/liked-posts/null on this server
    at G:\ThreadsClone\ThreadsClone\server\src\app.ts:42:8
    at Layer.handle [as handle_request] (G:\ThreadsClone\ThreadsClone\server\node_modules\express\lib\router\layer.js:95:5)
    at next (G:\ThreadsClone\ThreadsClone\server\node_modules\express\lib\router\route.js:149:13)
    at next (G:\ThreadsClone\ThreadsClone\server\node_modules\express\lib\router\route.js:145:7)
    at next (G:\ThreadsClone\ThreadsClone\server\node_modules\express\lib\router\route.js:145:7)
    at next (G:\ThreadsClone\ThreadsClone\server\node_modules\express\lib\router\route.js:145:7)
    at next (G:\ThreadsClone\ThreadsClone\server\node_modules\express\lib\router\route.js:145:7)
    at next (G:\ThreadsClone\ThreadsClone\server\node_modules\express\lib\router\route.js:145:7)
    at next (G:\ThreadsClone\ThreadsClone\server\node_modules\express\lib\router\route.js:145:7)
    at Route.dispatch (G:\ThreadsClone\ThreadsClone\server\node_modules\express\lib\router\route.js:119:3)
2024-12-12T05:58:38.453Z [ERROR]: Error: Cannot find /api/threads/like on this server 
Stack: Error: Cannot find /api/threads/like on this server
    at G:\ThreadsClone\ThreadsClone\server\src\app.ts:42:8
    at Layer.handle [as handle_request] (G:\ThreadsClone\ThreadsClone\server\node_modules\express\lib\router\layer.js:95:5)
    at next (G:\ThreadsClone\ThreadsClone\server\node_modules\express\lib\router\route.js:149:13)
    at next (G:\ThreadsClone\ThreadsClone\server\node_modules\express\lib\router\route.js:145:7)
    at next (G:\ThreadsClone\ThreadsClone\server\node_modules\express\lib\router\route.js:145:7)
    at next (G:\ThreadsClone\ThreadsClone\server\node_modules\express\lib\router\route.js:145:7)
    at next (G:\ThreadsClone\ThreadsClone\server\node_modules\express\lib\router\route.js:145:7)
    at next (G:\ThreadsClone\ThreadsClone\server\node_modules\express\lib\router\route.js:145:7)
    at next (G:\ThreadsClone\ThreadsClone\server\node_modules\express\lib\router\route.js:145:7)
    at Route.dispatch (G:\ThreadsClone\ThreadsClone\server\node_modules\express\lib\router\route.js:119:3)
2024-12-12T06:20:58.651Z [ERROR]: Error: Cannot populate path `author` because it is not in your schema. Set the `strictPopulate` option to false to override. 
Stack: StrictPopulateError: Cannot populate path `author` because it is not in your schema. Set the `strictPopulate` option to false to override.
    at getModelsMapForPopulate (G:\ThreadsClone\ThreadsClone\server\node_modules\mongoose\lib\helpers\populate\getModelsMapForPopulate.js:50:12)
    at populate (G:\ThreadsClone\ThreadsClone\server\node_modules\mongoose\lib\model.js:4245:21)
    at _populate (G:\ThreadsClone\ThreadsClone\server\node_modules\mongoose\lib\model.js:4205:5)
    at G:\ThreadsClone\ThreadsClone\server\node_modules\mongoose\lib\model.js:4177:5
    at new Promise (<anonymous>)
    at Function.populate (G:\ThreadsClone\ThreadsClone\server\node_modules\mongoose\lib\model.js:4176:10)
    at model.Query._find (G:\ThreadsClone\ThreadsClone\server\node_modules\mongoose\lib\query.js:2347:20)
    at processTicksAndRejections (node:internal/process/task_queues:95:5)
    at async model.Query.exec (G:\ThreadsClone\ThreadsClone\server\node_modules\mongoose\lib\query.js:4412:63)
    at async G:\ThreadsClone\ThreadsClone\server\src\controllers\threadController.ts:185:26
2024-12-12T06:20:58.788Z [ERROR]: Error: Cannot populate path `author` because it is not in your schema. Set the `strictPopulate` option to false to override. 
Stack: StrictPopulateError: Cannot populate path `author` because it is not in your schema. Set the `strictPopulate` option to false to override.
    at getModelsMapForPopulate (G:\ThreadsClone\ThreadsClone\server\node_modules\mongoose\lib\helpers\populate\getModelsMapForPopulate.js:50:12)
    at populate (G:\ThreadsClone\ThreadsClone\server\node_modules\mongoose\lib\model.js:4245:21)
    at _populate (G:\ThreadsClone\ThreadsClone\server\node_modules\mongoose\lib\model.js:4205:5)
    at G:\ThreadsClone\ThreadsClone\server\node_modules\mongoose\lib\model.js:4177:5
    at new Promise (<anonymous>)
    at Function.populate (G:\ThreadsClone\ThreadsClone\server\node_modules\mongoose\lib\model.js:4176:10)
    at model.Query._find (G:\ThreadsClone\ThreadsClone\server\node_modules\mongoose\lib\query.js:2347:20)
    at processTicksAndRejections (node:internal/process/task_queues:95:5)
    at async model.Query.exec (G:\ThreadsClone\ThreadsClone\server\node_modules\mongoose\lib\query.js:4412:63)
    at async G:\ThreadsClone\ThreadsClone\server\src\controllers\threadController.ts:185:26
2024-12-12T06:21:02.800Z [ERROR]: Error: Cannot populate path `author` because it is not in your schema. Set the `strictPopulate` option to false to override. 
Stack: StrictPopulateError: Cannot populate path `author` because it is not in your schema. Set the `strictPopulate` option to false to override.
    at getModelsMapForPopulate (G:\ThreadsClone\ThreadsClone\server\node_modules\mongoose\lib\helpers\populate\getModelsMapForPopulate.js:50:12)
    at populate (G:\ThreadsClone\ThreadsClone\server\node_modules\mongoose\lib\model.js:4245:21)
    at _populate (G:\ThreadsClone\ThreadsClone\server\node_modules\mongoose\lib\model.js:4205:5)
    at G:\ThreadsClone\ThreadsClone\server\node_modules\mongoose\lib\model.js:4177:5
    at new Promise (<anonymous>)
    at Function.populate (G:\ThreadsClone\ThreadsClone\server\node_modules\mongoose\lib\model.js:4176:10)
    at model.Query._find (G:\ThreadsClone\ThreadsClone\server\node_modules\mongoose\lib\query.js:2347:20)
    at processTicksAndRejections (node:internal/process/task_queues:95:5)
    at async model.Query.exec (G:\ThreadsClone\ThreadsClone\server\node_modules\mongoose\lib\query.js:4412:63)
    at async G:\ThreadsClone\ThreadsClone\server\src\controllers\threadController.ts:185:26
2024-12-12T06:21:02.953Z [ERROR]: Error: Cannot populate path `author` because it is not in your schema. Set the `strictPopulate` option to false to override. 
Stack: StrictPopulateError: Cannot populate path `author` because it is not in your schema. Set the `strictPopulate` option to false to override.
    at getModelsMapForPopulate (G:\ThreadsClone\ThreadsClone\server\node_modules\mongoose\lib\helpers\populate\getModelsMapForPopulate.js:50:12)
    at populate (G:\ThreadsClone\ThreadsClone\server\node_modules\mongoose\lib\model.js:4245:21)
    at _populate (G:\ThreadsClone\ThreadsClone\server\node_modules\mongoose\lib\model.js:4205:5)
    at G:\ThreadsClone\ThreadsClone\server\node_modules\mongoose\lib\model.js:4177:5
    at new Promise (<anonymous>)
    at Function.populate (G:\ThreadsClone\ThreadsClone\server\node_modules\mongoose\lib\model.js:4176:10)
    at model.Query._find (G:\ThreadsClone\ThreadsClone\server\node_modules\mongoose\lib\query.js:2347:20)
    at processTicksAndRejections (node:internal/process/task_queues:95:5)
    at async model.Query.exec (G:\ThreadsClone\ThreadsClone\server\node_modules\mongoose\lib\query.js:4412:63)
    at async G:\ThreadsClone\ThreadsClone\server\src\controllers\threadController.ts:185:26
2024-12-12T06:21:04.375Z [ERROR]: Error: Cannot populate path `author` because it is not in your schema. Set the `strictPopulate` option to false to override. 
Stack: StrictPopulateError: Cannot populate path `author` because it is not in your schema. Set the `strictPopulate` option to false to override.
    at getModelsMapForPopulate (G:\ThreadsClone\ThreadsClone\server\node_modules\mongoose\lib\helpers\populate\getModelsMapForPopulate.js:50:12)
    at populate (G:\ThreadsClone\ThreadsClone\server\node_modules\mongoose\lib\model.js:4245:21)
    at _populate (G:\ThreadsClone\ThreadsClone\server\node_modules\mongoose\lib\model.js:4205:5)
    at G:\ThreadsClone\ThreadsClone\server\node_modules\mongoose\lib\model.js:4177:5
    at new Promise (<anonymous>)
    at Function.populate (G:\ThreadsClone\ThreadsClone\server\node_modules\mongoose\lib\model.js:4176:10)
    at model.Query._find (G:\ThreadsClone\ThreadsClone\server\node_modules\mongoose\lib\query.js:2347:20)
    at processTicksAndRejections (node:internal/process/task_queues:95:5)
    at async model.Query.exec (G:\ThreadsClone\ThreadsClone\server\node_modules\mongoose\lib\query.js:4412:63)
    at async G:\ThreadsClone\ThreadsClone\server\src\controllers\threadController.ts:185:26
2024-12-12T06:21:04.447Z [ERROR]: Error: Cannot populate path `author` because it is not in your schema. Set the `strictPopulate` option to false to override. 
Stack: StrictPopulateError: Cannot populate path `author` because it is not in your schema. Set the `strictPopulate` option to false to override.
    at getModelsMapForPopulate (G:\ThreadsClone\ThreadsClone\server\node_modules\mongoose\lib\helpers\populate\getModelsMapForPopulate.js:50:12)
    at populate (G:\ThreadsClone\ThreadsClone\server\node_modules\mongoose\lib\model.js:4245:21)
    at _populate (G:\ThreadsClone\ThreadsClone\server\node_modules\mongoose\lib\model.js:4205:5)
    at G:\ThreadsClone\ThreadsClone\server\node_modules\mongoose\lib\model.js:4177:5
    at new Promise (<anonymous>)
    at Function.populate (G:\ThreadsClone\ThreadsClone\server\node_modules\mongoose\lib\model.js:4176:10)
    at model.Query._find (G:\ThreadsClone\ThreadsClone\server\node_modules\mongoose\lib\query.js:2347:20)
    at processTicksAndRejections (node:internal/process/task_queues:95:5)
    at async model.Query.exec (G:\ThreadsClone\ThreadsClone\server\node_modules\mongoose\lib\query.js:4412:63)
    at async G:\ThreadsClone\ThreadsClone\server\src\controllers\threadController.ts:185:26
2024-12-12T07:19:57.801Z [ERROR]: Error: Cannot set headers after they are sent to the client 
Stack: Error: Cannot set headers after they are sent to the client
    at ServerResponse.setHeader (node:_http_outgoing:703:11)
    at ServerResponse.header (G:\ThreadsClone\ThreadsClone\server\node_modules\express\lib\response.js:794:10)
    at ServerResponse.send (G:\ThreadsClone\ThreadsClone\server\node_modules\express\lib\response.js:174:12)
    at ServerResponse.json (G:\ThreadsClone\ThreadsClone\server\node_modules\express\lib\response.js:278:15)
    at G:\ThreadsClone\ThreadsClone\server\src\controllers\threadController.ts:193:21
    at processTicksAndRejections (node:internal/process/task_queues:95:5)
2024-12-12T07:19:57.964Z [ERROR]: Error: Cannot set headers after they are sent to the client 
Stack: Error: Cannot set headers after they are sent to the client
    at ServerResponse.setHeader (node:_http_outgoing:703:11)
    at ServerResponse.header (G:\ThreadsClone\ThreadsClone\server\node_modules\express\lib\response.js:794:10)
    at ServerResponse.send (G:\ThreadsClone\ThreadsClone\server\node_modules\express\lib\response.js:174:12)
    at ServerResponse.json (G:\ThreadsClone\ThreadsClone\server\node_modules\express\lib\response.js:278:15)
    at G:\ThreadsClone\ThreadsClone\server\src\controllers\threadController.ts:193:21
    at processTicksAndRejections (node:internal/process/task_queues:95:5)
2024-12-12T07:20:03.457Z [ERROR]: Error: Cannot set headers after they are sent to the client 
Stack: Error: Cannot set headers after they are sent to the client
    at ServerResponse.setHeader (node:_http_outgoing:703:11)
    at ServerResponse.header (G:\ThreadsClone\ThreadsClone\server\node_modules\express\lib\response.js:794:10)
    at ServerResponse.send (G:\ThreadsClone\ThreadsClone\server\node_modules\express\lib\response.js:174:12)
    at ServerResponse.json (G:\ThreadsClone\ThreadsClone\server\node_modules\express\lib\response.js:278:15)
    at G:\ThreadsClone\ThreadsClone\server\src\controllers\threadController.ts:193:21
    at processTicksAndRejections (node:internal/process/task_queues:95:5)
2024-12-12T07:20:03.582Z [ERROR]: Error: Cannot set headers after they are sent to the client 
Stack: Error: Cannot set headers after they are sent to the client
    at ServerResponse.setHeader (node:_http_outgoing:703:11)
    at ServerResponse.header (G:\ThreadsClone\ThreadsClone\server\node_modules\express\lib\response.js:794:10)
    at ServerResponse.send (G:\ThreadsClone\ThreadsClone\server\node_modules\express\lib\response.js:174:12)
    at ServerResponse.json (G:\ThreadsClone\ThreadsClone\server\node_modules\express\lib\response.js:278:15)
    at G:\ThreadsClone\ThreadsClone\server\src\controllers\threadController.ts:193:21
    at processTicksAndRejections (node:internal/process/task_queues:95:5)
2024-12-12T07:21:06.211Z [ERROR]: Error: Cannot set headers after they are sent to the client 
Stack: Error: Cannot set headers after they are sent to the client
    at ServerResponse.setHeader (node:_http_outgoing:703:11)
    at ServerResponse.header (G:\ThreadsClone\ThreadsClone\server\node_modules\express\lib\response.js:794:10)
    at ServerResponse.send (G:\ThreadsClone\ThreadsClone\server\node_modules\express\lib\response.js:174:12)
    at ServerResponse.json (G:\ThreadsClone\ThreadsClone\server\node_modules\express\lib\response.js:278:15)
    at G:\ThreadsClone\ThreadsClone\server\src\controllers\threadController.ts:193:21
    at processTicksAndRejections (node:internal/process/task_queues:95:5)
2024-12-12T07:21:06.361Z [ERROR]: Error: Cannot set headers after they are sent to the client 
Stack: Error: Cannot set headers after they are sent to the client
    at ServerResponse.setHeader (node:_http_outgoing:703:11)
    at ServerResponse.header (G:\ThreadsClone\ThreadsClone\server\node_modules\express\lib\response.js:794:10)
    at ServerResponse.send (G:\ThreadsClone\ThreadsClone\server\node_modules\express\lib\response.js:174:12)
    at ServerResponse.json (G:\ThreadsClone\ThreadsClone\server\node_modules\express\lib\response.js:278:15)
    at G:\ThreadsClone\ThreadsClone\server\src\controllers\threadController.ts:193:21
    at processTicksAndRejections (node:internal/process/task_queues:95:5)
2024-12-12T07:37:36.702Z [ERROR]: Error: Cannot populate path `username` because it is not in your schema. Set the `strictPopulate` option to false to override. 
Stack: StrictPopulateError: Cannot populate path `username` because it is not in your schema. Set the `strictPopulate` option to false to override.
    at getModelsMapForPopulate (G:\ThreadsClone\ThreadsClone\server\node_modules\mongoose\lib\helpers\populate\getModelsMapForPopulate.js:50:12)
    at populate (G:\ThreadsClone\ThreadsClone\server\node_modules\mongoose\lib\model.js:4245:21)
    at _populate (G:\ThreadsClone\ThreadsClone\server\node_modules\mongoose\lib\model.js:4205:5)
    at G:\ThreadsClone\ThreadsClone\server\node_modules\mongoose\lib\model.js:4177:5
    at new Promise (<anonymous>)
    at Function.populate (G:\ThreadsClone\ThreadsClone\server\node_modules\mongoose\lib\model.js:4176:10)
    at G:\ThreadsClone\ThreadsClone\server\node_modules\mongoose\lib\query.js:2546:11
    at G:\ThreadsClone\ThreadsClone\server\node_modules\mongoose\lib\query.js:3217:21
    at processTicksAndRejections (node:internal/process/task_queues:77:11)
2024-12-12T07:37:40.533Z [ERROR]: Error: Cannot populate path `username` because it is not in your schema. Set the `strictPopulate` option to false to override. 
Stack: StrictPopulateError: Cannot populate path `username` because it is not in your schema. Set the `strictPopulate` option to false to override.
    at getModelsMapForPopulate (G:\ThreadsClone\ThreadsClone\server\node_modules\mongoose\lib\helpers\populate\getModelsMapForPopulate.js:50:12)
    at populate (G:\ThreadsClone\ThreadsClone\server\node_modules\mongoose\lib\model.js:4245:21)
    at _populate (G:\ThreadsClone\ThreadsClone\server\node_modules\mongoose\lib\model.js:4205:5)
    at G:\ThreadsClone\ThreadsClone\server\node_modules\mongoose\lib\model.js:4177:5
    at new Promise (<anonymous>)
    at Function.populate (G:\ThreadsClone\ThreadsClone\server\node_modules\mongoose\lib\model.js:4176:10)
    at G:\ThreadsClone\ThreadsClone\server\node_modules\mongoose\lib\query.js:2546:11
    at G:\ThreadsClone\ThreadsClone\server\node_modules\mongoose\lib\query.js:3217:21
    at processTicksAndRejections (node:internal/process/task_queues:77:11)
2024-12-12T07:37:40.697Z [ERROR]: Error: Cannot populate path `username` because it is not in your schema. Set the `strictPopulate` option to false to override. 
Stack: StrictPopulateError: Cannot populate path `username` because it is not in your schema. Set the `strictPopulate` option to false to override.
    at getModelsMapForPopulate (G:\ThreadsClone\ThreadsClone\server\node_modules\mongoose\lib\helpers\populate\getModelsMapForPopulate.js:50:12)
    at populate (G:\ThreadsClone\ThreadsClone\server\node_modules\mongoose\lib\model.js:4245:21)
    at _populate (G:\ThreadsClone\ThreadsClone\server\node_modules\mongoose\lib\model.js:4205:5)
    at G:\ThreadsClone\ThreadsClone\server\node_modules\mongoose\lib\model.js:4177:5
    at new Promise (<anonymous>)
    at Function.populate (G:\ThreadsClone\ThreadsClone\server\node_modules\mongoose\lib\model.js:4176:10)
    at G:\ThreadsClone\ThreadsClone\server\node_modules\mongoose\lib\query.js:2546:11
    at G:\ThreadsClone\ThreadsClone\server\node_modules\mongoose\lib\query.js:3217:21
    at processTicksAndRejections (node:internal/process/task_queues:77:11)
2024-12-12T07:37:48.756Z [ERROR]: Error: Cannot populate path `username` because it is not in your schema. Set the `strictPopulate` option to false to override. 
Stack: StrictPopulateError: Cannot populate path `username` because it is not in your schema. Set the `strictPopulate` option to false to override.
    at getModelsMapForPopulate (G:\ThreadsClone\ThreadsClone\server\node_modules\mongoose\lib\helpers\populate\getModelsMapForPopulate.js:50:12)
    at populate (G:\ThreadsClone\ThreadsClone\server\node_modules\mongoose\lib\model.js:4245:21)
    at _populate (G:\ThreadsClone\ThreadsClone\server\node_modules\mongoose\lib\model.js:4205:5)
    at G:\ThreadsClone\ThreadsClone\server\node_modules\mongoose\lib\model.js:4177:5
    at new Promise (<anonymous>)
    at Function.populate (G:\ThreadsClone\ThreadsClone\server\node_modules\mongoose\lib\model.js:4176:10)
    at G:\ThreadsClone\ThreadsClone\server\node_modules\mongoose\lib\query.js:2546:11
    at G:\ThreadsClone\ThreadsClone\server\node_modules\mongoose\lib\query.js:3217:21
    at processTicksAndRejections (node:internal/process/task_queues:77:11)
2024-12-12T07:37:49.369Z [ERROR]: Error: Cannot populate path `username` because it is not in your schema. Set the `strictPopulate` option to false to override. 
Stack: StrictPopulateError: Cannot populate path `username` because it is not in your schema. Set the `strictPopulate` option to false to override.
    at getModelsMapForPopulate (G:\ThreadsClone\ThreadsClone\server\node_modules\mongoose\lib\helpers\populate\getModelsMapForPopulate.js:50:12)
    at populate (G:\ThreadsClone\ThreadsClone\server\node_modules\mongoose\lib\model.js:4245:21)
    at _populate (G:\ThreadsClone\ThreadsClone\server\node_modules\mongoose\lib\model.js:4205:5)
    at G:\ThreadsClone\ThreadsClone\server\node_modules\mongoose\lib\model.js:4177:5
    at new Promise (<anonymous>)
    at Function.populate (G:\ThreadsClone\ThreadsClone\server\node_modules\mongoose\lib\model.js:4176:10)
    at G:\ThreadsClone\ThreadsClone\server\node_modules\mongoose\lib\query.js:2546:11
    at G:\ThreadsClone\ThreadsClone\server\node_modules\mongoose\lib\query.js:3217:21
    at processTicksAndRejections (node:internal/process/task_queues:77:11)
2024-12-12T07:37:50.085Z [ERROR]: Error: Cannot populate path `username` because it is not in your schema. Set the `strictPopulate` option to false to override. 
Stack: StrictPopulateError: Cannot populate path `username` because it is not in your schema. Set the `strictPopulate` option to false to override.
    at getModelsMapForPopulate (G:\ThreadsClone\ThreadsClone\server\node_modules\mongoose\lib\helpers\populate\getModelsMapForPopulate.js:50:12)
    at populate (G:\ThreadsClone\ThreadsClone\server\node_modules\mongoose\lib\model.js:4245:21)
    at _populate (G:\ThreadsClone\ThreadsClone\server\node_modules\mongoose\lib\model.js:4205:5)
    at G:\ThreadsClone\ThreadsClone\server\node_modules\mongoose\lib\model.js:4177:5
    at new Promise (<anonymous>)
    at Function.populate (G:\ThreadsClone\ThreadsClone\server\node_modules\mongoose\lib\model.js:4176:10)
    at G:\ThreadsClone\ThreadsClone\server\node_modules\mongoose\lib\query.js:2546:11
    at G:\ThreadsClone\ThreadsClone\server\node_modules\mongoose\lib\query.js:3217:21
    at processTicksAndRejections (node:internal/process/task_queues:77:11)
2024-12-12T07:37:50.802Z [ERROR]: Error: Cannot populate path `username` because it is not in your schema. Set the `strictPopulate` option to false to override. 
Stack: StrictPopulateError: Cannot populate path `username` because it is not in your schema. Set the `strictPopulate` option to false to override.
    at getModelsMapForPopulate (G:\ThreadsClone\ThreadsClone\server\node_modules\mongoose\lib\helpers\populate\getModelsMapForPopulate.js:50:12)
    at populate (G:\ThreadsClone\ThreadsClone\server\node_modules\mongoose\lib\model.js:4245:21)
    at _populate (G:\ThreadsClone\ThreadsClone\server\node_modules\mongoose\lib\model.js:4205:5)
    at G:\ThreadsClone\ThreadsClone\server\node_modules\mongoose\lib\model.js:4177:5
    at new Promise (<anonymous>)
    at Function.populate (G:\ThreadsClone\ThreadsClone\server\node_modules\mongoose\lib\model.js:4176:10)
    at G:\ThreadsClone\ThreadsClone\server\node_modules\mongoose\lib\query.js:2546:11
    at G:\ThreadsClone\ThreadsClone\server\node_modules\mongoose\lib\query.js:3217:21
    at processTicksAndRejections (node:internal/process/task_queues:77:11)
2024-12-12T07:37:59.692Z [ERROR]: Error: Cannot populate path `username` because it is not in your schema. Set the `strictPopulate` option to false to override. 
Stack: StrictPopulateError: Cannot populate path `username` because it is not in your schema. Set the `strictPopulate` option to false to override.
    at getModelsMapForPopulate (G:\ThreadsClone\ThreadsClone\server\node_modules\mongoose\lib\helpers\populate\getModelsMapForPopulate.js:50:12)
    at populate (G:\ThreadsClone\ThreadsClone\server\node_modules\mongoose\lib\model.js:4245:21)
    at _populate (G:\ThreadsClone\ThreadsClone\server\node_modules\mongoose\lib\model.js:4205:5)
    at G:\ThreadsClone\ThreadsClone\server\node_modules\mongoose\lib\model.js:4177:5
    at new Promise (<anonymous>)
    at Function.populate (G:\ThreadsClone\ThreadsClone\server\node_modules\mongoose\lib\model.js:4176:10)
    at G:\ThreadsClone\ThreadsClone\server\node_modules\mongoose\lib\query.js:2546:11
    at G:\ThreadsClone\ThreadsClone\server\node_modules\mongoose\lib\query.js:3217:21
    at processTicksAndRejections (node:internal/process/task_queues:77:11)
2024-12-12T07:38:18.524Z [ERROR]: Error: Cannot populate path `username` because it is not in your schema. Set the `strictPopulate` option to false to override. 
Stack: StrictPopulateError: Cannot populate path `username` because it is not in your schema. Set the `strictPopulate` option to false to override.
    at getModelsMapForPopulate (G:\ThreadsClone\ThreadsClone\server\node_modules\mongoose\lib\helpers\populate\getModelsMapForPopulate.js:50:12)
    at populate (G:\ThreadsClone\ThreadsClone\server\node_modules\mongoose\lib\model.js:4245:21)
    at _populate (G:\ThreadsClone\ThreadsClone\server\node_modules\mongoose\lib\model.js:4205:5)
    at G:\ThreadsClone\ThreadsClone\server\node_modules\mongoose\lib\model.js:4177:5
    at new Promise (<anonymous>)
    at Function.populate (G:\ThreadsClone\ThreadsClone\server\node_modules\mongoose\lib\model.js:4176:10)
    at G:\ThreadsClone\ThreadsClone\server\node_modules\mongoose\lib\query.js:2546:11
    at G:\ThreadsClone\ThreadsClone\server\node_modules\mongoose\lib\query.js:3217:21
    at processTicksAndRejections (node:internal/process/task_queues:77:11)
2024-12-12T07:38:51.937Z [ERROR]: Error: Cannot populate path `username` because it is not in your schema. Set the `strictPopulate` option to false to override. 
Stack: StrictPopulateError: Cannot populate path `username` because it is not in your schema. Set the `strictPopulate` option to false to override.
    at getModelsMapForPopulate (G:\ThreadsClone\ThreadsClone\server\node_modules\mongoose\lib\helpers\populate\getModelsMapForPopulate.js:50:12)
    at populate (G:\ThreadsClone\ThreadsClone\server\node_modules\mongoose\lib\model.js:4245:21)
    at _populate (G:\ThreadsClone\ThreadsClone\server\node_modules\mongoose\lib\model.js:4205:5)
    at G:\ThreadsClone\ThreadsClone\server\node_modules\mongoose\lib\model.js:4177:5
    at new Promise (<anonymous>)
    at Function.populate (G:\ThreadsClone\ThreadsClone\server\node_modules\mongoose\lib\model.js:4176:10)
    at G:\ThreadsClone\ThreadsClone\server\node_modules\mongoose\lib\query.js:2546:11
    at G:\ThreadsClone\ThreadsClone\server\node_modules\mongoose\lib\query.js:3217:21
    at processTicksAndRejections (node:internal/process/task_queues:77:11)
2024-12-12T07:39:24.316Z [ERROR]: Error: Like validation failed: username: Path `username` is required. 
Stack: ValidationError: Like validation failed: username: Path `username` is required.
    at model.Document.invalidate (G:\ThreadsClone\ThreadsClone\server\node_modules\mongoose\lib\document.js:3318:32)
    at G:\ThreadsClone\ThreadsClone\server\node_modules\mongoose\lib\document.js:3079:17
    at G:\ThreadsClone\ThreadsClone\server\node_modules\mongoose\lib\schemaType.js:1388:9
    at processTicksAndRejections (node:internal/process/task_queues:77:11)
2024-12-12T07:39:51.306Z [ERROR]: Error: Like validation failed: username: Path `username` is required. 
Stack: ValidationError: Like validation failed: username: Path `username` is required.
    at model.Document.invalidate (G:\ThreadsClone\ThreadsClone\server\node_modules\mongoose\lib\document.js:3318:32)
    at G:\ThreadsClone\ThreadsClone\server\node_modules\mongoose\lib\document.js:3079:17
    at G:\ThreadsClone\ThreadsClone\server\node_modules\mongoose\lib\schemaType.js:1388:9
    at processTicksAndRejections (node:internal/process/task_queues:77:11)
2024-12-12T07:40:23.248Z [ERROR]: Error: Like validation failed: username: Path `username` is required. 
Stack: ValidationError: Like validation failed: username: Path `username` is required.
    at model.Document.invalidate (G:\ThreadsClone\ThreadsClone\server\node_modules\mongoose\lib\document.js:3318:32)
    at G:\ThreadsClone\ThreadsClone\server\node_modules\mongoose\lib\document.js:3079:17
    at G:\ThreadsClone\ThreadsClone\server\node_modules\mongoose\lib\schemaType.js:1388:9
    at processTicksAndRejections (node:internal/process/task_queues:77:11)
2024-12-12T07:41:46.958Z [ERROR]: Error: Like validation failed: username: Path `username` is required. 
Stack: ValidationError: Like validation failed: username: Path `username` is required.
    at model.Document.invalidate (G:\ThreadsClone\ThreadsClone\server\node_modules\mongoose\lib\document.js:3318:32)
    at G:\ThreadsClone\ThreadsClone\server\node_modules\mongoose\lib\document.js:3079:17
    at G:\ThreadsClone\ThreadsClone\server\node_modules\mongoose\lib\schemaType.js:1388:9
    at processTicksAndRejections (node:internal/process/task_queues:77:11)
2024-12-12T07:42:17.587Z [ERROR]: Error: Like validation failed: username: Path `username` is required. 
Stack: ValidationError: Like validation failed: username: Path `username` is required.
    at model.Document.invalidate (G:\ThreadsClone\ThreadsClone\server\node_modules\mongoose\lib\document.js:3318:32)
    at G:\ThreadsClone\ThreadsClone\server\node_modules\mongoose\lib\document.js:3079:17
    at G:\ThreadsClone\ThreadsClone\server\node_modules\mongoose\lib\schemaType.js:1388:9
    at processTicksAndRejections (node:internal/process/task_queues:77:11)
2024-12-12T08:08:37.266Z [ERROR]: Error: Cannot set headers after they are sent to the client 
Stack: Error: Cannot set headers after they are sent to the client
    at ServerResponse.setHeader (node:_http_outgoing:703:11)
    at ServerResponse.header (G:\ThreadsClone\ThreadsClone\server\node_modules\express\lib\response.js:794:10)
    at ServerResponse.send (G:\ThreadsClone\ThreadsClone\server\node_modules\express\lib\response.js:174:12)
    at ServerResponse.json (G:\ThreadsClone\ThreadsClone\server\node_modules\express\lib\response.js:278:15)
    at G:\ThreadsClone\ThreadsClone\server\src\controllers\threadController.ts:212:21
    at processTicksAndRejections (node:internal/process/task_queues:95:5)
2024-12-12T08:08:37.379Z [ERROR]: Error: Cannot set headers after they are sent to the client 
Stack: Error: Cannot set headers after they are sent to the client
    at ServerResponse.setHeader (node:_http_outgoing:703:11)
    at ServerResponse.header (G:\ThreadsClone\ThreadsClone\server\node_modules\express\lib\response.js:794:10)
    at ServerResponse.send (G:\ThreadsClone\ThreadsClone\server\node_modules\express\lib\response.js:174:12)
    at ServerResponse.json (G:\ThreadsClone\ThreadsClone\server\node_modules\express\lib\response.js:278:15)
    at G:\ThreadsClone\ThreadsClone\server\src\controllers\threadController.ts:212:21
    at processTicksAndRejections (node:internal/process/task_queues:95:5)
2024-12-12T08:11:08.845Z [ERROR]: Error: File too large 
Stack: MulterError: File too large
    at abortWithCode (G:\ThreadsClone\ThreadsClone\server\node_modules\multer\lib\make-middleware.js:71:22)
    at FileStream.<anonymous> (G:\ThreadsClone\ThreadsClone\server\node_modules\multer\lib\make-middleware.js:134:11)
    at FileStream.emit (node:events:519:28)
    at FileStream.emit (node:domain:488:12)
    at SBMH.ssCb [as _cb] (G:\ThreadsClone\ThreadsClone\server\node_modules\busboy\lib\types\multipart.js:479:32)
    at feed (G:\ThreadsClone\ThreadsClone\server\node_modules\streamsearch\lib\sbmh.js:248:10)
    at SBMH.push (G:\ThreadsClone\ThreadsClone\server\node_modules\streamsearch\lib\sbmh.js:104:16)
    at Multipart._write (G:\ThreadsClone\ThreadsClone\server\node_modules\busboy\lib\types\multipart.js:567:19)
    at writeOrBuffer (node:internal/streams/writable:564:12)
    at _write (node:internal/streams/writable:493:10)
2024-12-12T08:14:08.717Z [ERROR]: Error: File too large 
Stack: MulterError: File too large
    at abortWithCode (G:\ThreadsClone\ThreadsClone\server\node_modules\multer\lib\make-middleware.js:71:22)
    at FileStream.<anonymous> (G:\ThreadsClone\ThreadsClone\server\node_modules\multer\lib\make-middleware.js:134:11)
    at FileStream.emit (node:events:519:28)
    at FileStream.emit (node:domain:488:12)
    at SBMH.ssCb [as _cb] (G:\ThreadsClone\ThreadsClone\server\node_modules\busboy\lib\types\multipart.js:479:32)
    at feed (G:\ThreadsClone\ThreadsClone\server\node_modules\streamsearch\lib\sbmh.js:248:10)
    at SBMH.push (G:\ThreadsClone\ThreadsClone\server\node_modules\streamsearch\lib\sbmh.js:104:16)
    at Multipart._write (G:\ThreadsClone\ThreadsClone\server\node_modules\busboy\lib\types\multipart.js:567:19)
    at writeOrBuffer (node:internal/streams/writable:564:12)
    at _write (node:internal/streams/writable:493:10)
2024-12-12T08:14:24.612Z [ERROR]: Error: File too large 
Stack: MulterError: File too large
    at abortWithCode (G:\ThreadsClone\ThreadsClone\server\node_modules\multer\lib\make-middleware.js:71:22)
    at FileStream.<anonymous> (G:\ThreadsClone\ThreadsClone\server\node_modules\multer\lib\make-middleware.js:134:11)
    at FileStream.emit (node:events:519:28)
    at FileStream.emit (node:domain:488:12)
    at SBMH.ssCb [as _cb] (G:\ThreadsClone\ThreadsClone\server\node_modules\busboy\lib\types\multipart.js:479:32)
    at feed (G:\ThreadsClone\ThreadsClone\server\node_modules\streamsearch\lib\sbmh.js:248:10)
    at SBMH.push (G:\ThreadsClone\ThreadsClone\server\node_modules\streamsearch\lib\sbmh.js:104:16)
    at Multipart._write (G:\ThreadsClone\ThreadsClone\server\node_modules\busboy\lib\types\multipart.js:567:19)
    at writeOrBuffer (node:internal/streams/writable:564:12)
    at _write (node:internal/streams/writable:493:10)
2024-12-12T08:14:38.680Z [ERROR]: Error: File too large 
Stack: MulterError: File too large
    at abortWithCode (G:\ThreadsClone\ThreadsClone\server\node_modules\multer\lib\make-middleware.js:71:22)
    at FileStream.<anonymous> (G:\ThreadsClone\ThreadsClone\server\node_modules\multer\lib\make-middleware.js:134:11)
    at FileStream.emit (node:events:519:28)
    at FileStream.emit (node:domain:488:12)
    at SBMH.ssCb [as _cb] (G:\ThreadsClone\ThreadsClone\server\node_modules\busboy\lib\types\multipart.js:479:32)
    at feed (G:\ThreadsClone\ThreadsClone\server\node_modules\streamsearch\lib\sbmh.js:248:10)
    at SBMH.push (G:\ThreadsClone\ThreadsClone\server\node_modules\streamsearch\lib\sbmh.js:104:16)
    at Multipart._write (G:\ThreadsClone\ThreadsClone\server\node_modules\busboy\lib\types\multipart.js:567:19)
    at writeOrBuffer (node:internal/streams/writable:564:12)
    at _write (node:internal/streams/writable:493:10)
2025-02-17T10:39:29.773Z [ERROR]: Error: Cannot find /api/auth/login on this server 
Stack: Error: Cannot find /api/auth/login on this server
    at G:\ThreadsClone\ThreadsClone\server\src\app.ts:42:8
    at Layer.handle [as handle_request] (G:\ThreadsClone\ThreadsClone\server\node_modules\express\lib\router\layer.js:95:5)
    at next (G:\ThreadsClone\ThreadsClone\server\node_modules\express\lib\router\route.js:149:13)
    at next (G:\ThreadsClone\ThreadsClone\server\node_modules\express\lib\router\route.js:145:7)
    at next (G:\ThreadsClone\ThreadsClone\server\node_modules\express\lib\router\route.js:145:7)
    at next (G:\ThreadsClone\ThreadsClone\server\node_modules\express\lib\router\route.js:145:7)
    at next (G:\ThreadsClone\ThreadsClone\server\node_modules\express\lib\router\route.js:145:7)
    at next (G:\ThreadsClone\ThreadsClone\server\node_modules\express\lib\router\route.js:145:7)
    at next (G:\ThreadsClone\ThreadsClone\server\node_modules\express\lib\router\route.js:145:7)
    at Route.dispatch (G:\ThreadsClone\ThreadsClone\server\node_modules\express\lib\router\route.js:119:3)
2025-02-17T10:39:29.872Z [ERROR]: Error: Cannot find /favicon.ico on this server 
Stack: Error: Cannot find /favicon.ico on this server
    at G:\ThreadsClone\ThreadsClone\server\src\app.ts:42:8
    at Layer.handle [as handle_request] (G:\ThreadsClone\ThreadsClone\server\node_modules\express\lib\router\layer.js:95:5)
    at next (G:\ThreadsClone\ThreadsClone\server\node_modules\express\lib\router\route.js:149:13)
    at next (G:\ThreadsClone\ThreadsClone\server\node_modules\express\lib\router\route.js:145:7)
    at next (G:\ThreadsClone\ThreadsClone\server\node_modules\express\lib\router\route.js:145:7)
    at next (G:\ThreadsClone\ThreadsClone\server\node_modules\express\lib\router\route.js:145:7)
    at next (G:\ThreadsClone\ThreadsClone\server\node_modules\express\lib\router\route.js:145:7)
    at next (G:\ThreadsClone\ThreadsClone\server\node_modules\express\lib\router\route.js:145:7)
    at next (G:\ThreadsClone\ThreadsClone\server\node_modules\express\lib\router\route.js:145:7)
    at Route.dispatch (G:\ThreadsClone\ThreadsClone\server\node_modules\express\lib\router\route.js:119:3)
2025-03-03T02:21:28.564Z [ERROR]: Error: Cannot find /api/users/profile/update-profile on this server 
Stack: Error: Cannot find /api/users/profile/update-profile on this server
    at G:\ThreadsClone\ThreadsClone\server\src\app.ts:42:8
    at Layer.handle [as handle_request] (G:\ThreadsClone\ThreadsClone\server\node_modules\express\lib\router\layer.js:95:5)
    at next (G:\ThreadsClone\ThreadsClone\server\node_modules\express\lib\router\route.js:149:13)
    at next (G:\ThreadsClone\ThreadsClone\server\node_modules\express\lib\router\route.js:145:7)
    at next (G:\ThreadsClone\ThreadsClone\server\node_modules\express\lib\router\route.js:145:7)
    at next (G:\ThreadsClone\ThreadsClone\server\node_modules\express\lib\router\route.js:145:7)
    at next (G:\ThreadsClone\ThreadsClone\server\node_modules\express\lib\router\route.js:145:7)
    at next (G:\ThreadsClone\ThreadsClone\server\node_modules\express\lib\router\route.js:145:7)
    at next (G:\ThreadsClone\ThreadsClone\server\node_modules\express\lib\router\route.js:145:7)
    at next (G:\ThreadsClone\ThreadsClone\server\node_modules\express\lib\router\route.js:145:7)
2025-03-03T02:22:03.480Z [ERROR]: Error: Cannot find /api/users/profile/update-profile on this server 
Stack: Error: Cannot find /api/users/profile/update-profile on this server
    at G:\ThreadsClone\ThreadsClone\server\src\app.ts:42:8
    at Layer.handle [as handle_request] (G:\ThreadsClone\ThreadsClone\server\node_modules\express\lib\router\layer.js:95:5)
    at next (G:\ThreadsClone\ThreadsClone\server\node_modules\express\lib\router\route.js:149:13)
    at next (G:\ThreadsClone\ThreadsClone\server\node_modules\express\lib\router\route.js:145:7)
    at next (G:\ThreadsClone\ThreadsClone\server\node_modules\express\lib\router\route.js:145:7)
    at next (G:\ThreadsClone\ThreadsClone\server\node_modules\express\lib\router\route.js:145:7)
    at next (G:\ThreadsClone\ThreadsClone\server\node_modules\express\lib\router\route.js:145:7)
    at next (G:\ThreadsClone\ThreadsClone\server\node_modules\express\lib\router\route.js:145:7)
    at next (G:\ThreadsClone\ThreadsClone\server\node_modules\express\lib\router\route.js:145:7)
    at next (G:\ThreadsClone\ThreadsClone\server\node_modules\express\lib\router\route.js:145:7)
2025-03-03T02:22:09.528Z [ERROR]: Error: Cannot find /api/users/profile/update-profile on this server 
Stack: Error: Cannot find /api/users/profile/update-profile on this server
    at G:\ThreadsClone\ThreadsClone\server\src\app.ts:42:8
    at Layer.handle [as handle_request] (G:\ThreadsClone\ThreadsClone\server\node_modules\express\lib\router\layer.js:95:5)
    at next (G:\ThreadsClone\ThreadsClone\server\node_modules\express\lib\router\route.js:149:13)
    at next (G:\ThreadsClone\ThreadsClone\server\node_modules\express\lib\router\route.js:145:7)
    at next (G:\ThreadsClone\ThreadsClone\server\node_modules\express\lib\router\route.js:145:7)
    at next (G:\ThreadsClone\ThreadsClone\server\node_modules\express\lib\router\route.js:145:7)
    at next (G:\ThreadsClone\ThreadsClone\server\node_modules\express\lib\router\route.js:145:7)
    at next (G:\ThreadsClone\ThreadsClone\server\node_modules\express\lib\router\route.js:145:7)
    at next (G:\ThreadsClone\ThreadsClone\server\node_modules\express\lib\router\route.js:145:7)
    at Route.dispatch (G:\ThreadsClone\ThreadsClone\server\node_modules\express\lib\router\route.js:119:3)
2025-03-03T02:22:12.985Z [ERROR]: Error: Cannot find /favicon.ico on this server 
Stack: Error: Cannot find /favicon.ico on this server
    at G:\ThreadsClone\ThreadsClone\server\src\app.ts:42:8
    at Layer.handle [as handle_request] (G:\ThreadsClone\ThreadsClone\server\node_modules\express\lib\router\layer.js:95:5)
    at next (G:\ThreadsClone\ThreadsClone\server\node_modules\express\lib\router\route.js:149:13)
    at next (G:\ThreadsClone\ThreadsClone\server\node_modules\express\lib\router\route.js:145:7)
    at next (G:\ThreadsClone\ThreadsClone\server\node_modules\express\lib\router\route.js:145:7)
    at next (G:\ThreadsClone\ThreadsClone\server\node_modules\express\lib\router\route.js:145:7)
    at next (G:\ThreadsClone\ThreadsClone\server\node_modules\express\lib\router\route.js:145:7)
    at next (G:\ThreadsClone\ThreadsClone\server\node_modules\express\lib\router\route.js:145:7)
    at next (G:\ThreadsClone\ThreadsClone\server\node_modules\express\lib\router\route.js:145:7)
    at Route.dispatch (G:\ThreadsClone\ThreadsClone\server\node_modules\express\lib\router\route.js:119:3)
2025-03-03T02:48:25.834Z [ERROR]: Error: User validation failed: bio: Cast to string failed for value "{ bio: "Hi, I'm Trung 👨🏻‍💻." }" (type Object) at path "bio" 
Stack: Error: User validation failed: bio: Cast to string failed for value "{ bio: "Hi, I'm Trung 👨🏻‍💻." }" (type Object) at path "bio"
    at G:\ThreadsClone\ThreadsClone\server\src\controllers\userController.ts:56:21
    at processTicksAndRejections (node:internal/process/task_queues:95:5)
2025-03-03T02:48:28.934Z [ERROR]: Error: User validation failed: bio: Cast to string failed for value "{ bio: "Hi, I'm Trung 👨🏻‍💻." }" (type Object) at path "bio" 
Stack: Error: User validation failed: bio: Cast to string failed for value "{ bio: "Hi, I'm Trung 👨🏻‍💻." }" (type Object) at path "bio"
    at G:\ThreadsClone\ThreadsClone\server\src\controllers\userController.ts:56:21
    at processTicksAndRejections (node:internal/process/task_queues:95:5)
2025-03-03T02:48:37.352Z [ERROR]: Error: User validation failed: bio: Cast to string failed for value "{ bio: "Hi, I'm Trung 👨🏻‍💻." }" (type Object) at path "bio" 
Stack: Error: User validation failed: bio: Cast to string failed for value "{ bio: "Hi, I'm Trung 👨🏻‍💻." }" (type Object) at path "bio"
    at G:\ThreadsClone\ThreadsClone\server\src\controllers\userController.ts:56:21
    at processTicksAndRejections (node:internal/process/task_queues:95:5)
2025-03-03T02:48:48.821Z [ERROR]: Error: Cannot find /api/users/update-profile on this server 
Stack: Error: Cannot find /api/users/update-profile on this server
    at G:\ThreadsClone\ThreadsClone\server\src\app.ts:42:8
    at Layer.handle [as handle_request] (G:\ThreadsClone\ThreadsClone\server\node_modules\express\lib\router\layer.js:95:5)
    at next (G:\ThreadsClone\ThreadsClone\server\node_modules\express\lib\router\route.js:149:13)
    at next (G:\ThreadsClone\ThreadsClone\server\node_modules\express\lib\router\route.js:145:7)
    at next (G:\ThreadsClone\ThreadsClone\server\node_modules\express\lib\router\route.js:145:7)
    at next (G:\ThreadsClone\ThreadsClone\server\node_modules\express\lib\router\route.js:145:7)
    at next (G:\ThreadsClone\ThreadsClone\server\node_modules\express\lib\router\route.js:145:7)
    at next (G:\ThreadsClone\ThreadsClone\server\node_modules\express\lib\router\route.js:145:7)
    at next (G:\ThreadsClone\ThreadsClone\server\node_modules\express\lib\router\route.js:145:7)
    at Route.dispatch (G:\ThreadsClone\ThreadsClone\server\node_modules\express\lib\router\route.js:119:3)
2025-03-03T03:41:20.751Z [ERROR]: Error: Bio cannot exceed 150 characters 
Stack: Error: Bio cannot exceed 150 characters
    at G:\ThreadsClone\ThreadsClone\server\src\controllers\userController.ts:41:21
    at processTicksAndRejections (node:internal/process/task_queues:95:5)
2025-04-03T08:59:29.804Z [ERROR]: Error: Cannot find /api/users/update-profile on this server 
Stack: Error: Cannot find /api/users/update-profile on this server
    at G:\ThreadsClone\ThreadsClone\server\src\app.ts:42:8
    at Layer.handle [as handle_request] (G:\ThreadsClone\ThreadsClone\server\node_modules\express\lib\router\layer.js:95:5)
    at next (G:\ThreadsClone\ThreadsClone\server\node_modules\express\lib\router\route.js:149:13)
    at next (G:\ThreadsClone\ThreadsClone\server\node_modules\express\lib\router\route.js:145:7)
    at next (G:\ThreadsClone\ThreadsClone\server\node_modules\express\lib\router\route.js:145:7)
    at next (G:\ThreadsClone\ThreadsClone\server\node_modules\express\lib\router\route.js:145:7)
    at next (G:\ThreadsClone\ThreadsClone\server\node_modules\express\lib\router\route.js:145:7)
    at next (G:\ThreadsClone\ThreadsClone\server\node_modules\express\lib\router\route.js:145:7)
    at next (G:\ThreadsClone\ThreadsClone\server\node_modules\express\lib\router\route.js:145:7)
    at Route.dispatch (G:\ThreadsClone\ThreadsClone\server\node_modules\express\lib\router\route.js:119:3)
2025-04-03T08:59:30.783Z [ERROR]: Error: Cannot find /favicon.ico on this server 
Stack: Error: Cannot find /favicon.ico on this server
    at G:\ThreadsClone\ThreadsClone\server\src\app.ts:42:8
    at Layer.handle [as handle_request] (G:\ThreadsClone\ThreadsClone\server\node_modules\express\lib\router\layer.js:95:5)
    at next (G:\ThreadsClone\ThreadsClone\server\node_modules\express\lib\router\route.js:149:13)
    at next (G:\ThreadsClone\ThreadsClone\server\node_modules\express\lib\router\route.js:145:7)
    at next (G:\ThreadsClone\ThreadsClone\server\node_modules\express\lib\router\route.js:145:7)
    at next (G:\ThreadsClone\ThreadsClone\server\node_modules\express\lib\router\route.js:145:7)
    at next (G:\ThreadsClone\ThreadsClone\server\node_modules\express\lib\router\route.js:145:7)
    at next (G:\ThreadsClone\ThreadsClone\server\node_modules\express\lib\router\route.js:145:7)
    at next (G:\ThreadsClone\ThreadsClone\server\node_modules\express\lib\router\route.js:145:7)
    at Route.dispatch (G:\ThreadsClone\ThreadsClone\server\node_modules\express\lib\router\route.js:119:3)
2025-04-03T09:18:06.814Z [ERROR]: Error: Cannot find /api/users/update-profile on this server 
Stack: Error: Cannot find /api/users/update-profile on this server
    at G:\ThreadsClone\ThreadsClone\server\src\app.ts:42:8
    at Layer.handle [as handle_request] (G:\ThreadsClone\ThreadsClone\server\node_modules\express\lib\router\layer.js:95:5)
    at next (G:\ThreadsClone\ThreadsClone\server\node_modules\express\lib\router\route.js:149:13)
    at next (G:\ThreadsClone\ThreadsClone\server\node_modules\express\lib\router\route.js:145:7)
    at next (G:\ThreadsClone\ThreadsClone\server\node_modules\express\lib\router\route.js:145:7)
    at next (G:\ThreadsClone\ThreadsClone\server\node_modules\express\lib\router\route.js:145:7)
    at next (G:\ThreadsClone\ThreadsClone\server\node_modules\express\lib\router\route.js:145:7)
    at next (G:\ThreadsClone\ThreadsClone\server\node_modules\express\lib\router\route.js:145:7)
    at next (G:\ThreadsClone\ThreadsClone\server\node_modules\express\lib\router\route.js:145:7)
    at Route.dispatch (G:\ThreadsClone\ThreadsClone\server\node_modules\express\lib\router\route.js:119:3)
2025-04-17T09:48:42.996Z [ERROR]: Error: Unexpected field 
Stack: MulterError: Unexpected field
    at wrappedFileFilter (G:\ThreadsClone\ThreadsClone\server\node_modules\multer\index.js:40:19)
    at Multipart.<anonymous> (G:\ThreadsClone\ThreadsClone\server\node_modules\multer\lib\make-middleware.js:107:7)
    at Multipart.emit (node:events:519:28)
    at Multipart.emit (node:domain:488:12)
    at HeaderParser.cb (G:\ThreadsClone\ThreadsClone\server\node_modules\busboy\lib\types\multipart.js:358:14)
    at HeaderParser.push (G:\ThreadsClone\ThreadsClone\server\node_modules\busboy\lib\types\multipart.js:162:20)
    at SBMH.ssCb [as _cb] (G:\ThreadsClone\ThreadsClone\server\node_modules\busboy\lib\types\multipart.js:394:37)
    at feed (G:\ThreadsClone\ThreadsClone\server\node_modules\streamsearch\lib\sbmh.js:248:10)
    at SBMH.push (G:\ThreadsClone\ThreadsClone\server\node_modules\streamsearch\lib\sbmh.js:104:16)
    at Multipart._write (G:\ThreadsClone\ThreadsClone\server\node_modules\busboy\lib\types\multipart.js:567:19)
2025-04-17T09:49:29.923Z [ERROR]: Error: Unexpected field 
Stack: MulterError: Unexpected field
    at wrappedFileFilter (G:\ThreadsClone\ThreadsClone\server\node_modules\multer\index.js:40:19)
    at Multipart.<anonymous> (G:\ThreadsClone\ThreadsClone\server\node_modules\multer\lib\make-middleware.js:107:7)
    at Multipart.emit (node:events:519:28)
    at Multipart.emit (node:domain:488:12)
    at HeaderParser.cb (G:\ThreadsClone\ThreadsClone\server\node_modules\busboy\lib\types\multipart.js:358:14)
    at HeaderParser.push (G:\ThreadsClone\ThreadsClone\server\node_modules\busboy\lib\types\multipart.js:162:20)
    at SBMH.ssCb [as _cb] (G:\ThreadsClone\ThreadsClone\server\node_modules\busboy\lib\types\multipart.js:394:37)
    at feed (G:\ThreadsClone\ThreadsClone\server\node_modules\streamsearch\lib\sbmh.js:248:10)
    at SBMH.push (G:\ThreadsClone\ThreadsClone\server\node_modules\streamsearch\lib\sbmh.js:104:16)
    at Multipart._write (G:\ThreadsClone\ThreadsClone\server\node_modules\busboy\lib\types\multipart.js:567:19)
2025-04-17T09:49:51.854Z [ERROR]: Error: Unexpected field 
Stack: MulterError: Unexpected field
    at wrappedFileFilter (G:\ThreadsClone\ThreadsClone\server\node_modules\multer\index.js:40:19)
    at Multipart.<anonymous> (G:\ThreadsClone\ThreadsClone\server\node_modules\multer\lib\make-middleware.js:107:7)
    at Multipart.emit (node:events:519:28)
    at Multipart.emit (node:domain:488:12)
    at HeaderParser.cb (G:\ThreadsClone\ThreadsClone\server\node_modules\busboy\lib\types\multipart.js:358:14)
    at HeaderParser.push (G:\ThreadsClone\ThreadsClone\server\node_modules\busboy\lib\types\multipart.js:162:20)
    at SBMH.ssCb [as _cb] (G:\ThreadsClone\ThreadsClone\server\node_modules\busboy\lib\types\multipart.js:394:37)
    at feed (G:\ThreadsClone\ThreadsClone\server\node_modules\streamsearch\lib\sbmh.js:248:10)
    at SBMH.push (G:\ThreadsClone\ThreadsClone\server\node_modules\streamsearch\lib\sbmh.js:104:16)
    at Multipart._write (G:\ThreadsClone\ThreadsClone\server\node_modules\busboy\lib\types\multipart.js:567:19)
2025-04-17T09:50:24.462Z [ERROR]: Error: Unexpected field 
Stack: MulterError: Unexpected field
    at wrappedFileFilter (G:\ThreadsClone\ThreadsClone\server\node_modules\multer\index.js:40:19)
    at Multipart.<anonymous> (G:\ThreadsClone\ThreadsClone\server\node_modules\multer\lib\make-middleware.js:107:7)
    at Multipart.emit (node:events:519:28)
    at Multipart.emit (node:domain:488:12)
    at HeaderParser.cb (G:\ThreadsClone\ThreadsClone\server\node_modules\busboy\lib\types\multipart.js:358:14)
    at HeaderParser.push (G:\ThreadsClone\ThreadsClone\server\node_modules\busboy\lib\types\multipart.js:162:20)
    at SBMH.ssCb [as _cb] (G:\ThreadsClone\ThreadsClone\server\node_modules\busboy\lib\types\multipart.js:394:37)
    at feed (G:\ThreadsClone\ThreadsClone\server\node_modules\streamsearch\lib\sbmh.js:248:10)
    at SBMH.push (G:\ThreadsClone\ThreadsClone\server\node_modules\streamsearch\lib\sbmh.js:104:16)
    at Multipart._write (G:\ThreadsClone\ThreadsClone\server\node_modules\busboy\lib\types\multipart.js:567:19)
2025-04-17T09:50:48.229Z [ERROR]: Error: Unexpected field 
Stack: MulterError: Unexpected field
    at wrappedFileFilter (G:\ThreadsClone\ThreadsClone\server\node_modules\multer\index.js:40:19)
    at Multipart.<anonymous> (G:\ThreadsClone\ThreadsClone\server\node_modules\multer\lib\make-middleware.js:107:7)
    at Multipart.emit (node:events:519:28)
    at Multipart.emit (node:domain:488:12)
    at HeaderParser.cb (G:\ThreadsClone\ThreadsClone\server\node_modules\busboy\lib\types\multipart.js:358:14)
    at HeaderParser.push (G:\ThreadsClone\ThreadsClone\server\node_modules\busboy\lib\types\multipart.js:162:20)
    at SBMH.ssCb [as _cb] (G:\ThreadsClone\ThreadsClone\server\node_modules\busboy\lib\types\multipart.js:394:37)
    at feed (G:\ThreadsClone\ThreadsClone\server\node_modules\streamsearch\lib\sbmh.js:248:10)
    at SBMH.push (G:\ThreadsClone\ThreadsClone\server\node_modules\streamsearch\lib\sbmh.js:104:16)
    at Multipart._write (G:\ThreadsClone\ThreadsClone\server\node_modules\busboy\lib\types\multipart.js:567:19)
2025-04-17T09:51:10.713Z [ERROR]: Error: Unexpected field 
Stack: MulterError: Unexpected field
    at wrappedFileFilter (G:\ThreadsClone\ThreadsClone\server\node_modules\multer\index.js:40:19)
    at Multipart.<anonymous> (G:\ThreadsClone\ThreadsClone\server\node_modules\multer\lib\make-middleware.js:107:7)
    at Multipart.emit (node:events:519:28)
    at Multipart.emit (node:domain:488:12)
    at HeaderParser.cb (G:\ThreadsClone\ThreadsClone\server\node_modules\busboy\lib\types\multipart.js:358:14)
    at HeaderParser.push (G:\ThreadsClone\ThreadsClone\server\node_modules\busboy\lib\types\multipart.js:162:20)
    at SBMH.ssCb [as _cb] (G:\ThreadsClone\ThreadsClone\server\node_modules\busboy\lib\types\multipart.js:394:37)
    at feed (G:\ThreadsClone\ThreadsClone\server\node_modules\streamsearch\lib\sbmh.js:248:10)
    at SBMH.push (G:\ThreadsClone\ThreadsClone\server\node_modules\streamsearch\lib\sbmh.js:104:16)
    at Multipart._write (G:\ThreadsClone\ThreadsClone\server\node_modules\busboy\lib\types\multipart.js:567:19)
2025-04-17T09:51:44.648Z [ERROR]: Error: Unexpected field 
Stack: MulterError: Unexpected field
    at wrappedFileFilter (G:\ThreadsClone\ThreadsClone\server\node_modules\multer\index.js:40:19)
    at Multipart.<anonymous> (G:\ThreadsClone\ThreadsClone\server\node_modules\multer\lib\make-middleware.js:107:7)
    at Multipart.emit (node:events:519:28)
    at Multipart.emit (node:domain:488:12)
    at HeaderParser.cb (G:\ThreadsClone\ThreadsClone\server\node_modules\busboy\lib\types\multipart.js:358:14)
    at HeaderParser.push (G:\ThreadsClone\ThreadsClone\server\node_modules\busboy\lib\types\multipart.js:162:20)
    at SBMH.ssCb [as _cb] (G:\ThreadsClone\ThreadsClone\server\node_modules\busboy\lib\types\multipart.js:394:37)
    at feed (G:\ThreadsClone\ThreadsClone\server\node_modules\streamsearch\lib\sbmh.js:219:14)
    at SBMH.push (G:\ThreadsClone\ThreadsClone\server\node_modules\streamsearch\lib\sbmh.js:104:16)
    at Multipart._write (G:\ThreadsClone\ThreadsClone\server\node_modules\busboy\lib\types\multipart.js:567:19)
2025-04-17T09:51:45.809Z [ERROR]: Error: Unexpected field 
Stack: MulterError: Unexpected field
    at wrappedFileFilter (G:\ThreadsClone\ThreadsClone\server\node_modules\multer\index.js:40:19)
    at Multipart.<anonymous> (G:\ThreadsClone\ThreadsClone\server\node_modules\multer\lib\make-middleware.js:107:7)
    at Multipart.emit (node:events:519:28)
    at Multipart.emit (node:domain:488:12)
    at HeaderParser.cb (G:\ThreadsClone\ThreadsClone\server\node_modules\busboy\lib\types\multipart.js:358:14)
    at HeaderParser.push (G:\ThreadsClone\ThreadsClone\server\node_modules\busboy\lib\types\multipart.js:162:20)
    at SBMH.ssCb [as _cb] (G:\ThreadsClone\ThreadsClone\server\node_modules\busboy\lib\types\multipart.js:394:37)
    at feed (G:\ThreadsClone\ThreadsClone\server\node_modules\streamsearch\lib\sbmh.js:219:14)
    at SBMH.push (G:\ThreadsClone\ThreadsClone\server\node_modules\streamsearch\lib\sbmh.js:104:16)
    at Multipart._write (G:\ThreadsClone\ThreadsClone\server\node_modules\busboy\lib\types\multipart.js:567:19)
2025-04-17T09:51:46.599Z [ERROR]: Error: Unexpected field 
Stack: MulterError: Unexpected field
    at wrappedFileFilter (G:\ThreadsClone\ThreadsClone\server\node_modules\multer\index.js:40:19)
    at Multipart.<anonymous> (G:\ThreadsClone\ThreadsClone\server\node_modules\multer\lib\make-middleware.js:107:7)
    at Multipart.emit (node:events:519:28)
    at Multipart.emit (node:domain:488:12)
    at HeaderParser.cb (G:\ThreadsClone\ThreadsClone\server\node_modules\busboy\lib\types\multipart.js:358:14)
    at HeaderParser.push (G:\ThreadsClone\ThreadsClone\server\node_modules\busboy\lib\types\multipart.js:162:20)
    at SBMH.ssCb [as _cb] (G:\ThreadsClone\ThreadsClone\server\node_modules\busboy\lib\types\multipart.js:394:37)
    at feed (G:\ThreadsClone\ThreadsClone\server\node_modules\streamsearch\lib\sbmh.js:219:14)
    at SBMH.push (G:\ThreadsClone\ThreadsClone\server\node_modules\streamsearch\lib\sbmh.js:104:16)
    at Multipart._write (G:\ThreadsClone\ThreadsClone\server\node_modules\busboy\lib\types\multipart.js:567:19)
2025-04-17T09:51:47.166Z [ERROR]: Error: Unexpected field 
Stack: MulterError: Unexpected field
    at wrappedFileFilter (G:\ThreadsClone\ThreadsClone\server\node_modules\multer\index.js:40:19)
    at Multipart.<anonymous> (G:\ThreadsClone\ThreadsClone\server\node_modules\multer\lib\make-middleware.js:107:7)
    at Multipart.emit (node:events:519:28)
    at Multipart.emit (node:domain:488:12)
    at HeaderParser.cb (G:\ThreadsClone\ThreadsClone\server\node_modules\busboy\lib\types\multipart.js:358:14)
    at HeaderParser.push (G:\ThreadsClone\ThreadsClone\server\node_modules\busboy\lib\types\multipart.js:162:20)
    at SBMH.ssCb [as _cb] (G:\ThreadsClone\ThreadsClone\server\node_modules\busboy\lib\types\multipart.js:394:37)
    at feed (G:\ThreadsClone\ThreadsClone\server\node_modules\streamsearch\lib\sbmh.js:219:14)
    at SBMH.push (G:\ThreadsClone\ThreadsClone\server\node_modules\streamsearch\lib\sbmh.js:104:16)
    at Multipart._write (G:\ThreadsClone\ThreadsClone\server\node_modules\busboy\lib\types\multipart.js:567:19)
2025-04-17T09:51:47.589Z [ERROR]: Error: Unexpected field 
Stack: MulterError: Unexpected field
    at wrappedFileFilter (G:\ThreadsClone\ThreadsClone\server\node_modules\multer\index.js:40:19)
    at Multipart.<anonymous> (G:\ThreadsClone\ThreadsClone\server\node_modules\multer\lib\make-middleware.js:107:7)
    at Multipart.emit (node:events:519:28)
    at Multipart.emit (node:domain:488:12)
    at HeaderParser.cb (G:\ThreadsClone\ThreadsClone\server\node_modules\busboy\lib\types\multipart.js:358:14)
    at HeaderParser.push (G:\ThreadsClone\ThreadsClone\server\node_modules\busboy\lib\types\multipart.js:162:20)
    at SBMH.ssCb [as _cb] (G:\ThreadsClone\ThreadsClone\server\node_modules\busboy\lib\types\multipart.js:394:37)
    at feed (G:\ThreadsClone\ThreadsClone\server\node_modules\streamsearch\lib\sbmh.js:219:14)
    at SBMH.push (G:\ThreadsClone\ThreadsClone\server\node_modules\streamsearch\lib\sbmh.js:104:16)
    at Multipart._write (G:\ThreadsClone\ThreadsClone\server\node_modules\busboy\lib\types\multipart.js:567:19)
2025-04-17T09:51:47.765Z [ERROR]: Error: Unexpected field 
Stack: MulterError: Unexpected field
    at wrappedFileFilter (G:\ThreadsClone\ThreadsClone\server\node_modules\multer\index.js:40:19)
    at Multipart.<anonymous> (G:\ThreadsClone\ThreadsClone\server\node_modules\multer\lib\make-middleware.js:107:7)
    at Multipart.emit (node:events:519:28)
    at Multipart.emit (node:domain:488:12)
    at HeaderParser.cb (G:\ThreadsClone\ThreadsClone\server\node_modules\busboy\lib\types\multipart.js:358:14)
    at HeaderParser.push (G:\ThreadsClone\ThreadsClone\server\node_modules\busboy\lib\types\multipart.js:162:20)
    at SBMH.ssCb [as _cb] (G:\ThreadsClone\ThreadsClone\server\node_modules\busboy\lib\types\multipart.js:394:37)
    at feed (G:\ThreadsClone\ThreadsClone\server\node_modules\streamsearch\lib\sbmh.js:219:14)
    at SBMH.push (G:\ThreadsClone\ThreadsClone\server\node_modules\streamsearch\lib\sbmh.js:104:16)
    at Multipart._write (G:\ThreadsClone\ThreadsClone\server\node_modules\busboy\lib\types\multipart.js:567:19)
2025-04-17T09:51:47.943Z [ERROR]: Error: Unexpected field 
Stack: MulterError: Unexpected field
    at wrappedFileFilter (G:\ThreadsClone\ThreadsClone\server\node_modules\multer\index.js:40:19)
    at Multipart.<anonymous> (G:\ThreadsClone\ThreadsClone\server\node_modules\multer\lib\make-middleware.js:107:7)
    at Multipart.emit (node:events:519:28)
    at Multipart.emit (node:domain:488:12)
    at HeaderParser.cb (G:\ThreadsClone\ThreadsClone\server\node_modules\busboy\lib\types\multipart.js:358:14)
    at HeaderParser.push (G:\ThreadsClone\ThreadsClone\server\node_modules\busboy\lib\types\multipart.js:162:20)
    at SBMH.ssCb [as _cb] (G:\ThreadsClone\ThreadsClone\server\node_modules\busboy\lib\types\multipart.js:394:37)
    at feed (G:\ThreadsClone\ThreadsClone\server\node_modules\streamsearch\lib\sbmh.js:219:14)
    at SBMH.push (G:\ThreadsClone\ThreadsClone\server\node_modules\streamsearch\lib\sbmh.js:104:16)
    at Multipart._write (G:\ThreadsClone\ThreadsClone\server\node_modules\busboy\lib\types\multipart.js:567:19)
2025-04-17T09:51:48.083Z [ERROR]: Error: Unexpected field 
Stack: MulterError: Unexpected field
    at wrappedFileFilter (G:\ThreadsClone\ThreadsClone\server\node_modules\multer\index.js:40:19)
    at Multipart.<anonymous> (G:\ThreadsClone\ThreadsClone\server\node_modules\multer\lib\make-middleware.js:107:7)
    at Multipart.emit (node:events:519:28)
    at Multipart.emit (node:domain:488:12)
    at HeaderParser.cb (G:\ThreadsClone\ThreadsClone\server\node_modules\busboy\lib\types\multipart.js:358:14)
    at HeaderParser.push (G:\ThreadsClone\ThreadsClone\server\node_modules\busboy\lib\types\multipart.js:162:20)
    at SBMH.ssCb [as _cb] (G:\ThreadsClone\ThreadsClone\server\node_modules\busboy\lib\types\multipart.js:394:37)
    at feed (G:\ThreadsClone\ThreadsClone\server\node_modules\streamsearch\lib\sbmh.js:219:14)
    at SBMH.push (G:\ThreadsClone\ThreadsClone\server\node_modules\streamsearch\lib\sbmh.js:104:16)
    at Multipart._write (G:\ThreadsClone\ThreadsClone\server\node_modules\busboy\lib\types\multipart.js:567:19)
2025-04-17T09:52:04.109Z [ERROR]: Error: Unexpected field 
Stack: MulterError: Unexpected field
    at wrappedFileFilter (G:\ThreadsClone\ThreadsClone\server\node_modules\multer\index.js:40:19)
    at Multipart.<anonymous> (G:\ThreadsClone\ThreadsClone\server\node_modules\multer\lib\make-middleware.js:107:7)
    at Multipart.emit (node:events:519:28)
    at Multipart.emit (node:domain:488:12)
    at HeaderParser.cb (G:\ThreadsClone\ThreadsClone\server\node_modules\busboy\lib\types\multipart.js:358:14)
    at HeaderParser.push (G:\ThreadsClone\ThreadsClone\server\node_modules\busboy\lib\types\multipart.js:162:20)
    at SBMH.ssCb [as _cb] (G:\ThreadsClone\ThreadsClone\server\node_modules\busboy\lib\types\multipart.js:394:37)
    at feed (G:\ThreadsClone\ThreadsClone\server\node_modules\streamsearch\lib\sbmh.js:219:14)
    at SBMH.push (G:\ThreadsClone\ThreadsClone\server\node_modules\streamsearch\lib\sbmh.js:104:16)
    at Multipart._write (G:\ThreadsClone\ThreadsClone\server\node_modules\busboy\lib\types\multipart.js:567:19)
2025-04-17T09:52:55.343Z [ERROR]: Error: Unexpected field 
Stack: MulterError: Unexpected field
    at wrappedFileFilter (G:\ThreadsClone\ThreadsClone\server\node_modules\multer\index.js:40:19)
    at Multipart.<anonymous> (G:\ThreadsClone\ThreadsClone\server\node_modules\multer\lib\make-middleware.js:107:7)
    at Multipart.emit (node:events:519:28)
    at Multipart.emit (node:domain:488:12)
    at HeaderParser.cb (G:\ThreadsClone\ThreadsClone\server\node_modules\busboy\lib\types\multipart.js:358:14)
    at HeaderParser.push (G:\ThreadsClone\ThreadsClone\server\node_modules\busboy\lib\types\multipart.js:162:20)
    at SBMH.ssCb [as _cb] (G:\ThreadsClone\ThreadsClone\server\node_modules\busboy\lib\types\multipart.js:394:37)
    at feed (G:\ThreadsClone\ThreadsClone\server\node_modules\streamsearch\lib\sbmh.js:219:14)
    at SBMH.push (G:\ThreadsClone\ThreadsClone\server\node_modules\streamsearch\lib\sbmh.js:104:16)
    at Multipart._write (G:\ThreadsClone\ThreadsClone\server\node_modules\busboy\lib\types\multipart.js:567:19)
2025-04-17T09:53:34.284Z [ERROR]: Error: Unexpected field 
Stack: MulterError: Unexpected field
    at wrappedFileFilter (G:\ThreadsClone\ThreadsClone\server\node_modules\multer\index.js:40:19)
    at Multipart.<anonymous> (G:\ThreadsClone\ThreadsClone\server\node_modules\multer\lib\make-middleware.js:107:7)
    at Multipart.emit (node:events:519:28)
    at Multipart.emit (node:domain:488:12)
    at HeaderParser.cb (G:\ThreadsClone\ThreadsClone\server\node_modules\busboy\lib\types\multipart.js:358:14)
    at HeaderParser.push (G:\ThreadsClone\ThreadsClone\server\node_modules\busboy\lib\types\multipart.js:162:20)
    at SBMH.ssCb [as _cb] (G:\ThreadsClone\ThreadsClone\server\node_modules\busboy\lib\types\multipart.js:394:37)
    at feed (G:\ThreadsClone\ThreadsClone\server\node_modules\streamsearch\lib\sbmh.js:248:10)
    at SBMH.push (G:\ThreadsClone\ThreadsClone\server\node_modules\streamsearch\lib\sbmh.js:104:16)
    at Multipart._write (G:\ThreadsClone\ThreadsClone\server\node_modules\busboy\lib\types\multipart.js:567:19)
2025-04-17T10:29:03.936Z [ERROR]: Error: Unexpected field 
Stack: MulterError: Unexpected field
    at wrappedFileFilter (G:\ThreadsClone\ThreadsClone\server\node_modules\multer\index.js:40:19)
    at Multipart.<anonymous> (G:\ThreadsClone\ThreadsClone\server\node_modules\multer\lib\make-middleware.js:107:7)
    at Multipart.emit (node:events:519:28)
    at Multipart.emit (node:domain:488:12)
    at HeaderParser.cb (G:\ThreadsClone\ThreadsClone\server\node_modules\busboy\lib\types\multipart.js:358:14)
    at HeaderParser.push (G:\ThreadsClone\ThreadsClone\server\node_modules\busboy\lib\types\multipart.js:162:20)
    at SBMH.ssCb [as _cb] (G:\ThreadsClone\ThreadsClone\server\node_modules\busboy\lib\types\multipart.js:394:37)
    at feed (G:\ThreadsClone\ThreadsClone\server\node_modules\streamsearch\lib\sbmh.js:248:10)
    at SBMH.push (G:\ThreadsClone\ThreadsClone\server\node_modules\streamsearch\lib\sbmh.js:104:16)
    at Multipart._write (G:\ThreadsClone\ThreadsClone\server\node_modules\busboy\lib\types\multipart.js:567:19)
2025-04-17T10:29:25.780Z [ERROR]: Error: Chỉ cho phép các định dạng ảnh hoặc video hợp lệ 
Stack: Error: Chỉ cho phép các định dạng ảnh hoặc video hợp lệ
    at fileFilter (G:\ThreadsClone\ThreadsClone\server\src\middlewares\uploadMiddleware.ts:18:8)
    at wrappedFileFilter (G:\ThreadsClone\ThreadsClone\server\node_modules\multer\index.js:44:7)
    at Multipart.<anonymous> (G:\ThreadsClone\ThreadsClone\server\node_modules\multer\lib\make-middleware.js:107:7)
    at Multipart.emit (node:events:519:28)
    at Multipart.emit (node:domain:488:12)
    at HeaderParser.cb (G:\ThreadsClone\ThreadsClone\server\node_modules\busboy\lib\types\multipart.js:358:14)
    at HeaderParser.push (G:\ThreadsClone\ThreadsClone\server\node_modules\busboy\lib\types\multipart.js:162:20)
    at SBMH.ssCb [as _cb] (G:\ThreadsClone\ThreadsClone\server\node_modules\busboy\lib\types\multipart.js:394:37)
    at feed (G:\ThreadsClone\ThreadsClone\server\node_modules\streamsearch\lib\sbmh.js:248:10)
    at SBMH.push (G:\ThreadsClone\ThreadsClone\server\node_modules\streamsearch\lib\sbmh.js:104:16)
2025-04-17T10:29:57.797Z [ERROR]: Error: Chỉ cho phép các định dạng ảnh hoặc video hợp lệ 
Stack: Error: Chỉ cho phép các định dạng ảnh hoặc video hợp lệ
    at fileFilter (G:\ThreadsClone\ThreadsClone\server\src\middlewares\uploadMiddleware.ts:18:8)
    at wrappedFileFilter (G:\ThreadsClone\ThreadsClone\server\node_modules\multer\index.js:44:7)
    at Multipart.<anonymous> (G:\ThreadsClone\ThreadsClone\server\node_modules\multer\lib\make-middleware.js:107:7)
    at Multipart.emit (node:events:519:28)
    at Multipart.emit (node:domain:488:12)
    at HeaderParser.cb (G:\ThreadsClone\ThreadsClone\server\node_modules\busboy\lib\types\multipart.js:358:14)
    at HeaderParser.push (G:\ThreadsClone\ThreadsClone\server\node_modules\busboy\lib\types\multipart.js:162:20)
    at SBMH.ssCb [as _cb] (G:\ThreadsClone\ThreadsClone\server\node_modules\busboy\lib\types\multipart.js:394:37)
    at feed (G:\ThreadsClone\ThreadsClone\server\node_modules\streamsearch\lib\sbmh.js:248:10)
    at SBMH.push (G:\ThreadsClone\ThreadsClone\server\node_modules\streamsearch\lib\sbmh.js:104:16)
2025-04-17T10:50:18.468Z [ERROR]: Error: Chỉ cho phép các định dạng ảnh hoặc video hợp lệ 
Stack: Error: Chỉ cho phép các định dạng ảnh hoặc video hợp lệ
    at fileFilter (G:\ThreadsClone\ThreadsClone\server\src\middlewares\uploadMiddleware.ts:18:8)
    at wrappedFileFilter (G:\ThreadsClone\ThreadsClone\server\node_modules\multer\index.js:44:7)
    at Multipart.<anonymous> (G:\ThreadsClone\ThreadsClone\server\node_modules\multer\lib\make-middleware.js:107:7)
    at Multipart.emit (node:events:519:28)
    at Multipart.emit (node:domain:488:12)
    at HeaderParser.cb (G:\ThreadsClone\ThreadsClone\server\node_modules\busboy\lib\types\multipart.js:358:14)
    at HeaderParser.push (G:\ThreadsClone\ThreadsClone\server\node_modules\busboy\lib\types\multipart.js:162:20)
    at SBMH.ssCb [as _cb] (G:\ThreadsClone\ThreadsClone\server\node_modules\busboy\lib\types\multipart.js:394:37)
    at feed (G:\ThreadsClone\ThreadsClone\server\node_modules\streamsearch\lib\sbmh.js:248:10)
    at SBMH.push (G:\ThreadsClone\ThreadsClone\server\node_modules\streamsearch\lib\sbmh.js:104:16)
2025-04-17T11:21:40.984Z [ERROR]: Error: Chỉ cho phép các định dạng ảnh hoặc video hợp lệ 
Stack: Error: Chỉ cho phép các định dạng ảnh hoặc video hợp lệ
    at fileFilter (G:\ThreadsClone\ThreadsClone\server\src\middlewares\uploadMiddleware.ts:18:8)
    at wrappedFileFilter (G:\ThreadsClone\ThreadsClone\server\node_modules\multer\index.js:44:7)
    at Multipart.<anonymous> (G:\ThreadsClone\ThreadsClone\server\node_modules\multer\lib\make-middleware.js:107:7)
    at Multipart.emit (node:events:519:28)
    at Multipart.emit (node:domain:488:12)
    at HeaderParser.cb (G:\ThreadsClone\ThreadsClone\server\node_modules\busboy\lib\types\multipart.js:358:14)
    at HeaderParser.push (G:\ThreadsClone\ThreadsClone\server\node_modules\busboy\lib\types\multipart.js:162:20)
    at SBMH.ssCb [as _cb] (G:\ThreadsClone\ThreadsClone\server\node_modules\busboy\lib\types\multipart.js:394:37)
    at feed (G:\ThreadsClone\ThreadsClone\server\node_modules\streamsearch\lib\sbmh.js:248:10)
    at SBMH.push (G:\ThreadsClone\ThreadsClone\server\node_modules\streamsearch\lib\sbmh.js:104:16)
2025-04-17T11:26:51.589Z [ERROR]: Error: Chỉ cho phép các định dạng ảnh hoặc video hợp lệ 
Stack: Error: Chỉ cho phép các định dạng ảnh hoặc video hợp lệ
    at fileFilter (G:\ThreadsClone\ThreadsClone\server\src\middlewares\uploadMiddleware.ts:18:8)
    at wrappedFileFilter (G:\ThreadsClone\ThreadsClone\server\node_modules\multer\index.js:44:7)
    at Multipart.<anonymous> (G:\ThreadsClone\ThreadsClone\server\node_modules\multer\lib\make-middleware.js:107:7)
    at Multipart.emit (node:events:519:28)
    at Multipart.emit (node:domain:488:12)
    at HeaderParser.cb (G:\ThreadsClone\ThreadsClone\server\node_modules\busboy\lib\types\multipart.js:358:14)
    at HeaderParser.push (G:\ThreadsClone\ThreadsClone\server\node_modules\busboy\lib\types\multipart.js:162:20)
    at SBMH.ssCb [as _cb] (G:\ThreadsClone\ThreadsClone\server\node_modules\busboy\lib\types\multipart.js:394:37)
    at feed (G:\ThreadsClone\ThreadsClone\server\node_modules\streamsearch\lib\sbmh.js:248:10)
    at SBMH.push (G:\ThreadsClone\ThreadsClone\server\node_modules\streamsearch\lib\sbmh.js:104:16)
2025-04-17T11:32:23.881Z [ERROR]: Error: Chỉ cho phép các định dạng ảnh hoặc video hợp lệ 
Stack: Error: Chỉ cho phép các định dạng ảnh hoặc video hợp lệ
    at fileFilter (G:\ThreadsClone\ThreadsClone\server\src\middlewares\uploadMiddleware.ts:18:8)
    at wrappedFileFilter (G:\ThreadsClone\ThreadsClone\server\node_modules\multer\index.js:44:7)
    at Multipart.<anonymous> (G:\ThreadsClone\ThreadsClone\server\node_modules\multer\lib\make-middleware.js:107:7)
    at Multipart.emit (node:events:519:28)
    at Multipart.emit (node:domain:488:12)
    at HeaderParser.cb (G:\ThreadsClone\ThreadsClone\server\node_modules\busboy\lib\types\multipart.js:358:14)
    at HeaderParser.push (G:\ThreadsClone\ThreadsClone\server\node_modules\busboy\lib\types\multipart.js:162:20)
    at SBMH.ssCb [as _cb] (G:\ThreadsClone\ThreadsClone\server\node_modules\busboy\lib\types\multipart.js:394:37)
    at feed (G:\ThreadsClone\ThreadsClone\server\node_modules\streamsearch\lib\sbmh.js:248:10)
    at SBMH.push (G:\ThreadsClone\ThreadsClone\server\node_modules\streamsearch\lib\sbmh.js:104:16)
2025-04-17T11:32:27.429Z [ERROR]: Error: Chỉ cho phép các định dạng ảnh hoặc video hợp lệ 
Stack: Error: Chỉ cho phép các định dạng ảnh hoặc video hợp lệ
    at fileFilter (G:\ThreadsClone\ThreadsClone\server\src\middlewares\uploadMiddleware.ts:18:8)
    at wrappedFileFilter (G:\ThreadsClone\ThreadsClone\server\node_modules\multer\index.js:44:7)
    at Multipart.<anonymous> (G:\ThreadsClone\ThreadsClone\server\node_modules\multer\lib\make-middleware.js:107:7)
    at Multipart.emit (node:events:519:28)
    at Multipart.emit (node:domain:488:12)
    at HeaderParser.cb (G:\ThreadsClone\ThreadsClone\server\node_modules\busboy\lib\types\multipart.js:358:14)
    at HeaderParser.push (G:\ThreadsClone\ThreadsClone\server\node_modules\busboy\lib\types\multipart.js:162:20)
    at SBMH.ssCb [as _cb] (G:\ThreadsClone\ThreadsClone\server\node_modules\busboy\lib\types\multipart.js:394:37)
    at feed (G:\ThreadsClone\ThreadsClone\server\node_modules\streamsearch\lib\sbmh.js:248:10)
    at SBMH.push (G:\ThreadsClone\ThreadsClone\server\node_modules\streamsearch\lib\sbmh.js:104:16)
2025-04-17T11:36:14.448Z [ERROR]: Error: Chỉ cho phép các định dạng ảnh hoặc video hợp lệ 
Stack: Error: Chỉ cho phép các định dạng ảnh hoặc video hợp lệ
    at fileFilter (G:\ThreadsClone\ThreadsClone\server\src\middlewares\uploadMiddleware.ts:18:8)
    at wrappedFileFilter (G:\ThreadsClone\ThreadsClone\server\node_modules\multer\index.js:44:7)
    at Multipart.<anonymous> (G:\ThreadsClone\ThreadsClone\server\node_modules\multer\lib\make-middleware.js:107:7)
    at Multipart.emit (node:events:519:28)
    at Multipart.emit (node:domain:488:12)
    at HeaderParser.cb (G:\ThreadsClone\ThreadsClone\server\node_modules\busboy\lib\types\multipart.js:358:14)
    at HeaderParser.push (G:\ThreadsClone\ThreadsClone\server\node_modules\busboy\lib\types\multipart.js:162:20)
    at SBMH.ssCb [as _cb] (G:\ThreadsClone\ThreadsClone\server\node_modules\busboy\lib\types\multipart.js:394:37)
    at feed (G:\ThreadsClone\ThreadsClone\server\node_modules\streamsearch\lib\sbmh.js:248:10)
    at SBMH.push (G:\ThreadsClone\ThreadsClone\server\node_modules\streamsearch\lib\sbmh.js:104:16)
2025-04-17T11:36:30.064Z [ERROR]: Error: Unexpected field 
Stack: MulterError: Unexpected field
    at wrappedFileFilter (G:\ThreadsClone\ThreadsClone\server\node_modules\multer\index.js:40:19)
    at Multipart.<anonymous> (G:\ThreadsClone\ThreadsClone\server\node_modules\multer\lib\make-middleware.js:107:7)
    at Multipart.emit (node:events:519:28)
    at Multipart.emit (node:domain:488:12)
    at HeaderParser.cb (G:\ThreadsClone\ThreadsClone\server\node_modules\busboy\lib\types\multipart.js:358:14)
    at HeaderParser.push (G:\ThreadsClone\ThreadsClone\server\node_modules\busboy\lib\types\multipart.js:162:20)
    at SBMH.ssCb [as _cb] (G:\ThreadsClone\ThreadsClone\server\node_modules\busboy\lib\types\multipart.js:394:37)
    at feed (G:\ThreadsClone\ThreadsClone\server\node_modules\streamsearch\lib\sbmh.js:248:10)
    at SBMH.push (G:\ThreadsClone\ThreadsClone\server\node_modules\streamsearch\lib\sbmh.js:104:16)
    at Multipart._write (G:\ThreadsClone\ThreadsClone\server\node_modules\busboy\lib\types\multipart.js:567:19)
2025-04-17T13:10:29.568Z [ERROR]: Error: Chỉ cho phép các định dạng ảnh hoặc video hợp lệ 
Stack: Error: Chỉ cho phép các định dạng ảnh hoặc video hợp lệ
    at fileFilter (G:\ThreadsClone\ThreadsClone\server\src\middlewares\uploadMiddleware.ts:18:8)
    at wrappedFileFilter (G:\ThreadsClone\ThreadsClone\server\node_modules\multer\index.js:44:7)
    at Multipart.<anonymous> (G:\ThreadsClone\ThreadsClone\server\node_modules\multer\lib\make-middleware.js:107:7)
    at Multipart.emit (node:events:519:28)
    at Multipart.emit (node:domain:488:12)
    at HeaderParser.cb (G:\ThreadsClone\ThreadsClone\server\node_modules\busboy\lib\types\multipart.js:358:14)
    at HeaderParser.push (G:\ThreadsClone\ThreadsClone\server\node_modules\busboy\lib\types\multipart.js:162:20)
    at SBMH.ssCb [as _cb] (G:\ThreadsClone\ThreadsClone\server\node_modules\busboy\lib\types\multipart.js:394:37)
    at feed (G:\ThreadsClone\ThreadsClone\server\node_modules\streamsearch\lib\sbmh.js:248:10)
    at SBMH.push (G:\ThreadsClone\ThreadsClone\server\node_modules\streamsearch\lib\sbmh.js:104:16)
2025-04-17T13:12:23.860Z [ERROR]: Error: Chỉ cho phép các định dạng ảnh hoặc video hợp lệ 
Stack: Error: Chỉ cho phép các định dạng ảnh hoặc video hợp lệ
    at fileFilter (G:\ThreadsClone\ThreadsClone\server\src\middlewares\uploadMiddleware.ts:18:8)
    at wrappedFileFilter (G:\ThreadsClone\ThreadsClone\server\node_modules\multer\index.js:44:7)
    at Multipart.<anonymous> (G:\ThreadsClone\ThreadsClone\server\node_modules\multer\lib\make-middleware.js:107:7)
    at Multipart.emit (node:events:519:28)
    at Multipart.emit (node:domain:488:12)
    at HeaderParser.cb (G:\ThreadsClone\ThreadsClone\server\node_modules\busboy\lib\types\multipart.js:358:14)
    at HeaderParser.push (G:\ThreadsClone\ThreadsClone\server\node_modules\busboy\lib\types\multipart.js:162:20)
    at SBMH.ssCb [as _cb] (G:\ThreadsClone\ThreadsClone\server\node_modules\busboy\lib\types\multipart.js:394:37)
    at feed (G:\ThreadsClone\ThreadsClone\server\node_modules\streamsearch\lib\sbmh.js:248:10)
    at SBMH.push (G:\ThreadsClone\ThreadsClone\server\node_modules\streamsearch\lib\sbmh.js:104:16)
2025-04-17T13:12:24.689Z [ERROR]: Error: Chỉ cho phép các định dạng ảnh hoặc video hợp lệ 
Stack: Error: Chỉ cho phép các định dạng ảnh hoặc video hợp lệ
    at fileFilter (G:\ThreadsClone\ThreadsClone\server\src\middlewares\uploadMiddleware.ts:18:8)
    at wrappedFileFilter (G:\ThreadsClone\ThreadsClone\server\node_modules\multer\index.js:44:7)
    at Multipart.<anonymous> (G:\ThreadsClone\ThreadsClone\server\node_modules\multer\lib\make-middleware.js:107:7)
    at Multipart.emit (node:events:519:28)
    at Multipart.emit (node:domain:488:12)
    at HeaderParser.cb (G:\ThreadsClone\ThreadsClone\server\node_modules\busboy\lib\types\multipart.js:358:14)
    at HeaderParser.push (G:\ThreadsClone\ThreadsClone\server\node_modules\busboy\lib\types\multipart.js:162:20)
    at SBMH.ssCb [as _cb] (G:\ThreadsClone\ThreadsClone\server\node_modules\busboy\lib\types\multipart.js:394:37)
    at feed (G:\ThreadsClone\ThreadsClone\server\node_modules\streamsearch\lib\sbmh.js:248:10)
    at SBMH.push (G:\ThreadsClone\ThreadsClone\server\node_modules\streamsearch\lib\sbmh.js:104:16)
2025-04-17T13:12:24.835Z [ERROR]: Error: Chỉ cho phép các định dạng ảnh hoặc video hợp lệ 
Stack: Error: Chỉ cho phép các định dạng ảnh hoặc video hợp lệ
    at fileFilter (G:\ThreadsClone\ThreadsClone\server\src\middlewares\uploadMiddleware.ts:18:8)
    at wrappedFileFilter (G:\ThreadsClone\ThreadsClone\server\node_modules\multer\index.js:44:7)
    at Multipart.<anonymous> (G:\ThreadsClone\ThreadsClone\server\node_modules\multer\lib\make-middleware.js:107:7)
    at Multipart.emit (node:events:519:28)
    at Multipart.emit (node:domain:488:12)
    at HeaderParser.cb (G:\ThreadsClone\ThreadsClone\server\node_modules\busboy\lib\types\multipart.js:358:14)
    at HeaderParser.push (G:\ThreadsClone\ThreadsClone\server\node_modules\busboy\lib\types\multipart.js:162:20)
    at SBMH.ssCb [as _cb] (G:\ThreadsClone\ThreadsClone\server\node_modules\busboy\lib\types\multipart.js:394:37)
    at feed (G:\ThreadsClone\ThreadsClone\server\node_modules\streamsearch\lib\sbmh.js:248:10)
    at SBMH.push (G:\ThreadsClone\ThreadsClone\server\node_modules\streamsearch\lib\sbmh.js:104:16)
2025-04-17T13:12:24.848Z [ERROR]: Error: Chỉ cho phép các định dạng ảnh hoặc video hợp lệ 
Stack: Error: Chỉ cho phép các định dạng ảnh hoặc video hợp lệ
    at fileFilter (G:\ThreadsClone\ThreadsClone\server\src\middlewares\uploadMiddleware.ts:18:8)
    at wrappedFileFilter (G:\ThreadsClone\ThreadsClone\server\node_modules\multer\index.js:44:7)
    at Multipart.<anonymous> (G:\ThreadsClone\ThreadsClone\server\node_modules\multer\lib\make-middleware.js:107:7)
    at Multipart.emit (node:events:519:28)
    at Multipart.emit (node:domain:488:12)
    at HeaderParser.cb (G:\ThreadsClone\ThreadsClone\server\node_modules\busboy\lib\types\multipart.js:358:14)
    at HeaderParser.push (G:\ThreadsClone\ThreadsClone\server\node_modules\busboy\lib\types\multipart.js:162:20)
    at SBMH.ssCb [as _cb] (G:\ThreadsClone\ThreadsClone\server\node_modules\busboy\lib\types\multipart.js:394:37)
    at feed (G:\ThreadsClone\ThreadsClone\server\node_modules\streamsearch\lib\sbmh.js:248:10)
    at SBMH.push (G:\ThreadsClone\ThreadsClone\server\node_modules\streamsearch\lib\sbmh.js:104:16)
2025-04-17T13:12:25.708Z [ERROR]: Error: Chỉ cho phép các định dạng ảnh hoặc video hợp lệ 
Stack: Error: Chỉ cho phép các định dạng ảnh hoặc video hợp lệ
    at fileFilter (G:\ThreadsClone\ThreadsClone\server\src\middlewares\uploadMiddleware.ts:18:8)
    at wrappedFileFilter (G:\ThreadsClone\ThreadsClone\server\node_modules\multer\index.js:44:7)
    at Multipart.<anonymous> (G:\ThreadsClone\ThreadsClone\server\node_modules\multer\lib\make-middleware.js:107:7)
    at Multipart.emit (node:events:519:28)
    at Multipart.emit (node:domain:488:12)
    at HeaderParser.cb (G:\ThreadsClone\ThreadsClone\server\node_modules\busboy\lib\types\multipart.js:358:14)
    at HeaderParser.push (G:\ThreadsClone\ThreadsClone\server\node_modules\busboy\lib\types\multipart.js:162:20)
    at SBMH.ssCb [as _cb] (G:\ThreadsClone\ThreadsClone\server\node_modules\busboy\lib\types\multipart.js:394:37)
    at feed (G:\ThreadsClone\ThreadsClone\server\node_modules\streamsearch\lib\sbmh.js:248:10)
    at SBMH.push (G:\ThreadsClone\ThreadsClone\server\node_modules\streamsearch\lib\sbmh.js:104:16)
2025-04-17T13:13:07.490Z [ERROR]: Error: Chỉ cho phép các định dạng ảnh hoặc video hợp lệ 
Stack: Error: Chỉ cho phép các định dạng ảnh hoặc video hợp lệ
    at fileFilter (G:\ThreadsClone\ThreadsClone\server\src\middlewares\uploadMiddleware.ts:18:8)
    at wrappedFileFilter (G:\ThreadsClone\ThreadsClone\server\node_modules\multer\index.js:44:7)
    at Multipart.<anonymous> (G:\ThreadsClone\ThreadsClone\server\node_modules\multer\lib\make-middleware.js:107:7)
    at Multipart.emit (node:events:519:28)
    at Multipart.emit (node:domain:488:12)
    at HeaderParser.cb (G:\ThreadsClone\ThreadsClone\server\node_modules\busboy\lib\types\multipart.js:358:14)
    at HeaderParser.push (G:\ThreadsClone\ThreadsClone\server\node_modules\busboy\lib\types\multipart.js:162:20)
    at SBMH.ssCb [as _cb] (G:\ThreadsClone\ThreadsClone\server\node_modules\busboy\lib\types\multipart.js:394:37)
    at feed (G:\ThreadsClone\ThreadsClone\server\node_modules\streamsearch\lib\sbmh.js:248:10)
    at SBMH.push (G:\ThreadsClone\ThreadsClone\server\node_modules\streamsearch\lib\sbmh.js:104:16)
2025-04-17T13:13:09.269Z [ERROR]: Error: Chỉ cho phép các định dạng ảnh hoặc video hợp lệ 
Stack: Error: Chỉ cho phép các định dạng ảnh hoặc video hợp lệ
    at fileFilter (G:\ThreadsClone\ThreadsClone\server\src\middlewares\uploadMiddleware.ts:18:8)
    at wrappedFileFilter (G:\ThreadsClone\ThreadsClone\server\node_modules\multer\index.js:44:7)
    at Multipart.<anonymous> (G:\ThreadsClone\ThreadsClone\server\node_modules\multer\lib\make-middleware.js:107:7)
    at Multipart.emit (node:events:519:28)
    at Multipart.emit (node:domain:488:12)
    at HeaderParser.cb (G:\ThreadsClone\ThreadsClone\server\node_modules\busboy\lib\types\multipart.js:358:14)
    at HeaderParser.push (G:\ThreadsClone\ThreadsClone\server\node_modules\busboy\lib\types\multipart.js:162:20)
    at SBMH.ssCb [as _cb] (G:\ThreadsClone\ThreadsClone\server\node_modules\busboy\lib\types\multipart.js:394:37)
    at feed (G:\ThreadsClone\ThreadsClone\server\node_modules\streamsearch\lib\sbmh.js:248:10)
    at SBMH.push (G:\ThreadsClone\ThreadsClone\server\node_modules\streamsearch\lib\sbmh.js:104:16)
2025-04-17T13:13:11.408Z [ERROR]: Error: Chỉ cho phép các định dạng ảnh hoặc video hợp lệ 
Stack: Error: Chỉ cho phép các định dạng ảnh hoặc video hợp lệ
    at fileFilter (G:\ThreadsClone\ThreadsClone\server\src\middlewares\uploadMiddleware.ts:18:8)
    at wrappedFileFilter (G:\ThreadsClone\ThreadsClone\server\node_modules\multer\index.js:44:7)
    at Multipart.<anonymous> (G:\ThreadsClone\ThreadsClone\server\node_modules\multer\lib\make-middleware.js:107:7)
    at Multipart.emit (node:events:519:28)
    at Multipart.emit (node:domain:488:12)
    at HeaderParser.cb (G:\ThreadsClone\ThreadsClone\server\node_modules\busboy\lib\types\multipart.js:358:14)
    at HeaderParser.push (G:\ThreadsClone\ThreadsClone\server\node_modules\busboy\lib\types\multipart.js:162:20)
    at SBMH.ssCb [as _cb] (G:\ThreadsClone\ThreadsClone\server\node_modules\busboy\lib\types\multipart.js:394:37)
    at feed (G:\ThreadsClone\ThreadsClone\server\node_modules\streamsearch\lib\sbmh.js:248:10)
    at SBMH.push (G:\ThreadsClone\ThreadsClone\server\node_modules\streamsearch\lib\sbmh.js:104:16)
2025-04-17T13:13:12.210Z [ERROR]: Error: Chỉ cho phép các định dạng ảnh hoặc video hợp lệ 
Stack: Error: Chỉ cho phép các định dạng ảnh hoặc video hợp lệ
    at fileFilter (G:\ThreadsClone\ThreadsClone\server\src\middlewares\uploadMiddleware.ts:18:8)
    at wrappedFileFilter (G:\ThreadsClone\ThreadsClone\server\node_modules\multer\index.js:44:7)
    at Multipart.<anonymous> (G:\ThreadsClone\ThreadsClone\server\node_modules\multer\lib\make-middleware.js:107:7)
    at Multipart.emit (node:events:519:28)
    at Multipart.emit (node:domain:488:12)
    at HeaderParser.cb (G:\ThreadsClone\ThreadsClone\server\node_modules\busboy\lib\types\multipart.js:358:14)
    at HeaderParser.push (G:\ThreadsClone\ThreadsClone\server\node_modules\busboy\lib\types\multipart.js:162:20)
    at SBMH.ssCb [as _cb] (G:\ThreadsClone\ThreadsClone\server\node_modules\busboy\lib\types\multipart.js:394:37)
    at feed (G:\ThreadsClone\ThreadsClone\server\node_modules\streamsearch\lib\sbmh.js:248:10)
    at SBMH.push (G:\ThreadsClone\ThreadsClone\server\node_modules\streamsearch\lib\sbmh.js:104:16)
2025-04-17T13:14:54.333Z [ERROR]: Error: Chỉ cho phép các định dạng ảnh hoặc video hợp lệ 
Stack: Error: Chỉ cho phép các định dạng ảnh hoặc video hợp lệ
    at fileFilter (G:\ThreadsClone\ThreadsClone\server\src\middlewares\uploadMiddleware.ts:18:8)
    at wrappedFileFilter (G:\ThreadsClone\ThreadsClone\server\node_modules\multer\index.js:44:7)
    at Multipart.<anonymous> (G:\ThreadsClone\ThreadsClone\server\node_modules\multer\lib\make-middleware.js:107:7)
    at Multipart.emit (node:events:519:28)
    at Multipart.emit (node:domain:488:12)
    at HeaderParser.cb (G:\ThreadsClone\ThreadsClone\server\node_modules\busboy\lib\types\multipart.js:358:14)
    at HeaderParser.push (G:\ThreadsClone\ThreadsClone\server\node_modules\busboy\lib\types\multipart.js:162:20)
    at SBMH.ssCb [as _cb] (G:\ThreadsClone\ThreadsClone\server\node_modules\busboy\lib\types\multipart.js:394:37)
    at feed (G:\ThreadsClone\ThreadsClone\server\node_modules\streamsearch\lib\sbmh.js:248:10)
    at SBMH.push (G:\ThreadsClone\ThreadsClone\server\node_modules\streamsearch\lib\sbmh.js:104:16)
2025-04-17T13:20:04.622Z [ERROR]: Error: Chỉ cho phép các định dạng ảnh hoặc video hợp lệ 
Stack: Error: Chỉ cho phép các định dạng ảnh hoặc video hợp lệ
    at fileFilter (G:\ThreadsClone\ThreadsClone\server\src\middlewares\uploadMiddleware.ts:18:8)
    at wrappedFileFilter (G:\ThreadsClone\ThreadsClone\server\node_modules\multer\index.js:44:7)
    at Multipart.<anonymous> (G:\ThreadsClone\ThreadsClone\server\node_modules\multer\lib\make-middleware.js:107:7)
    at Multipart.emit (node:events:519:28)
    at Multipart.emit (node:domain:488:12)
    at HeaderParser.cb (G:\ThreadsClone\ThreadsClone\server\node_modules\busboy\lib\types\multipart.js:358:14)
    at HeaderParser.push (G:\ThreadsClone\ThreadsClone\server\node_modules\busboy\lib\types\multipart.js:162:20)
    at SBMH.ssCb [as _cb] (G:\ThreadsClone\ThreadsClone\server\node_modules\busboy\lib\types\multipart.js:394:37)
    at feed (G:\ThreadsClone\ThreadsClone\server\node_modules\streamsearch\lib\sbmh.js:248:10)
    at SBMH.push (G:\ThreadsClone\ThreadsClone\server\node_modules\streamsearch\lib\sbmh.js:104:16)
2025-04-17T13:37:53.848Z [ERROR]: Error: Unexpected field 
Stack: MulterError: Unexpected field
    at wrappedFileFilter (G:\ThreadsClone\ThreadsClone\server\node_modules\multer\index.js:40:19)
    at Multipart.<anonymous> (G:\ThreadsClone\ThreadsClone\server\node_modules\multer\lib\make-middleware.js:107:7)
    at Multipart.emit (node:events:519:28)
    at Multipart.emit (node:domain:488:12)
    at HeaderParser.cb (G:\ThreadsClone\ThreadsClone\server\node_modules\busboy\lib\types\multipart.js:358:14)
    at HeaderParser.push (G:\ThreadsClone\ThreadsClone\server\node_modules\busboy\lib\types\multipart.js:162:20)
    at SBMH.ssCb [as _cb] (G:\ThreadsClone\ThreadsClone\server\node_modules\busboy\lib\types\multipart.js:394:37)
    at feed (G:\ThreadsClone\ThreadsClone\server\node_modules\streamsearch\lib\sbmh.js:248:10)
    at SBMH.push (G:\ThreadsClone\ThreadsClone\server\node_modules\streamsearch\lib\sbmh.js:104:16)
    at Multipart._write (G:\ThreadsClone\ThreadsClone\server\node_modules\busboy\lib\types\multipart.js:567:19)
2025-04-17T13:37:55.137Z [ERROR]: Error: Unexpected field 
Stack: MulterError: Unexpected field
    at wrappedFileFilter (G:\ThreadsClone\ThreadsClone\server\node_modules\multer\index.js:40:19)
    at Multipart.<anonymous> (G:\ThreadsClone\ThreadsClone\server\node_modules\multer\lib\make-middleware.js:107:7)
    at Multipart.emit (node:events:519:28)
    at Multipart.emit (node:domain:488:12)
    at HeaderParser.cb (G:\ThreadsClone\ThreadsClone\server\node_modules\busboy\lib\types\multipart.js:358:14)
    at HeaderParser.push (G:\ThreadsClone\ThreadsClone\server\node_modules\busboy\lib\types\multipart.js:162:20)
    at SBMH.ssCb [as _cb] (G:\ThreadsClone\ThreadsClone\server\node_modules\busboy\lib\types\multipart.js:394:37)
    at feed (G:\ThreadsClone\ThreadsClone\server\node_modules\streamsearch\lib\sbmh.js:248:10)
    at SBMH.push (G:\ThreadsClone\ThreadsClone\server\node_modules\streamsearch\lib\sbmh.js:104:16)
    at Multipart._write (G:\ThreadsClone\ThreadsClone\server\node_modules\busboy\lib\types\multipart.js:567:19)
2025-04-17T13:43:04.959Z [ERROR]: Error: Unexpected field 
Stack: MulterError: Unexpected field
    at wrappedFileFilter (G:\ThreadsClone\ThreadsClone\server\node_modules\multer\index.js:40:19)
    at Multipart.<anonymous> (G:\ThreadsClone\ThreadsClone\server\node_modules\multer\lib\make-middleware.js:107:7)
    at Multipart.emit (node:events:519:28)
    at Multipart.emit (node:domain:488:12)
    at HeaderParser.cb (G:\ThreadsClone\ThreadsClone\server\node_modules\busboy\lib\types\multipart.js:358:14)
    at HeaderParser.push (G:\ThreadsClone\ThreadsClone\server\node_modules\busboy\lib\types\multipart.js:162:20)
    at SBMH.ssCb [as _cb] (G:\ThreadsClone\ThreadsClone\server\node_modules\busboy\lib\types\multipart.js:394:37)
    at feed (G:\ThreadsClone\ThreadsClone\server\node_modules\streamsearch\lib\sbmh.js:248:10)
    at SBMH.push (G:\ThreadsClone\ThreadsClone\server\node_modules\streamsearch\lib\sbmh.js:104:16)
    at Multipart._write (G:\ThreadsClone\ThreadsClone\server\node_modules\busboy\lib\types\multipart.js:567:19)
2025-04-17T13:45:08.434Z [ERROR]: Error: Chỉ cho phép các định dạng ảnh hoặc video hợp lệ 
Stack: Error: Chỉ cho phép các định dạng ảnh hoặc video hợp lệ
    at fileFilter (G:\ThreadsClone\ThreadsClone\server\src\middlewares\uploadMiddleware.ts:18:8)
    at wrappedFileFilter (G:\ThreadsClone\ThreadsClone\server\node_modules\multer\index.js:44:7)
    at Multipart.<anonymous> (G:\ThreadsClone\ThreadsClone\server\node_modules\multer\lib\make-middleware.js:107:7)
    at Multipart.emit (node:events:519:28)
    at Multipart.emit (node:domain:488:12)
    at HeaderParser.cb (G:\ThreadsClone\ThreadsClone\server\node_modules\busboy\lib\types\multipart.js:358:14)
    at HeaderParser.push (G:\ThreadsClone\ThreadsClone\server\node_modules\busboy\lib\types\multipart.js:162:20)
    at SBMH.ssCb [as _cb] (G:\ThreadsClone\ThreadsClone\server\node_modules\busboy\lib\types\multipart.js:394:37)
    at feed (G:\ThreadsClone\ThreadsClone\server\node_modules\streamsearch\lib\sbmh.js:248:10)
    at SBMH.push (G:\ThreadsClone\ThreadsClone\server\node_modules\streamsearch\lib\sbmh.js:104:16)
2025-04-17T13:45:13.064Z [ERROR]: Error: Chỉ cho phép các định dạng ảnh hoặc video hợp lệ 
Stack: Error: Chỉ cho phép các định dạng ảnh hoặc video hợp lệ
    at fileFilter (G:\ThreadsClone\ThreadsClone\server\src\middlewares\uploadMiddleware.ts:18:8)
    at wrappedFileFilter (G:\ThreadsClone\ThreadsClone\server\node_modules\multer\index.js:44:7)
    at Multipart.<anonymous> (G:\ThreadsClone\ThreadsClone\server\node_modules\multer\lib\make-middleware.js:107:7)
    at Multipart.emit (node:events:519:28)
    at Multipart.emit (node:domain:488:12)
    at HeaderParser.cb (G:\ThreadsClone\ThreadsClone\server\node_modules\busboy\lib\types\multipart.js:358:14)
    at HeaderParser.push (G:\ThreadsClone\ThreadsClone\server\node_modules\busboy\lib\types\multipart.js:162:20)
    at SBMH.ssCb [as _cb] (G:\ThreadsClone\ThreadsClone\server\node_modules\busboy\lib\types\multipart.js:394:37)
    at feed (G:\ThreadsClone\ThreadsClone\server\node_modules\streamsearch\lib\sbmh.js:248:10)
    at SBMH.push (G:\ThreadsClone\ThreadsClone\server\node_modules\streamsearch\lib\sbmh.js:104:16)
2025-04-17T13:56:52.831Z [ERROR]: Error: Chỉ cho phép các định dạng ảnh hoặc video hợp lệ 
Stack: Error: Chỉ cho phép các định dạng ảnh hoặc video hợp lệ
    at fileFilter (G:\ThreadsClone\ThreadsClone\server\src\middlewares\uploadMiddleware.ts:18:8)
    at wrappedFileFilter (G:\ThreadsClone\ThreadsClone\server\node_modules\multer\index.js:44:7)
    at Multipart.<anonymous> (G:\ThreadsClone\ThreadsClone\server\node_modules\multer\lib\make-middleware.js:107:7)
    at Multipart.emit (node:events:519:28)
    at Multipart.emit (node:domain:488:12)
    at HeaderParser.cb (G:\ThreadsClone\ThreadsClone\server\node_modules\busboy\lib\types\multipart.js:358:14)
    at HeaderParser.push (G:\ThreadsClone\ThreadsClone\server\node_modules\busboy\lib\types\multipart.js:162:20)
    at SBMH.ssCb [as _cb] (G:\ThreadsClone\ThreadsClone\server\node_modules\busboy\lib\types\multipart.js:394:37)
    at feed (G:\ThreadsClone\ThreadsClone\server\node_modules\streamsearch\lib\sbmh.js:248:10)
    at SBMH.push (G:\ThreadsClone\ThreadsClone\server\node_modules\streamsearch\lib\sbmh.js:104:16)
2025-04-17T13:56:53.282Z [ERROR]: Error: Chỉ cho phép các định dạng ảnh hoặc video hợp lệ 
Stack: Error: Chỉ cho phép các định dạng ảnh hoặc video hợp lệ
    at fileFilter (G:\ThreadsClone\ThreadsClone\server\src\middlewares\uploadMiddleware.ts:18:8)
    at wrappedFileFilter (G:\ThreadsClone\ThreadsClone\server\node_modules\multer\index.js:44:7)
    at Multipart.<anonymous> (G:\ThreadsClone\ThreadsClone\server\node_modules\multer\lib\make-middleware.js:107:7)
    at Multipart.emit (node:events:519:28)
    at Multipart.emit (node:domain:488:12)
    at HeaderParser.cb (G:\ThreadsClone\ThreadsClone\server\node_modules\busboy\lib\types\multipart.js:358:14)
    at HeaderParser.push (G:\ThreadsClone\ThreadsClone\server\node_modules\busboy\lib\types\multipart.js:162:20)
    at SBMH.ssCb [as _cb] (G:\ThreadsClone\ThreadsClone\server\node_modules\busboy\lib\types\multipart.js:394:37)
    at feed (G:\ThreadsClone\ThreadsClone\server\node_modules\streamsearch\lib\sbmh.js:248:10)
    at SBMH.push (G:\ThreadsClone\ThreadsClone\server\node_modules\streamsearch\lib\sbmh.js:104:16)
2025-04-17T14:25:06.104Z [ERROR]: Error: Chỉ cho phép các định dạng ảnh hoặc video hợp lệ 
Stack: Error: Chỉ cho phép các định dạng ảnh hoặc video hợp lệ
    at fileFilter (G:\ThreadsClone\ThreadsClone\server\src\middlewares\uploadMiddleware.ts:18:8)
    at wrappedFileFilter (G:\ThreadsClone\ThreadsClone\server\node_modules\multer\index.js:44:7)
    at Multipart.<anonymous> (G:\ThreadsClone\ThreadsClone\server\node_modules\multer\lib\make-middleware.js:107:7)
    at Multipart.emit (node:events:519:28)
    at Multipart.emit (node:domain:488:12)
    at HeaderParser.cb (G:\ThreadsClone\ThreadsClone\server\node_modules\busboy\lib\types\multipart.js:358:14)
    at HeaderParser.push (G:\ThreadsClone\ThreadsClone\server\node_modules\busboy\lib\types\multipart.js:162:20)
    at SBMH.ssCb [as _cb] (G:\ThreadsClone\ThreadsClone\server\node_modules\busboy\lib\types\multipart.js:394:37)
    at feed (G:\ThreadsClone\ThreadsClone\server\node_modules\streamsearch\lib\sbmh.js:248:10)
    at SBMH.push (G:\ThreadsClone\ThreadsClone\server\node_modules\streamsearch\lib\sbmh.js:104:16)
2025-04-17T14:30:35.612Z [ERROR]: Error: Chỉ cho phép các định dạng ảnh hoặc video hợp lệ 
Stack: Error: Chỉ cho phép các định dạng ảnh hoặc video hợp lệ
    at fileFilter (G:\ThreadsClone\ThreadsClone\server\src\middlewares\uploadMiddleware.ts:18:8)
    at wrappedFileFilter (G:\ThreadsClone\ThreadsClone\server\node_modules\multer\index.js:44:7)
    at Multipart.<anonymous> (G:\ThreadsClone\ThreadsClone\server\node_modules\multer\lib\make-middleware.js:107:7)
    at Multipart.emit (node:events:519:28)
    at Multipart.emit (node:domain:488:12)
    at HeaderParser.cb (G:\ThreadsClone\ThreadsClone\server\node_modules\busboy\lib\types\multipart.js:358:14)
    at HeaderParser.push (G:\ThreadsClone\ThreadsClone\server\node_modules\busboy\lib\types\multipart.js:162:20)
    at SBMH.ssCb [as _cb] (G:\ThreadsClone\ThreadsClone\server\node_modules\busboy\lib\types\multipart.js:394:37)
    at feed (G:\ThreadsClone\ThreadsClone\server\node_modules\streamsearch\lib\sbmh.js:248:10)
    at SBMH.push (G:\ThreadsClone\ThreadsClone\server\node_modules\streamsearch\lib\sbmh.js:104:16)
2025-04-17T15:05:46.229Z [ERROR]: Error: Chỉ cho phép các định dạng ảnh hoặc video hợp lệ 
Stack: Error: Chỉ cho phép các định dạng ảnh hoặc video hợp lệ
    at fileFilter (G:\ThreadsClone\ThreadsClone\server\src\middlewares\uploadMiddleware.ts:18:8)
    at wrappedFileFilter (G:\ThreadsClone\ThreadsClone\server\node_modules\multer\index.js:44:7)
    at Multipart.<anonymous> (G:\ThreadsClone\ThreadsClone\server\node_modules\multer\lib\make-middleware.js:107:7)
    at Multipart.emit (node:events:519:28)
    at Multipart.emit (node:domain:488:12)
    at HeaderParser.cb (G:\ThreadsClone\ThreadsClone\server\node_modules\busboy\lib\types\multipart.js:358:14)
    at HeaderParser.push (G:\ThreadsClone\ThreadsClone\server\node_modules\busboy\lib\types\multipart.js:162:20)
    at SBMH.ssCb [as _cb] (G:\ThreadsClone\ThreadsClone\server\node_modules\busboy\lib\types\multipart.js:394:37)
    at feed (G:\ThreadsClone\ThreadsClone\server\node_modules\streamsearch\lib\sbmh.js:248:10)
    at SBMH.push (G:\ThreadsClone\ThreadsClone\server\node_modules\streamsearch\lib\sbmh.js:104:16)
2025-04-17T15:06:30.672Z [ERROR]: Error: Unexpected field 
Stack: MulterError: Unexpected field
    at wrappedFileFilter (G:\ThreadsClone\ThreadsClone\server\node_modules\multer\index.js:40:19)
    at Multipart.<anonymous> (G:\ThreadsClone\ThreadsClone\server\node_modules\multer\lib\make-middleware.js:107:7)
    at Multipart.emit (node:events:519:28)
    at Multipart.emit (node:domain:488:12)
    at HeaderParser.cb (G:\ThreadsClone\ThreadsClone\server\node_modules\busboy\lib\types\multipart.js:358:14)
    at HeaderParser.push (G:\ThreadsClone\ThreadsClone\server\node_modules\busboy\lib\types\multipart.js:162:20)
    at SBMH.ssCb [as _cb] (G:\ThreadsClone\ThreadsClone\server\node_modules\busboy\lib\types\multipart.js:394:37)
    at feed (G:\ThreadsClone\ThreadsClone\server\node_modules\streamsearch\lib\sbmh.js:248:10)
    at SBMH.push (G:\ThreadsClone\ThreadsClone\server\node_modules\streamsearch\lib\sbmh.js:104:16)
    at Multipart._write (G:\ThreadsClone\ThreadsClone\server\node_modules\busboy\lib\types\multipart.js:567:19)
2025-04-17T15:06:31.491Z [ERROR]: Error: Unexpected field 
Stack: MulterError: Unexpected field
    at wrappedFileFilter (G:\ThreadsClone\ThreadsClone\server\node_modules\multer\index.js:40:19)
    at Multipart.<anonymous> (G:\ThreadsClone\ThreadsClone\server\node_modules\multer\lib\make-middleware.js:107:7)
    at Multipart.emit (node:events:519:28)
    at Multipart.emit (node:domain:488:12)
    at HeaderParser.cb (G:\ThreadsClone\ThreadsClone\server\node_modules\busboy\lib\types\multipart.js:358:14)
    at HeaderParser.push (G:\ThreadsClone\ThreadsClone\server\node_modules\busboy\lib\types\multipart.js:162:20)
    at SBMH.ssCb [as _cb] (G:\ThreadsClone\ThreadsClone\server\node_modules\busboy\lib\types\multipart.js:394:37)
    at feed (G:\ThreadsClone\ThreadsClone\server\node_modules\streamsearch\lib\sbmh.js:248:10)
    at SBMH.push (G:\ThreadsClone\ThreadsClone\server\node_modules\streamsearch\lib\sbmh.js:104:16)
    at Multipart._write (G:\ThreadsClone\ThreadsClone\server\node_modules\busboy\lib\types\multipart.js:567:19)
2025-04-17T15:06:32.860Z [ERROR]: Error: Unexpected field 
Stack: MulterError: Unexpected field
    at wrappedFileFilter (G:\ThreadsClone\ThreadsClone\server\node_modules\multer\index.js:40:19)
    at Multipart.<anonymous> (G:\ThreadsClone\ThreadsClone\server\node_modules\multer\lib\make-middleware.js:107:7)
    at Multipart.emit (node:events:519:28)
    at Multipart.emit (node:domain:488:12)
    at HeaderParser.cb (G:\ThreadsClone\ThreadsClone\server\node_modules\busboy\lib\types\multipart.js:358:14)
    at HeaderParser.push (G:\ThreadsClone\ThreadsClone\server\node_modules\busboy\lib\types\multipart.js:162:20)
    at SBMH.ssCb [as _cb] (G:\ThreadsClone\ThreadsClone\server\node_modules\busboy\lib\types\multipart.js:394:37)
    at feed (G:\ThreadsClone\ThreadsClone\server\node_modules\streamsearch\lib\sbmh.js:248:10)
    at SBMH.push (G:\ThreadsClone\ThreadsClone\server\node_modules\streamsearch\lib\sbmh.js:104:16)
    at Multipart._write (G:\ThreadsClone\ThreadsClone\server\node_modules\busboy\lib\types\multipart.js:567:19)
2025-04-17T15:06:33.755Z [ERROR]: Error: Unexpected field 
Stack: MulterError: Unexpected field
    at wrappedFileFilter (G:\ThreadsClone\ThreadsClone\server\node_modules\multer\index.js:40:19)
    at Multipart.<anonymous> (G:\ThreadsClone\ThreadsClone\server\node_modules\multer\lib\make-middleware.js:107:7)
    at Multipart.emit (node:events:519:28)
    at Multipart.emit (node:domain:488:12)
    at HeaderParser.cb (G:\ThreadsClone\ThreadsClone\server\node_modules\busboy\lib\types\multipart.js:358:14)
    at HeaderParser.push (G:\ThreadsClone\ThreadsClone\server\node_modules\busboy\lib\types\multipart.js:162:20)
    at SBMH.ssCb [as _cb] (G:\ThreadsClone\ThreadsClone\server\node_modules\busboy\lib\types\multipart.js:394:37)
    at feed (G:\ThreadsClone\ThreadsClone\server\node_modules\streamsearch\lib\sbmh.js:248:10)
    at SBMH.push (G:\ThreadsClone\ThreadsClone\server\node_modules\streamsearch\lib\sbmh.js:104:16)
    at Multipart._write (G:\ThreadsClone\ThreadsClone\server\node_modules\busboy\lib\types\multipart.js:567:19)
2025-04-17T15:11:36.290Z [ERROR]: Error: Unexpected field 
Stack: MulterError: Unexpected field
    at wrappedFileFilter (G:\ThreadsClone\ThreadsClone\server\node_modules\multer\index.js:40:19)
    at Multipart.<anonymous> (G:\ThreadsClone\ThreadsClone\server\node_modules\multer\lib\make-middleware.js:107:7)
    at Multipart.emit (node:events:519:28)
    at Multipart.emit (node:domain:488:12)
    at HeaderParser.cb (G:\ThreadsClone\ThreadsClone\server\node_modules\busboy\lib\types\multipart.js:358:14)
    at HeaderParser.push (G:\ThreadsClone\ThreadsClone\server\node_modules\busboy\lib\types\multipart.js:162:20)
    at SBMH.ssCb [as _cb] (G:\ThreadsClone\ThreadsClone\server\node_modules\busboy\lib\types\multipart.js:394:37)
    at feed (G:\ThreadsClone\ThreadsClone\server\node_modules\streamsearch\lib\sbmh.js:248:10)
    at SBMH.push (G:\ThreadsClone\ThreadsClone\server\node_modules\streamsearch\lib\sbmh.js:104:16)
    at Multipart._write (G:\ThreadsClone\ThreadsClone\server\node_modules\busboy\lib\types\multipart.js:567:19)
2025-04-17T15:11:36.304Z [ERROR]: Error: Unexpected field 
Stack: MulterError: Unexpected field
    at wrappedFileFilter (G:\ThreadsClone\ThreadsClone\server\node_modules\multer\index.js:40:19)
    at Multipart.<anonymous> (G:\ThreadsClone\ThreadsClone\server\node_modules\multer\lib\make-middleware.js:107:7)
    at Multipart.emit (node:events:519:28)
    at Multipart.emit (node:domain:488:12)
    at HeaderParser.cb (G:\ThreadsClone\ThreadsClone\server\node_modules\busboy\lib\types\multipart.js:358:14)
    at HeaderParser.push (G:\ThreadsClone\ThreadsClone\server\node_modules\busboy\lib\types\multipart.js:162:20)
    at SBMH.ssCb [as _cb] (G:\ThreadsClone\ThreadsClone\server\node_modules\busboy\lib\types\multipart.js:394:37)
    at feed (G:\ThreadsClone\ThreadsClone\server\node_modules\streamsearch\lib\sbmh.js:248:10)
    at SBMH.push (G:\ThreadsClone\ThreadsClone\server\node_modules\streamsearch\lib\sbmh.js:104:16)
    at Multipart._write (G:\ThreadsClone\ThreadsClone\server\node_modules\busboy\lib\types\multipart.js:567:19)
2025-04-17T15:11:36.314Z [ERROR]: Error: Unexpected field 
Stack: MulterError: Unexpected field
    at wrappedFileFilter (G:\ThreadsClone\ThreadsClone\server\node_modules\multer\index.js:40:19)
    at Multipart.<anonymous> (G:\ThreadsClone\ThreadsClone\server\node_modules\multer\lib\make-middleware.js:107:7)
    at Multipart.emit (node:events:519:28)
    at Multipart.emit (node:domain:488:12)
    at HeaderParser.cb (G:\ThreadsClone\ThreadsClone\server\node_modules\busboy\lib\types\multipart.js:358:14)
    at HeaderParser.push (G:\ThreadsClone\ThreadsClone\server\node_modules\busboy\lib\types\multipart.js:162:20)
    at SBMH.ssCb [as _cb] (G:\ThreadsClone\ThreadsClone\server\node_modules\busboy\lib\types\multipart.js:394:37)
    at feed (G:\ThreadsClone\ThreadsClone\server\node_modules\streamsearch\lib\sbmh.js:248:10)
    at SBMH.push (G:\ThreadsClone\ThreadsClone\server\node_modules\streamsearch\lib\sbmh.js:104:16)
    at Multipart._write (G:\ThreadsClone\ThreadsClone\server\node_modules\busboy\lib\types\multipart.js:567:19)
2025-04-17T15:11:36.328Z [ERROR]: Error: Unexpected field 
Stack: MulterError: Unexpected field
    at wrappedFileFilter (G:\ThreadsClone\ThreadsClone\server\node_modules\multer\index.js:40:19)
    at Multipart.<anonymous> (G:\ThreadsClone\ThreadsClone\server\node_modules\multer\lib\make-middleware.js:107:7)
    at Multipart.emit (node:events:519:28)
    at Multipart.emit (node:domain:488:12)
    at HeaderParser.cb (G:\ThreadsClone\ThreadsClone\server\node_modules\busboy\lib\types\multipart.js:358:14)
    at HeaderParser.push (G:\ThreadsClone\ThreadsClone\server\node_modules\busboy\lib\types\multipart.js:162:20)
    at SBMH.ssCb [as _cb] (G:\ThreadsClone\ThreadsClone\server\node_modules\busboy\lib\types\multipart.js:394:37)
    at feed (G:\ThreadsClone\ThreadsClone\server\node_modules\streamsearch\lib\sbmh.js:248:10)
    at SBMH.push (G:\ThreadsClone\ThreadsClone\server\node_modules\streamsearch\lib\sbmh.js:104:16)
    at Multipart._write (G:\ThreadsClone\ThreadsClone\server\node_modules\busboy\lib\types\multipart.js:567:19)
2025-04-17T15:12:52.131Z [ERROR]: Error: Unexpected field 
Stack: MulterError: Unexpected field
    at wrappedFileFilter (G:\ThreadsClone\ThreadsClone\server\node_modules\multer\index.js:40:19)
    at Multipart.<anonymous> (G:\ThreadsClone\ThreadsClone\server\node_modules\multer\lib\make-middleware.js:107:7)
    at Multipart.emit (node:events:519:28)
    at Multipart.emit (node:domain:488:12)
    at HeaderParser.cb (G:\ThreadsClone\ThreadsClone\server\node_modules\busboy\lib\types\multipart.js:358:14)
    at HeaderParser.push (G:\ThreadsClone\ThreadsClone\server\node_modules\busboy\lib\types\multipart.js:162:20)
    at SBMH.ssCb [as _cb] (G:\ThreadsClone\ThreadsClone\server\node_modules\busboy\lib\types\multipart.js:394:37)
    at feed (G:\ThreadsClone\ThreadsClone\server\node_modules\streamsearch\lib\sbmh.js:248:10)
    at SBMH.push (G:\ThreadsClone\ThreadsClone\server\node_modules\streamsearch\lib\sbmh.js:104:16)
    at Multipart._write (G:\ThreadsClone\ThreadsClone\server\node_modules\busboy\lib\types\multipart.js:567:19)
2025-04-17T15:43:33.502Z [ERROR]: Error: Chỉ cho phép các định dạng ảnh hoặc video hợp lệ 
Stack: Error: Chỉ cho phép các định dạng ảnh hoặc video hợp lệ
    at fileFilter (G:\ThreadsClone\ThreadsClone\server\src\middlewares\uploadMiddleware.ts:18:8)
    at wrappedFileFilter (G:\ThreadsClone\ThreadsClone\server\node_modules\multer\index.js:44:7)
    at Multipart.<anonymous> (G:\ThreadsClone\ThreadsClone\server\node_modules\multer\lib\make-middleware.js:107:7)
    at Multipart.emit (node:events:519:28)
    at Multipart.emit (node:domain:488:12)
    at HeaderParser.cb (G:\ThreadsClone\ThreadsClone\server\node_modules\busboy\lib\types\multipart.js:358:14)
    at HeaderParser.push (G:\ThreadsClone\ThreadsClone\server\node_modules\busboy\lib\types\multipart.js:162:20)
    at SBMH.ssCb [as _cb] (G:\ThreadsClone\ThreadsClone\server\node_modules\busboy\lib\types\multipart.js:394:37)
    at feed (G:\ThreadsClone\ThreadsClone\server\node_modules\streamsearch\lib\sbmh.js:248:10)
    at SBMH.push (G:\ThreadsClone\ThreadsClone\server\node_modules\streamsearch\lib\sbmh.js:104:16)
2025-04-17T15:43:52.230Z [ERROR]: Error: Cannot find /api/threads/upload on this server 
Stack: Error: Cannot find /api/threads/upload on this server
    at G:\ThreadsClone\ThreadsClone\server\src\app.ts:42:8
    at Layer.handle [as handle_request] (G:\ThreadsClone\ThreadsClone\server\node_modules\express\lib\router\layer.js:95:5)
    at next (G:\ThreadsClone\ThreadsClone\server\node_modules\express\lib\router\route.js:149:13)
    at next (G:\ThreadsClone\ThreadsClone\server\node_modules\express\lib\router\route.js:145:7)
    at next (G:\ThreadsClone\ThreadsClone\server\node_modules\express\lib\router\route.js:145:7)
    at next (G:\ThreadsClone\ThreadsClone\server\node_modules\express\lib\router\route.js:145:7)
    at next (G:\ThreadsClone\ThreadsClone\server\node_modules\express\lib\router\route.js:145:7)
    at next (G:\ThreadsClone\ThreadsClone\server\node_modules\express\lib\router\route.js:145:7)
    at next (G:\ThreadsClone\ThreadsClone\server\node_modules\express\lib\router\route.js:145:7)
    at Route.dispatch (G:\ThreadsClone\ThreadsClone\server\node_modules\express\lib\router\route.js:119:3)
2025-04-17T15:43:53.401Z [ERROR]: Error: Cannot find /favicon.ico on this server 
Stack: Error: Cannot find /favicon.ico on this server
    at G:\ThreadsClone\ThreadsClone\server\src\app.ts:42:8
    at Layer.handle [as handle_request] (G:\ThreadsClone\ThreadsClone\server\node_modules\express\lib\router\layer.js:95:5)
    at next (G:\ThreadsClone\ThreadsClone\server\node_modules\express\lib\router\route.js:149:13)
    at next (G:\ThreadsClone\ThreadsClone\server\node_modules\express\lib\router\route.js:145:7)
    at next (G:\ThreadsClone\ThreadsClone\server\node_modules\express\lib\router\route.js:145:7)
    at next (G:\ThreadsClone\ThreadsClone\server\node_modules\express\lib\router\route.js:145:7)
    at next (G:\ThreadsClone\ThreadsClone\server\node_modules\express\lib\router\route.js:145:7)
    at next (G:\ThreadsClone\ThreadsClone\server\node_modules\express\lib\router\route.js:145:7)
    at next (G:\ThreadsClone\ThreadsClone\server\node_modules\express\lib\router\route.js:145:7)
    at Route.dispatch (G:\ThreadsClone\ThreadsClone\server\node_modules\express\lib\router\route.js:119:3)
2025-04-17T15:44:20.189Z [ERROR]: Error: Chỉ cho phép các định dạng ảnh hoặc video hợp lệ 
Stack: Error: Chỉ cho phép các định dạng ảnh hoặc video hợp lệ
    at fileFilter (G:\ThreadsClone\ThreadsClone\server\src\middlewares\uploadMiddleware.ts:18:8)
    at wrappedFileFilter (G:\ThreadsClone\ThreadsClone\server\node_modules\multer\index.js:44:7)
    at Multipart.<anonymous> (G:\ThreadsClone\ThreadsClone\server\node_modules\multer\lib\make-middleware.js:107:7)
    at Multipart.emit (node:events:519:28)
    at Multipart.emit (node:domain:488:12)
    at HeaderParser.cb (G:\ThreadsClone\ThreadsClone\server\node_modules\busboy\lib\types\multipart.js:358:14)
    at HeaderParser.push (G:\ThreadsClone\ThreadsClone\server\node_modules\busboy\lib\types\multipart.js:162:20)
    at SBMH.ssCb [as _cb] (G:\ThreadsClone\ThreadsClone\server\node_modules\busboy\lib\types\multipart.js:394:37)
    at feed (G:\ThreadsClone\ThreadsClone\server\node_modules\streamsearch\lib\sbmh.js:248:10)
    at SBMH.push (G:\ThreadsClone\ThreadsClone\server\node_modules\streamsearch\lib\sbmh.js:104:16)
2025-04-17T15:45:10.889Z [ERROR]: Error: Chỉ cho phép các định dạng ảnh hoặc video hợp lệ 
Stack: Error: Chỉ cho phép các định dạng ảnh hoặc video hợp lệ
    at fileFilter (G:\ThreadsClone\ThreadsClone\server\src\middlewares\uploadMiddleware.ts:18:8)
    at wrappedFileFilter (G:\ThreadsClone\ThreadsClone\server\node_modules\multer\index.js:44:7)
    at Multipart.<anonymous> (G:\ThreadsClone\ThreadsClone\server\node_modules\multer\lib\make-middleware.js:107:7)
    at Multipart.emit (node:events:519:28)
    at Multipart.emit (node:domain:488:12)
    at HeaderParser.cb (G:\ThreadsClone\ThreadsClone\server\node_modules\busboy\lib\types\multipart.js:358:14)
    at HeaderParser.push (G:\ThreadsClone\ThreadsClone\server\node_modules\busboy\lib\types\multipart.js:162:20)
    at SBMH.ssCb [as _cb] (G:\ThreadsClone\ThreadsClone\server\node_modules\busboy\lib\types\multipart.js:394:37)
    at feed (G:\ThreadsClone\ThreadsClone\server\node_modules\streamsearch\lib\sbmh.js:248:10)
    at SBMH.push (G:\ThreadsClone\ThreadsClone\server\node_modules\streamsearch\lib\sbmh.js:104:16)
2025-04-17T15:45:45.223Z [ERROR]: Error: Chỉ cho phép các định dạng ảnh hoặc video hợp lệ 
Stack: Error: Chỉ cho phép các định dạng ảnh hoặc video hợp lệ
    at fileFilter (G:\ThreadsClone\ThreadsClone\server\src\middlewares\uploadMiddleware.ts:18:8)
    at wrappedFileFilter (G:\ThreadsClone\ThreadsClone\server\node_modules\multer\index.js:44:7)
    at Multipart.<anonymous> (G:\ThreadsClone\ThreadsClone\server\node_modules\multer\lib\make-middleware.js:107:7)
    at Multipart.emit (node:events:519:28)
    at Multipart.emit (node:domain:488:12)
    at HeaderParser.cb (G:\ThreadsClone\ThreadsClone\server\node_modules\busboy\lib\types\multipart.js:358:14)
    at HeaderParser.push (G:\ThreadsClone\ThreadsClone\server\node_modules\busboy\lib\types\multipart.js:162:20)
    at SBMH.ssCb [as _cb] (G:\ThreadsClone\ThreadsClone\server\node_modules\busboy\lib\types\multipart.js:394:37)
    at feed (G:\ThreadsClone\ThreadsClone\server\node_modules\streamsearch\lib\sbmh.js:248:10)
    at SBMH.push (G:\ThreadsClone\ThreadsClone\server\node_modules\streamsearch\lib\sbmh.js:104:16)
2025-04-17T15:48:32.687Z [ERROR]: Error: Chỉ cho phép các định dạng ảnh hoặc video hợp lệ 
Stack: Error: Chỉ cho phép các định dạng ảnh hoặc video hợp lệ
    at fileFilter (G:\ThreadsClone\ThreadsClone\server\src\middlewares\uploadMiddleware.ts:18:8)
    at wrappedFileFilter (G:\ThreadsClone\ThreadsClone\server\node_modules\multer\index.js:44:7)
    at Multipart.<anonymous> (G:\ThreadsClone\ThreadsClone\server\node_modules\multer\lib\make-middleware.js:107:7)
    at Multipart.emit (node:events:519:28)
    at Multipart.emit (node:domain:488:12)
    at HeaderParser.cb (G:\ThreadsClone\ThreadsClone\server\node_modules\busboy\lib\types\multipart.js:358:14)
    at HeaderParser.push (G:\ThreadsClone\ThreadsClone\server\node_modules\busboy\lib\types\multipart.js:162:20)
    at SBMH.ssCb [as _cb] (G:\ThreadsClone\ThreadsClone\server\node_modules\busboy\lib\types\multipart.js:394:37)
    at feed (G:\ThreadsClone\ThreadsClone\server\node_modules\streamsearch\lib\sbmh.js:248:10)
    at SBMH.push (G:\ThreadsClone\ThreadsClone\server\node_modules\streamsearch\lib\sbmh.js:104:16)
2025-04-17T15:49:18.799Z [ERROR]: Error: Chỉ cho phép các định dạng ảnh hoặc video hợp lệ 
Stack: Error: Chỉ cho phép các định dạng ảnh hoặc video hợp lệ
    at fileFilter (G:\ThreadsClone\ThreadsClone\server\src\middlewares\uploadMiddleware.ts:18:8)
    at wrappedFileFilter (G:\ThreadsClone\ThreadsClone\server\node_modules\multer\index.js:44:7)
    at Multipart.<anonymous> (G:\ThreadsClone\ThreadsClone\server\node_modules\multer\lib\make-middleware.js:107:7)
    at Multipart.emit (node:events:519:28)
    at Multipart.emit (node:domain:488:12)
    at HeaderParser.cb (G:\ThreadsClone\ThreadsClone\server\node_modules\busboy\lib\types\multipart.js:358:14)
    at HeaderParser.push (G:\ThreadsClone\ThreadsClone\server\node_modules\busboy\lib\types\multipart.js:162:20)
    at SBMH.ssCb [as _cb] (G:\ThreadsClone\ThreadsClone\server\node_modules\busboy\lib\types\multipart.js:394:37)
    at feed (G:\ThreadsClone\ThreadsClone\server\node_modules\streamsearch\lib\sbmh.js:248:10)
    at SBMH.push (G:\ThreadsClone\ThreadsClone\server\node_modules\streamsearch\lib\sbmh.js:104:16)
2025-04-17T16:00:40.247Z [ERROR]: Error: Failed to upload avatar 
Stack: Error: Failed to upload avatar
    at Writable.<anonymous> (G:\ThreadsClone\ThreadsClone\server\src\controllers\userController.ts:82:23)
    at Writable.emit (node:events:531:35)
    at Writable.emit (node:domain:488:12)
    at emitErrorNT (node:internal/streams/destroy:169:8)
    at emitErrorCloseNT (node:internal/streams/destroy:128:3)
    at processTicksAndRejections (node:internal/process/task_queues:82:21)
2025-04-17T16:00:42.217Z [ERROR]: Error: Failed to upload avatar 
Stack: Error: Failed to upload avatar
    at Writable.<anonymous> (G:\ThreadsClone\ThreadsClone\server\src\controllers\userController.ts:82:23)
    at Writable.emit (node:events:531:35)
    at Writable.emit (node:domain:488:12)
    at emitErrorNT (node:internal/streams/destroy:169:8)
    at emitErrorCloseNT (node:internal/streams/destroy:128:3)
    at processTicksAndRejections (node:internal/process/task_queues:82:21)
2025-04-17T16:00:42.628Z [ERROR]: Error: Failed to upload avatar 
Stack: Error: Failed to upload avatar
    at Writable.<anonymous> (G:\ThreadsClone\ThreadsClone\server\src\controllers\userController.ts:82:23)
    at Writable.emit (node:events:531:35)
    at Writable.emit (node:domain:488:12)
    at emitErrorNT (node:internal/streams/destroy:169:8)
    at emitErrorCloseNT (node:internal/streams/destroy:128:3)
    at processTicksAndRejections (node:internal/process/task_queues:82:21)
2025-04-17T16:00:43.231Z [ERROR]: Error: Failed to upload avatar 
Stack: Error: Failed to upload avatar
    at Writable.<anonymous> (G:\ThreadsClone\ThreadsClone\server\src\controllers\userController.ts:82:23)
    at Writable.emit (node:events:531:35)
    at Writable.emit (node:domain:488:12)
    at emitErrorNT (node:internal/streams/destroy:169:8)
    at emitErrorCloseNT (node:internal/streams/destroy:128:3)
    at processTicksAndRejections (node:internal/process/task_queues:82:21)
2025-04-17T16:00:43.420Z [ERROR]: Error: Failed to upload avatar 
Stack: Error: Failed to upload avatar
    at Writable.<anonymous> (G:\ThreadsClone\ThreadsClone\server\src\controllers\userController.ts:82:23)
    at Writable.emit (node:events:531:35)
    at Writable.emit (node:domain:488:12)
    at emitErrorNT (node:internal/streams/destroy:169:8)
    at emitErrorCloseNT (node:internal/streams/destroy:128:3)
    at processTicksAndRejections (node:internal/process/task_queues:82:21)
2025-04-17T16:00:43.727Z [ERROR]: Error: Failed to upload avatar 
Stack: Error: Failed to upload avatar
    at Writable.<anonymous> (G:\ThreadsClone\ThreadsClone\server\src\controllers\userController.ts:82:23)
    at Writable.emit (node:events:531:35)
    at Writable.emit (node:domain:488:12)
    at emitErrorNT (node:internal/streams/destroy:169:8)
    at emitErrorCloseNT (node:internal/streams/destroy:128:3)
    at processTicksAndRejections (node:internal/process/task_queues:82:21)
2025-04-17T16:00:43.918Z [ERROR]: Error: Failed to upload avatar 
Stack: Error: Failed to upload avatar
    at Writable.<anonymous> (G:\ThreadsClone\ThreadsClone\server\src\controllers\userController.ts:82:23)
    at Writable.emit (node:events:531:35)
    at Writable.emit (node:domain:488:12)
    at emitErrorNT (node:internal/streams/destroy:169:8)
    at emitErrorCloseNT (node:internal/streams/destroy:128:3)
    at processTicksAndRejections (node:internal/process/task_queues:82:21)
2025-04-17T16:00:44.164Z [ERROR]: Error: Failed to upload avatar 
Stack: Error: Failed to upload avatar
    at Writable.<anonymous> (G:\ThreadsClone\ThreadsClone\server\src\controllers\userController.ts:82:23)
    at Writable.emit (node:events:531:35)
    at Writable.emit (node:domain:488:12)
    at emitErrorNT (node:internal/streams/destroy:169:8)
    at emitErrorCloseNT (node:internal/streams/destroy:128:3)
    at processTicksAndRejections (node:internal/process/task_queues:82:21)
2025-04-17T16:00:44.328Z [ERROR]: Error: Failed to upload avatar 
Stack: Error: Failed to upload avatar
    at Writable.<anonymous> (G:\ThreadsClone\ThreadsClone\server\src\controllers\userController.ts:82:23)
    at Writable.emit (node:events:531:35)
    at Writable.emit (node:domain:488:12)
    at emitErrorNT (node:internal/streams/destroy:169:8)
    at emitErrorCloseNT (node:internal/streams/destroy:128:3)
    at processTicksAndRejections (node:internal/process/task_queues:82:21)
2025-04-17T16:00:44.814Z [ERROR]: Error: Failed to upload avatar 
Stack: Error: Failed to upload avatar
    at Writable.<anonymous> (G:\ThreadsClone\ThreadsClone\server\src\controllers\userController.ts:82:23)
    at Writable.emit (node:events:531:35)
    at Writable.emit (node:domain:488:12)
    at emitErrorNT (node:internal/streams/destroy:169:8)
    at emitErrorCloseNT (node:internal/streams/destroy:128:3)
    at processTicksAndRejections (node:internal/process/task_queues:82:21)
2025-04-17T16:00:45.062Z [ERROR]: Error: Failed to upload avatar 
Stack: Error: Failed to upload avatar
    at Writable.<anonymous> (G:\ThreadsClone\ThreadsClone\server\src\controllers\userController.ts:82:23)
    at Writable.emit (node:events:531:35)
    at Writable.emit (node:domain:488:12)
    at emitErrorNT (node:internal/streams/destroy:169:8)
    at emitErrorCloseNT (node:internal/streams/destroy:128:3)
    at processTicksAndRejections (node:internal/process/task_queues:82:21)
2025-04-17T16:00:45.198Z [ERROR]: Error: Failed to upload avatar 
Stack: Error: Failed to upload avatar
    at Writable.<anonymous> (G:\ThreadsClone\ThreadsClone\server\src\controllers\userController.ts:82:23)
    at Writable.emit (node:events:531:35)
    at Writable.emit (node:domain:488:12)
    at emitErrorNT (node:internal/streams/destroy:169:8)
    at emitErrorCloseNT (node:internal/streams/destroy:128:3)
    at processTicksAndRejections (node:internal/process/task_queues:82:21)
2025-04-17T16:00:45.367Z [ERROR]: Error: Failed to upload avatar 
Stack: Error: Failed to upload avatar
    at Writable.<anonymous> (G:\ThreadsClone\ThreadsClone\server\src\controllers\userController.ts:82:23)
    at Writable.emit (node:events:531:35)
    at Writable.emit (node:domain:488:12)
    at emitErrorNT (node:internal/streams/destroy:169:8)
    at emitErrorCloseNT (node:internal/streams/destroy:128:3)
    at processTicksAndRejections (node:internal/process/task_queues:82:21)
2025-04-17T16:00:45.415Z [ERROR]: Error: Failed to upload avatar 
Stack: Error: Failed to upload avatar
    at Writable.<anonymous> (G:\ThreadsClone\ThreadsClone\server\src\controllers\userController.ts:82:23)
    at Writable.emit (node:events:531:35)
    at Writable.emit (node:domain:488:12)
    at emitErrorNT (node:internal/streams/destroy:169:8)
    at emitErrorCloseNT (node:internal/streams/destroy:128:3)
    at processTicksAndRejections (node:internal/process/task_queues:82:21)
2025-04-17T16:00:45.657Z [ERROR]: Error: Failed to upload avatar 
Stack: Error: Failed to upload avatar
    at Writable.<anonymous> (G:\ThreadsClone\ThreadsClone\server\src\controllers\userController.ts:82:23)
    at Writable.emit (node:events:531:35)
    at Writable.emit (node:domain:488:12)
    at emitErrorNT (node:internal/streams/destroy:169:8)
    at emitErrorCloseNT (node:internal/streams/destroy:128:3)
    at processTicksAndRejections (node:internal/process/task_queues:82:21)
2025-04-17T16:00:46.025Z [ERROR]: Error: Failed to upload avatar 
Stack: Error: Failed to upload avatar
    at Writable.<anonymous> (G:\ThreadsClone\ThreadsClone\server\src\controllers\userController.ts:82:23)
    at Writable.emit (node:events:531:35)
    at Writable.emit (node:domain:488:12)
    at emitErrorNT (node:internal/streams/destroy:169:8)
    at emitErrorCloseNT (node:internal/streams/destroy:128:3)
    at processTicksAndRejections (node:internal/process/task_queues:82:21)
2025-04-17T16:00:46.178Z [ERROR]: Error: Failed to upload avatar 
Stack: Error: Failed to upload avatar
    at Writable.<anonymous> (G:\ThreadsClone\ThreadsClone\server\src\controllers\userController.ts:82:23)
    at Writable.emit (node:events:531:35)
    at Writable.emit (node:domain:488:12)
    at emitErrorNT (node:internal/streams/destroy:169:8)
    at emitErrorCloseNT (node:internal/streams/destroy:128:3)
    at processTicksAndRejections (node:internal/process/task_queues:82:21)
2025-04-17T16:00:46.359Z [ERROR]: Error: Failed to upload avatar 
Stack: Error: Failed to upload avatar
    at Writable.<anonymous> (G:\ThreadsClone\ThreadsClone\server\src\controllers\userController.ts:82:23)
    at Writable.emit (node:events:531:35)
    at Writable.emit (node:domain:488:12)
    at emitErrorNT (node:internal/streams/destroy:169:8)
    at emitErrorCloseNT (node:internal/streams/destroy:128:3)
    at processTicksAndRejections (node:internal/process/task_queues:82:21)
2025-04-17T16:00:46.661Z [ERROR]: Error: Failed to upload avatar 
Stack: Error: Failed to upload avatar
    at Writable.<anonymous> (G:\ThreadsClone\ThreadsClone\server\src\controllers\userController.ts:82:23)
    at Writable.emit (node:events:531:35)
    at Writable.emit (node:domain:488:12)
    at emitErrorNT (node:internal/streams/destroy:169:8)
    at emitErrorCloseNT (node:internal/streams/destroy:128:3)
    at processTicksAndRejections (node:internal/process/task_queues:82:21)
2025-04-17T16:00:47.064Z [ERROR]: Error: Failed to upload avatar 
Stack: Error: Failed to upload avatar
    at Writable.<anonymous> (G:\ThreadsClone\ThreadsClone\server\src\controllers\userController.ts:82:23)
    at Writable.emit (node:events:531:35)
    at Writable.emit (node:domain:488:12)
    at emitErrorNT (node:internal/streams/destroy:169:8)
    at emitErrorCloseNT (node:internal/streams/destroy:128:3)
    at processTicksAndRejections (node:internal/process/task_queues:82:21)
2025-04-17T16:00:47.269Z [ERROR]: Error: Failed to upload avatar 
Stack: Error: Failed to upload avatar
    at Writable.<anonymous> (G:\ThreadsClone\ThreadsClone\server\src\controllers\userController.ts:82:23)
    at Writable.emit (node:events:531:35)
    at Writable.emit (node:domain:488:12)
    at emitErrorNT (node:internal/streams/destroy:169:8)
    at emitErrorCloseNT (node:internal/streams/destroy:128:3)
    at processTicksAndRejections (node:internal/process/task_queues:82:21)
2025-04-17T16:00:47.323Z [ERROR]: Error: Failed to upload avatar 
Stack: Error: Failed to upload avatar
    at Writable.<anonymous> (G:\ThreadsClone\ThreadsClone\server\src\controllers\userController.ts:82:23)
    at Writable.emit (node:events:531:35)
    at Writable.emit (node:domain:488:12)
    at emitErrorNT (node:internal/streams/destroy:169:8)
    at emitErrorCloseNT (node:internal/streams/destroy:128:3)
    at processTicksAndRejections (node:internal/process/task_queues:82:21)
2025-04-17T16:00:47.391Z [ERROR]: Error: Failed to upload avatar 
Stack: Error: Failed to upload avatar
    at Writable.<anonymous> (G:\ThreadsClone\ThreadsClone\server\src\controllers\userController.ts:82:23)
    at Writable.emit (node:events:531:35)
    at Writable.emit (node:domain:488:12)
    at emitErrorNT (node:internal/streams/destroy:169:8)
    at emitErrorCloseNT (node:internal/streams/destroy:128:3)
    at processTicksAndRejections (node:internal/process/task_queues:82:21)
2025-04-17T16:00:47.594Z [ERROR]: Error: Failed to upload avatar 
Stack: Error: Failed to upload avatar
    at Writable.<anonymous> (G:\ThreadsClone\ThreadsClone\server\src\controllers\userController.ts:82:23)
    at Writable.emit (node:events:531:35)
    at Writable.emit (node:domain:488:12)
    at emitErrorNT (node:internal/streams/destroy:169:8)
    at emitErrorCloseNT (node:internal/streams/destroy:128:3)
    at processTicksAndRejections (node:internal/process/task_queues:82:21)
2025-04-17T16:00:51.337Z [ERROR]: Error: Failed to upload avatar 
Stack: Error: Failed to upload avatar
    at Writable.<anonymous> (G:\ThreadsClone\ThreadsClone\server\src\controllers\userController.ts:82:23)
    at Writable.emit (node:events:531:35)
    at Writable.emit (node:domain:488:12)
    at emitErrorNT (node:internal/streams/destroy:169:8)
    at emitErrorCloseNT (node:internal/streams/destroy:128:3)
    at processTicksAndRejections (node:internal/process/task_queues:82:21)
2025-04-17T16:00:51.564Z [ERROR]: Error: Failed to upload avatar 
Stack: Error: Failed to upload avatar
    at Writable.<anonymous> (G:\ThreadsClone\ThreadsClone\server\src\controllers\userController.ts:82:23)
    at Writable.emit (node:events:531:35)
    at Writable.emit (node:domain:488:12)
    at emitErrorNT (node:internal/streams/destroy:169:8)
    at emitErrorCloseNT (node:internal/streams/destroy:128:3)
    at processTicksAndRejections (node:internal/process/task_queues:82:21)
2025-04-18T00:18:56.908Z [ERROR]: Error: Failed to upload avatar 
Stack: Error: Failed to upload avatar
    at Writable.<anonymous> (G:\ThreadsClone\ThreadsClone\server\src\controllers\userController.ts:82:23)
    at Writable.emit (node:events:531:35)
    at Writable.emit (node:domain:488:12)
    at emitErrorNT (node:internal/streams/destroy:169:8)
    at emitErrorCloseNT (node:internal/streams/destroy:128:3)
    at processTicksAndRejections (node:internal/process/task_queues:82:21)
2025-04-18T00:41:33.052Z [ERROR]: Error: Failed to upload avatar 
Stack: Error: Failed to upload avatar
    at Writable.<anonymous> (G:\ThreadsClone\ThreadsClone\server\src\controllers\userController.ts:82:23)
    at Writable.emit (node:events:531:35)
    at Writable.emit (node:domain:488:12)
    at emitErrorNT (node:internal/streams/destroy:169:8)
    at emitErrorCloseNT (node:internal/streams/destroy:128:3)
    at processTicksAndRejections (node:internal/process/task_queues:82:21)
2025-04-18T00:48:13.642Z [ERROR]: Error: Failed to upload avatar 
Stack: Error: Failed to upload avatar
    at Writable.<anonymous> (G:\ThreadsClone\ThreadsClone\server\src\controllers\userController.ts:82:23)
    at Writable.emit (node:events:531:35)
    at Writable.emit (node:domain:488:12)
    at emitErrorNT (node:internal/streams/destroy:169:8)
    at emitErrorCloseNT (node:internal/streams/destroy:128:3)
    at processTicksAndRejections (node:internal/process/task_queues:82:21)
2025-04-18T04:02:18.970Z [ERROR]: Error: Chỉ cho phép các định dạng ảnh hoặc video hợp lệ 
Stack: Error: Chỉ cho phép các định dạng ảnh hoặc video hợp lệ
    at fileFilter (G:\ThreadsClone\ThreadsClone\server\src\middlewares\uploadMiddleware.ts:18:8)
    at wrappedFileFilter (G:\ThreadsClone\ThreadsClone\server\node_modules\multer\index.js:44:7)
    at Multipart.<anonymous> (G:\ThreadsClone\ThreadsClone\server\node_modules\multer\lib\make-middleware.js:109:7)
    at Multipart.emit (node:events:519:28)
    at Multipart.emit (node:domain:488:12)
    at HeaderParser.cb (G:\ThreadsClone\ThreadsClone\server\node_modules\busboy\lib\types\multipart.js:358:14)
    at HeaderParser.push (G:\ThreadsClone\ThreadsClone\server\node_modules\busboy\lib\types\multipart.js:162:20)
    at SBMH.ssCb [as _cb] (G:\ThreadsClone\ThreadsClone\server\node_modules\busboy\lib\types\multipart.js:394:37)
    at feed (G:\ThreadsClone\ThreadsClone\server\node_modules\streamsearch\lib\sbmh.js:248:10)
    at SBMH.push (G:\ThreadsClone\ThreadsClone\server\node_modules\streamsearch\lib\sbmh.js:104:16)
2025-04-18T04:07:00.731Z [ERROR]: Error: Chỉ cho phép các định dạng ảnh hoặc video hợp lệ 
Stack: Error: Chỉ cho phép các định dạng ảnh hoặc video hợp lệ
    at fileFilter (G:\ThreadsClone\ThreadsClone\server\src\middlewares\uploadMiddleware.ts:18:8)
    at wrappedFileFilter (G:\ThreadsClone\ThreadsClone\server\node_modules\multer\index.js:44:7)
    at Multipart.<anonymous> (G:\ThreadsClone\ThreadsClone\server\node_modules\multer\lib\make-middleware.js:109:7)
    at Multipart.emit (node:events:519:28)
    at Multipart.emit (node:domain:488:12)
    at HeaderParser.cb (G:\ThreadsClone\ThreadsClone\server\node_modules\busboy\lib\types\multipart.js:358:14)
    at HeaderParser.push (G:\ThreadsClone\ThreadsClone\server\node_modules\busboy\lib\types\multipart.js:162:20)
    at SBMH.ssCb [as _cb] (G:\ThreadsClone\ThreadsClone\server\node_modules\busboy\lib\types\multipart.js:394:37)
    at feed (G:\ThreadsClone\ThreadsClone\server\node_modules\streamsearch\lib\sbmh.js:248:10)
    at SBMH.push (G:\ThreadsClone\ThreadsClone\server\node_modules\streamsearch\lib\sbmh.js:104:16)
2025-04-18T04:17:05.785Z [ERROR]: Error: Invalid file type: mimetype=image/jpeg, extname=.. Allowed mimetypes: image/jpeg, image/jpg, image/png, image/gif, image/webp, video/mp4, video/mpeg, video/webm, video/quicktime, video/x-msvideo 
Stack: Error: Invalid file type: mimetype=image/jpeg, extname=.. Allowed mimetypes: image/jpeg, image/jpg, image/png, image/gif, image/webp, video/mp4, video/mpeg, video/webm, video/quicktime, video/x-msvideo
    at fileFilter (G:\ThreadsClone\ThreadsClone\server\src\middlewares\uploadMiddleware.ts:60:8)
    at wrappedFileFilter (G:\ThreadsClone\ThreadsClone\server\node_modules\multer\index.js:44:7)
    at Multipart.<anonymous> (G:\ThreadsClone\ThreadsClone\server\node_modules\multer\lib\make-middleware.js:109:7)
    at Multipart.emit (node:events:519:28)
    at Multipart.emit (node:domain:488:12)
    at HeaderParser.cb (G:\ThreadsClone\ThreadsClone\server\node_modules\busboy\lib\types\multipart.js:358:14)
    at HeaderParser.push (G:\ThreadsClone\ThreadsClone\server\node_modules\busboy\lib\types\multipart.js:162:20)
    at SBMH.ssCb [as _cb] (G:\ThreadsClone\ThreadsClone\server\node_modules\busboy\lib\types\multipart.js:394:37)
    at feed (G:\ThreadsClone\ThreadsClone\server\node_modules\streamsearch\lib\sbmh.js:248:10)
    at SBMH.push (G:\ThreadsClone\ThreadsClone\server\node_modules\streamsearch\lib\sbmh.js:104:16)
2025-04-25T09:18:35.148Z [ERROR]: Error: Thread validation failed: content: thread content is required 
Stack: ValidationError: Thread validation failed: content: thread content is required
    at model.Document.invalidate (G:\ThreadsClone\ThreadsClone\server\node_modules\mongoose\lib\document.js:3318:32)
    at G:\ThreadsClone\ThreadsClone\server\node_modules\mongoose\lib\document.js:3079:17
    at G:\ThreadsClone\ThreadsClone\server\node_modules\mongoose\lib\schemaType.js:1388:9
    at processTicksAndRejections (node:internal/process/task_queues:77:11)
2025-04-25T09:24:30.856Z [ERROR]: Error: Thread validation failed: content: thread content is required 
Stack: ValidationError: Thread validation failed: content: thread content is required
    at model.Document.invalidate (G:\ThreadsClone\ThreadsClone\server\node_modules\mongoose\lib\document.js:3318:32)
    at G:\ThreadsClone\ThreadsClone\server\node_modules\mongoose\lib\document.js:3079:17
    at G:\ThreadsClone\ThreadsClone\server\node_modules\mongoose\lib\schemaType.js:1388:9
    at processTicksAndRejections (node:internal/process/task_queues:77:11)
2025-04-26T02:41:49.719Z [ERROR]: Error: No files uploaded 
Stack: Error: No files uploaded
    at G:\ThreadsClone\ThreadsClone\server\src\controllers\threadController.ts:23:13
    at G:\ThreadsClone\ThreadsClone\server\src\middlewares\asyncHandler.ts:7:5
    at Layer.handle [as handle_request] (G:\ThreadsClone\ThreadsClone\server\node_modules\express\lib\router\layer.js:95:5)
    at next (G:\ThreadsClone\ThreadsClone\server\node_modules\express\lib\router\route.js:149:13)
    at authMiddleware (G:\ThreadsClone\ThreadsClone\server\src\middlewares\auth.ts:39:5)
    at processTicksAndRejections (node:internal/process/task_queues:95:5)
2025-04-26T02:41:51.243Z [ERROR]: Error: No files uploaded 
Stack: Error: No files uploaded
    at G:\ThreadsClone\ThreadsClone\server\src\controllers\threadController.ts:23:13
    at G:\ThreadsClone\ThreadsClone\server\src\middlewares\asyncHandler.ts:7:5
    at Layer.handle [as handle_request] (G:\ThreadsClone\ThreadsClone\server\node_modules\express\lib\router\layer.js:95:5)
    at next (G:\ThreadsClone\ThreadsClone\server\node_modules\express\lib\router\route.js:149:13)
    at authMiddleware (G:\ThreadsClone\ThreadsClone\server\src\middlewares\auth.ts:39:5)
    at processTicksAndRejections (node:internal/process/task_queues:95:5)
2025-04-26T02:41:51.995Z [ERROR]: Error: No files uploaded 
Stack: Error: No files uploaded
    at G:\ThreadsClone\ThreadsClone\server\src\controllers\threadController.ts:23:13
    at G:\ThreadsClone\ThreadsClone\server\src\middlewares\asyncHandler.ts:7:5
    at Layer.handle [as handle_request] (G:\ThreadsClone\ThreadsClone\server\node_modules\express\lib\router\layer.js:95:5)
    at next (G:\ThreadsClone\ThreadsClone\server\node_modules\express\lib\router\route.js:149:13)
    at authMiddleware (G:\ThreadsClone\ThreadsClone\server\src\middlewares\auth.ts:39:5)
    at processTicksAndRejections (node:internal/process/task_queues:95:5)
2025-04-26T02:41:52.652Z [ERROR]: Error: No files uploaded 
Stack: Error: No files uploaded
    at G:\ThreadsClone\ThreadsClone\server\src\controllers\threadController.ts:23:13
    at G:\ThreadsClone\ThreadsClone\server\src\middlewares\asyncHandler.ts:7:5
    at Layer.handle [as handle_request] (G:\ThreadsClone\ThreadsClone\server\node_modules\express\lib\router\layer.js:95:5)
    at next (G:\ThreadsClone\ThreadsClone\server\node_modules\express\lib\router\route.js:149:13)
    at authMiddleware (G:\ThreadsClone\ThreadsClone\server\src\middlewares\auth.ts:39:5)
    at processTicksAndRejections (node:internal/process/task_queues:95:5)
2025-04-26T02:42:03.780Z [ERROR]: Error: No files uploaded 
Stack: Error: No files uploaded
    at G:\ThreadsClone\ThreadsClone\server\src\controllers\threadController.ts:23:13
    at G:\ThreadsClone\ThreadsClone\server\src\middlewares\asyncHandler.ts:7:5
    at Layer.handle [as handle_request] (G:\ThreadsClone\ThreadsClone\server\node_modules\express\lib\router\layer.js:95:5)
    at next (G:\ThreadsClone\ThreadsClone\server\node_modules\express\lib\router\route.js:149:13)
    at authMiddleware (G:\ThreadsClone\ThreadsClone\server\src\middlewares\auth.ts:39:5)
    at processTicksAndRejections (node:internal/process/task_queues:95:5)
2025-05-05T03:20:41.140Z [ERROR]: Error: Cannot find /auth/verify-email?token=14c2a707963feeebecd8cf65b9f4acda3b1c836286c49ec987a5810add5d2c52 on this server 
Stack: Error: Cannot find /auth/verify-email?token=14c2a707963feeebecd8cf65b9f4acda3b1c836286c49ec987a5810add5d2c52 on this server
    at G:\ThreadsClone\ThreadsClone\server\src\app.ts:46:8
    at Layer.handle [as handle_request] (G:\ThreadsClone\ThreadsClone\server\node_modules\express\lib\router\layer.js:95:5)
    at next (G:\ThreadsClone\ThreadsClone\server\node_modules\express\lib\router\route.js:149:13)
    at next (G:\ThreadsClone\ThreadsClone\server\node_modules\express\lib\router\route.js:145:7)
    at next (G:\ThreadsClone\ThreadsClone\server\node_modules\express\lib\router\route.js:145:7)
    at next (G:\ThreadsClone\ThreadsClone\server\node_modules\express\lib\router\route.js:145:7)
    at next (G:\ThreadsClone\ThreadsClone\server\node_modules\express\lib\router\route.js:145:7)
    at next (G:\ThreadsClone\ThreadsClone\server\node_modules\express\lib\router\route.js:145:7)
    at next (G:\ThreadsClone\ThreadsClone\server\node_modules\express\lib\router\route.js:145:7)
    at Route.dispatch (G:\ThreadsClone\ThreadsClone\server\node_modules\express\lib\router\route.js:119:3)
2025-05-05T03:20:42.241Z [ERROR]: Error: Cannot find /favicon.ico on this server 
Stack: Error: Cannot find /favicon.ico on this server
    at G:\ThreadsClone\ThreadsClone\server\src\app.ts:46:8
    at Layer.handle [as handle_request] (G:\ThreadsClone\ThreadsClone\server\node_modules\express\lib\router\layer.js:95:5)
    at next (G:\ThreadsClone\ThreadsClone\server\node_modules\express\lib\router\route.js:149:13)
    at next (G:\ThreadsClone\ThreadsClone\server\node_modules\express\lib\router\route.js:145:7)
    at next (G:\ThreadsClone\ThreadsClone\server\node_modules\express\lib\router\route.js:145:7)
    at next (G:\ThreadsClone\ThreadsClone\server\node_modules\express\lib\router\route.js:145:7)
    at next (G:\ThreadsClone\ThreadsClone\server\node_modules\express\lib\router\route.js:145:7)
    at next (G:\ThreadsClone\ThreadsClone\server\node_modules\express\lib\router\route.js:145:7)
    at next (G:\ThreadsClone\ThreadsClone\server\node_modules\express\lib\router\route.js:145:7)
    at Route.dispatch (G:\ThreadsClone\ThreadsClone\server\node_modules\express\lib\router\route.js:119:3)
2025-05-05T03:28:26.518Z [ERROR]: Error: Cannot find /auth/verify-email?token=5fb8941885a06c4cb9c56e1dd78a17794cb6ff63457e47cb83880de50e080356 on this server 
Stack: Error: Cannot find /auth/verify-email?token=5fb8941885a06c4cb9c56e1dd78a17794cb6ff63457e47cb83880de50e080356 on this server
    at G:\ThreadsClone\ThreadsClone\server\src\app.ts:46:8
    at Layer.handle [as handle_request] (G:\ThreadsClone\ThreadsClone\server\node_modules\express\lib\router\layer.js:95:5)
    at next (G:\ThreadsClone\ThreadsClone\server\node_modules\express\lib\router\route.js:149:13)
    at next (G:\ThreadsClone\ThreadsClone\server\node_modules\express\lib\router\route.js:145:7)
    at next (G:\ThreadsClone\ThreadsClone\server\node_modules\express\lib\router\route.js:145:7)
    at next (G:\ThreadsClone\ThreadsClone\server\node_modules\express\lib\router\route.js:145:7)
    at next (G:\ThreadsClone\ThreadsClone\server\node_modules\express\lib\router\route.js:145:7)
    at next (G:\ThreadsClone\ThreadsClone\server\node_modules\express\lib\router\route.js:145:7)
    at next (G:\ThreadsClone\ThreadsClone\server\node_modules\express\lib\router\route.js:145:7)
    at Route.dispatch (G:\ThreadsClone\ThreadsClone\server\node_modules\express\lib\router\route.js:119:3)
2025-05-05T03:29:56.024Z [ERROR]: Error: Cannot find /api/auth/verify-email?token=34270419e737274c1267f8578366ee875443380b86b7212ce0e961c658232ffb on this server 
Stack: Error: Cannot find /api/auth/verify-email?token=34270419e737274c1267f8578366ee875443380b86b7212ce0e961c658232ffb on this server
    at G:\ThreadsClone\ThreadsClone\server\src\app.ts:46:8
    at Layer.handle [as handle_request] (G:\ThreadsClone\ThreadsClone\server\node_modules\express\lib\router\layer.js:95:5)
    at next (G:\ThreadsClone\ThreadsClone\server\node_modules\express\lib\router\route.js:149:13)
    at next (G:\ThreadsClone\ThreadsClone\server\node_modules\express\lib\router\route.js:145:7)
    at next (G:\ThreadsClone\ThreadsClone\server\node_modules\express\lib\router\route.js:145:7)
    at next (G:\ThreadsClone\ThreadsClone\server\node_modules\express\lib\router\route.js:145:7)
    at next (G:\ThreadsClone\ThreadsClone\server\node_modules\express\lib\router\route.js:145:7)
    at next (G:\ThreadsClone\ThreadsClone\server\node_modules\express\lib\router\route.js:145:7)
    at next (G:\ThreadsClone\ThreadsClone\server\node_modules\express\lib\router\route.js:145:7)
    at Route.dispatch (G:\ThreadsClone\ThreadsClone\server\node_modules\express\lib\router\route.js:119:3)
2025-05-05T03:53:05.587Z [ERROR]: Register service error: E11000 duplicate key error collection: Threads.users index: name_1 dup key: { name: "AdminGens" }
2025-05-05T03:53:05.595Z [ERROR]: Register error: Internal server error
2025-05-05T03:53:12.361Z [ERROR]: Register service error: E11000 duplicate key error collection: Threads.users index: name_1 dup key: { name: "AdminGens" }
2025-05-05T03:53:12.363Z [ERROR]: Register error: Internal server error
2025-05-05T03:54:43.786Z [ERROR]: Error: Cannot find /api/auth/verify-email?token=85f322477f35019fc31f9d683a2710df3117da9ab16e69a38ea206ebbc859a90 on this server 
Stack: Error: Cannot find /api/auth/verify-email?token=85f322477f35019fc31f9d683a2710df3117da9ab16e69a38ea206ebbc859a90 on this server
    at G:\ThreadsClone\ThreadsClone\server\src\app.ts:46:8
    at Layer.handle [as handle_request] (G:\ThreadsClone\ThreadsClone\server\node_modules\express\lib\router\layer.js:95:5)
    at next (G:\ThreadsClone\ThreadsClone\server\node_modules\express\lib\router\route.js:149:13)
    at next (G:\ThreadsClone\ThreadsClone\server\node_modules\express\lib\router\route.js:145:7)
    at next (G:\ThreadsClone\ThreadsClone\server\node_modules\express\lib\router\route.js:145:7)
    at next (G:\ThreadsClone\ThreadsClone\server\node_modules\express\lib\router\route.js:145:7)
    at next (G:\ThreadsClone\ThreadsClone\server\node_modules\express\lib\router\route.js:145:7)
    at next (G:\ThreadsClone\ThreadsClone\server\node_modules\express\lib\router\route.js:145:7)
    at next (G:\ThreadsClone\ThreadsClone\server\node_modules\express\lib\router\route.js:145:7)
    at Route.dispatch (G:\ThreadsClone\ThreadsClone\server\node_modules\express\lib\router\route.js:119:3)
2025-05-05T04:38:12.113Z [ERROR]: Error: Failed to lookup view "verify-success" in views directory "G:\ThreadsClone\ThreadsClone\server\src\views" 
Stack: Error: Failed to lookup view "verify-success" in views directory "G:\ThreadsClone\ThreadsClone\server\src\views"
    at Function.render (G:\ThreadsClone\ThreadsClone\server\node_modules\express\lib\application.js:597:17)
    at ServerResponse.render (G:\ThreadsClone\ThreadsClone\server\node_modules\express\lib\response.js:1049:7)
    at G:\ThreadsClone\ThreadsClone\server\src\controllers\authController.ts:153:34
    at processTicksAndRejections (node:internal/process/task_queues:95:5)
2025-05-05T04:39:52.015Z [ERROR]: Verify email service error: Invalid or expired verification token
2025-05-05T04:39:52.018Z [ERROR]: Verify email error: Invalid or expired verification token
2025-05-05T04:39:55.192Z [ERROR]: Verify email service error: Invalid or expired verification token
2025-05-05T04:39:55.193Z [ERROR]: Verify email error: Invalid or expired verification token
2025-05-05T08:23:10.581Z [ERROR]: Error: Cannot find /favicon.ico on this server 
Stack: Error: Cannot find /favicon.ico on this server
    at G:\ThreadsClone\ThreadsClone\server\src\app.ts:51:8
    at Layer.handle [as handle_request] (G:\ThreadsClone\ThreadsClone\server\node_modules\express\lib\router\layer.js:95:5)
    at next (G:\ThreadsClone\ThreadsClone\server\node_modules\express\lib\router\route.js:149:13)
    at next (G:\ThreadsClone\ThreadsClone\server\node_modules\express\lib\router\route.js:145:7)
    at next (G:\ThreadsClone\ThreadsClone\server\node_modules\express\lib\router\route.js:145:7)
    at next (G:\ThreadsClone\ThreadsClone\server\node_modules\express\lib\router\route.js:145:7)
    at next (G:\ThreadsClone\ThreadsClone\server\node_modules\express\lib\router\route.js:145:7)
    at next (G:\ThreadsClone\ThreadsClone\server\node_modules\express\lib\router\route.js:145:7)
    at next (G:\ThreadsClone\ThreadsClone\server\node_modules\express\lib\router\route.js:145:7)
    at Route.dispatch (G:\ThreadsClone\ThreadsClone\server\node_modules\express\lib\router\route.js:119:3)
2025-05-05T09:07:31.513Z [ERROR]: Error: Cannot set headers after they are sent to the client 
Stack: Error: Cannot set headers after they are sent to the client
    at ServerResponse.setHeader (node:_http_outgoing:703:11)
    at ServerResponse.header (G:\ThreadsClone\ThreadsClone\server\node_modules\express\lib\response.js:794:10)
    at ServerResponse.send (G:\ThreadsClone\ThreadsClone\server\node_modules\express\lib\response.js:174:12)
    at ServerResponse.json (G:\ThreadsClone\ThreadsClone\server\node_modules\express\lib\response.js:278:15)
    at ServerResponse.send (G:\ThreadsClone\ThreadsClone\server\node_modules\express\lib\response.js:162:21)
    at G:\ThreadsClone\ThreadsClone\server\src\controllers\authController.ts:216:23
    at processTicksAndRejections (node:internal/process/task_queues:95:5)
2025-05-05T09:08:39.669Z [ERROR]: Error: Cannot set headers after they are sent to the client 
Stack: Error: Cannot set headers after they are sent to the client
    at ServerResponse.setHeader (node:_http_outgoing:703:11)
    at ServerResponse.header (G:\ThreadsClone\ThreadsClone\server\node_modules\express\lib\response.js:794:10)
    at ServerResponse.send (G:\ThreadsClone\ThreadsClone\server\node_modules\express\lib\response.js:174:12)
    at ServerResponse.json (G:\ThreadsClone\ThreadsClone\server\node_modules\express\lib\response.js:278:15)
    at ServerResponse.send (G:\ThreadsClone\ThreadsClone\server\node_modules\express\lib\response.js:162:21)
    at G:\ThreadsClone\ThreadsClone\server\src\controllers\authController.ts:220:23
    at processTicksAndRejections (node:internal/process/task_queues:95:5)
2025-05-05T09:11:34.838Z [ERROR]: Error: Cannot set headers after they are sent to the client 
Stack: Error: Cannot set headers after they are sent to the client
    at ServerResponse.setHeader (node:_http_outgoing:703:11)
    at ServerResponse.header (G:\ThreadsClone\ThreadsClone\server\node_modules\express\lib\response.js:794:10)
    at ServerResponse.send (G:\ThreadsClone\ThreadsClone\server\node_modules\express\lib\response.js:174:12)
    at ServerResponse.json (G:\ThreadsClone\ThreadsClone\server\node_modules\express\lib\response.js:278:15)
    at ServerResponse.send (G:\ThreadsClone\ThreadsClone\server\node_modules\express\lib\response.js:162:21)
    at G:\ThreadsClone\ThreadsClone\server\src\controllers\authController.ts:220:23
    at processTicksAndRejections (node:internal/process/task_queues:95:5)
2025-05-05T09:23:27.234Z [ERROR]: Login error: Invalid email or password
2025-05-05T09:23:42.890Z [ERROR]: Login error: Invalid email or password
2025-05-05T09:23:59.827Z [ERROR]: Login error: Invalid email or password
2025-05-05T09:24:30.242Z [ERROR]: Login error: Invalid email or password
2025-05-05T09:24:31.922Z [ERROR]: Login error: Invalid email or password
2025-05-05T09:24:32.603Z [ERROR]: Login error: Invalid email or password
2025-05-05T09:24:32.753Z [ERROR]: Login error: Invalid email or password
2025-05-05T09:24:38.043Z [ERROR]: Login error: Invalid email or password
2025-05-05T09:24:47.989Z [ERROR]: Login error: Invalid email or password
2025-05-05T09:25:11.240Z [ERROR]: Login error: Invalid email or password
2025-05-06T04:00:09.392Z [ERROR]: Error: Cannot set headers after they are sent to the client 
Stack: Error: Cannot set headers after they are sent to the client
    at ServerResponse.setHeader (node:_http_outgoing:703:11)
    at ServerResponse.header (G:\ThreadsClone\ThreadsClone\server\node_modules\express\lib\response.js:794:10)
    at ServerResponse.send (G:\ThreadsClone\ThreadsClone\server\node_modules\express\lib\response.js:174:12)
    at ServerResponse.json (G:\ThreadsClone\ThreadsClone\server\node_modules\express\lib\response.js:278:15)
    at ServerResponse.send (G:\ThreadsClone\ThreadsClone\server\node_modules\express\lib\response.js:162:21)
    at G:\ThreadsClone\ThreadsClone\server\src\controllers\authController.ts:220:23
    at processTicksAndRejections (node:internal/process/task_queues:95:5)
2025-05-06T04:00:55.880Z [ERROR]: Error: Cannot set headers after they are sent to the client 
Stack: Error: Cannot set headers after they are sent to the client
    at ServerResponse.setHeader (node:_http_outgoing:703:11)
    at ServerResponse.header (G:\ThreadsClone\ThreadsClone\server\node_modules\express\lib\response.js:794:10)
    at ServerResponse.send (G:\ThreadsClone\ThreadsClone\server\node_modules\express\lib\response.js:174:12)
    at ServerResponse.json (G:\ThreadsClone\ThreadsClone\server\node_modules\express\lib\response.js:278:15)
    at ServerResponse.send (G:\ThreadsClone\ThreadsClone\server\node_modules\express\lib\response.js:162:21)
    at G:\ThreadsClone\ThreadsClone\server\src\controllers\authController.ts:220:23
    at processTicksAndRejections (node:internal/process/task_queues:95:5)
2025-05-06T04:01:36.470Z [ERROR]: Error: Cannot set headers after they are sent to the client 
Stack: Error: Cannot set headers after they are sent to the client
    at ServerResponse.setHeader (node:_http_outgoing:703:11)
    at ServerResponse.header (G:\ThreadsClone\ThreadsClone\server\node_modules\express\lib\response.js:794:10)
    at ServerResponse.send (G:\ThreadsClone\ThreadsClone\server\node_modules\express\lib\response.js:174:12)
    at ServerResponse.json (G:\ThreadsClone\ThreadsClone\server\node_modules\express\lib\response.js:278:15)
    at ServerResponse.send (G:\ThreadsClone\ThreadsClone\server\node_modules\express\lib\response.js:162:21)
    at G:\ThreadsClone\ThreadsClone\server\src\controllers\authController.ts:220:23
    at processTicksAndRejections (node:internal/process/task_queues:95:5)
2025-05-06T04:07:24.179Z [ERROR]: Login error: Login is Unsuccessful
2025-05-06T04:07:29.167Z [ERROR]: Error: Cannot set headers after they are sent to the client 
Stack: Error: Cannot set headers after they are sent to the client
    at ServerResponse.setHeader (node:_http_outgoing:703:11)
    at ServerResponse.header (G:\ThreadsClone\ThreadsClone\server\node_modules\express\lib\response.js:794:10)
    at ServerResponse.send (G:\ThreadsClone\ThreadsClone\server\node_modules\express\lib\response.js:174:12)
    at ServerResponse.json (G:\ThreadsClone\ThreadsClone\server\node_modules\express\lib\response.js:278:15)
    at G:\ThreadsClone\ThreadsClone\server\src\controllers\threadController.ts:219:21
    at processTicksAndRejections (node:internal/process/task_queues:95:5)
2025-05-06T04:07:29.296Z [ERROR]: Error: Cannot set headers after they are sent to the client 
Stack: Error: Cannot set headers after they are sent to the client
    at ServerResponse.setHeader (node:_http_outgoing:703:11)
    at ServerResponse.header (G:\ThreadsClone\ThreadsClone\server\node_modules\express\lib\response.js:794:10)
    at ServerResponse.send (G:\ThreadsClone\ThreadsClone\server\node_modules\express\lib\response.js:174:12)
    at ServerResponse.json (G:\ThreadsClone\ThreadsClone\server\node_modules\express\lib\response.js:278:15)
    at G:\ThreadsClone\ThreadsClone\server\src\controllers\threadController.ts:219:21
    at processTicksAndRejections (node:internal/process/task_queues:95:5)
2025-05-06T04:07:34.763Z [ERROR]: Error: Cannot set headers after they are sent to the client 
Stack: Error: Cannot set headers after they are sent to the client
    at ServerResponse.setHeader (node:_http_outgoing:703:11)
    at ServerResponse.header (G:\ThreadsClone\ThreadsClone\server\node_modules\express\lib\response.js:794:10)
    at ServerResponse.send (G:\ThreadsClone\ThreadsClone\server\node_modules\express\lib\response.js:174:12)
    at ServerResponse.json (G:\ThreadsClone\ThreadsClone\server\node_modules\express\lib\response.js:278:15)
    at G:\ThreadsClone\ThreadsClone\server\src\controllers\threadController.ts:219:21
    at processTicksAndRejections (node:internal/process/task_queues:95:5)
2025-05-06T04:07:34.949Z [ERROR]: Error: Cannot set headers after they are sent to the client 
Stack: Error: Cannot set headers after they are sent to the client
    at ServerResponse.setHeader (node:_http_outgoing:703:11)
    at ServerResponse.header (G:\ThreadsClone\ThreadsClone\server\node_modules\express\lib\response.js:794:10)
    at ServerResponse.send (G:\ThreadsClone\ThreadsClone\server\node_modules\express\lib\response.js:174:12)
    at ServerResponse.json (G:\ThreadsClone\ThreadsClone\server\node_modules\express\lib\response.js:278:15)
    at G:\ThreadsClone\ThreadsClone\server\src\controllers\threadController.ts:219:21
    at processTicksAndRejections (node:internal/process/task_queues:95:5)
2025-05-06T04:07:56.462Z [ERROR]: Error: Cannot set headers after they are sent to the client 
Stack: Error: Cannot set headers after they are sent to the client
    at ServerResponse.setHeader (node:_http_outgoing:703:11)
    at ServerResponse.header (G:\ThreadsClone\ThreadsClone\server\node_modules\express\lib\response.js:794:10)
    at ServerResponse.send (G:\ThreadsClone\ThreadsClone\server\node_modules\express\lib\response.js:174:12)
    at ServerResponse.json (G:\ThreadsClone\ThreadsClone\server\node_modules\express\lib\response.js:278:15)
    at G:\ThreadsClone\ThreadsClone\server\src\controllers\threadController.ts:219:21
    at processTicksAndRejections (node:internal/process/task_queues:95:5)
2025-05-06T04:07:56.590Z [ERROR]: Error: Cannot set headers after they are sent to the client 
Stack: Error: Cannot set headers after they are sent to the client
    at ServerResponse.setHeader (node:_http_outgoing:703:11)
    at ServerResponse.header (G:\ThreadsClone\ThreadsClone\server\node_modules\express\lib\response.js:794:10)
    at ServerResponse.send (G:\ThreadsClone\ThreadsClone\server\node_modules\express\lib\response.js:174:12)
    at ServerResponse.json (G:\ThreadsClone\ThreadsClone\server\node_modules\express\lib\response.js:278:15)
    at G:\ThreadsClone\ThreadsClone\server\src\controllers\threadController.ts:219:21
    at processTicksAndRejections (node:internal/process/task_queues:95:5)
2025-05-06T04:10:04.150Z [ERROR]: Error: Cannot set headers after they are sent to the client 
Stack: Error: Cannot set headers after they are sent to the client
    at ServerResponse.setHeader (node:_http_outgoing:703:11)
    at ServerResponse.header (G:\ThreadsClone\ThreadsClone\server\node_modules\express\lib\response.js:794:10)
    at ServerResponse.send (G:\ThreadsClone\ThreadsClone\server\node_modules\express\lib\response.js:174:12)
    at ServerResponse.json (G:\ThreadsClone\ThreadsClone\server\node_modules\express\lib\response.js:278:15)
    at G:\ThreadsClone\ThreadsClone\server\src\controllers\threadController.ts:219:21
    at processTicksAndRejections (node:internal/process/task_queues:95:5)
2025-05-06T04:10:04.333Z [ERROR]: Error: Cannot set headers after they are sent to the client 
Stack: Error: Cannot set headers after they are sent to the client
    at ServerResponse.setHeader (node:_http_outgoing:703:11)
    at ServerResponse.header (G:\ThreadsClone\ThreadsClone\server\node_modules\express\lib\response.js:794:10)
    at ServerResponse.send (G:\ThreadsClone\ThreadsClone\server\node_modules\express\lib\response.js:174:12)
    at ServerResponse.json (G:\ThreadsClone\ThreadsClone\server\node_modules\express\lib\response.js:278:15)
    at G:\ThreadsClone\ThreadsClone\server\src\controllers\threadController.ts:219:21
    at processTicksAndRejections (node:internal/process/task_queues:95:5)
2025-05-06T04:10:05.898Z [ERROR]: Error: Cannot set headers after they are sent to the client 
Stack: Error: Cannot set headers after they are sent to the client
    at ServerResponse.setHeader (node:_http_outgoing:703:11)
    at ServerResponse.header (G:\ThreadsClone\ThreadsClone\server\node_modules\express\lib\response.js:794:10)
    at ServerResponse.send (G:\ThreadsClone\ThreadsClone\server\node_modules\express\lib\response.js:174:12)
    at ServerResponse.json (G:\ThreadsClone\ThreadsClone\server\node_modules\express\lib\response.js:278:15)
    at G:\ThreadsClone\ThreadsClone\server\src\controllers\threadController.ts:219:21
    at processTicksAndRejections (node:internal/process/task_queues:95:5)
2025-05-06T04:10:06.013Z [ERROR]: Error: Cannot set headers after they are sent to the client 
Stack: Error: Cannot set headers after they are sent to the client
    at ServerResponse.setHeader (node:_http_outgoing:703:11)
    at ServerResponse.header (G:\ThreadsClone\ThreadsClone\server\node_modules\express\lib\response.js:794:10)
    at ServerResponse.send (G:\ThreadsClone\ThreadsClone\server\node_modules\express\lib\response.js:174:12)
    at ServerResponse.json (G:\ThreadsClone\ThreadsClone\server\node_modules\express\lib\response.js:278:15)
    at G:\ThreadsClone\ThreadsClone\server\src\controllers\threadController.ts:219:21
    at processTicksAndRejections (node:internal/process/task_queues:95:5)
2025-05-06T04:14:03.842Z [ERROR]: Login error: Login is Unsuccessful
2025-05-06T04:14:05.771Z [ERROR]: Error: Cannot set headers after they are sent to the client 
Stack: Error: Cannot set headers after they are sent to the client
    at ServerResponse.setHeader (node:_http_outgoing:703:11)
    at ServerResponse.header (G:\ThreadsClone\ThreadsClone\server\node_modules\express\lib\response.js:794:10)
    at ServerResponse.send (G:\ThreadsClone\ThreadsClone\server\node_modules\express\lib\response.js:174:12)
    at ServerResponse.json (G:\ThreadsClone\ThreadsClone\server\node_modules\express\lib\response.js:278:15)
    at G:\ThreadsClone\ThreadsClone\server\src\controllers\threadController.ts:219:21
    at processTicksAndRejections (node:internal/process/task_queues:95:5)
2025-05-06T04:14:05.889Z [ERROR]: Error: Cannot set headers after they are sent to the client 
Stack: Error: Cannot set headers after they are sent to the client
    at ServerResponse.setHeader (node:_http_outgoing:703:11)
    at ServerResponse.header (G:\ThreadsClone\ThreadsClone\server\node_modules\express\lib\response.js:794:10)
    at ServerResponse.send (G:\ThreadsClone\ThreadsClone\server\node_modules\express\lib\response.js:174:12)
    at ServerResponse.json (G:\ThreadsClone\ThreadsClone\server\node_modules\express\lib\response.js:278:15)
    at G:\ThreadsClone\ThreadsClone\server\src\controllers\threadController.ts:219:21
    at processTicksAndRejections (node:internal/process/task_queues:95:5)
2025-05-06T04:14:15.731Z [ERROR]: Error: Cannot set headers after they are sent to the client 
Stack: Error: Cannot set headers after they are sent to the client
    at ServerResponse.setHeader (node:_http_outgoing:703:11)
    at ServerResponse.header (G:\ThreadsClone\ThreadsClone\server\node_modules\express\lib\response.js:794:10)
    at ServerResponse.send (G:\ThreadsClone\ThreadsClone\server\node_modules\express\lib\response.js:174:12)
    at ServerResponse.json (G:\ThreadsClone\ThreadsClone\server\node_modules\express\lib\response.js:278:15)
    at G:\ThreadsClone\ThreadsClone\server\src\controllers\threadController.ts:219:21
    at processTicksAndRejections (node:internal/process/task_queues:95:5)
2025-05-06T04:14:43.364Z [ERROR]: Error: Cannot set headers after they are sent to the client 
Stack: Error: Cannot set headers after they are sent to the client
    at ServerResponse.setHeader (node:_http_outgoing:703:11)
    at ServerResponse.header (G:\ThreadsClone\ThreadsClone\server\node_modules\express\lib\response.js:794:10)
    at ServerResponse.send (G:\ThreadsClone\ThreadsClone\server\node_modules\express\lib\response.js:174:12)
    at ServerResponse.json (G:\ThreadsClone\ThreadsClone\server\node_modules\express\lib\response.js:278:15)
    at G:\ThreadsClone\ThreadsClone\server\src\controllers\threadController.ts:219:21
    at processTicksAndRejections (node:internal/process/task_queues:95:5)
2025-05-06T04:14:43.544Z [ERROR]: Error: Cannot set headers after they are sent to the client 
Stack: Error: Cannot set headers after they are sent to the client
    at ServerResponse.setHeader (node:_http_outgoing:703:11)
    at ServerResponse.header (G:\ThreadsClone\ThreadsClone\server\node_modules\express\lib\response.js:794:10)
    at ServerResponse.send (G:\ThreadsClone\ThreadsClone\server\node_modules\express\lib\response.js:174:12)
    at ServerResponse.json (G:\ThreadsClone\ThreadsClone\server\node_modules\express\lib\response.js:278:15)
    at G:\ThreadsClone\ThreadsClone\server\src\controllers\threadController.ts:219:21
    at processTicksAndRejections (node:internal/process/task_queues:95:5)
2025-05-06T04:14:46.101Z [ERROR]: Error: Cannot set headers after they are sent to the client 
Stack: Error: Cannot set headers after they are sent to the client
    at ServerResponse.setHeader (node:_http_outgoing:703:11)
    at ServerResponse.header (G:\ThreadsClone\ThreadsClone\server\node_modules\express\lib\response.js:794:10)
    at ServerResponse.send (G:\ThreadsClone\ThreadsClone\server\node_modules\express\lib\response.js:174:12)
    at ServerResponse.json (G:\ThreadsClone\ThreadsClone\server\node_modules\express\lib\response.js:278:15)
    at G:\ThreadsClone\ThreadsClone\server\src\controllers\threadController.ts:219:21
    at processTicksAndRejections (node:internal/process/task_queues:95:5)
2025-05-06T04:14:46.269Z [ERROR]: Error: Cannot set headers after they are sent to the client 
Stack: Error: Cannot set headers after they are sent to the client
    at ServerResponse.setHeader (node:_http_outgoing:703:11)
    at ServerResponse.header (G:\ThreadsClone\ThreadsClone\server\node_modules\express\lib\response.js:794:10)
    at ServerResponse.send (G:\ThreadsClone\ThreadsClone\server\node_modules\express\lib\response.js:174:12)
    at ServerResponse.json (G:\ThreadsClone\ThreadsClone\server\node_modules\express\lib\response.js:278:15)
    at G:\ThreadsClone\ThreadsClone\server\src\controllers\threadController.ts:219:21
    at processTicksAndRejections (node:internal/process/task_queues:95:5)
2025-05-06T04:39:23.254Z [ERROR]: Verify email service error: Invalid or expired verification token
2025-05-06T04:39:23.255Z [ERROR]: Verify email error: Invalid or expired verification token
2025-05-06T04:39:24.321Z [ERROR]: Error: Cannot find /favicon.ico on this server 
Stack: Error: Cannot find /favicon.ico on this server
    at G:\ThreadsClone\ThreadsClone\server\src\app.ts:51:8
    at Layer.handle [as handle_request] (G:\ThreadsClone\ThreadsClone\server\node_modules\express\lib\router\layer.js:95:5)
    at next (G:\ThreadsClone\ThreadsClone\server\node_modules\express\lib\router\route.js:149:13)
    at next (G:\ThreadsClone\ThreadsClone\server\node_modules\express\lib\router\route.js:145:7)
    at next (G:\ThreadsClone\ThreadsClone\server\node_modules\express\lib\router\route.js:145:7)
    at next (G:\ThreadsClone\ThreadsClone\server\node_modules\express\lib\router\route.js:145:7)
    at next (G:\ThreadsClone\ThreadsClone\server\node_modules\express\lib\router\route.js:145:7)
    at next (G:\ThreadsClone\ThreadsClone\server\node_modules\express\lib\router\route.js:145:7)
    at next (G:\ThreadsClone\ThreadsClone\server\node_modules\express\lib\router\route.js:145:7)
    at Route.dispatch (G:\ThreadsClone\ThreadsClone\server\node_modules\express\lib\router\route.js:119:3)
2025-05-06T08:44:32.586Z [ERROR]: Register service error: E11000 duplicate key error collection: Threads.users index: name_1 dup key: { name: "Heo Con" }
2025-05-06T08:44:32.588Z [ERROR]: Register error: Internal server error
2025-05-10T09:28:50.605Z [ERROR]: Error: Cannot find /api/users/profile/:id on this server 
Stack: Error: Cannot find /api/users/profile/:id on this server
    at G:\ThreadsClone\ThreadsClone\server\src\app.ts:51:8
    at Layer.handle [as handle_request] (G:\ThreadsClone\ThreadsClone\server\node_modules\express\lib\router\layer.js:95:5)
    at next (G:\ThreadsClone\ThreadsClone\server\node_modules\express\lib\router\route.js:149:13)
    at next (G:\ThreadsClone\ThreadsClone\server\node_modules\express\lib\router\route.js:145:7)
    at next (G:\ThreadsClone\ThreadsClone\server\node_modules\express\lib\router\route.js:145:7)
    at next (G:\ThreadsClone\ThreadsClone\server\node_modules\express\lib\router\route.js:145:7)
    at next (G:\ThreadsClone\ThreadsClone\server\node_modules\express\lib\router\route.js:145:7)
    at next (G:\ThreadsClone\ThreadsClone\server\node_modules\express\lib\router\route.js:145:7)
    at next (G:\ThreadsClone\ThreadsClone\server\node_modules\express\lib\router\route.js:145:7)
    at Route.dispatch (G:\ThreadsClone\ThreadsClone\server\node_modules\express\lib\router\route.js:119:3)
2025-05-10T09:29:43.475Z [ERROR]: Error: Cannot find /api/users/profile/681c376158ac95ae022b4c4a on this server 
Stack: Error: Cannot find /api/users/profile/681c376158ac95ae022b4c4a on this server
    at G:\ThreadsClone\ThreadsClone\server\src\app.ts:51:8
    at Layer.handle [as handle_request] (G:\ThreadsClone\ThreadsClone\server\node_modules\express\lib\router\layer.js:95:5)
    at next (G:\ThreadsClone\ThreadsClone\server\node_modules\express\lib\router\route.js:149:13)
    at next (G:\ThreadsClone\ThreadsClone\server\node_modules\express\lib\router\route.js:145:7)
    at next (G:\ThreadsClone\ThreadsClone\server\node_modules\express\lib\router\route.js:145:7)
    at next (G:\ThreadsClone\ThreadsClone\server\node_modules\express\lib\router\route.js:145:7)
    at next (G:\ThreadsClone\ThreadsClone\server\node_modules\express\lib\router\route.js:145:7)
    at next (G:\ThreadsClone\ThreadsClone\server\node_modules\express\lib\router\route.js:145:7)
    at next (G:\ThreadsClone\ThreadsClone\server\node_modules\express\lib\router\route.js:145:7)
    at Route.dispatch (G:\ThreadsClone\ThreadsClone\server\node_modules\express\lib\router\route.js:119:3)
2025-05-10T09:29:50.904Z [ERROR]: Error: Cannot find /api/users/profile/'681c376158ac95ae022b4c4a' on this server 
Stack: Error: Cannot find /api/users/profile/'681c376158ac95ae022b4c4a' on this server
    at G:\ThreadsClone\ThreadsClone\server\src\app.ts:51:8
    at Layer.handle [as handle_request] (G:\ThreadsClone\ThreadsClone\server\node_modules\express\lib\router\layer.js:95:5)
    at next (G:\ThreadsClone\ThreadsClone\server\node_modules\express\lib\router\route.js:149:13)
    at next (G:\ThreadsClone\ThreadsClone\server\node_modules\express\lib\router\route.js:145:7)
    at next (G:\ThreadsClone\ThreadsClone\server\node_modules\express\lib\router\route.js:145:7)
    at next (G:\ThreadsClone\ThreadsClone\server\node_modules\express\lib\router\route.js:145:7)
    at next (G:\ThreadsClone\ThreadsClone\server\node_modules\express\lib\router\route.js:145:7)
    at next (G:\ThreadsClone\ThreadsClone\server\node_modules\express\lib\router\route.js:145:7)
    at next (G:\ThreadsClone\ThreadsClone\server\node_modules\express\lib\router\route.js:145:7)
    at Route.dispatch (G:\ThreadsClone\ThreadsClone\server\node_modules\express\lib\router\route.js:119:3)
2025-05-10T09:29:59.406Z [ERROR]: Error: Cannot find /api/users/profile/:'681c376158ac95ae022b4c4a' on this server 
Stack: Error: Cannot find /api/users/profile/:'681c376158ac95ae022b4c4a' on this server
    at G:\ThreadsClone\ThreadsClone\server\src\app.ts:51:8
    at Layer.handle [as handle_request] (G:\ThreadsClone\ThreadsClone\server\node_modules\express\lib\router\layer.js:95:5)
    at next (G:\ThreadsClone\ThreadsClone\server\node_modules\express\lib\router\route.js:149:13)
    at next (G:\ThreadsClone\ThreadsClone\server\node_modules\express\lib\router\route.js:145:7)
    at next (G:\ThreadsClone\ThreadsClone\server\node_modules\express\lib\router\route.js:145:7)
    at next (G:\ThreadsClone\ThreadsClone\server\node_modules\express\lib\router\route.js:145:7)
    at next (G:\ThreadsClone\ThreadsClone\server\node_modules\express\lib\router\route.js:145:7)
    at next (G:\ThreadsClone\ThreadsClone\server\node_modules\express\lib\router\route.js:145:7)
    at next (G:\ThreadsClone\ThreadsClone\server\node_modules\express\lib\router\route.js:145:7)
    at Route.dispatch (G:\ThreadsClone\ThreadsClone\server\node_modules\express\lib\router\route.js:119:3)
2025-05-10T09:33:33.129Z [ERROR]: Error: Cannot find /api/users/profile/:681c376158ac95ae022b4c4a on this server 
Stack: Error: Cannot find /api/users/profile/:681c376158ac95ae022b4c4a on this server
    at G:\ThreadsClone\ThreadsClone\server\src\app.ts:51:8
    at Layer.handle [as handle_request] (G:\ThreadsClone\ThreadsClone\server\node_modules\express\lib\router\layer.js:95:5)
    at next (G:\ThreadsClone\ThreadsClone\server\node_modules\express\lib\router\route.js:149:13)
    at next (G:\ThreadsClone\ThreadsClone\server\node_modules\express\lib\router\route.js:145:7)
    at next (G:\ThreadsClone\ThreadsClone\server\node_modules\express\lib\router\route.js:145:7)
    at next (G:\ThreadsClone\ThreadsClone\server\node_modules\express\lib\router\route.js:145:7)
    at next (G:\ThreadsClone\ThreadsClone\server\node_modules\express\lib\router\route.js:145:7)
    at next (G:\ThreadsClone\ThreadsClone\server\node_modules\express\lib\router\route.js:145:7)
    at next (G:\ThreadsClone\ThreadsClone\server\node_modules\express\lib\router\route.js:145:7)
    at Route.dispatch (G:\ThreadsClone\ThreadsClone\server\node_modules\express\lib\router\route.js:119:3)
2025-05-10T09:34:23.715Z [ERROR]: Error: Cannot find /api/users/profile/:681c376158ac95ae022b4c4a on this server 
Stack: Error: Cannot find /api/users/profile/:681c376158ac95ae022b4c4a on this server
    at G:\ThreadsClone\ThreadsClone\server\src\app.ts:51:8
    at Layer.handle [as handle_request] (G:\ThreadsClone\ThreadsClone\server\node_modules\express\lib\router\layer.js:95:5)
    at next (G:\ThreadsClone\ThreadsClone\server\node_modules\express\lib\router\route.js:149:13)
    at next (G:\ThreadsClone\ThreadsClone\server\node_modules\express\lib\router\route.js:145:7)
    at next (G:\ThreadsClone\ThreadsClone\server\node_modules\express\lib\router\route.js:145:7)
    at next (G:\ThreadsClone\ThreadsClone\server\node_modules\express\lib\router\route.js:145:7)
    at next (G:\ThreadsClone\ThreadsClone\server\node_modules\express\lib\router\route.js:145:7)
    at next (G:\ThreadsClone\ThreadsClone\server\node_modules\express\lib\router\route.js:145:7)
    at next (G:\ThreadsClone\ThreadsClone\server\node_modules\express\lib\router\route.js:145:7)
    at Route.dispatch (G:\ThreadsClone\ThreadsClone\server\node_modules\express\lib\router\route.js:119:3)
2025-05-10T09:40:53.304Z [ERROR]: Error: Cannot find /api/users/profile/?_id=681c376158ac95ae022b4c4a on this server 
Stack: Error: Cannot find /api/users/profile/?_id=681c376158ac95ae022b4c4a on this server
    at G:\ThreadsClone\ThreadsClone\server\src\app.ts:51:8
    at Layer.handle [as handle_request] (G:\ThreadsClone\ThreadsClone\server\node_modules\express\lib\router\layer.js:95:5)
    at next (G:\ThreadsClone\ThreadsClone\server\node_modules\express\lib\router\route.js:149:13)
    at next (G:\ThreadsClone\ThreadsClone\server\node_modules\express\lib\router\route.js:145:7)
    at next (G:\ThreadsClone\ThreadsClone\server\node_modules\express\lib\router\route.js:145:7)
    at next (G:\ThreadsClone\ThreadsClone\server\node_modules\express\lib\router\route.js:145:7)
    at next (G:\ThreadsClone\ThreadsClone\server\node_modules\express\lib\router\route.js:145:7)
    at next (G:\ThreadsClone\ThreadsClone\server\node_modules\express\lib\router\route.js:145:7)
    at next (G:\ThreadsClone\ThreadsClone\server\node_modules\express\lib\router\route.js:145:7)
    at Route.dispatch (G:\ThreadsClone\ThreadsClone\server\node_modules\express\lib\router\route.js:119:3)
2025-05-10T09:41:19.487Z [ERROR]: Error: Cannot find /api/users/profile/?_id=681c376158ac95ae022b4c4a on this server 
Stack: Error: Cannot find /api/users/profile/?_id=681c376158ac95ae022b4c4a on this server
    at G:\ThreadsClone\ThreadsClone\server\src\app.ts:51:8
    at Layer.handle [as handle_request] (G:\ThreadsClone\ThreadsClone\server\node_modules\express\lib\router\layer.js:95:5)
    at next (G:\ThreadsClone\ThreadsClone\server\node_modules\express\lib\router\route.js:149:13)
    at next (G:\ThreadsClone\ThreadsClone\server\node_modules\express\lib\router\route.js:145:7)
    at next (G:\ThreadsClone\ThreadsClone\server\node_modules\express\lib\router\route.js:145:7)
    at next (G:\ThreadsClone\ThreadsClone\server\node_modules\express\lib\router\route.js:145:7)
    at next (G:\ThreadsClone\ThreadsClone\server\node_modules\express\lib\router\route.js:145:7)
    at next (G:\ThreadsClone\ThreadsClone\server\node_modules\express\lib\router\route.js:145:7)
    at next (G:\ThreadsClone\ThreadsClone\server\node_modules\express\lib\router\route.js:145:7)
    at Route.dispatch (G:\ThreadsClone\ThreadsClone\server\node_modules\express\lib\router\route.js:119:3)
2025-05-10T09:44:28.133Z [ERROR]: Error: ID is invalid 
Stack: HttpError: ID is invalid
    at G:\ThreadsClone\ThreadsClone\server\src\middlewares\validation.ts:53:13
    at Layer.handle [as handle_request] (G:\ThreadsClone\ThreadsClone\server\node_modules\express\lib\router\layer.js:95:5)
    at next (G:\ThreadsClone\ThreadsClone\server\node_modules\express\lib\router\route.js:149:13)
    at authMiddleware (G:\ThreadsClone\ThreadsClone\server\src\middlewares\auth.ts:39:5)
    at processTicksAndRejections (node:internal/process/task_queues:95:5)
2025-05-10T09:44:42.054Z [ERROR]: Error: ID is invalid 
Stack: HttpError: ID is invalid
    at G:\ThreadsClone\ThreadsClone\server\src\middlewares\validation.ts:53:13
    at Layer.handle [as handle_request] (G:\ThreadsClone\ThreadsClone\server\node_modules\express\lib\router\layer.js:95:5)
    at next (G:\ThreadsClone\ThreadsClone\server\node_modules\express\lib\router\route.js:149:13)
    at authMiddleware (G:\ThreadsClone\ThreadsClone\server\src\middlewares\auth.ts:39:5)
    at processTicksAndRejections (node:internal/process/task_queues:95:5)
2025-05-10T09:45:12.359Z [ERROR]: Error: ID is invalid 
Stack: HttpError: ID is invalid
    at G:\ThreadsClone\ThreadsClone\server\src\middlewares\validation.ts:53:13
    at Layer.handle [as handle_request] (G:\ThreadsClone\ThreadsClone\server\node_modules\express\lib\router\layer.js:95:5)
    at next (G:\ThreadsClone\ThreadsClone\server\node_modules\express\lib\router\route.js:149:13)
    at authMiddleware (G:\ThreadsClone\ThreadsClone\server\src\middlewares\auth.ts:39:5)
    at processTicksAndRejections (node:internal/process/task_queues:95:5)
2025-05-10T09:46:10.535Z [ERROR]: Error: ID is invalid 
Stack: HttpError: ID is invalid
    at G:\ThreadsClone\ThreadsClone\server\src\middlewares\validation.ts:53:13
    at Layer.handle [as handle_request] (G:\ThreadsClone\ThreadsClone\server\node_modules\express\lib\router\layer.js:95:5)
    at next (G:\ThreadsClone\ThreadsClone\server\node_modules\express\lib\router\route.js:149:13)
    at authMiddleware (G:\ThreadsClone\ThreadsClone\server\src\middlewares\auth.ts:39:5)
    at processTicksAndRejections (node:internal/process/task_queues:95:5)
2025-05-10T09:46:13.303Z [ERROR]: Error: ID is invalid 
Stack: HttpError: ID is invalid
    at G:\ThreadsClone\ThreadsClone\server\src\middlewares\validation.ts:53:13
    at Layer.handle [as handle_request] (G:\ThreadsClone\ThreadsClone\server\node_modules\express\lib\router\layer.js:95:5)
    at next (G:\ThreadsClone\ThreadsClone\server\node_modules\express\lib\router\route.js:149:13)
    at authMiddleware (G:\ThreadsClone\ThreadsClone\server\src\middlewares\auth.ts:39:5)
    at processTicksAndRejections (node:internal/process/task_queues:95:5)
2025-05-10T09:46:17.772Z [ERROR]: Error: ID is invalid 
Stack: HttpError: ID is invalid
    at G:\ThreadsClone\ThreadsClone\server\src\middlewares\validation.ts:53:13
    at Layer.handle [as handle_request] (G:\ThreadsClone\ThreadsClone\server\node_modules\express\lib\router\layer.js:95:5)
    at next (G:\ThreadsClone\ThreadsClone\server\node_modules\express\lib\router\route.js:149:13)
    at authMiddleware (G:\ThreadsClone\ThreadsClone\server\src\middlewares\auth.ts:39:5)
    at processTicksAndRejections (node:internal/process/task_queues:95:5)
2025-05-10T09:46:57.334Z [ERROR]: Error: Cannot find /api/users/profile/?_id=66dfbd050bdfe18c723f1066 on this server 
Stack: Error: Cannot find /api/users/profile/?_id=66dfbd050bdfe18c723f1066 on this server
    at G:\ThreadsClone\ThreadsClone\server\src\app.ts:51:8
    at Layer.handle [as handle_request] (G:\ThreadsClone\ThreadsClone\server\node_modules\express\lib\router\layer.js:95:5)
    at next (G:\ThreadsClone\ThreadsClone\server\node_modules\express\lib\router\route.js:149:13)
    at next (G:\ThreadsClone\ThreadsClone\server\node_modules\express\lib\router\route.js:145:7)
    at next (G:\ThreadsClone\ThreadsClone\server\node_modules\express\lib\router\route.js:145:7)
    at next (G:\ThreadsClone\ThreadsClone\server\node_modules\express\lib\router\route.js:145:7)
    at next (G:\ThreadsClone\ThreadsClone\server\node_modules\express\lib\router\route.js:145:7)
    at next (G:\ThreadsClone\ThreadsClone\server\node_modules\express\lib\router\route.js:145:7)
    at next (G:\ThreadsClone\ThreadsClone\server\node_modules\express\lib\router\route.js:145:7)
    at Route.dispatch (G:\ThreadsClone\ThreadsClone\server\node_modules\express\lib\router\route.js:119:3)
2025-05-10T09:47:07.971Z [ERROR]: Error: Cannot find /api/users/profile/?_id=%2766dfbd050bdfe18c723f1066%27 on this server 
Stack: Error: Cannot find /api/users/profile/?_id=%2766dfbd050bdfe18c723f1066%27 on this server
    at G:\ThreadsClone\ThreadsClone\server\src\app.ts:51:8
    at Layer.handle [as handle_request] (G:\ThreadsClone\ThreadsClone\server\node_modules\express\lib\router\layer.js:95:5)
    at next (G:\ThreadsClone\ThreadsClone\server\node_modules\express\lib\router\route.js:149:13)
    at next (G:\ThreadsClone\ThreadsClone\server\node_modules\express\lib\router\route.js:145:7)
    at next (G:\ThreadsClone\ThreadsClone\server\node_modules\express\lib\router\route.js:145:7)
    at next (G:\ThreadsClone\ThreadsClone\server\node_modules\express\lib\router\route.js:145:7)
    at next (G:\ThreadsClone\ThreadsClone\server\node_modules\express\lib\router\route.js:145:7)
    at next (G:\ThreadsClone\ThreadsClone\server\node_modules\express\lib\router\route.js:145:7)
    at next (G:\ThreadsClone\ThreadsClone\server\node_modules\express\lib\router\route.js:145:7)
    at Route.dispatch (G:\ThreadsClone\ThreadsClone\server\node_modules\express\lib\router\route.js:119:3)
2025-05-10T09:48:03.449Z [ERROR]: Error: ID is invalid 
Stack: HttpError: ID is invalid
    at G:\ThreadsClone\ThreadsClone\server\src\middlewares\validation.ts:53:13
    at Layer.handle [as handle_request] (G:\ThreadsClone\ThreadsClone\server\node_modules\express\lib\router\layer.js:95:5)
    at next (G:\ThreadsClone\ThreadsClone\server\node_modules\express\lib\router\route.js:149:13)
    at authMiddleware (G:\ThreadsClone\ThreadsClone\server\src\middlewares\auth.ts:39:5)
    at processTicksAndRejections (node:internal/process/task_queues:95:5)
2025-05-10T09:48:34.509Z [ERROR]: Get user profile service error: User not found
2025-05-10T09:48:34.511Z [ERROR]: Get user profile error: User not found
2025-05-10T09:48:35.351Z [ERROR]: Get user profile service error: User not found
2025-05-10T09:48:35.352Z [ERROR]: Get user profile error: User not found
2025-05-10T09:48:45.083Z [ERROR]: Get user profile service error: User not found
2025-05-10T09:48:45.084Z [ERROR]: Get user profile error: User not found
2025-05-10T09:49:44.275Z [ERROR]: Get user profile service error: User not found
2025-05-10T09:49:44.279Z [ERROR]: Get user profile error: User not found
2025-05-10T09:49:47.063Z [ERROR]: Get user profile service error: User not found
2025-05-10T09:49:47.063Z [ERROR]: Get user profile error: User not found
2025-05-10T09:52:36.167Z [ERROR]: Error: ID is invalid 
Stack: HttpError: ID is invalid
    at G:\ThreadsClone\ThreadsClone\server\src\middlewares\validation.ts:53:13
    at Layer.handle [as handle_request] (G:\ThreadsClone\ThreadsClone\server\node_modules\express\lib\router\layer.js:95:5)
    at next (G:\ThreadsClone\ThreadsClone\server\node_modules\express\lib\router\route.js:149:13)
    at authMiddleware (G:\ThreadsClone\ThreadsClone\server\src\middlewares\auth.ts:39:5)
    at processTicksAndRejections (node:internal/process/task_queues:95:5)
2025-05-10T09:52:36.695Z [ERROR]: Error: ID is invalid 
Stack: HttpError: ID is invalid
    at G:\ThreadsClone\ThreadsClone\server\src\middlewares\validation.ts:53:13
    at Layer.handle [as handle_request] (G:\ThreadsClone\ThreadsClone\server\node_modules\express\lib\router\layer.js:95:5)
    at next (G:\ThreadsClone\ThreadsClone\server\node_modules\express\lib\router\route.js:149:13)
    at authMiddleware (G:\ThreadsClone\ThreadsClone\server\src\middlewares\auth.ts:39:5)
    at processTicksAndRejections (node:internal/process/task_queues:95:5)
2025-05-10T09:52:48.919Z [ERROR]: Error: ID is invalid 
Stack: HttpError: ID is invalid
    at G:\ThreadsClone\ThreadsClone\server\src\middlewares\validation.ts:53:13
    at Layer.handle [as handle_request] (G:\ThreadsClone\ThreadsClone\server\node_modules\express\lib\router\layer.js:95:5)
    at next (G:\ThreadsClone\ThreadsClone\server\node_modules\express\lib\router\route.js:149:13)
    at authMiddleware (G:\ThreadsClone\ThreadsClone\server\src\middlewares\auth.ts:39:5)
    at processTicksAndRejections (node:internal/process/task_queues:95:5)
2025-05-10T09:53:09.295Z [ERROR]: Error: ID is invalid 
Stack: HttpError: ID is invalid
    at G:\ThreadsClone\ThreadsClone\server\src\middlewares\validation.ts:53:13
    at Layer.handle [as handle_request] (G:\ThreadsClone\ThreadsClone\server\node_modules\express\lib\router\layer.js:95:5)
    at next (G:\ThreadsClone\ThreadsClone\server\node_modules\express\lib\router\route.js:149:13)
    at authMiddleware (G:\ThreadsClone\ThreadsClone\server\src\middlewares\auth.ts:39:5)
    at processTicksAndRejections (node:internal/process/task_queues:95:5)
2025-05-10T09:56:52.377Z [ERROR]: Get user profile service error: User not found
2025-05-10T09:56:52.380Z [ERROR]: Get user profile error: User not found
2025-05-10T09:56:52.987Z [ERROR]: Get user profile service error: User not found
2025-05-10T09:56:52.988Z [ERROR]: Get user profile error: User not found
2025-05-10T09:57:10.885Z [ERROR]: Get user profile service error: User not found
2025-05-10T09:57:10.888Z [ERROR]: Get user profile error: User not found
2025-05-11T07:53:01.885Z [ERROR]: Error: Cannot find /api/users/profile on this server 
Stack: Error: Cannot find /api/users/profile on this server
    at G:\ThreadsClone\ThreadsClone\server\src\app.ts:51:8
    at Layer.handle [as handle_request] (G:\ThreadsClone\ThreadsClone\server\node_modules\express\lib\router\layer.js:95:5)
    at next (G:\ThreadsClone\ThreadsClone\server\node_modules\express\lib\router\route.js:149:13)
    at next (G:\ThreadsClone\ThreadsClone\server\node_modules\express\lib\router\route.js:145:7)
    at next (G:\ThreadsClone\ThreadsClone\server\node_modules\express\lib\router\route.js:145:7)
    at next (G:\ThreadsClone\ThreadsClone\server\node_modules\express\lib\router\route.js:145:7)
    at next (G:\ThreadsClone\ThreadsClone\server\node_modules\express\lib\router\route.js:145:7)
    at next (G:\ThreadsClone\ThreadsClone\server\node_modules\express\lib\router\route.js:145:7)
    at next (G:\ThreadsClone\ThreadsClone\server\node_modules\express\lib\router\route.js:145:7)
    at Route.dispatch (G:\ThreadsClone\ThreadsClone\server\node_modules\express\lib\router\route.js:119:3)
2025-05-11T07:53:01.890Z [ERROR]: Error: Cannot find /api/users/profile on this server 
Stack: Error: Cannot find /api/users/profile on this server
    at G:\ThreadsClone\ThreadsClone\server\src\app.ts:51:8
    at Layer.handle [as handle_request] (G:\ThreadsClone\ThreadsClone\server\node_modules\express\lib\router\layer.js:95:5)
    at next (G:\ThreadsClone\ThreadsClone\server\node_modules\express\lib\router\route.js:149:13)
    at next (G:\ThreadsClone\ThreadsClone\server\node_modules\express\lib\router\route.js:145:7)
    at next (G:\ThreadsClone\ThreadsClone\server\node_modules\express\lib\router\route.js:145:7)
    at next (G:\ThreadsClone\ThreadsClone\server\node_modules\express\lib\router\route.js:145:7)
    at next (G:\ThreadsClone\ThreadsClone\server\node_modules\express\lib\router\route.js:145:7)
    at next (G:\ThreadsClone\ThreadsClone\server\node_modules\express\lib\router\route.js:145:7)
    at next (G:\ThreadsClone\ThreadsClone\server\node_modules\express\lib\router\route.js:145:7)
    at Route.dispatch (G:\ThreadsClone\ThreadsClone\server\node_modules\express\lib\router\route.js:119:3)
2025-05-11T07:53:01.893Z [ERROR]: Error: Cannot find /api/users/profile on this server 
Stack: Error: Cannot find /api/users/profile on this server
    at G:\ThreadsClone\ThreadsClone\server\src\app.ts:51:8
    at Layer.handle [as handle_request] (G:\ThreadsClone\ThreadsClone\server\node_modules\express\lib\router\layer.js:95:5)
    at next (G:\ThreadsClone\ThreadsClone\server\node_modules\express\lib\router\route.js:149:13)
    at next (G:\ThreadsClone\ThreadsClone\server\node_modules\express\lib\router\route.js:145:7)
    at next (G:\ThreadsClone\ThreadsClone\server\node_modules\express\lib\router\route.js:145:7)
    at next (G:\ThreadsClone\ThreadsClone\server\node_modules\express\lib\router\route.js:145:7)
    at next (G:\ThreadsClone\ThreadsClone\server\node_modules\express\lib\router\route.js:145:7)
    at next (G:\ThreadsClone\ThreadsClone\server\node_modules\express\lib\router\route.js:145:7)
    at next (G:\ThreadsClone\ThreadsClone\server\node_modules\express\lib\router\route.js:145:7)
    at Route.dispatch (G:\ThreadsClone\ThreadsClone\server\node_modules\express\lib\router\route.js:119:3)
2025-05-11T07:53:01.896Z [ERROR]: Error: Cannot find /api/users/profile on this server 
Stack: Error: Cannot find /api/users/profile on this server
    at G:\ThreadsClone\ThreadsClone\server\src\app.ts:51:8
    at Layer.handle [as handle_request] (G:\ThreadsClone\ThreadsClone\server\node_modules\express\lib\router\layer.js:95:5)
    at next (G:\ThreadsClone\ThreadsClone\server\node_modules\express\lib\router\route.js:149:13)
    at next (G:\ThreadsClone\ThreadsClone\server\node_modules\express\lib\router\route.js:145:7)
    at next (G:\ThreadsClone\ThreadsClone\server\node_modules\express\lib\router\route.js:145:7)
    at next (G:\ThreadsClone\ThreadsClone\server\node_modules\express\lib\router\route.js:145:7)
    at next (G:\ThreadsClone\ThreadsClone\server\node_modules\express\lib\router\route.js:145:7)
    at next (G:\ThreadsClone\ThreadsClone\server\node_modules\express\lib\router\route.js:145:7)
    at next (G:\ThreadsClone\ThreadsClone\server\node_modules\express\lib\router\route.js:145:7)
    at Route.dispatch (G:\ThreadsClone\ThreadsClone\server\node_modules\express\lib\router\route.js:119:3)
2025-05-11T07:53:43.226Z [ERROR]: Error: Cannot find /api/users/profile on this server 
Stack: Error: Cannot find /api/users/profile on this server
    at G:\ThreadsClone\ThreadsClone\server\src\app.ts:51:8
    at Layer.handle [as handle_request] (G:\ThreadsClone\ThreadsClone\server\node_modules\express\lib\router\layer.js:95:5)
    at next (G:\ThreadsClone\ThreadsClone\server\node_modules\express\lib\router\route.js:149:13)
    at next (G:\ThreadsClone\ThreadsClone\server\node_modules\express\lib\router\route.js:145:7)
    at next (G:\ThreadsClone\ThreadsClone\server\node_modules\express\lib\router\route.js:145:7)
    at next (G:\ThreadsClone\ThreadsClone\server\node_modules\express\lib\router\route.js:145:7)
    at next (G:\ThreadsClone\ThreadsClone\server\node_modules\express\lib\router\route.js:145:7)
    at next (G:\ThreadsClone\ThreadsClone\server\node_modules\express\lib\router\route.js:145:7)
    at next (G:\ThreadsClone\ThreadsClone\server\node_modules\express\lib\router\route.js:145:7)
    at Route.dispatch (G:\ThreadsClone\ThreadsClone\server\node_modules\express\lib\router\route.js:119:3)
2025-05-11T07:53:43.236Z [ERROR]: Error: Cannot find /api/users/profile on this server 
Stack: Error: Cannot find /api/users/profile on this server
    at G:\ThreadsClone\ThreadsClone\server\src\app.ts:51:8
    at Layer.handle [as handle_request] (G:\ThreadsClone\ThreadsClone\server\node_modules\express\lib\router\layer.js:95:5)
    at next (G:\ThreadsClone\ThreadsClone\server\node_modules\express\lib\router\route.js:149:13)
    at next (G:\ThreadsClone\ThreadsClone\server\node_modules\express\lib\router\route.js:145:7)
    at next (G:\ThreadsClone\ThreadsClone\server\node_modules\express\lib\router\route.js:145:7)
    at next (G:\ThreadsClone\ThreadsClone\server\node_modules\express\lib\router\route.js:145:7)
    at next (G:\ThreadsClone\ThreadsClone\server\node_modules\express\lib\router\route.js:145:7)
    at next (G:\ThreadsClone\ThreadsClone\server\node_modules\express\lib\router\route.js:145:7)
    at next (G:\ThreadsClone\ThreadsClone\server\node_modules\express\lib\router\route.js:145:7)
    at Route.dispatch (G:\ThreadsClone\ThreadsClone\server\node_modules\express\lib\router\route.js:119:3)
2025-05-11T07:53:43.243Z [ERROR]: Error: Cannot find /api/users/profile on this server 
Stack: Error: Cannot find /api/users/profile on this server
    at G:\ThreadsClone\ThreadsClone\server\src\app.ts:51:8
    at Layer.handle [as handle_request] (G:\ThreadsClone\ThreadsClone\server\node_modules\express\lib\router\layer.js:95:5)
    at next (G:\ThreadsClone\ThreadsClone\server\node_modules\express\lib\router\route.js:149:13)
    at next (G:\ThreadsClone\ThreadsClone\server\node_modules\express\lib\router\route.js:145:7)
    at next (G:\ThreadsClone\ThreadsClone\server\node_modules\express\lib\router\route.js:145:7)
    at next (G:\ThreadsClone\ThreadsClone\server\node_modules\express\lib\router\route.js:145:7)
    at next (G:\ThreadsClone\ThreadsClone\server\node_modules\express\lib\router\route.js:145:7)
    at next (G:\ThreadsClone\ThreadsClone\server\node_modules\express\lib\router\route.js:145:7)
    at next (G:\ThreadsClone\ThreadsClone\server\node_modules\express\lib\router\route.js:145:7)
    at Route.dispatch (G:\ThreadsClone\ThreadsClone\server\node_modules\express\lib\router\route.js:119:3)
2025-05-11T07:53:43.248Z [ERROR]: Error: Cannot find /api/users/profile on this server 
Stack: Error: Cannot find /api/users/profile on this server
    at G:\ThreadsClone\ThreadsClone\server\src\app.ts:51:8
    at Layer.handle [as handle_request] (G:\ThreadsClone\ThreadsClone\server\node_modules\express\lib\router\layer.js:95:5)
    at next (G:\ThreadsClone\ThreadsClone\server\node_modules\express\lib\router\route.js:149:13)
    at next (G:\ThreadsClone\ThreadsClone\server\node_modules\express\lib\router\route.js:145:7)
    at next (G:\ThreadsClone\ThreadsClone\server\node_modules\express\lib\router\route.js:145:7)
    at next (G:\ThreadsClone\ThreadsClone\server\node_modules\express\lib\router\route.js:145:7)
    at next (G:\ThreadsClone\ThreadsClone\server\node_modules\express\lib\router\route.js:145:7)
    at next (G:\ThreadsClone\ThreadsClone\server\node_modules\express\lib\router\route.js:145:7)
    at next (G:\ThreadsClone\ThreadsClone\server\node_modules\express\lib\router\route.js:145:7)
    at Route.dispatch (G:\ThreadsClone\ThreadsClone\server\node_modules\express\lib\router\route.js:119:3)
2025-05-11T07:59:02.414Z [ERROR]: Error: ID is invalid 
Stack: HttpError: ID is invalid
    at G:\ThreadsClone\ThreadsClone\server\src\middlewares\validation.ts:53:13
    at Layer.handle [as handle_request] (G:\ThreadsClone\ThreadsClone\server\node_modules\express\lib\router\layer.js:95:5)
    at next (G:\ThreadsClone\ThreadsClone\server\node_modules\express\lib\router\route.js:149:13)
    at authMiddleware (G:\ThreadsClone\ThreadsClone\server\src\middlewares\auth.ts:39:5)
    at processTicksAndRejections (node:internal/process/task_queues:95:5)
2025-05-11T07:59:02.451Z [ERROR]: Error: ID is invalid 
Stack: HttpError: ID is invalid
    at G:\ThreadsClone\ThreadsClone\server\src\middlewares\validation.ts:53:13
    at Layer.handle [as handle_request] (G:\ThreadsClone\ThreadsClone\server\node_modules\express\lib\router\layer.js:95:5)
    at next (G:\ThreadsClone\ThreadsClone\server\node_modules\express\lib\router\route.js:149:13)
    at authMiddleware (G:\ThreadsClone\ThreadsClone\server\src\middlewares\auth.ts:39:5)
    at processTicksAndRejections (node:internal/process/task_queues:95:5)
2025-05-11T08:40:44.394Z [ERROR]: Error: ID is invalid 
Stack: HttpError: ID is invalid
    at G:\ThreadsClone\ThreadsClone\server\src\middlewares\validation.ts:53:13
    at Layer.handle [as handle_request] (G:\ThreadsClone\ThreadsClone\server\node_modules\express\lib\router\layer.js:95:5)
    at next (G:\ThreadsClone\ThreadsClone\server\node_modules\express\lib\router\route.js:149:13)
    at authMiddleware (G:\ThreadsClone\ThreadsClone\server\src\middlewares\auth.ts:39:5)
    at processTicksAndRejections (node:internal/process/task_queues:95:5)
2025-05-11T08:40:44.435Z [ERROR]: Error: ID is invalid 
Stack: HttpError: ID is invalid
    at G:\ThreadsClone\ThreadsClone\server\src\middlewares\validation.ts:53:13
    at Layer.handle [as handle_request] (G:\ThreadsClone\ThreadsClone\server\node_modules\express\lib\router\layer.js:95:5)
    at next (G:\ThreadsClone\ThreadsClone\server\node_modules\express\lib\router\route.js:149:13)
    at authMiddleware (G:\ThreadsClone\ThreadsClone\server\src\middlewares\auth.ts:39:5)
    at processTicksAndRejections (node:internal/process/task_queues:95:5)
2025-05-11T08:40:48.472Z [ERROR]: Error: ID is invalid 
Stack: HttpError: ID is invalid
    at G:\ThreadsClone\ThreadsClone\server\src\middlewares\validation.ts:53:13
    at Layer.handle [as handle_request] (G:\ThreadsClone\ThreadsClone\server\node_modules\express\lib\router\layer.js:95:5)
    at next (G:\ThreadsClone\ThreadsClone\server\node_modules\express\lib\router\route.js:149:13)
    at authMiddleware (G:\ThreadsClone\ThreadsClone\server\src\middlewares\auth.ts:39:5)
    at processTicksAndRejections (node:internal/process/task_queues:95:5)
2025-05-11T08:40:48.507Z [ERROR]: Error: ID is invalid 
Stack: HttpError: ID is invalid
    at G:\ThreadsClone\ThreadsClone\server\src\middlewares\validation.ts:53:13
    at Layer.handle [as handle_request] (G:\ThreadsClone\ThreadsClone\server\node_modules\express\lib\router\layer.js:95:5)
    at next (G:\ThreadsClone\ThreadsClone\server\node_modules\express\lib\router\route.js:149:13)
    at authMiddleware (G:\ThreadsClone\ThreadsClone\server\src\middlewares\auth.ts:39:5)
    at processTicksAndRejections (node:internal/process/task_queues:95:5)
2025-05-11T08:40:48.543Z [ERROR]: Error: ID is invalid 
Stack: HttpError: ID is invalid
    at G:\ThreadsClone\ThreadsClone\server\src\middlewares\validation.ts:53:13
    at Layer.handle [as handle_request] (G:\ThreadsClone\ThreadsClone\server\node_modules\express\lib\router\layer.js:95:5)
    at next (G:\ThreadsClone\ThreadsClone\server\node_modules\express\lib\router\route.js:149:13)
    at authMiddleware (G:\ThreadsClone\ThreadsClone\server\src\middlewares\auth.ts:39:5)
    at processTicksAndRejections (node:internal/process/task_queues:95:5)
2025-05-11T08:40:48.580Z [ERROR]: Error: ID is invalid 
Stack: HttpError: ID is invalid
    at G:\ThreadsClone\ThreadsClone\server\src\middlewares\validation.ts:53:13
    at Layer.handle [as handle_request] (G:\ThreadsClone\ThreadsClone\server\node_modules\express\lib\router\layer.js:95:5)
    at next (G:\ThreadsClone\ThreadsClone\server\node_modules\express\lib\router\route.js:149:13)
    at authMiddleware (G:\ThreadsClone\ThreadsClone\server\src\middlewares\auth.ts:39:5)
    at processTicksAndRejections (node:internal/process/task_queues:95:5)
2025-05-11T08:52:34.970Z [ERROR]: Error: ID is invalid 
Stack: HttpError: ID is invalid
    at G:\ThreadsClone\ThreadsClone\server\src\middlewares\validation.ts:53:13
    at Layer.handle [as handle_request] (G:\ThreadsClone\ThreadsClone\server\node_modules\express\lib\router\layer.js:95:5)
    at next (G:\ThreadsClone\ThreadsClone\server\node_modules\express\lib\router\route.js:149:13)
    at authMiddleware (G:\ThreadsClone\ThreadsClone\server\src\middlewares\auth.ts:39:5)
    at processTicksAndRejections (node:internal/process/task_queues:95:5)
2025-05-11T08:52:35.018Z [ERROR]: Error: ID is invalid 
Stack: HttpError: ID is invalid
    at G:\ThreadsClone\ThreadsClone\server\src\middlewares\validation.ts:53:13
    at Layer.handle [as handle_request] (G:\ThreadsClone\ThreadsClone\server\node_modules\express\lib\router\layer.js:95:5)
    at next (G:\ThreadsClone\ThreadsClone\server\node_modules\express\lib\router\route.js:149:13)
    at authMiddleware (G:\ThreadsClone\ThreadsClone\server\src\middlewares\auth.ts:39:5)
    at processTicksAndRejections (node:internal/process/task_queues:95:5)
2025-05-11T08:52:35.061Z [ERROR]: Error: ID is invalid 
Stack: HttpError: ID is invalid
    at G:\ThreadsClone\ThreadsClone\server\src\middlewares\validation.ts:53:13
    at Layer.handle [as handle_request] (G:\ThreadsClone\ThreadsClone\server\node_modules\express\lib\router\layer.js:95:5)
    at next (G:\ThreadsClone\ThreadsClone\server\node_modules\express\lib\router\route.js:149:13)
    at authMiddleware (G:\ThreadsClone\ThreadsClone\server\src\middlewares\auth.ts:39:5)
    at processTicksAndRejections (node:internal/process/task_queues:95:5)
2025-05-11T08:52:35.097Z [ERROR]: Error: ID is invalid 
Stack: HttpError: ID is invalid
    at G:\ThreadsClone\ThreadsClone\server\src\middlewares\validation.ts:53:13
    at Layer.handle [as handle_request] (G:\ThreadsClone\ThreadsClone\server\node_modules\express\lib\router\layer.js:95:5)
    at next (G:\ThreadsClone\ThreadsClone\server\node_modules\express\lib\router\route.js:149:13)
    at authMiddleware (G:\ThreadsClone\ThreadsClone\server\src\middlewares\auth.ts:39:5)
    at processTicksAndRejections (node:internal/process/task_queues:95:5)
2025-05-11T08:52:37.802Z [ERROR]: Error: ID is invalid 
Stack: HttpError: ID is invalid
    at G:\ThreadsClone\ThreadsClone\server\src\middlewares\validation.ts:53:13
    at Layer.handle [as handle_request] (G:\ThreadsClone\ThreadsClone\server\node_modules\express\lib\router\layer.js:95:5)
    at next (G:\ThreadsClone\ThreadsClone\server\node_modules\express\lib\router\route.js:149:13)
    at authMiddleware (G:\ThreadsClone\ThreadsClone\server\src\middlewares\auth.ts:39:5)
    at processTicksAndRejections (node:internal/process/task_queues:95:5)
2025-05-11T08:52:37.838Z [ERROR]: Error: ID is invalid 
Stack: HttpError: ID is invalid
    at G:\ThreadsClone\ThreadsClone\server\src\middlewares\validation.ts:53:13
    at Layer.handle [as handle_request] (G:\ThreadsClone\ThreadsClone\server\node_modules\express\lib\router\layer.js:95:5)
    at next (G:\ThreadsClone\ThreadsClone\server\node_modules\express\lib\router\route.js:149:13)
    at authMiddleware (G:\ThreadsClone\ThreadsClone\server\src\middlewares\auth.ts:39:5)
    at processTicksAndRejections (node:internal/process/task_queues:95:5)
2025-05-11T08:52:37.876Z [ERROR]: Error: ID is invalid 
Stack: HttpError: ID is invalid
    at G:\ThreadsClone\ThreadsClone\server\src\middlewares\validation.ts:53:13
    at Layer.handle [as handle_request] (G:\ThreadsClone\ThreadsClone\server\node_modules\express\lib\router\layer.js:95:5)
    at next (G:\ThreadsClone\ThreadsClone\server\node_modules\express\lib\router\route.js:149:13)
    at authMiddleware (G:\ThreadsClone\ThreadsClone\server\src\middlewares\auth.ts:39:5)
    at processTicksAndRejections (node:internal/process/task_queues:95:5)
2025-05-11T08:52:37.926Z [ERROR]: Error: ID is invalid 
Stack: HttpError: ID is invalid
    at G:\ThreadsClone\ThreadsClone\server\src\middlewares\validation.ts:53:13
    at Layer.handle [as handle_request] (G:\ThreadsClone\ThreadsClone\server\node_modules\express\lib\router\layer.js:95:5)
    at next (G:\ThreadsClone\ThreadsClone\server\node_modules\express\lib\router\route.js:149:13)
    at authMiddleware (G:\ThreadsClone\ThreadsClone\server\src\middlewares\auth.ts:39:5)
    at processTicksAndRejections (node:internal/process/task_queues:95:5)
2025-05-11T08:53:48.825Z [ERROR]: Error: ID is invalid 
Stack: HttpError: ID is invalid
    at G:\ThreadsClone\ThreadsClone\server\src\middlewares\validation.ts:53:13
    at Layer.handle [as handle_request] (G:\ThreadsClone\ThreadsClone\server\node_modules\express\lib\router\layer.js:95:5)
    at next (G:\ThreadsClone\ThreadsClone\server\node_modules\express\lib\router\route.js:149:13)
    at authMiddleware (G:\ThreadsClone\ThreadsClone\server\src\middlewares\auth.ts:39:5)
    at processTicksAndRejections (node:internal/process/task_queues:95:5)
2025-05-11T08:53:48.860Z [ERROR]: Error: ID is invalid 
Stack: HttpError: ID is invalid
    at G:\ThreadsClone\ThreadsClone\server\src\middlewares\validation.ts:53:13
    at Layer.handle [as handle_request] (G:\ThreadsClone\ThreadsClone\server\node_modules\express\lib\router\layer.js:95:5)
    at next (G:\ThreadsClone\ThreadsClone\server\node_modules\express\lib\router\route.js:149:13)
    at authMiddleware (G:\ThreadsClone\ThreadsClone\server\src\middlewares\auth.ts:39:5)
    at processTicksAndRejections (node:internal/process/task_queues:95:5)
2025-05-11T08:53:48.895Z [ERROR]: Error: ID is invalid 
Stack: HttpError: ID is invalid
    at G:\ThreadsClone\ThreadsClone\server\src\middlewares\validation.ts:53:13
    at Layer.handle [as handle_request] (G:\ThreadsClone\ThreadsClone\server\node_modules\express\lib\router\layer.js:95:5)
    at next (G:\ThreadsClone\ThreadsClone\server\node_modules\express\lib\router\route.js:149:13)
    at authMiddleware (G:\ThreadsClone\ThreadsClone\server\src\middlewares\auth.ts:39:5)
    at processTicksAndRejections (node:internal/process/task_queues:95:5)
2025-05-11T08:53:48.934Z [ERROR]: Error: ID is invalid 
Stack: HttpError: ID is invalid
    at G:\ThreadsClone\ThreadsClone\server\src\middlewares\validation.ts:53:13
    at Layer.handle [as handle_request] (G:\ThreadsClone\ThreadsClone\server\node_modules\express\lib\router\layer.js:95:5)
    at next (G:\ThreadsClone\ThreadsClone\server\node_modules\express\lib\router\route.js:149:13)
    at authMiddleware (G:\ThreadsClone\ThreadsClone\server\src\middlewares\auth.ts:39:5)
    at processTicksAndRejections (node:internal/process/task_queues:95:5)
2025-05-11T08:54:08.081Z [ERROR]: Error: ID is invalid 
Stack: HttpError: ID is invalid
    at G:\ThreadsClone\ThreadsClone\server\src\middlewares\validation.ts:53:13
    at Layer.handle [as handle_request] (G:\ThreadsClone\ThreadsClone\server\node_modules\express\lib\router\layer.js:95:5)
    at next (G:\ThreadsClone\ThreadsClone\server\node_modules\express\lib\router\route.js:149:13)
    at authMiddleware (G:\ThreadsClone\ThreadsClone\server\src\middlewares\auth.ts:39:5)
    at processTicksAndRejections (node:internal/process/task_queues:95:5)
2025-05-11T08:54:08.090Z [ERROR]: Error: ID is invalid 
Stack: HttpError: ID is invalid
    at G:\ThreadsClone\ThreadsClone\server\src\middlewares\validation.ts:53:13
    at Layer.handle [as handle_request] (G:\ThreadsClone\ThreadsClone\server\node_modules\express\lib\router\layer.js:95:5)
    at next (G:\ThreadsClone\ThreadsClone\server\node_modules\express\lib\router\route.js:149:13)
    at authMiddleware (G:\ThreadsClone\ThreadsClone\server\src\middlewares\auth.ts:39:5)
    at processTicksAndRejections (node:internal/process/task_queues:95:5)
2025-05-11T08:54:08.095Z [ERROR]: Error: ID is invalid 
Stack: HttpError: ID is invalid
    at G:\ThreadsClone\ThreadsClone\server\src\middlewares\validation.ts:53:13
    at Layer.handle [as handle_request] (G:\ThreadsClone\ThreadsClone\server\node_modules\express\lib\router\layer.js:95:5)
    at next (G:\ThreadsClone\ThreadsClone\server\node_modules\express\lib\router\route.js:149:13)
    at authMiddleware (G:\ThreadsClone\ThreadsClone\server\src\middlewares\auth.ts:39:5)
    at processTicksAndRejections (node:internal/process/task_queues:95:5)
2025-05-11T08:54:08.098Z [ERROR]: Error: ID is invalid 
Stack: HttpError: ID is invalid
    at G:\ThreadsClone\ThreadsClone\server\src\middlewares\validation.ts:53:13
    at Layer.handle [as handle_request] (G:\ThreadsClone\ThreadsClone\server\node_modules\express\lib\router\layer.js:95:5)
    at next (G:\ThreadsClone\ThreadsClone\server\node_modules\express\lib\router\route.js:149:13)
    at authMiddleware (G:\ThreadsClone\ThreadsClone\server\src\middlewares\auth.ts:39:5)
    at processTicksAndRejections (node:internal/process/task_queues:95:5)
2025-05-11T08:54:32.662Z [ERROR]: Error: ID is invalid 
Stack: HttpError: ID is invalid
    at G:\ThreadsClone\ThreadsClone\server\src\middlewares\validation.ts:53:13
    at Layer.handle [as handle_request] (G:\ThreadsClone\ThreadsClone\server\node_modules\express\lib\router\layer.js:95:5)
    at next (G:\ThreadsClone\ThreadsClone\server\node_modules\express\lib\router\route.js:149:13)
    at authMiddleware (G:\ThreadsClone\ThreadsClone\server\src\middlewares\auth.ts:39:5)
    at processTicksAndRejections (node:internal/process/task_queues:95:5)
2025-05-11T08:54:32.670Z [ERROR]: Error: ID is invalid 
Stack: HttpError: ID is invalid
    at G:\ThreadsClone\ThreadsClone\server\src\middlewares\validation.ts:53:13
    at Layer.handle [as handle_request] (G:\ThreadsClone\ThreadsClone\server\node_modules\express\lib\router\layer.js:95:5)
    at next (G:\ThreadsClone\ThreadsClone\server\node_modules\express\lib\router\route.js:149:13)
    at authMiddleware (G:\ThreadsClone\ThreadsClone\server\src\middlewares\auth.ts:39:5)
    at processTicksAndRejections (node:internal/process/task_queues:95:5)
2025-05-11T08:54:32.673Z [ERROR]: Error: ID is invalid 
Stack: HttpError: ID is invalid
    at G:\ThreadsClone\ThreadsClone\server\src\middlewares\validation.ts:53:13
    at Layer.handle [as handle_request] (G:\ThreadsClone\ThreadsClone\server\node_modules\express\lib\router\layer.js:95:5)
    at next (G:\ThreadsClone\ThreadsClone\server\node_modules\express\lib\router\route.js:149:13)
    at authMiddleware (G:\ThreadsClone\ThreadsClone\server\src\middlewares\auth.ts:39:5)
    at processTicksAndRejections (node:internal/process/task_queues:95:5)
2025-05-11T08:54:32.677Z [ERROR]: Error: ID is invalid 
Stack: HttpError: ID is invalid
    at G:\ThreadsClone\ThreadsClone\server\src\middlewares\validation.ts:53:13
    at Layer.handle [as handle_request] (G:\ThreadsClone\ThreadsClone\server\node_modules\express\lib\router\layer.js:95:5)
    at next (G:\ThreadsClone\ThreadsClone\server\node_modules\express\lib\router\route.js:149:13)
    at authMiddleware (G:\ThreadsClone\ThreadsClone\server\src\middlewares\auth.ts:39:5)
    at processTicksAndRejections (node:internal/process/task_queues:95:5)
2025-05-11T08:57:13.942Z [ERROR]: Error: ID is invalid 
Stack: HttpError: ID is invalid
    at G:\ThreadsClone\ThreadsClone\server\src\middlewares\validation.ts:53:13
    at Layer.handle [as handle_request] (G:\ThreadsClone\ThreadsClone\server\node_modules\express\lib\router\layer.js:95:5)
    at next (G:\ThreadsClone\ThreadsClone\server\node_modules\express\lib\router\route.js:149:13)
    at authMiddleware (G:\ThreadsClone\ThreadsClone\server\src\middlewares\auth.ts:39:5)
    at processTicksAndRejections (node:internal/process/task_queues:95:5)
2025-05-11T08:57:13.977Z [ERROR]: Error: ID is invalid 
Stack: HttpError: ID is invalid
    at G:\ThreadsClone\ThreadsClone\server\src\middlewares\validation.ts:53:13
    at Layer.handle [as handle_request] (G:\ThreadsClone\ThreadsClone\server\node_modules\express\lib\router\layer.js:95:5)
    at next (G:\ThreadsClone\ThreadsClone\server\node_modules\express\lib\router\route.js:149:13)
    at authMiddleware (G:\ThreadsClone\ThreadsClone\server\src\middlewares\auth.ts:39:5)
    at processTicksAndRejections (node:internal/process/task_queues:95:5)
2025-05-11T08:57:14.012Z [ERROR]: Error: ID is invalid 
Stack: HttpError: ID is invalid
    at G:\ThreadsClone\ThreadsClone\server\src\middlewares\validation.ts:53:13
    at Layer.handle [as handle_request] (G:\ThreadsClone\ThreadsClone\server\node_modules\express\lib\router\layer.js:95:5)
    at next (G:\ThreadsClone\ThreadsClone\server\node_modules\express\lib\router\route.js:149:13)
    at authMiddleware (G:\ThreadsClone\ThreadsClone\server\src\middlewares\auth.ts:39:5)
    at processTicksAndRejections (node:internal/process/task_queues:95:5)
2025-05-11T08:57:14.050Z [ERROR]: Error: ID is invalid 
Stack: HttpError: ID is invalid
    at G:\ThreadsClone\ThreadsClone\server\src\middlewares\validation.ts:53:13
    at Layer.handle [as handle_request] (G:\ThreadsClone\ThreadsClone\server\node_modules\express\lib\router\layer.js:95:5)
    at next (G:\ThreadsClone\ThreadsClone\server\node_modules\express\lib\router\route.js:149:13)
    at authMiddleware (G:\ThreadsClone\ThreadsClone\server\src\middlewares\auth.ts:39:5)
    at processTicksAndRejections (node:internal/process/task_queues:95:5)
2025-05-11T09:00:32.559Z [ERROR]: Error: ID is invalid 
Stack: HttpError: ID is invalid
    at G:\ThreadsClone\ThreadsClone\server\src\middlewares\validation.ts:53:13
    at Layer.handle [as handle_request] (G:\ThreadsClone\ThreadsClone\server\node_modules\express\lib\router\layer.js:95:5)
    at next (G:\ThreadsClone\ThreadsClone\server\node_modules\express\lib\router\route.js:149:13)
    at authMiddleware (G:\ThreadsClone\ThreadsClone\server\src\middlewares\auth.ts:39:5)
    at processTicksAndRejections (node:internal/process/task_queues:95:5)
2025-05-11T09:00:32.563Z [ERROR]: Error: ID is invalid 
Stack: HttpError: ID is invalid
    at G:\ThreadsClone\ThreadsClone\server\src\middlewares\validation.ts:53:13
    at Layer.handle [as handle_request] (G:\ThreadsClone\ThreadsClone\server\node_modules\express\lib\router\layer.js:95:5)
    at next (G:\ThreadsClone\ThreadsClone\server\node_modules\express\lib\router\route.js:149:13)
    at authMiddleware (G:\ThreadsClone\ThreadsClone\server\src\middlewares\auth.ts:39:5)
    at processTicksAndRejections (node:internal/process/task_queues:95:5)
2025-05-11T09:00:32.569Z [ERROR]: Error: ID is invalid 
Stack: HttpError: ID is invalid
    at G:\ThreadsClone\ThreadsClone\server\src\middlewares\validation.ts:53:13
    at Layer.handle [as handle_request] (G:\ThreadsClone\ThreadsClone\server\node_modules\express\lib\router\layer.js:95:5)
    at next (G:\ThreadsClone\ThreadsClone\server\node_modules\express\lib\router\route.js:149:13)
    at authMiddleware (G:\ThreadsClone\ThreadsClone\server\src\middlewares\auth.ts:39:5)
    at processTicksAndRejections (node:internal/process/task_queues:95:5)
2025-05-11T09:00:32.575Z [ERROR]: Error: ID is invalid 
Stack: HttpError: ID is invalid
    at G:\ThreadsClone\ThreadsClone\server\src\middlewares\validation.ts:53:13
    at Layer.handle [as handle_request] (G:\ThreadsClone\ThreadsClone\server\node_modules\express\lib\router\layer.js:95:5)
    at next (G:\ThreadsClone\ThreadsClone\server\node_modules\express\lib\router\route.js:149:13)
    at authMiddleware (G:\ThreadsClone\ThreadsClone\server\src\middlewares\auth.ts:39:5)
    at processTicksAndRejections (node:internal/process/task_queues:95:5)
2025-05-11T09:02:49.132Z [ERROR]: Error: ID is invalid 
Stack: HttpError: ID is invalid
    at G:\ThreadsClone\ThreadsClone\server\src\middlewares\validation.ts:53:13
    at Layer.handle [as handle_request] (G:\ThreadsClone\ThreadsClone\server\node_modules\express\lib\router\layer.js:95:5)
    at next (G:\ThreadsClone\ThreadsClone\server\node_modules\express\lib\router\route.js:149:13)
    at authMiddleware (G:\ThreadsClone\ThreadsClone\server\src\middlewares\auth.ts:39:5)
    at processTicksAndRejections (node:internal/process/task_queues:95:5)
2025-05-11T09:02:49.135Z [ERROR]: Error: ID is invalid 
Stack: HttpError: ID is invalid
    at G:\ThreadsClone\ThreadsClone\server\src\middlewares\validation.ts:53:13
    at Layer.handle [as handle_request] (G:\ThreadsClone\ThreadsClone\server\node_modules\express\lib\router\layer.js:95:5)
    at next (G:\ThreadsClone\ThreadsClone\server\node_modules\express\lib\router\route.js:149:13)
    at authMiddleware (G:\ThreadsClone\ThreadsClone\server\src\middlewares\auth.ts:39:5)
    at processTicksAndRejections (node:internal/process/task_queues:95:5)
2025-05-11T09:02:49.139Z [ERROR]: Error: ID is invalid 
Stack: HttpError: ID is invalid
    at G:\ThreadsClone\ThreadsClone\server\src\middlewares\validation.ts:53:13
    at Layer.handle [as handle_request] (G:\ThreadsClone\ThreadsClone\server\node_modules\express\lib\router\layer.js:95:5)
    at next (G:\ThreadsClone\ThreadsClone\server\node_modules\express\lib\router\route.js:149:13)
    at authMiddleware (G:\ThreadsClone\ThreadsClone\server\src\middlewares\auth.ts:39:5)
    at processTicksAndRejections (node:internal/process/task_queues:95:5)
2025-05-11T09:02:49.144Z [ERROR]: Error: ID is invalid 
Stack: HttpError: ID is invalid
    at G:\ThreadsClone\ThreadsClone\server\src\middlewares\validation.ts:53:13
    at Layer.handle [as handle_request] (G:\ThreadsClone\ThreadsClone\server\node_modules\express\lib\router\layer.js:95:5)
    at next (G:\ThreadsClone\ThreadsClone\server\node_modules\express\lib\router\route.js:149:13)
    at authMiddleware (G:\ThreadsClone\ThreadsClone\server\src\middlewares\auth.ts:39:5)
    at processTicksAndRejections (node:internal/process/task_queues:95:5)
2025-05-11T09:04:02.404Z [ERROR]: Error: ID is invalid 
Stack: HttpError: ID is invalid
    at G:\ThreadsClone\ThreadsClone\server\src\middlewares\validation.ts:53:13
    at Layer.handle [as handle_request] (G:\ThreadsClone\ThreadsClone\server\node_modules\express\lib\router\layer.js:95:5)
    at next (G:\ThreadsClone\ThreadsClone\server\node_modules\express\lib\router\route.js:149:13)
    at authMiddleware (G:\ThreadsClone\ThreadsClone\server\src\middlewares\auth.ts:39:5)
    at processTicksAndRejections (node:internal/process/task_queues:95:5)
2025-05-11T09:04:02.410Z [ERROR]: Error: ID is invalid 
Stack: HttpError: ID is invalid
    at G:\ThreadsClone\ThreadsClone\server\src\middlewares\validation.ts:53:13
    at Layer.handle [as handle_request] (G:\ThreadsClone\ThreadsClone\server\node_modules\express\lib\router\layer.js:95:5)
    at next (G:\ThreadsClone\ThreadsClone\server\node_modules\express\lib\router\route.js:149:13)
    at authMiddleware (G:\ThreadsClone\ThreadsClone\server\src\middlewares\auth.ts:39:5)
    at processTicksAndRejections (node:internal/process/task_queues:95:5)
2025-05-11T09:04:02.413Z [ERROR]: Error: ID is invalid 
Stack: HttpError: ID is invalid
    at G:\ThreadsClone\ThreadsClone\server\src\middlewares\validation.ts:53:13
    at Layer.handle [as handle_request] (G:\ThreadsClone\ThreadsClone\server\node_modules\express\lib\router\layer.js:95:5)
    at next (G:\ThreadsClone\ThreadsClone\server\node_modules\express\lib\router\route.js:149:13)
    at authMiddleware (G:\ThreadsClone\ThreadsClone\server\src\middlewares\auth.ts:39:5)
    at processTicksAndRejections (node:internal/process/task_queues:95:5)
2025-05-11T09:04:02.418Z [ERROR]: Error: ID is invalid 
Stack: HttpError: ID is invalid
    at G:\ThreadsClone\ThreadsClone\server\src\middlewares\validation.ts:53:13
    at Layer.handle [as handle_request] (G:\ThreadsClone\ThreadsClone\server\node_modules\express\lib\router\layer.js:95:5)
    at next (G:\ThreadsClone\ThreadsClone\server\node_modules\express\lib\router\route.js:149:13)
    at authMiddleware (G:\ThreadsClone\ThreadsClone\server\src\middlewares\auth.ts:39:5)
    at processTicksAndRejections (node:internal/process/task_queues:95:5)
2025-05-11T09:04:05.955Z [ERROR]: Error: ID is invalid 
Stack: HttpError: ID is invalid
    at G:\ThreadsClone\ThreadsClone\server\src\middlewares\validation.ts:53:13
    at Layer.handle [as handle_request] (G:\ThreadsClone\ThreadsClone\server\node_modules\express\lib\router\layer.js:95:5)
    at next (G:\ThreadsClone\ThreadsClone\server\node_modules\express\lib\router\route.js:149:13)
    at authMiddleware (G:\ThreadsClone\ThreadsClone\server\src\middlewares\auth.ts:39:5)
    at processTicksAndRejections (node:internal/process/task_queues:95:5)
2025-05-11T09:04:05.960Z [ERROR]: Error: ID is invalid 
Stack: HttpError: ID is invalid
    at G:\ThreadsClone\ThreadsClone\server\src\middlewares\validation.ts:53:13
    at Layer.handle [as handle_request] (G:\ThreadsClone\ThreadsClone\server\node_modules\express\lib\router\layer.js:95:5)
    at next (G:\ThreadsClone\ThreadsClone\server\node_modules\express\lib\router\route.js:149:13)
    at authMiddleware (G:\ThreadsClone\ThreadsClone\server\src\middlewares\auth.ts:39:5)
    at processTicksAndRejections (node:internal/process/task_queues:95:5)
2025-05-11T09:04:05.966Z [ERROR]: Error: ID is invalid 
Stack: HttpError: ID is invalid
    at G:\ThreadsClone\ThreadsClone\server\src\middlewares\validation.ts:53:13
    at Layer.handle [as handle_request] (G:\ThreadsClone\ThreadsClone\server\node_modules\express\lib\router\layer.js:95:5)
    at next (G:\ThreadsClone\ThreadsClone\server\node_modules\express\lib\router\route.js:149:13)
    at authMiddleware (G:\ThreadsClone\ThreadsClone\server\src\middlewares\auth.ts:39:5)
    at processTicksAndRejections (node:internal/process/task_queues:95:5)
2025-05-11T09:04:05.974Z [ERROR]: Error: ID is invalid 
Stack: HttpError: ID is invalid
    at G:\ThreadsClone\ThreadsClone\server\src\middlewares\validation.ts:53:13
    at Layer.handle [as handle_request] (G:\ThreadsClone\ThreadsClone\server\node_modules\express\lib\router\layer.js:95:5)
    at next (G:\ThreadsClone\ThreadsClone\server\node_modules\express\lib\router\route.js:149:13)
    at authMiddleware (G:\ThreadsClone\ThreadsClone\server\src\middlewares\auth.ts:39:5)
    at processTicksAndRejections (node:internal/process/task_queues:95:5)
2025-05-11T09:06:04.927Z [ERROR]: Error: ID is invalid 
Stack: HttpError: ID is invalid
    at G:\ThreadsClone\ThreadsClone\server\src\middlewares\validation.ts:53:13
    at Layer.handle [as handle_request] (G:\ThreadsClone\ThreadsClone\server\node_modules\express\lib\router\layer.js:95:5)
    at next (G:\ThreadsClone\ThreadsClone\server\node_modules\express\lib\router\route.js:149:13)
    at authMiddleware (G:\ThreadsClone\ThreadsClone\server\src\middlewares\auth.ts:39:5)
    at processTicksAndRejections (node:internal/process/task_queues:95:5)
2025-05-11T09:06:04.932Z [ERROR]: Error: ID is invalid 
Stack: HttpError: ID is invalid
    at G:\ThreadsClone\ThreadsClone\server\src\middlewares\validation.ts:53:13
    at Layer.handle [as handle_request] (G:\ThreadsClone\ThreadsClone\server\node_modules\express\lib\router\layer.js:95:5)
    at next (G:\ThreadsClone\ThreadsClone\server\node_modules\express\lib\router\route.js:149:13)
    at authMiddleware (G:\ThreadsClone\ThreadsClone\server\src\middlewares\auth.ts:39:5)
    at processTicksAndRejections (node:internal/process/task_queues:95:5)
2025-05-11T09:06:04.936Z [ERROR]: Error: ID is invalid 
Stack: HttpError: ID is invalid
    at G:\ThreadsClone\ThreadsClone\server\src\middlewares\validation.ts:53:13
    at Layer.handle [as handle_request] (G:\ThreadsClone\ThreadsClone\server\node_modules\express\lib\router\layer.js:95:5)
    at next (G:\ThreadsClone\ThreadsClone\server\node_modules\express\lib\router\route.js:149:13)
    at authMiddleware (G:\ThreadsClone\ThreadsClone\server\src\middlewares\auth.ts:39:5)
    at processTicksAndRejections (node:internal/process/task_queues:95:5)
2025-05-11T09:06:04.941Z [ERROR]: Error: ID is invalid 
Stack: HttpError: ID is invalid
    at G:\ThreadsClone\ThreadsClone\server\src\middlewares\validation.ts:53:13
    at Layer.handle [as handle_request] (G:\ThreadsClone\ThreadsClone\server\node_modules\express\lib\router\layer.js:95:5)
    at next (G:\ThreadsClone\ThreadsClone\server\node_modules\express\lib\router\route.js:149:13)
    at authMiddleware (G:\ThreadsClone\ThreadsClone\server\src\middlewares\auth.ts:39:5)
    at processTicksAndRejections (node:internal/process/task_queues:95:5)
2025-05-11T09:06:56.523Z [ERROR]: Error: ID is invalid 
Stack: HttpError: ID is invalid
    at G:\ThreadsClone\ThreadsClone\server\src\middlewares\validation.ts:53:13
    at Layer.handle [as handle_request] (G:\ThreadsClone\ThreadsClone\server\node_modules\express\lib\router\layer.js:95:5)
    at next (G:\ThreadsClone\ThreadsClone\server\node_modules\express\lib\router\route.js:149:13)
    at authMiddleware (G:\ThreadsClone\ThreadsClone\server\src\middlewares\auth.ts:39:5)
    at processTicksAndRejections (node:internal/process/task_queues:95:5)
2025-05-11T09:06:56.530Z [ERROR]: Error: ID is invalid 
Stack: HttpError: ID is invalid
    at G:\ThreadsClone\ThreadsClone\server\src\middlewares\validation.ts:53:13
    at Layer.handle [as handle_request] (G:\ThreadsClone\ThreadsClone\server\node_modules\express\lib\router\layer.js:95:5)
    at next (G:\ThreadsClone\ThreadsClone\server\node_modules\express\lib\router\route.js:149:13)
    at authMiddleware (G:\ThreadsClone\ThreadsClone\server\src\middlewares\auth.ts:39:5)
    at processTicksAndRejections (node:internal/process/task_queues:95:5)
2025-05-11T09:06:56.533Z [ERROR]: Error: ID is invalid 
Stack: HttpError: ID is invalid
    at G:\ThreadsClone\ThreadsClone\server\src\middlewares\validation.ts:53:13
    at Layer.handle [as handle_request] (G:\ThreadsClone\ThreadsClone\server\node_modules\express\lib\router\layer.js:95:5)
    at next (G:\ThreadsClone\ThreadsClone\server\node_modules\express\lib\router\route.js:149:13)
    at authMiddleware (G:\ThreadsClone\ThreadsClone\server\src\middlewares\auth.ts:39:5)
    at processTicksAndRejections (node:internal/process/task_queues:95:5)
2025-05-11T09:06:56.539Z [ERROR]: Error: ID is invalid 
Stack: HttpError: ID is invalid
    at G:\ThreadsClone\ThreadsClone\server\src\middlewares\validation.ts:53:13
    at Layer.handle [as handle_request] (G:\ThreadsClone\ThreadsClone\server\node_modules\express\lib\router\layer.js:95:5)
    at next (G:\ThreadsClone\ThreadsClone\server\node_modules\express\lib\router\route.js:149:13)
    at authMiddleware (G:\ThreadsClone\ThreadsClone\server\src\middlewares\auth.ts:39:5)
    at processTicksAndRejections (node:internal/process/task_queues:95:5)
2025-05-11T09:10:18.408Z [ERROR]: Error: ID is invalid 
Stack: HttpError: ID is invalid
    at G:\ThreadsClone\ThreadsClone\server\src\middlewares\validation.ts:53:13
    at Layer.handle [as handle_request] (G:\ThreadsClone\ThreadsClone\server\node_modules\express\lib\router\layer.js:95:5)
    at next (G:\ThreadsClone\ThreadsClone\server\node_modules\express\lib\router\route.js:149:13)
    at authMiddleware (G:\ThreadsClone\ThreadsClone\server\src\middlewares\auth.ts:39:5)
    at processTicksAndRejections (node:internal/process/task_queues:95:5)
2025-05-11T09:10:22.148Z [ERROR]: Error: ID is invalid 
Stack: HttpError: ID is invalid
    at G:\ThreadsClone\ThreadsClone\server\src\middlewares\validation.ts:53:13
    at Layer.handle [as handle_request] (G:\ThreadsClone\ThreadsClone\server\node_modules\express\lib\router\layer.js:95:5)
    at next (G:\ThreadsClone\ThreadsClone\server\node_modules\express\lib\router\route.js:149:13)
    at authMiddleware (G:\ThreadsClone\ThreadsClone\server\src\middlewares\auth.ts:39:5)
    at processTicksAndRejections (node:internal/process/task_queues:95:5)
2025-05-11T09:10:22.162Z [ERROR]: Error: ID is invalid 
Stack: HttpError: ID is invalid
    at G:\ThreadsClone\ThreadsClone\server\src\middlewares\validation.ts:53:13
    at Layer.handle [as handle_request] (G:\ThreadsClone\ThreadsClone\server\node_modules\express\lib\router\layer.js:95:5)
    at next (G:\ThreadsClone\ThreadsClone\server\node_modules\express\lib\router\route.js:149:13)
    at authMiddleware (G:\ThreadsClone\ThreadsClone\server\src\middlewares\auth.ts:39:5)
    at processTicksAndRejections (node:internal/process/task_queues:95:5)
2025-05-11T09:10:22.167Z [ERROR]: Error: ID is invalid 
Stack: HttpError: ID is invalid
    at G:\ThreadsClone\ThreadsClone\server\src\middlewares\validation.ts:53:13
    at Layer.handle [as handle_request] (G:\ThreadsClone\ThreadsClone\server\node_modules\express\lib\router\layer.js:95:5)
    at next (G:\ThreadsClone\ThreadsClone\server\node_modules\express\lib\router\route.js:149:13)
    at authMiddleware (G:\ThreadsClone\ThreadsClone\server\src\middlewares\auth.ts:39:5)
    at processTicksAndRejections (node:internal/process/task_queues:95:5)
2025-05-11T09:10:22.178Z [ERROR]: Error: ID is invalid 
Stack: HttpError: ID is invalid
    at G:\ThreadsClone\ThreadsClone\server\src\middlewares\validation.ts:53:13
    at Layer.handle [as handle_request] (G:\ThreadsClone\ThreadsClone\server\node_modules\express\lib\router\layer.js:95:5)
    at next (G:\ThreadsClone\ThreadsClone\server\node_modules\express\lib\router\route.js:149:13)
    at authMiddleware (G:\ThreadsClone\ThreadsClone\server\src\middlewares\auth.ts:39:5)
    at processTicksAndRejections (node:internal/process/task_queues:95:5)
2025-05-11T09:10:25.397Z [ERROR]: Error: ID is invalid 
Stack: HttpError: ID is invalid
    at G:\ThreadsClone\ThreadsClone\server\src\middlewares\validation.ts:53:13
    at Layer.handle [as handle_request] (G:\ThreadsClone\ThreadsClone\server\node_modules\express\lib\router\layer.js:95:5)
    at next (G:\ThreadsClone\ThreadsClone\server\node_modules\express\lib\router\route.js:149:13)
    at authMiddleware (G:\ThreadsClone\ThreadsClone\server\src\middlewares\auth.ts:39:5)
    at processTicksAndRejections (node:internal/process/task_queues:95:5)
2025-05-11T09:13:14.296Z [ERROR]: Error: ID is invalid 
Stack: HttpError: ID is invalid
    at G:\ThreadsClone\ThreadsClone\server\src\middlewares\validation.ts:53:13
    at Layer.handle [as handle_request] (G:\ThreadsClone\ThreadsClone\server\node_modules\express\lib\router\layer.js:95:5)
    at next (G:\ThreadsClone\ThreadsClone\server\node_modules\express\lib\router\route.js:149:13)
    at authMiddleware (G:\ThreadsClone\ThreadsClone\server\src\middlewares\auth.ts:39:5)
    at processTicksAndRejections (node:internal/process/task_queues:95:5)
2025-05-11T09:13:14.300Z [ERROR]: Error: ID is invalid 
Stack: HttpError: ID is invalid
    at G:\ThreadsClone\ThreadsClone\server\src\middlewares\validation.ts:53:13
    at Layer.handle [as handle_request] (G:\ThreadsClone\ThreadsClone\server\node_modules\express\lib\router\layer.js:95:5)
    at next (G:\ThreadsClone\ThreadsClone\server\node_modules\express\lib\router\route.js:149:13)
    at authMiddleware (G:\ThreadsClone\ThreadsClone\server\src\middlewares\auth.ts:39:5)
    at processTicksAndRejections (node:internal/process/task_queues:95:5)
2025-05-11T09:13:14.304Z [ERROR]: Error: ID is invalid 
Stack: HttpError: ID is invalid
    at G:\ThreadsClone\ThreadsClone\server\src\middlewares\validation.ts:53:13
    at Layer.handle [as handle_request] (G:\ThreadsClone\ThreadsClone\server\node_modules\express\lib\router\layer.js:95:5)
    at next (G:\ThreadsClone\ThreadsClone\server\node_modules\express\lib\router\route.js:149:13)
    at authMiddleware (G:\ThreadsClone\ThreadsClone\server\src\middlewares\auth.ts:39:5)
    at processTicksAndRejections (node:internal/process/task_queues:95:5)
2025-05-11T09:13:14.313Z [ERROR]: Error: ID is invalid 
Stack: HttpError: ID is invalid
    at G:\ThreadsClone\ThreadsClone\server\src\middlewares\validation.ts:53:13
    at Layer.handle [as handle_request] (G:\ThreadsClone\ThreadsClone\server\node_modules\express\lib\router\layer.js:95:5)
    at next (G:\ThreadsClone\ThreadsClone\server\node_modules\express\lib\router\route.js:149:13)
    at authMiddleware (G:\ThreadsClone\ThreadsClone\server\src\middlewares\auth.ts:39:5)
    at processTicksAndRejections (node:internal/process/task_queues:95:5)
2025-05-11T09:13:57.197Z [ERROR]: Error: ID is invalid 
Stack: HttpError: ID is invalid
    at G:\ThreadsClone\ThreadsClone\server\src\middlewares\validation.ts:53:13
    at Layer.handle [as handle_request] (G:\ThreadsClone\ThreadsClone\server\node_modules\express\lib\router\layer.js:95:5)
    at next (G:\ThreadsClone\ThreadsClone\server\node_modules\express\lib\router\route.js:149:13)
    at authMiddleware (G:\ThreadsClone\ThreadsClone\server\src\middlewares\auth.ts:39:5)
    at processTicksAndRejections (node:internal/process/task_queues:95:5)
2025-05-11T09:13:57.200Z [ERROR]: Error: ID is invalid 
Stack: HttpError: ID is invalid
    at G:\ThreadsClone\ThreadsClone\server\src\middlewares\validation.ts:53:13
    at Layer.handle [as handle_request] (G:\ThreadsClone\ThreadsClone\server\node_modules\express\lib\router\layer.js:95:5)
    at next (G:\ThreadsClone\ThreadsClone\server\node_modules\express\lib\router\route.js:149:13)
    at authMiddleware (G:\ThreadsClone\ThreadsClone\server\src\middlewares\auth.ts:39:5)
    at processTicksAndRejections (node:internal/process/task_queues:95:5)
2025-05-11T09:13:57.202Z [ERROR]: Error: ID is invalid 
Stack: HttpError: ID is invalid
    at G:\ThreadsClone\ThreadsClone\server\src\middlewares\validation.ts:53:13
    at Layer.handle [as handle_request] (G:\ThreadsClone\ThreadsClone\server\node_modules\express\lib\router\layer.js:95:5)
    at next (G:\ThreadsClone\ThreadsClone\server\node_modules\express\lib\router\route.js:149:13)
    at authMiddleware (G:\ThreadsClone\ThreadsClone\server\src\middlewares\auth.ts:39:5)
    at processTicksAndRejections (node:internal/process/task_queues:95:5)
2025-05-11T09:13:57.206Z [ERROR]: Error: ID is invalid 
Stack: HttpError: ID is invalid
    at G:\ThreadsClone\ThreadsClone\server\src\middlewares\validation.ts:53:13
    at Layer.handle [as handle_request] (G:\ThreadsClone\ThreadsClone\server\node_modules\express\lib\router\layer.js:95:5)
    at next (G:\ThreadsClone\ThreadsClone\server\node_modules\express\lib\router\route.js:149:13)
    at authMiddleware (G:\ThreadsClone\ThreadsClone\server\src\middlewares\auth.ts:39:5)
    at processTicksAndRejections (node:internal/process/task_queues:95:5)
2025-05-11T09:14:54.674Z [ERROR]: Error: ID is invalid 
Stack: HttpError: ID is invalid
    at G:\ThreadsClone\ThreadsClone\server\src\middlewares\validation.ts:53:13
    at Layer.handle [as handle_request] (G:\ThreadsClone\ThreadsClone\server\node_modules\express\lib\router\layer.js:95:5)
    at next (G:\ThreadsClone\ThreadsClone\server\node_modules\express\lib\router\route.js:149:13)
    at authMiddleware (G:\ThreadsClone\ThreadsClone\server\src\middlewares\auth.ts:39:5)
    at processTicksAndRejections (node:internal/process/task_queues:95:5)
2025-05-11T09:14:54.678Z [ERROR]: Error: ID is invalid 
Stack: HttpError: ID is invalid
    at G:\ThreadsClone\ThreadsClone\server\src\middlewares\validation.ts:53:13
    at Layer.handle [as handle_request] (G:\ThreadsClone\ThreadsClone\server\node_modules\express\lib\router\layer.js:95:5)
    at next (G:\ThreadsClone\ThreadsClone\server\node_modules\express\lib\router\route.js:149:13)
    at authMiddleware (G:\ThreadsClone\ThreadsClone\server\src\middlewares\auth.ts:39:5)
    at processTicksAndRejections (node:internal/process/task_queues:95:5)
2025-05-11T09:14:54.681Z [ERROR]: Error: ID is invalid 
Stack: HttpError: ID is invalid
    at G:\ThreadsClone\ThreadsClone\server\src\middlewares\validation.ts:53:13
    at Layer.handle [as handle_request] (G:\ThreadsClone\ThreadsClone\server\node_modules\express\lib\router\layer.js:95:5)
    at next (G:\ThreadsClone\ThreadsClone\server\node_modules\express\lib\router\route.js:149:13)
    at authMiddleware (G:\ThreadsClone\ThreadsClone\server\src\middlewares\auth.ts:39:5)
    at processTicksAndRejections (node:internal/process/task_queues:95:5)
2025-05-11T09:14:54.686Z [ERROR]: Error: ID is invalid 
Stack: HttpError: ID is invalid
    at G:\ThreadsClone\ThreadsClone\server\src\middlewares\validation.ts:53:13
    at Layer.handle [as handle_request] (G:\ThreadsClone\ThreadsClone\server\node_modules\express\lib\router\layer.js:95:5)
    at next (G:\ThreadsClone\ThreadsClone\server\node_modules\express\lib\router\route.js:149:13)
    at authMiddleware (G:\ThreadsClone\ThreadsClone\server\src\middlewares\auth.ts:39:5)
    at processTicksAndRejections (node:internal/process/task_queues:95:5)
2025-05-11T09:15:24.889Z [ERROR]: Error: ID is invalid 
Stack: HttpError: ID is invalid
    at G:\ThreadsClone\ThreadsClone\server\src\middlewares\validation.ts:53:13
    at Layer.handle [as handle_request] (G:\ThreadsClone\ThreadsClone\server\node_modules\express\lib\router\layer.js:95:5)
    at next (G:\ThreadsClone\ThreadsClone\server\node_modules\express\lib\router\route.js:149:13)
    at authMiddleware (G:\ThreadsClone\ThreadsClone\server\src\middlewares\auth.ts:39:5)
    at processTicksAndRejections (node:internal/process/task_queues:95:5)
2025-05-11T09:15:24.892Z [ERROR]: Error: ID is invalid 
Stack: HttpError: ID is invalid
    at G:\ThreadsClone\ThreadsClone\server\src\middlewares\validation.ts:53:13
    at Layer.handle [as handle_request] (G:\ThreadsClone\ThreadsClone\server\node_modules\express\lib\router\layer.js:95:5)
    at next (G:\ThreadsClone\ThreadsClone\server\node_modules\express\lib\router\route.js:149:13)
    at authMiddleware (G:\ThreadsClone\ThreadsClone\server\src\middlewares\auth.ts:39:5)
    at processTicksAndRejections (node:internal/process/task_queues:95:5)
2025-05-11T09:15:24.895Z [ERROR]: Error: ID is invalid 
Stack: HttpError: ID is invalid
    at G:\ThreadsClone\ThreadsClone\server\src\middlewares\validation.ts:53:13
    at Layer.handle [as handle_request] (G:\ThreadsClone\ThreadsClone\server\node_modules\express\lib\router\layer.js:95:5)
    at next (G:\ThreadsClone\ThreadsClone\server\node_modules\express\lib\router\route.js:149:13)
    at authMiddleware (G:\ThreadsClone\ThreadsClone\server\src\middlewares\auth.ts:39:5)
    at processTicksAndRejections (node:internal/process/task_queues:95:5)
2025-05-11T09:15:24.903Z [ERROR]: Error: ID is invalid 
Stack: HttpError: ID is invalid
    at G:\ThreadsClone\ThreadsClone\server\src\middlewares\validation.ts:53:13
    at Layer.handle [as handle_request] (G:\ThreadsClone\ThreadsClone\server\node_modules\express\lib\router\layer.js:95:5)
    at next (G:\ThreadsClone\ThreadsClone\server\node_modules\express\lib\router\route.js:149:13)
    at authMiddleware (G:\ThreadsClone\ThreadsClone\server\src\middlewares\auth.ts:39:5)
    at processTicksAndRejections (node:internal/process/task_queues:95:5)
2025-05-11T09:15:48.699Z [ERROR]: Error: ID is invalid 
Stack: HttpError: ID is invalid
    at G:\ThreadsClone\ThreadsClone\server\src\middlewares\validation.ts:53:13
    at Layer.handle [as handle_request] (G:\ThreadsClone\ThreadsClone\server\node_modules\express\lib\router\layer.js:95:5)
    at next (G:\ThreadsClone\ThreadsClone\server\node_modules\express\lib\router\route.js:149:13)
    at authMiddleware (G:\ThreadsClone\ThreadsClone\server\src\middlewares\auth.ts:39:5)
    at processTicksAndRejections (node:internal/process/task_queues:95:5)
2025-05-11T09:15:48.706Z [ERROR]: Error: ID is invalid 
Stack: HttpError: ID is invalid
    at G:\ThreadsClone\ThreadsClone\server\src\middlewares\validation.ts:53:13
    at Layer.handle [as handle_request] (G:\ThreadsClone\ThreadsClone\server\node_modules\express\lib\router\layer.js:95:5)
    at next (G:\ThreadsClone\ThreadsClone\server\node_modules\express\lib\router\route.js:149:13)
    at authMiddleware (G:\ThreadsClone\ThreadsClone\server\src\middlewares\auth.ts:39:5)
    at processTicksAndRejections (node:internal/process/task_queues:95:5)
2025-05-11T09:15:48.710Z [ERROR]: Error: ID is invalid 
Stack: HttpError: ID is invalid
    at G:\ThreadsClone\ThreadsClone\server\src\middlewares\validation.ts:53:13
    at Layer.handle [as handle_request] (G:\ThreadsClone\ThreadsClone\server\node_modules\express\lib\router\layer.js:95:5)
    at next (G:\ThreadsClone\ThreadsClone\server\node_modules\express\lib\router\route.js:149:13)
    at authMiddleware (G:\ThreadsClone\ThreadsClone\server\src\middlewares\auth.ts:39:5)
    at processTicksAndRejections (node:internal/process/task_queues:95:5)
2025-05-11T09:15:48.719Z [ERROR]: Error: ID is invalid 
Stack: HttpError: ID is invalid
    at G:\ThreadsClone\ThreadsClone\server\src\middlewares\validation.ts:53:13
    at Layer.handle [as handle_request] (G:\ThreadsClone\ThreadsClone\server\node_modules\express\lib\router\layer.js:95:5)
    at next (G:\ThreadsClone\ThreadsClone\server\node_modules\express\lib\router\route.js:149:13)
    at authMiddleware (G:\ThreadsClone\ThreadsClone\server\src\middlewares\auth.ts:39:5)
    at processTicksAndRejections (node:internal/process/task_queues:95:5)
2025-05-11T09:16:53.397Z [ERROR]: Error: ID is invalid 
Stack: HttpError: ID is invalid
    at G:\ThreadsClone\ThreadsClone\server\src\middlewares\validation.ts:53:13
    at Layer.handle [as handle_request] (G:\ThreadsClone\ThreadsClone\server\node_modules\express\lib\router\layer.js:95:5)
    at next (G:\ThreadsClone\ThreadsClone\server\node_modules\express\lib\router\route.js:149:13)
    at authMiddleware (G:\ThreadsClone\ThreadsClone\server\src\middlewares\auth.ts:39:5)
    at processTicksAndRejections (node:internal/process/task_queues:95:5)
2025-05-11T09:17:06.390Z [ERROR]: Error: ID is invalid 
Stack: HttpError: ID is invalid
    at G:\ThreadsClone\ThreadsClone\server\src\middlewares\validation.ts:53:13
    at Layer.handle [as handle_request] (G:\ThreadsClone\ThreadsClone\server\node_modules\express\lib\router\layer.js:95:5)
    at next (G:\ThreadsClone\ThreadsClone\server\node_modules\express\lib\router\route.js:149:13)
    at authMiddleware (G:\ThreadsClone\ThreadsClone\server\src\middlewares\auth.ts:39:5)
    at processTicksAndRejections (node:internal/process/task_queues:95:5)
2025-05-11T09:17:06.392Z [ERROR]: Error: ID is invalid 
Stack: HttpError: ID is invalid
    at G:\ThreadsClone\ThreadsClone\server\src\middlewares\validation.ts:53:13
    at Layer.handle [as handle_request] (G:\ThreadsClone\ThreadsClone\server\node_modules\express\lib\router\layer.js:95:5)
    at next (G:\ThreadsClone\ThreadsClone\server\node_modules\express\lib\router\route.js:149:13)
    at authMiddleware (G:\ThreadsClone\ThreadsClone\server\src\middlewares\auth.ts:39:5)
    at processTicksAndRejections (node:internal/process/task_queues:95:5)
2025-05-11T09:17:56.073Z [ERROR]: Error: ID is invalid 
Stack: HttpError: ID is invalid
    at G:\ThreadsClone\ThreadsClone\server\src\middlewares\validation.ts:53:13
    at Layer.handle [as handle_request] (G:\ThreadsClone\ThreadsClone\server\node_modules\express\lib\router\layer.js:95:5)
    at next (G:\ThreadsClone\ThreadsClone\server\node_modules\express\lib\router\route.js:149:13)
    at authMiddleware (G:\ThreadsClone\ThreadsClone\server\src\middlewares\auth.ts:39:5)
    at processTicksAndRejections (node:internal/process/task_queues:95:5)
2025-05-11T09:17:56.076Z [ERROR]: Error: ID is invalid 
Stack: HttpError: ID is invalid
    at G:\ThreadsClone\ThreadsClone\server\src\middlewares\validation.ts:53:13
    at Layer.handle [as handle_request] (G:\ThreadsClone\ThreadsClone\server\node_modules\express\lib\router\layer.js:95:5)
    at next (G:\ThreadsClone\ThreadsClone\server\node_modules\express\lib\router\route.js:149:13)
    at authMiddleware (G:\ThreadsClone\ThreadsClone\server\src\middlewares\auth.ts:39:5)
    at processTicksAndRejections (node:internal/process/task_queues:95:5)
2025-05-11T09:18:11.285Z [ERROR]: Error: ID is invalid 
Stack: HttpError: ID is invalid
    at G:\ThreadsClone\ThreadsClone\server\src\middlewares\validation.ts:53:13
    at Layer.handle [as handle_request] (G:\ThreadsClone\ThreadsClone\server\node_modules\express\lib\router\layer.js:95:5)
    at next (G:\ThreadsClone\ThreadsClone\server\node_modules\express\lib\router\route.js:149:13)
    at authMiddleware (G:\ThreadsClone\ThreadsClone\server\src\middlewares\auth.ts:39:5)
    at processTicksAndRejections (node:internal/process/task_queues:95:5)
2025-05-11T09:18:11.289Z [ERROR]: Error: ID is invalid 
Stack: HttpError: ID is invalid
    at G:\ThreadsClone\ThreadsClone\server\src\middlewares\validation.ts:53:13
    at Layer.handle [as handle_request] (G:\ThreadsClone\ThreadsClone\server\node_modules\express\lib\router\layer.js:95:5)
    at next (G:\ThreadsClone\ThreadsClone\server\node_modules\express\lib\router\route.js:149:13)
    at authMiddleware (G:\ThreadsClone\ThreadsClone\server\src\middlewares\auth.ts:39:5)
    at processTicksAndRejections (node:internal/process/task_queues:95:5)
2025-05-11T09:18:47.903Z [ERROR]: Error: ID is invalid 
Stack: HttpError: ID is invalid
    at G:\ThreadsClone\ThreadsClone\server\src\middlewares\validation.ts:53:13
    at Layer.handle [as handle_request] (G:\ThreadsClone\ThreadsClone\server\node_modules\express\lib\router\layer.js:95:5)
    at next (G:\ThreadsClone\ThreadsClone\server\node_modules\express\lib\router\route.js:149:13)
    at authMiddleware (G:\ThreadsClone\ThreadsClone\server\src\middlewares\auth.ts:39:5)
    at processTicksAndRejections (node:internal/process/task_queues:95:5)
2025-05-11T09:18:47.906Z [ERROR]: Error: ID is invalid 
Stack: HttpError: ID is invalid
    at G:\ThreadsClone\ThreadsClone\server\src\middlewares\validation.ts:53:13
    at Layer.handle [as handle_request] (G:\ThreadsClone\ThreadsClone\server\node_modules\express\lib\router\layer.js:95:5)
    at next (G:\ThreadsClone\ThreadsClone\server\node_modules\express\lib\router\route.js:149:13)
    at authMiddleware (G:\ThreadsClone\ThreadsClone\server\src\middlewares\auth.ts:39:5)
    at processTicksAndRejections (node:internal/process/task_queues:95:5)
2025-05-11T09:21:46.260Z [ERROR]: Error: ID is invalid 
Stack: HttpError: ID is invalid
    at G:\ThreadsClone\ThreadsClone\server\src\middlewares\validation.ts:53:13
    at Layer.handle [as handle_request] (G:\ThreadsClone\ThreadsClone\server\node_modules\express\lib\router\layer.js:95:5)
    at next (G:\ThreadsClone\ThreadsClone\server\node_modules\express\lib\router\route.js:149:13)
    at authMiddleware (G:\ThreadsClone\ThreadsClone\server\src\middlewares\auth.ts:39:5)
    at processTicksAndRejections (node:internal/process/task_queues:95:5)
2025-05-11T09:21:46.263Z [ERROR]: Error: ID is invalid 
Stack: HttpError: ID is invalid
    at G:\ThreadsClone\ThreadsClone\server\src\middlewares\validation.ts:53:13
    at Layer.handle [as handle_request] (G:\ThreadsClone\ThreadsClone\server\node_modules\express\lib\router\layer.js:95:5)
    at next (G:\ThreadsClone\ThreadsClone\server\node_modules\express\lib\router\route.js:149:13)
    at authMiddleware (G:\ThreadsClone\ThreadsClone\server\src\middlewares\auth.ts:39:5)
    at processTicksAndRejections (node:internal/process/task_queues:95:5)
2025-05-11T09:21:49.312Z [ERROR]: Error: ID is invalid 
Stack: HttpError: ID is invalid
    at G:\ThreadsClone\ThreadsClone\server\src\middlewares\validation.ts:53:13
    at Layer.handle [as handle_request] (G:\ThreadsClone\ThreadsClone\server\node_modules\express\lib\router\layer.js:95:5)
    at next (G:\ThreadsClone\ThreadsClone\server\node_modules\express\lib\router\route.js:149:13)
    at authMiddleware (G:\ThreadsClone\ThreadsClone\server\src\middlewares\auth.ts:39:5)
    at processTicksAndRejections (node:internal/process/task_queues:95:5)
2025-05-11T09:21:49.318Z [ERROR]: Error: ID is invalid 
Stack: HttpError: ID is invalid
    at G:\ThreadsClone\ThreadsClone\server\src\middlewares\validation.ts:53:13
    at Layer.handle [as handle_request] (G:\ThreadsClone\ThreadsClone\server\node_modules\express\lib\router\layer.js:95:5)
    at next (G:\ThreadsClone\ThreadsClone\server\node_modules\express\lib\router\route.js:149:13)
    at authMiddleware (G:\ThreadsClone\ThreadsClone\server\src\middlewares\auth.ts:39:5)
    at processTicksAndRejections (node:internal/process/task_queues:95:5)
2025-05-11T09:22:22.235Z [ERROR]: Error: ID is invalid 
Stack: HttpError: ID is invalid
    at G:\ThreadsClone\ThreadsClone\server\src\middlewares\validation.ts:53:13
    at Layer.handle [as handle_request] (G:\ThreadsClone\ThreadsClone\server\node_modules\express\lib\router\layer.js:95:5)
    at next (G:\ThreadsClone\ThreadsClone\server\node_modules\express\lib\router\route.js:149:13)
    at authMiddleware (G:\ThreadsClone\ThreadsClone\server\src\middlewares\auth.ts:39:5)
    at processTicksAndRejections (node:internal/process/task_queues:95:5)
2025-05-11T09:22:22.250Z [ERROR]: Error: ID is invalid 
Stack: HttpError: ID is invalid
    at G:\ThreadsClone\ThreadsClone\server\src\middlewares\validation.ts:53:13
    at Layer.handle [as handle_request] (G:\ThreadsClone\ThreadsClone\server\node_modules\express\lib\router\layer.js:95:5)
    at next (G:\ThreadsClone\ThreadsClone\server\node_modules\express\lib\router\route.js:149:13)
    at authMiddleware (G:\ThreadsClone\ThreadsClone\server\src\middlewares\auth.ts:39:5)
    at processTicksAndRejections (node:internal/process/task_queues:95:5)
2025-05-11T09:22:27.237Z [ERROR]: Error: ID is invalid 
Stack: HttpError: ID is invalid
    at G:\ThreadsClone\ThreadsClone\server\src\middlewares\validation.ts:53:13
    at Layer.handle [as handle_request] (G:\ThreadsClone\ThreadsClone\server\node_modules\express\lib\router\layer.js:95:5)
    at next (G:\ThreadsClone\ThreadsClone\server\node_modules\express\lib\router\route.js:149:13)
    at authMiddleware (G:\ThreadsClone\ThreadsClone\server\src\middlewares\auth.ts:39:5)
    at processTicksAndRejections (node:internal/process/task_queues:95:5)
2025-05-11T09:22:27.239Z [ERROR]: Error: ID is invalid 
Stack: HttpError: ID is invalid
    at G:\ThreadsClone\ThreadsClone\server\src\middlewares\validation.ts:53:13
    at Layer.handle [as handle_request] (G:\ThreadsClone\ThreadsClone\server\node_modules\express\lib\router\layer.js:95:5)
    at next (G:\ThreadsClone\ThreadsClone\server\node_modules\express\lib\router\route.js:149:13)
    at authMiddleware (G:\ThreadsClone\ThreadsClone\server\src\middlewares\auth.ts:39:5)
    at processTicksAndRejections (node:internal/process/task_queues:95:5)
2025-05-11T09:22:41.616Z [ERROR]: Error: ID is invalid 
Stack: HttpError: ID is invalid
    at G:\ThreadsClone\ThreadsClone\server\src\middlewares\validation.ts:53:13
    at Layer.handle [as handle_request] (G:\ThreadsClone\ThreadsClone\server\node_modules\express\lib\router\layer.js:95:5)
    at next (G:\ThreadsClone\ThreadsClone\server\node_modules\express\lib\router\route.js:149:13)
    at authMiddleware (G:\ThreadsClone\ThreadsClone\server\src\middlewares\auth.ts:39:5)
    at processTicksAndRejections (node:internal/process/task_queues:95:5)
2025-05-11T09:22:41.622Z [ERROR]: Error: ID is invalid 
Stack: HttpError: ID is invalid
    at G:\ThreadsClone\ThreadsClone\server\src\middlewares\validation.ts:53:13
    at Layer.handle [as handle_request] (G:\ThreadsClone\ThreadsClone\server\node_modules\express\lib\router\layer.js:95:5)
    at next (G:\ThreadsClone\ThreadsClone\server\node_modules\express\lib\router\route.js:149:13)
    at authMiddleware (G:\ThreadsClone\ThreadsClone\server\src\middlewares\auth.ts:39:5)
    at processTicksAndRejections (node:internal/process/task_queues:95:5)
2025-05-11T09:23:33.091Z [ERROR]: Error: ID is invalid 
Stack: HttpError: ID is invalid
    at G:\ThreadsClone\ThreadsClone\server\src\middlewares\validation.ts:53:13
    at Layer.handle [as handle_request] (G:\ThreadsClone\ThreadsClone\server\node_modules\express\lib\router\layer.js:95:5)
    at next (G:\ThreadsClone\ThreadsClone\server\node_modules\express\lib\router\route.js:149:13)
    at authMiddleware (G:\ThreadsClone\ThreadsClone\server\src\middlewares\auth.ts:39:5)
    at processTicksAndRejections (node:internal/process/task_queues:95:5)
2025-05-11T09:23:33.096Z [ERROR]: Error: ID is invalid 
Stack: HttpError: ID is invalid
    at G:\ThreadsClone\ThreadsClone\server\src\middlewares\validation.ts:53:13
    at Layer.handle [as handle_request] (G:\ThreadsClone\ThreadsClone\server\node_modules\express\lib\router\layer.js:95:5)
    at next (G:\ThreadsClone\ThreadsClone\server\node_modules\express\lib\router\route.js:149:13)
    at authMiddleware (G:\ThreadsClone\ThreadsClone\server\src\middlewares\auth.ts:39:5)
    at processTicksAndRejections (node:internal/process/task_queues:95:5)
2025-05-11T09:27:48.935Z [ERROR]: Error: ID is invalid 
Stack: HttpError: ID is invalid
    at G:\ThreadsClone\ThreadsClone\server\src\middlewares\validation.ts:53:13
    at Layer.handle [as handle_request] (G:\ThreadsClone\ThreadsClone\server\node_modules\express\lib\router\layer.js:95:5)
    at next (G:\ThreadsClone\ThreadsClone\server\node_modules\express\lib\router\route.js:149:13)
    at authMiddleware (G:\ThreadsClone\ThreadsClone\server\src\middlewares\auth.ts:39:5)
    at processTicksAndRejections (node:internal/process/task_queues:95:5)
2025-05-11T09:27:48.973Z [ERROR]: Error: ID is invalid 
Stack: HttpError: ID is invalid
    at G:\ThreadsClone\ThreadsClone\server\src\middlewares\validation.ts:53:13
    at Layer.handle [as handle_request] (G:\ThreadsClone\ThreadsClone\server\node_modules\express\lib\router\layer.js:95:5)
    at next (G:\ThreadsClone\ThreadsClone\server\node_modules\express\lib\router\route.js:149:13)
    at authMiddleware (G:\ThreadsClone\ThreadsClone\server\src\middlewares\auth.ts:39:5)
    at processTicksAndRejections (node:internal/process/task_queues:95:5)
2025-05-11T09:28:36.403Z [ERROR]: Error: ID is invalid 
Stack: HttpError: ID is invalid
    at G:\ThreadsClone\ThreadsClone\server\src\middlewares\validation.ts:53:13
    at Layer.handle [as handle_request] (G:\ThreadsClone\ThreadsClone\server\node_modules\express\lib\router\layer.js:95:5)
    at next (G:\ThreadsClone\ThreadsClone\server\node_modules\express\lib\router\route.js:149:13)
    at authMiddleware (G:\ThreadsClone\ThreadsClone\server\src\middlewares\auth.ts:39:5)
    at processTicksAndRejections (node:internal/process/task_queues:95:5)
2025-05-11T09:28:36.439Z [ERROR]: Error: ID is invalid 
Stack: HttpError: ID is invalid
    at G:\ThreadsClone\ThreadsClone\server\src\middlewares\validation.ts:53:13
    at Layer.handle [as handle_request] (G:\ThreadsClone\ThreadsClone\server\node_modules\express\lib\router\layer.js:95:5)
    at next (G:\ThreadsClone\ThreadsClone\server\node_modules\express\lib\router\route.js:149:13)
    at authMiddleware (G:\ThreadsClone\ThreadsClone\server\src\middlewares\auth.ts:39:5)
    at processTicksAndRejections (node:internal/process/task_queues:95:5)
2025-05-11T09:29:33.622Z [ERROR]: Error: ID is invalid 
Stack: HttpError: ID is invalid
    at G:\ThreadsClone\ThreadsClone\server\src\middlewares\validation.ts:53:13
    at Layer.handle [as handle_request] (G:\ThreadsClone\ThreadsClone\server\node_modules\express\lib\router\layer.js:95:5)
    at next (G:\ThreadsClone\ThreadsClone\server\node_modules\express\lib\router\route.js:149:13)
    at authMiddleware (G:\ThreadsClone\ThreadsClone\server\src\middlewares\auth.ts:39:5)
    at processTicksAndRejections (node:internal/process/task_queues:95:5)
2025-05-11T09:29:33.661Z [ERROR]: Error: ID is invalid 
Stack: HttpError: ID is invalid
    at G:\ThreadsClone\ThreadsClone\server\src\middlewares\validation.ts:53:13
    at Layer.handle [as handle_request] (G:\ThreadsClone\ThreadsClone\server\node_modules\express\lib\router\layer.js:95:5)
    at next (G:\ThreadsClone\ThreadsClone\server\node_modules\express\lib\router\route.js:149:13)
    at authMiddleware (G:\ThreadsClone\ThreadsClone\server\src\middlewares\auth.ts:39:5)
    at processTicksAndRejections (node:internal/process/task_queues:95:5)
2025-05-11T09:29:43.151Z [ERROR]: Error: ID is invalid 
Stack: HttpError: ID is invalid
    at G:\ThreadsClone\ThreadsClone\server\src\middlewares\validation.ts:53:13
    at Layer.handle [as handle_request] (G:\ThreadsClone\ThreadsClone\server\node_modules\express\lib\router\layer.js:95:5)
    at next (G:\ThreadsClone\ThreadsClone\server\node_modules\express\lib\router\route.js:149:13)
    at authMiddleware (G:\ThreadsClone\ThreadsClone\server\src\middlewares\auth.ts:39:5)
    at processTicksAndRejections (node:internal/process/task_queues:95:5)
2025-05-11T09:29:43.154Z [ERROR]: Error: ID is invalid 
Stack: HttpError: ID is invalid
    at G:\ThreadsClone\ThreadsClone\server\src\middlewares\validation.ts:53:13
    at Layer.handle [as handle_request] (G:\ThreadsClone\ThreadsClone\server\node_modules\express\lib\router\layer.js:95:5)
    at next (G:\ThreadsClone\ThreadsClone\server\node_modules\express\lib\router\route.js:149:13)
    at authMiddleware (G:\ThreadsClone\ThreadsClone\server\src\middlewares\auth.ts:39:5)
    at processTicksAndRejections (node:internal/process/task_queues:95:5)
2025-05-11T09:30:19.799Z [ERROR]: Error: ID is invalid 
Stack: HttpError: ID is invalid
    at G:\ThreadsClone\ThreadsClone\server\src\middlewares\validation.ts:53:13
    at Layer.handle [as handle_request] (G:\ThreadsClone\ThreadsClone\server\node_modules\express\lib\router\layer.js:95:5)
    at next (G:\ThreadsClone\ThreadsClone\server\node_modules\express\lib\router\route.js:149:13)
    at authMiddleware (G:\ThreadsClone\ThreadsClone\server\src\middlewares\auth.ts:39:5)
    at processTicksAndRejections (node:internal/process/task_queues:95:5)
2025-05-11T09:30:19.803Z [ERROR]: Error: ID is invalid 
Stack: HttpError: ID is invalid
    at G:\ThreadsClone\ThreadsClone\server\src\middlewares\validation.ts:53:13
    at Layer.handle [as handle_request] (G:\ThreadsClone\ThreadsClone\server\node_modules\express\lib\router\layer.js:95:5)
    at next (G:\ThreadsClone\ThreadsClone\server\node_modules\express\lib\router\route.js:149:13)
    at authMiddleware (G:\ThreadsClone\ThreadsClone\server\src\middlewares\auth.ts:39:5)
    at processTicksAndRejections (node:internal/process/task_queues:95:5)
2025-05-11T09:32:50.016Z [ERROR]: Error: ID is invalid 
Stack: HttpError: ID is invalid
    at G:\ThreadsClone\ThreadsClone\server\src\middlewares\validation.ts:53:13
    at Layer.handle [as handle_request] (G:\ThreadsClone\ThreadsClone\server\node_modules\express\lib\router\layer.js:95:5)
    at next (G:\ThreadsClone\ThreadsClone\server\node_modules\express\lib\router\route.js:149:13)
    at authMiddleware (G:\ThreadsClone\ThreadsClone\server\src\middlewares\auth.ts:39:5)
    at processTicksAndRejections (node:internal/process/task_queues:95:5)
2025-05-11T09:32:50.035Z [ERROR]: Error: ID is invalid 
Stack: HttpError: ID is invalid
    at G:\ThreadsClone\ThreadsClone\server\src\middlewares\validation.ts:53:13
    at Layer.handle [as handle_request] (G:\ThreadsClone\ThreadsClone\server\node_modules\express\lib\router\layer.js:95:5)
    at next (G:\ThreadsClone\ThreadsClone\server\node_modules\express\lib\router\route.js:149:13)
    at authMiddleware (G:\ThreadsClone\ThreadsClone\server\src\middlewares\auth.ts:39:5)
    at processTicksAndRejections (node:internal/process/task_queues:95:5)
2025-05-11T09:34:19.231Z [ERROR]: Error: ID is invalid 
Stack: HttpError: ID is invalid
    at G:\ThreadsClone\ThreadsClone\server\src\middlewares\validation.ts:53:13
    at Layer.handle [as handle_request] (G:\ThreadsClone\ThreadsClone\server\node_modules\express\lib\router\layer.js:95:5)
    at next (G:\ThreadsClone\ThreadsClone\server\node_modules\express\lib\router\route.js:149:13)
    at authMiddleware (G:\ThreadsClone\ThreadsClone\server\src\middlewares\auth.ts:39:5)
    at processTicksAndRejections (node:internal/process/task_queues:95:5)
2025-05-11T09:34:19.238Z [ERROR]: Error: ID is invalid 
Stack: HttpError: ID is invalid
    at G:\ThreadsClone\ThreadsClone\server\src\middlewares\validation.ts:53:13
    at Layer.handle [as handle_request] (G:\ThreadsClone\ThreadsClone\server\node_modules\express\lib\router\layer.js:95:5)
    at next (G:\ThreadsClone\ThreadsClone\server\node_modules\express\lib\router\route.js:149:13)
    at authMiddleware (G:\ThreadsClone\ThreadsClone\server\src\middlewares\auth.ts:39:5)
    at processTicksAndRejections (node:internal/process/task_queues:95:5)
2025-05-11T09:35:46.390Z [ERROR]: Error: ID is invalid 
Stack: HttpError: ID is invalid
    at G:\ThreadsClone\ThreadsClone\server\src\middlewares\validation.ts:53:13
    at Layer.handle [as handle_request] (G:\ThreadsClone\ThreadsClone\server\node_modules\express\lib\router\layer.js:95:5)
    at next (G:\ThreadsClone\ThreadsClone\server\node_modules\express\lib\router\route.js:149:13)
    at authMiddleware (G:\ThreadsClone\ThreadsClone\server\src\middlewares\auth.ts:39:5)
    at processTicksAndRejections (node:internal/process/task_queues:95:5)
2025-05-11T09:58:14.894Z [ERROR]: Error: ID is invalid 
Stack: HttpError: ID is invalid
    at G:\ThreadsClone\ThreadsClone\server\src\middlewares\validation.ts:53:13
    at Layer.handle [as handle_request] (G:\ThreadsClone\ThreadsClone\server\node_modules\express\lib\router\layer.js:95:5)
    at next (G:\ThreadsClone\ThreadsClone\server\node_modules\express\lib\router\route.js:149:13)
    at authMiddleware (G:\ThreadsClone\ThreadsClone\server\src\middlewares\auth.ts:39:5)
    at processTicksAndRejections (node:internal/process/task_queues:95:5)
2025-05-11T09:58:17.603Z [ERROR]: Error: ID is invalid 
Stack: HttpError: ID is invalid
    at G:\ThreadsClone\ThreadsClone\server\src\middlewares\validation.ts:53:13
    at Layer.handle [as handle_request] (G:\ThreadsClone\ThreadsClone\server\node_modules\express\lib\router\layer.js:95:5)
    at next (G:\ThreadsClone\ThreadsClone\server\node_modules\express\lib\router\route.js:149:13)
    at authMiddleware (G:\ThreadsClone\ThreadsClone\server\src\middlewares\auth.ts:39:5)
    at processTicksAndRejections (node:internal/process/task_queues:95:5)
2025-05-11T09:58:17.618Z [ERROR]: Error: ID is invalid 
Stack: HttpError: ID is invalid
    at G:\ThreadsClone\ThreadsClone\server\src\middlewares\validation.ts:53:13
    at Layer.handle [as handle_request] (G:\ThreadsClone\ThreadsClone\server\node_modules\express\lib\router\layer.js:95:5)
    at next (G:\ThreadsClone\ThreadsClone\server\node_modules\express\lib\router\route.js:149:13)
    at authMiddleware (G:\ThreadsClone\ThreadsClone\server\src\middlewares\auth.ts:39:5)
    at processTicksAndRejections (node:internal/process/task_queues:95:5)
2025-05-11T09:58:36.394Z [ERROR]: Error: ID is invalid 
Stack: HttpError: ID is invalid
    at G:\ThreadsClone\ThreadsClone\server\src\middlewares\validation.ts:53:13
    at Layer.handle [as handle_request] (G:\ThreadsClone\ThreadsClone\server\node_modules\express\lib\router\layer.js:95:5)
    at next (G:\ThreadsClone\ThreadsClone\server\node_modules\express\lib\router\route.js:149:13)
    at authMiddleware (G:\ThreadsClone\ThreadsClone\server\src\middlewares\auth.ts:39:5)
    at processTicksAndRejections (node:internal/process/task_queues:95:5)
2025-05-11T09:58:44.947Z [ERROR]: Error: ID is invalid 
Stack: HttpError: ID is invalid
    at G:\ThreadsClone\ThreadsClone\server\src\middlewares\validation.ts:53:13
    at Layer.handle [as handle_request] (G:\ThreadsClone\ThreadsClone\server\node_modules\express\lib\router\layer.js:95:5)
    at next (G:\ThreadsClone\ThreadsClone\server\node_modules\express\lib\router\route.js:149:13)
    at authMiddleware (G:\ThreadsClone\ThreadsClone\server\src\middlewares\auth.ts:39:5)
    at processTicksAndRejections (node:internal/process/task_queues:95:5)
2025-05-11T09:58:44.953Z [ERROR]: Error: ID is invalid 
Stack: HttpError: ID is invalid
    at G:\ThreadsClone\ThreadsClone\server\src\middlewares\validation.ts:53:13
    at Layer.handle [as handle_request] (G:\ThreadsClone\ThreadsClone\server\node_modules\express\lib\router\layer.js:95:5)
    at next (G:\ThreadsClone\ThreadsClone\server\node_modules\express\lib\router\route.js:149:13)
    at authMiddleware (G:\ThreadsClone\ThreadsClone\server\src\middlewares\auth.ts:39:5)
    at processTicksAndRejections (node:internal/process/task_queues:95:5)
2025-05-11T09:59:21.348Z [ERROR]: Error: ID is invalid 
Stack: HttpError: ID is invalid
    at G:\ThreadsClone\ThreadsClone\server\src\middlewares\validation.ts:53:13
    at Layer.handle [as handle_request] (G:\ThreadsClone\ThreadsClone\server\node_modules\express\lib\router\layer.js:95:5)
    at next (G:\ThreadsClone\ThreadsClone\server\node_modules\express\lib\router\route.js:149:13)
    at authMiddleware (G:\ThreadsClone\ThreadsClone\server\src\middlewares\auth.ts:39:5)
    at processTicksAndRejections (node:internal/process/task_queues:95:5)
2025-05-11T09:59:21.353Z [ERROR]: Error: ID is invalid 
Stack: HttpError: ID is invalid
    at G:\ThreadsClone\ThreadsClone\server\src\middlewares\validation.ts:53:13
    at Layer.handle [as handle_request] (G:\ThreadsClone\ThreadsClone\server\node_modules\express\lib\router\layer.js:95:5)
    at next (G:\ThreadsClone\ThreadsClone\server\node_modules\express\lib\router\route.js:149:13)
    at authMiddleware (G:\ThreadsClone\ThreadsClone\server\src\middlewares\auth.ts:39:5)
    at processTicksAndRejections (node:internal/process/task_queues:95:5)
2025-05-11T10:00:04.384Z [ERROR]: Error: ID is invalid 
Stack: HttpError: ID is invalid
    at G:\ThreadsClone\ThreadsClone\server\src\middlewares\validation.ts:53:13
    at Layer.handle [as handle_request] (G:\ThreadsClone\ThreadsClone\server\node_modules\express\lib\router\layer.js:95:5)
    at next (G:\ThreadsClone\ThreadsClone\server\node_modules\express\lib\router\route.js:149:13)
    at authMiddleware (G:\ThreadsClone\ThreadsClone\server\src\middlewares\auth.ts:39:5)
    at processTicksAndRejections (node:internal/process/task_queues:95:5)
2025-05-11T10:00:09.272Z [ERROR]: Error: ID is invalid 
Stack: HttpError: ID is invalid
    at G:\ThreadsClone\ThreadsClone\server\src\middlewares\validation.ts:53:13
    at Layer.handle [as handle_request] (G:\ThreadsClone\ThreadsClone\server\node_modules\express\lib\router\layer.js:95:5)
    at next (G:\ThreadsClone\ThreadsClone\server\node_modules\express\lib\router\route.js:149:13)
    at authMiddleware (G:\ThreadsClone\ThreadsClone\server\src\middlewares\auth.ts:39:5)
    at processTicksAndRejections (node:internal/process/task_queues:95:5)
2025-05-11T10:00:09.280Z [ERROR]: Error: ID is invalid 
Stack: HttpError: ID is invalid
    at G:\ThreadsClone\ThreadsClone\server\src\middlewares\validation.ts:53:13
    at Layer.handle [as handle_request] (G:\ThreadsClone\ThreadsClone\server\node_modules\express\lib\router\layer.js:95:5)
    at next (G:\ThreadsClone\ThreadsClone\server\node_modules\express\lib\router\route.js:149:13)
    at authMiddleware (G:\ThreadsClone\ThreadsClone\server\src\middlewares\auth.ts:39:5)
    at processTicksAndRejections (node:internal/process/task_queues:95:5)
2025-05-11T10:00:30.739Z [ERROR]: Error: ID is invalid 
Stack: HttpError: ID is invalid
    at G:\ThreadsClone\ThreadsClone\server\src\middlewares\validation.ts:53:13
    at Layer.handle [as handle_request] (G:\ThreadsClone\ThreadsClone\server\node_modules\express\lib\router\layer.js:95:5)
    at next (G:\ThreadsClone\ThreadsClone\server\node_modules\express\lib\router\route.js:149:13)
    at authMiddleware (G:\ThreadsClone\ThreadsClone\server\src\middlewares\auth.ts:39:5)
    at processTicksAndRejections (node:internal/process/task_queues:95:5)
2025-05-11T10:00:30.744Z [ERROR]: Error: ID is invalid 
Stack: HttpError: ID is invalid
    at G:\ThreadsClone\ThreadsClone\server\src\middlewares\validation.ts:53:13
    at Layer.handle [as handle_request] (G:\ThreadsClone\ThreadsClone\server\node_modules\express\lib\router\layer.js:95:5)
    at next (G:\ThreadsClone\ThreadsClone\server\node_modules\express\lib\router\route.js:149:13)
    at authMiddleware (G:\ThreadsClone\ThreadsClone\server\src\middlewares\auth.ts:39:5)
    at processTicksAndRejections (node:internal/process/task_queues:95:5)
2025-05-11T10:01:36.380Z [ERROR]: Error: ID is invalid 
Stack: HttpError: ID is invalid
    at G:\ThreadsClone\ThreadsClone\server\src\middlewares\validation.ts:53:13
    at Layer.handle [as handle_request] (G:\ThreadsClone\ThreadsClone\server\node_modules\express\lib\router\layer.js:95:5)
    at next (G:\ThreadsClone\ThreadsClone\server\node_modules\express\lib\router\route.js:149:13)
    at authMiddleware (G:\ThreadsClone\ThreadsClone\server\src\middlewares\auth.ts:39:5)
    at processTicksAndRejections (node:internal/process/task_queues:95:5)
2025-05-11T10:01:40.833Z [ERROR]: Error: ID is invalid 
Stack: HttpError: ID is invalid
    at G:\ThreadsClone\ThreadsClone\server\src\middlewares\validation.ts:53:13
    at Layer.handle [as handle_request] (G:\ThreadsClone\ThreadsClone\server\node_modules\express\lib\router\layer.js:95:5)
    at next (G:\ThreadsClone\ThreadsClone\server\node_modules\express\lib\router\route.js:149:13)
    at authMiddleware (G:\ThreadsClone\ThreadsClone\server\src\middlewares\auth.ts:39:5)
    at processTicksAndRejections (node:internal/process/task_queues:95:5)
2025-05-11T10:01:40.847Z [ERROR]: Error: ID is invalid 
Stack: HttpError: ID is invalid
    at G:\ThreadsClone\ThreadsClone\server\src\middlewares\validation.ts:53:13
    at Layer.handle [as handle_request] (G:\ThreadsClone\ThreadsClone\server\node_modules\express\lib\router\layer.js:95:5)
    at next (G:\ThreadsClone\ThreadsClone\server\node_modules\express\lib\router\route.js:149:13)
    at authMiddleware (G:\ThreadsClone\ThreadsClone\server\src\middlewares\auth.ts:39:5)
    at processTicksAndRejections (node:internal/process/task_queues:95:5)
2025-05-11T10:04:08.006Z [ERROR]: Error: ID is invalid 
Stack: HttpError: ID is invalid
    at G:\ThreadsClone\ThreadsClone\server\src\middlewares\validation.ts:53:13
    at Layer.handle [as handle_request] (G:\ThreadsClone\ThreadsClone\server\node_modules\express\lib\router\layer.js:95:5)
    at next (G:\ThreadsClone\ThreadsClone\server\node_modules\express\lib\router\route.js:149:13)
    at authMiddleware (G:\ThreadsClone\ThreadsClone\server\src\middlewares\auth.ts:39:5)
    at processTicksAndRejections (node:internal/process/task_queues:95:5)
2025-05-11T10:04:08.010Z [ERROR]: Error: ID is invalid 
Stack: HttpError: ID is invalid
    at G:\ThreadsClone\ThreadsClone\server\src\middlewares\validation.ts:53:13
    at Layer.handle [as handle_request] (G:\ThreadsClone\ThreadsClone\server\node_modules\express\lib\router\layer.js:95:5)
    at next (G:\ThreadsClone\ThreadsClone\server\node_modules\express\lib\router\route.js:149:13)
    at authMiddleware (G:\ThreadsClone\ThreadsClone\server\src\middlewares\auth.ts:39:5)
    at processTicksAndRejections (node:internal/process/task_queues:95:5)
2025-05-11T10:06:33.004Z [ERROR]: Error: ID is invalid 
Stack: HttpError: ID is invalid
    at G:\ThreadsClone\ThreadsClone\server\src\middlewares\validation.ts:53:13
    at Layer.handle [as handle_request] (G:\ThreadsClone\ThreadsClone\server\node_modules\express\lib\router\layer.js:95:5)
    at next (G:\ThreadsClone\ThreadsClone\server\node_modules\express\lib\router\route.js:149:13)
    at authMiddleware (G:\ThreadsClone\ThreadsClone\server\src\middlewares\auth.ts:39:5)
    at processTicksAndRejections (node:internal/process/task_queues:95:5)
2025-05-11T10:06:33.034Z [ERROR]: Error: ID is invalid 
Stack: HttpError: ID is invalid
    at G:\ThreadsClone\ThreadsClone\server\src\middlewares\validation.ts:53:13
    at Layer.handle [as handle_request] (G:\ThreadsClone\ThreadsClone\server\node_modules\express\lib\router\layer.js:95:5)
    at next (G:\ThreadsClone\ThreadsClone\server\node_modules\express\lib\router\route.js:149:13)
    at authMiddleware (G:\ThreadsClone\ThreadsClone\server\src\middlewares\auth.ts:39:5)
    at processTicksAndRejections (node:internal/process/task_queues:95:5)
2025-05-11T10:08:26.397Z [ERROR]: Error: ID is invalid 
Stack: HttpError: ID is invalid
    at G:\ThreadsClone\ThreadsClone\server\src\middlewares\validation.ts:53:13
    at Layer.handle [as handle_request] (G:\ThreadsClone\ThreadsClone\server\node_modules\express\lib\router\layer.js:95:5)
    at next (G:\ThreadsClone\ThreadsClone\server\node_modules\express\lib\router\route.js:149:13)
    at authMiddleware (G:\ThreadsClone\ThreadsClone\server\src\middlewares\auth.ts:39:5)
    at processTicksAndRejections (node:internal/process/task_queues:95:5)
2025-05-11T10:08:26.405Z [ERROR]: Error: ID is invalid 
Stack: HttpError: ID is invalid
    at G:\ThreadsClone\ThreadsClone\server\src\middlewares\validation.ts:53:13
    at Layer.handle [as handle_request] (G:\ThreadsClone\ThreadsClone\server\node_modules\express\lib\router\layer.js:95:5)
    at next (G:\ThreadsClone\ThreadsClone\server\node_modules\express\lib\router\route.js:149:13)
    at authMiddleware (G:\ThreadsClone\ThreadsClone\server\src\middlewares\auth.ts:39:5)
    at processTicksAndRejections (node:internal/process/task_queues:95:5)
2025-05-11T10:24:38.193Z [ERROR]: Login error: Login is Unsuccessful
2025-05-11T10:40:39.675Z [ERROR]: Login error: Login is Unsuccessful
2025-05-11T11:02:03.094Z [ERROR]: Error: ID is invalid 
Stack: HttpError: ID is invalid
    at G:\ThreadsClone\ThreadsClone\server\src\middlewares\validation.ts:53:13
    at Layer.handle [as handle_request] (G:\ThreadsClone\ThreadsClone\server\node_modules\express\lib\router\layer.js:95:5)
    at next (G:\ThreadsClone\ThreadsClone\server\node_modules\express\lib\router\route.js:149:13)
    at authMiddleware (G:\ThreadsClone\ThreadsClone\server\src\middlewares\auth.ts:39:5)
    at processTicksAndRejections (node:internal/process/task_queues:95:5)
2025-05-11T11:05:24.145Z [ERROR]: Error: ID is invalid 
Stack: HttpError: ID is invalid
    at G:\ThreadsClone\ThreadsClone\server\src\middlewares\validation.ts:53:13
    at Layer.handle [as handle_request] (G:\ThreadsClone\ThreadsClone\server\node_modules\express\lib\router\layer.js:95:5)
    at next (G:\ThreadsClone\ThreadsClone\server\node_modules\express\lib\router\route.js:149:13)
    at authMiddleware (G:\ThreadsClone\ThreadsClone\server\src\middlewares\auth.ts:39:5)
    at processTicksAndRejections (node:internal/process/task_queues:95:5)
2025-05-11T11:22:33.395Z [ERROR]: Error: ID is invalid 
Stack: HttpError: ID is invalid
    at G:\ThreadsClone\ThreadsClone\server\src\middlewares\validation.ts:53:13
    at Layer.handle [as handle_request] (G:\ThreadsClone\ThreadsClone\server\node_modules\express\lib\router\layer.js:95:5)
    at next (G:\ThreadsClone\ThreadsClone\server\node_modules\express\lib\router\route.js:149:13)
    at authMiddleware (G:\ThreadsClone\ThreadsClone\server\src\middlewares\auth.ts:39:5)
    at processTicksAndRejections (node:internal/process/task_queues:95:5)
2025-05-11T11:22:58.596Z [ERROR]: Error: ID is invalid 
Stack: HttpError: ID is invalid
    at G:\ThreadsClone\ThreadsClone\server\src\middlewares\validation.ts:53:13
    at Layer.handle [as handle_request] (G:\ThreadsClone\ThreadsClone\server\node_modules\express\lib\router\layer.js:95:5)
    at next (G:\ThreadsClone\ThreadsClone\server\node_modules\express\lib\router\route.js:149:13)
    at authMiddleware (G:\ThreadsClone\ThreadsClone\server\src\middlewares\auth.ts:39:5)
    at processTicksAndRejections (node:internal/process/task_queues:95:5)
2025-05-11T11:22:59.987Z [ERROR]: Error: ID is invalid 
Stack: HttpError: ID is invalid
    at G:\ThreadsClone\ThreadsClone\server\src\middlewares\validation.ts:53:13
    at Layer.handle [as handle_request] (G:\ThreadsClone\ThreadsClone\server\node_modules\express\lib\router\layer.js:95:5)
    at next (G:\ThreadsClone\ThreadsClone\server\node_modules\express\lib\router\route.js:149:13)
    at authMiddleware (G:\ThreadsClone\ThreadsClone\server\src\middlewares\auth.ts:39:5)
    at processTicksAndRejections (node:internal/process/task_queues:95:5)
2025-05-11T11:23:00.893Z [ERROR]: Error: ID is invalid 
Stack: HttpError: ID is invalid
    at G:\ThreadsClone\ThreadsClone\server\src\middlewares\validation.ts:53:13
    at Layer.handle [as handle_request] (G:\ThreadsClone\ThreadsClone\server\node_modules\express\lib\router\layer.js:95:5)
    at next (G:\ThreadsClone\ThreadsClone\server\node_modules\express\lib\router\route.js:149:13)
    at authMiddleware (G:\ThreadsClone\ThreadsClone\server\src\middlewares\auth.ts:39:5)
    at processTicksAndRejections (node:internal/process/task_queues:95:5)
2025-05-11T11:23:01.679Z [ERROR]: Error: ID is invalid 
Stack: HttpError: ID is invalid
    at G:\ThreadsClone\ThreadsClone\server\src\middlewares\validation.ts:53:13
    at Layer.handle [as handle_request] (G:\ThreadsClone\ThreadsClone\server\node_modules\express\lib\router\layer.js:95:5)
    at next (G:\ThreadsClone\ThreadsClone\server\node_modules\express\lib\router\route.js:149:13)
    at authMiddleware (G:\ThreadsClone\ThreadsClone\server\src\middlewares\auth.ts:39:5)
    at processTicksAndRejections (node:internal/process/task_queues:95:5)
2025-05-11T11:23:10.315Z [ERROR]: Error: ID is invalid 
Stack: HttpError: ID is invalid
    at G:\ThreadsClone\ThreadsClone\server\src\middlewares\validation.ts:53:13
    at Layer.handle [as handle_request] (G:\ThreadsClone\ThreadsClone\server\node_modules\express\lib\router\layer.js:95:5)
    at next (G:\ThreadsClone\ThreadsClone\server\node_modules\express\lib\router\route.js:149:13)
    at authMiddleware (G:\ThreadsClone\ThreadsClone\server\src\middlewares\auth.ts:39:5)
    at processTicksAndRejections (node:internal/process/task_queues:95:5)
2025-05-11T11:27:17.775Z [ERROR]: Error: ID is invalid 
Stack: HttpError: ID is invalid
    at G:\ThreadsClone\ThreadsClone\server\src\middlewares\validation.ts:53:13
    at Layer.handle [as handle_request] (G:\ThreadsClone\ThreadsClone\server\node_modules\express\lib\router\layer.js:95:5)
    at next (G:\ThreadsClone\ThreadsClone\server\node_modules\express\lib\router\route.js:149:13)
    at authMiddleware (G:\ThreadsClone\ThreadsClone\server\src\middlewares\auth.ts:39:5)
    at processTicksAndRejections (node:internal/process/task_queues:95:5)
2025-05-11T11:28:13.464Z [ERROR]: Error: ID is invalid 
Stack: HttpError: ID is invalid
    at G:\ThreadsClone\ThreadsClone\server\src\middlewares\validation.ts:53:13
    at Layer.handle [as handle_request] (G:\ThreadsClone\ThreadsClone\server\node_modules\express\lib\router\layer.js:95:5)
    at next (G:\ThreadsClone\ThreadsClone\server\node_modules\express\lib\router\route.js:149:13)
    at authMiddleware (G:\ThreadsClone\ThreadsClone\server\src\middlewares\auth.ts:39:5)
    at processTicksAndRejections (node:internal/process/task_queues:95:5)
2025-05-11T11:28:39.219Z [ERROR]: Error: ID is invalid 
Stack: HttpError: ID is invalid
    at G:\ThreadsClone\ThreadsClone\server\src\middlewares\validation.ts:53:13
    at Layer.handle [as handle_request] (G:\ThreadsClone\ThreadsClone\server\node_modules\express\lib\router\layer.js:95:5)
    at next (G:\ThreadsClone\ThreadsClone\server\node_modules\express\lib\router\route.js:149:13)
    at authMiddleware (G:\ThreadsClone\ThreadsClone\server\src\middlewares\auth.ts:39:5)
    at processTicksAndRejections (node:internal/process/task_queues:95:5)
2025-05-11T11:28:41.064Z [ERROR]: Error: ID is invalid 
Stack: HttpError: ID is invalid
    at G:\ThreadsClone\ThreadsClone\server\src\middlewares\validation.ts:53:13
    at Layer.handle [as handle_request] (G:\ThreadsClone\ThreadsClone\server\node_modules\express\lib\router\layer.js:95:5)
    at next (G:\ThreadsClone\ThreadsClone\server\node_modules\express\lib\router\route.js:149:13)
    at authMiddleware (G:\ThreadsClone\ThreadsClone\server\src\middlewares\auth.ts:39:5)
    at processTicksAndRejections (node:internal/process/task_queues:95:5)
2025-05-11T11:29:44.420Z [ERROR]: Error: ID is invalid 
Stack: HttpError: ID is invalid
    at G:\ThreadsClone\ThreadsClone\server\src\middlewares\validation.ts:53:13
    at Layer.handle [as handle_request] (G:\ThreadsClone\ThreadsClone\server\node_modules\express\lib\router\layer.js:95:5)
    at next (G:\ThreadsClone\ThreadsClone\server\node_modules\express\lib\router\route.js:149:13)
    at authMiddleware (G:\ThreadsClone\ThreadsClone\server\src\middlewares\auth.ts:39:5)
    at processTicksAndRejections (node:internal/process/task_queues:95:5)
2025-05-11T11:31:32.354Z [ERROR]: Error: ID is invalid 
Stack: HttpError: ID is invalid
    at G:\ThreadsClone\ThreadsClone\server\src\middlewares\validation.ts:53:13
    at Layer.handle [as handle_request] (G:\ThreadsClone\ThreadsClone\server\node_modules\express\lib\router\layer.js:95:5)
    at next (G:\ThreadsClone\ThreadsClone\server\node_modules\express\lib\router\route.js:149:13)
    at authMiddleware (G:\ThreadsClone\ThreadsClone\server\src\middlewares\auth.ts:39:5)
    at processTicksAndRejections (node:internal/process/task_queues:95:5)
2025-05-18T15:27:18.495Z [ERROR]: Cannot find /api/auth/login on this server
2025-05-18T15:27:20.528Z [ERROR]: Cannot find /favicon.ico on this server
2025-05-18T15:43:18.418Z [ERROR]: ID is invalid
2025-05-18T15:51:29.395Z [ERROR]: ID is invalid
2025-05-19T07:37:01.675Z [ERROR]: Already following
2025-05-19T07:37:46.532Z [ERROR]: Cannot find /api/users/681c376158ac95ae022b4c4a/unfollow on this server
2025-05-19T07:39:20.169Z [ERROR]: Cannot find /api/users/681c376158ac95ae022b4c4a/unfollow on this server
2025-05-19T07:40:19.735Z [ERROR]: Cannot find /api/users/681c376158ac95ae022b4c4a/follower on this server
2025-05-19T07:40:29.333Z [ERROR]: Schema hasn't been registered for model "name".
Use mongoose.model(name, schema)
2025-05-19T07:41:29.403Z [ERROR]: Schema hasn't been registered for model "name".
Use mongoose.model(name, schema)
2025-05-19T07:41:54.180Z [ERROR]: Schema hasn't been registered for model "name".
Use mongoose.model(name, schema)
2025-05-19T07:42:30.085Z [ERROR]: Schema hasn't been registered for model "avatar".
Use mongoose.model(name, schema)
2025-05-19T07:43:05.689Z [ERROR]: Schema hasn't been registered for model "avatar".
Use mongoose.model(name, schema)
2025-05-19T07:44:16.251Z [ERROR]: Schema hasn't been registered for model "name".
Use mongoose.model(name, schema)
2025-05-19T08:01:32.554Z [ERROR]: ID is invalid
2025-05-19T08:01:34.999Z [ERROR]: ID is invalid
2025-05-19T08:01:56.977Z [ERROR]: ID is invalid
2025-05-19T08:01:57.011Z [ERROR]: ID is invalid
2025-05-19T08:02:36.592Z [ERROR]: ID is invalid
2025-05-19T08:02:54.696Z [ERROR]: ID is invalid
2025-05-19T08:04:28.181Z [ERROR]: ID is invalid
2025-05-19T08:05:06.712Z [ERROR]: ID is invalid
2025-05-19T08:05:09.637Z [ERROR]: ID is invalid
2025-05-19T08:05:18.617Z [ERROR]: ID is invalid
2025-05-19T08:05:26.301Z [ERROR]: ID is invalid
2025-05-19T08:11:34.831Z [ERROR]: ID is invalid
2025-05-19T08:32:57.019Z [ERROR]: ID is invalid
2025-05-19T08:32:58.170Z [ERROR]: ID is invalid
2025-05-19T08:33:00.191Z [ERROR]: ID is invalid
2025-05-19T08:37:44.174Z [ERROR]: ID is invalid
2025-05-19T08:37:47.440Z [ERROR]: ID is invalid
2025-05-19T08:42:33.816Z [ERROR]: ID is invalid
2025-05-19T08:42:36.283Z [ERROR]: ID is invalid
2025-05-19T08:43:02.782Z [ERROR]: ID is invalid
2025-05-19T08:44:38.570Z [ERROR]: ID is invalid
2025-05-19T08:45:22.496Z [ERROR]: ID is invalid
2025-05-19T08:45:28.759Z [ERROR]: ID is invalid
2025-05-19T08:45:30.584Z [ERROR]: ID is invalid
2025-05-19T08:45:31.947Z [ERROR]: ID is invalid
2025-05-19T08:46:17.316Z [ERROR]: ID is invalid
2025-05-19T08:46:22.235Z [ERROR]: ID is invalid
2025-05-19T08:46:23.701Z [ERROR]: ID is invalid
2025-05-19T08:46:25.459Z [ERROR]: ID is invalid
2025-05-19T08:46:28.405Z [ERROR]: ID is invalid
2025-05-19T08:46:29.595Z [ERROR]: ID is invalid
2025-05-19T08:46:30.695Z [ERROR]: ID is invalid
2025-05-19T08:46:42.022Z [ERROR]: ID is invalid
2025-05-19T08:46:43.590Z [ERROR]: ID is invalid
2025-05-19T08:46:44.724Z [ERROR]: ID is invalid
2025-05-19T08:49:48.289Z [ERROR]: ID is invalid
2025-05-19T08:50:47.277Z [ERROR]: ID is invalid
2025-05-19T08:50:53.234Z [ERROR]: ID is invalid
2025-05-19T09:04:45.626Z [ERROR]: ID is invalid
2025-05-19T09:04:56.683Z [ERROR]: ID is invalid
2025-05-19T09:12:56.432Z [ERROR]: ID is invalid
2025-05-19T09:12:58.714Z [ERROR]: ID is invalid
2025-05-19T09:13:05.358Z [ERROR]: ID is invalid
2025-05-19T09:13:46.609Z [ERROR]: ID is invalid
2025-05-19T09:31:11.338Z [ERROR]: ID is invalid
2025-05-19T09:33:12.187Z [ERROR]: Schema hasn't been registered for model "name".
Use mongoose.model(name, schema)
2025-05-19T09:33:12.268Z [ERROR]: Schema hasn't been registered for model "name".
Use mongoose.model(name, schema)
2025-05-19T09:33:24.552Z [ERROR]: Schema hasn't been registered for model "name".
Use mongoose.model(name, schema)
2025-05-19T09:33:47.402Z [ERROR]: Schema hasn't been registered for model "name".
Use mongoose.model(name, schema)
2025-05-19T09:34:18.495Z [ERROR]: Schema hasn't been registered for model "name".
Use mongoose.model(name, schema)
2025-05-19T09:34:21.979Z [ERROR]: Schema hasn't been registered for model "name".
Use mongoose.model(name, schema)
2025-05-19T09:35:08.795Z [ERROR]: Already following
2025-05-19T09:35:12.855Z [ERROR]: Schema hasn't been registered for model "name".
Use mongoose.model(name, schema)
2025-05-19T09:35:15.146Z [ERROR]: Schema hasn't been registered for model "name".
Use mongoose.model(name, schema)
2025-05-19T09:35:19.509Z [ERROR]: Schema hasn't been registered for model "name".
Use mongoose.model(name, schema)
2025-05-19T09:35:20.702Z [ERROR]: Schema hasn't been registered for model "name".
Use mongoose.model(name, schema)
2025-05-19T09:35:55.434Z [ERROR]: Schema hasn't been registered for model "name".
Use mongoose.model(name, schema)
2025-05-21T06:56:27.420Z [ERROR]: ID is invalid
2025-05-21T07:16:44.258Z [ERROR]: Cannot find /api/users/66dfbd050bdfe18c723f1066/following on this server
2025-05-21T07:18:28.792Z [ERROR]: Cannot find /api/users/66dfbd050bdfe18c723f1066/following on this server
2025-05-21T07:18:31.272Z [ERROR]: Cannot find /api/users/66dfbd050bdfe18c723f1066/following on this server
2025-05-21T07:19:10.882Z [ERROR]: Cannot find /api/users/66dfbd050bdfe18c723f1066/following on this server
2025-05-21T07:19:48.995Z [ERROR]: Cannot find /api/users/66dfbd050bdfe18c723f1066/following on this server
2025-05-21T07:20:29.501Z [ERROR]: Cannot find /api/users/66dfbd050bdfe18c723f1066/following on this server
2025-05-21T07:20:39.264Z [ERROR]: Cannot find /api/users/66dfbd050bdfe18c723f1066/following on this server
2025-05-21T07:21:33.748Z [ERROR]: Cannot find /api/users/66dfbd050bdfe18c723f1066/following on this server
2025-05-21T07:22:23.598Z [ERROR]: Cannot find /api/users/66dfbd050bdfe18c723f1066/following on this server
2025-05-21T07:22:25.333Z [ERROR]: Cannot find /api/users/66dfbd050bdfe18c723f1066/following on this server
2025-05-21T07:22:28.402Z [ERROR]: Cannot find /api/users/66dfbd050bdfe18c723f1066/following on this server
2025-05-21T07:22:32.629Z [ERROR]: Cannot find /api/users/66dfbd050bdfe18c723f1066/following on this server
2025-05-21T07:29:52.655Z [ERROR]: Cannot find /api/users/66dfbd050bdfe18c723f1066/following on this server
2025-05-21T07:30:21.148Z [ERROR]: Cannot find /api/users/66dfbd050bdfe18c723f1066/following on this server
2025-05-21T07:31:12.432Z [ERROR]: Cannot find /api/users/66dfbd050bdfe18c723f1066/following on this server
2025-05-21T08:42:31.968Z [ERROR]: ID is invalid
2025-05-21T08:43:38.870Z [ERROR]: ID is invalid
2025-05-21T08:43:38.874Z [ERROR]: ID is invalid
2025-05-21T08:43:55.577Z [ERROR]: User validation failed: username: Username phải bắt đầu bằng '@' và chỉ chứa chữ cái, số, gạch dưới, dài từ 3 đến 30 ký tự.
2025-05-21T08:44:07.060Z [ERROR]: User validation failed: username: Username phải bắt đầu bằng '@' và chỉ chứa chữ cái, số, gạch dưới, dài từ 3 đến 30 ký tự.
2025-05-21T08:44:27.393Z [ERROR]: User validation failed: username: Username phải bắt đầu bằng '@' và chỉ chứa chữ cái, số, gạch dưới, dài từ 3 đến 30 ký tự.
2025-05-21T08:44:30.785Z [ERROR]: ID is invalid
2025-05-21T08:44:30.820Z [ERROR]: ID is invalid
2025-05-21T08:44:38.032Z [ERROR]: ID is invalid
2025-05-21T08:44:44.502Z [ERROR]: User validation failed: username: Username phải bắt đầu bằng '@' và chỉ chứa chữ cái, số, gạch dưới, dài từ 3 đến 30 ký tự.
2025-05-21T08:45:49.965Z [ERROR]: ID is invalid
2025-05-21T08:45:58.217Z [ERROR]: User validation failed: username: Username phải bắt đầu bằng '@' và chỉ chứa chữ cái, số, gạch dưới, dài từ 3 đến 30 ký tự.
2025-05-21T08:59:05.323Z [ERROR]: ID is invalid
2025-05-21T09:02:59.266Z [ERROR]: ID is invalid
2025-05-21T09:07:36.868Z [ERROR]: ID is invalid
2025-05-21T09:21:30.996Z [ERROR]: Cannot find /api/users/66dfbd050bdfe18c723f1066/unfollow on this server
2025-05-21T09:21:33.823Z [ERROR]: Cannot find /api/users/66dfbd050bdfe18c723f1066/unfollow on this server
2025-05-21T09:21:34.088Z [ERROR]: Cannot find /api/users/66dfbd050bdfe18c723f1066/unfollow on this server
2025-05-21T09:21:34.245Z [ERROR]: Cannot find /api/users/66dfbd050bdfe18c723f1066/unfollow on this server
2025-05-21T09:21:34.412Z [ERROR]: Cannot find /api/users/66dfbd050bdfe18c723f1066/unfollow on this server
2025-05-21T09:21:34.557Z [ERROR]: Cannot find /api/users/66dfbd050bdfe18c723f1066/unfollow on this server
2025-05-21T09:21:37.319Z [ERROR]: Cannot find /api/users/66dfbd050bdfe18c723f1066/unfollow on this server
2025-05-21T09:21:37.512Z [ERROR]: Cannot find /api/users/66dfbd050bdfe18c723f1066/unfollow on this server
2025-05-21T09:21:37.681Z [ERROR]: Cannot find /api/users/66dfbd050bdfe18c723f1066/unfollow on this server
2025-05-21T09:21:37.866Z [ERROR]: Cannot find /api/users/66dfbd050bdfe18c723f1066/unfollow on this server
2025-05-21T09:21:38.025Z [ERROR]: Cannot find /api/users/66dfbd050bdfe18c723f1066/unfollow on this server
2025-05-21T09:21:38.247Z [ERROR]: Cannot find /api/users/66dfbd050bdfe18c723f1066/unfollow on this server
2025-05-21T09:21:38.430Z [ERROR]: Cannot find /api/users/66dfbd050bdfe18c723f1066/unfollow on this server
2025-05-21T09:21:38.602Z [ERROR]: Cannot find /api/users/66dfbd050bdfe18c723f1066/unfollow on this server
2025-05-21T09:21:38.785Z [ERROR]: Cannot find /api/users/66dfbd050bdfe18c723f1066/unfollow on this server
2025-05-21T09:21:38.954Z [ERROR]: Cannot find /api/users/66dfbd050bdfe18c723f1066/unfollow on this server
2025-05-21T09:21:39.121Z [ERROR]: Cannot find /api/users/66dfbd050bdfe18c723f1066/unfollow on this server
2025-05-21T09:21:39.286Z [ERROR]: Cannot find /api/users/66dfbd050bdfe18c723f1066/unfollow on this server
2025-05-21T09:21:39.471Z [ERROR]: Cannot find /api/users/66dfbd050bdfe18c723f1066/unfollow on this server
2025-05-21T09:24:30.875Z [ERROR]: ID is invalid
2025-05-22T08:28:27.577Z [ERROR]: Cannot find /api/users/681c376158ac95ae022b4c4a/unfollow on this server
2025-05-22T08:28:40.452Z [ERROR]: Cannot find /api/users/681c376158ac95ae022b4c4a/unfollow on this server
2025-05-22T08:28:40.797Z [ERROR]: Cannot find /api/users/681c376158ac95ae022b4c4a/unfollow on this server
2025-05-22T08:28:46.531Z [ERROR]: Cannot find /api/users/681c376158ac95ae022b4c4a/unfollow on this server
2025-05-22T08:30:04.530Z [ERROR]: Cannot find /api/users/66dfbd050bdfe18c723f1066/unfollow on this server
2025-05-22T08:30:54.671Z [ERROR]: Cannot find /api/users/681c376158ac95ae022b4c4a/unfollow on this server
2025-05-22T08:34:11.686Z [ERROR]: Cannot find /api/users/66dfbd050bdfe18c723f1066/unfollow on this server
2025-05-22T08:36:20.195Z [ERROR]: Cannot find /api/users/681c376158ac95ae022b4c4a/unfollow on this server
2025-05-22T08:41:52.398Z [ERROR]: Cannot find /api/users/681c376158ac95ae022b4c4a/unfollow on this server
2025-05-22T08:42:24.439Z [ERROR]: Cannot find /api/users/681c376158ac95ae022b4c4a/unfollow on this server
2025-05-22T08:43:33.902Z [ERROR]: Cannot find /api/users/681c376158ac95ae022b4c4a/unfollow on this server
2025-05-22T08:43:35.709Z [ERROR]: Cannot find /api/users/681c376158ac95ae022b4c4a/unfollow on this server
2025-05-22T08:43:35.959Z [ERROR]: Cannot find /api/users/681c376158ac95ae022b4c4a/unfollow on this server
2025-05-22T08:43:36.170Z [ERROR]: Cannot find /api/users/681c376158ac95ae022b4c4a/unfollow on this server
2025-05-22T08:43:36.360Z [ERROR]: Cannot find /api/users/681c376158ac95ae022b4c4a/unfollow on this server
2025-05-22T08:44:03.962Z [ERROR]: Cannot find /api/users/681c376158ac95ae022b4c4a/unfollow on this server
2025-05-22T08:44:05.081Z [ERROR]: Cannot find /api/users/681c376158ac95ae022b4c4a/unfollow on this server
2025-05-22T08:44:05.231Z [ERROR]: Cannot find /api/users/681c376158ac95ae022b4c4a/unfollow on this server
2025-05-22T08:44:05.497Z [ERROR]: Cannot find /api/users/681c376158ac95ae022b4c4a/unfollow on this server
2025-05-22T08:45:30.601Z [ERROR]: Cannot find /api/users/681c376158ac95ae022b4c4a/unfollow on this server
2025-05-22T09:24:26.522Z [ERROR]: ID is invalid
2025-05-22T09:26:03.700Z [ERROR]: ID is invalid
2025-05-22T09:26:05.621Z [ERROR]: ID is invalid
2025-05-22T10:02:32.293Z [ERROR]: Cannot find /api/users/66dfbd050bdfe18c723f1066/following on this server
2025-05-22T10:02:32.345Z [ERROR]: Cannot find /api/users/66dfbd050bdfe18c723f1066/following on this server
2025-05-22T10:02:32.394Z [ERROR]: Cannot find /api/users/66dfbd050bdfe18c723f1066/following on this server
2025-05-22T10:02:32.450Z [ERROR]: Cannot find /api/users/66dfbd050bdfe18c723f1066/following on this server
2025-05-22T10:02:34.949Z [ERROR]: Cannot find /api/users/66dfbd050bdfe18c723f1066/following on this server
2025-05-22T10:02:36.018Z [ERROR]: Cannot find /api/users/66dfbd050bdfe18c723f1066/following on this server
2025-05-22T10:03:11.850Z [ERROR]: Cannot find /api/users/66dfbd050bdfe18c723f1066/following on this server
2025-05-22T10:03:17.906Z [ERROR]: Cannot find /api/users/66dfbd050bdfe18c723f1066/following on this server
2025-05-22T10:03:43.336Z [ERROR]: Cannot find /api/users/66dfbd050bdfe18c723f1066/following on this server
2025-05-22T10:09:00.458Z [ERROR]: Not following
2025-05-22T10:09:02.316Z [ERROR]: Not following
2025-05-22T10:09:02.482Z [ERROR]: Not following
2025-05-22T10:09:02.696Z [ERROR]: Not following
2025-05-22T10:09:02.854Z [ERROR]: Not following
2025-05-22T10:11:36.821Z [ERROR]: Already following
2025-05-22T10:11:43.838Z [ERROR]: Already following
2025-05-22T10:11:54.164Z [ERROR]: Already following
2025-05-22T10:22:04.349Z [ERROR]: You can't follow yourself
2025-05-22T10:22:14.845Z [ERROR]: Already following
2025-05-22T13:27:30.783Z [ERROR]: ID is invalid
2025-05-22T13:27:30.820Z [ERROR]: ID is invalid
2025-05-23T00:52:54.565Z [ERROR]: Cannot find /api/users/total-posts on this server
2025-05-23T00:57:17.493Z [ERROR]: Cannot find /api/posts/total-posts on this server
2025-05-23T07:48:33.587Z [ERROR]: ID is invalid
2025-05-23T07:48:59.601Z [ERROR]: ID is invalid
2025-05-23T07:49:03.032Z [ERROR]: ID is invalid
2025-05-23T07:52:29.725Z [ERROR]: ID is invalid
2025-05-23T08:20:13.721Z [ERROR]: Cannot find /api/threads/66dfbd050bdfe18c723f1066/posts on this server
2025-05-23T08:20:17.740Z [ERROR]: Cannot find /api/threads/66dfbd050bdfe18c723f1066/posts on this server
2025-05-23T08:20:25.921Z [ERROR]: Cannot find /api/threads/66dfbd050bdfe18c723f1066/posts on this server
2025-05-23T08:20:26.930Z [ERROR]: Cannot find /api/threads/66dfbd050bdfe18c723f1066/posts on this server
2025-05-23T08:20:58.150Z [ERROR]: Cannot find /api/threads/66dfbd050bdfe18c723f1066/posts on this server
2025-05-23T08:21:03.360Z [ERROR]: Cannot find /api/threads/66dfbd050bdfe18c723f1066/posts on this server
2025-05-23T08:21:05.236Z [ERROR]: Cannot find /api/threads/66dfbd050bdfe18c723f1066/posts on this server
2025-05-23T08:21:06.248Z [ERROR]: Cannot find /api/threads/66dfbd050bdfe18c723f1066/posts on this server
2025-05-23T08:21:08.416Z [ERROR]: Cannot find /api/threads/66dfbd050bdfe18c723f1066/posts on this server
2025-05-23T08:21:18.391Z [ERROR]: Cannot find /api/threads/66dfbd050bdfe18c723f1066/posts on this server
2025-05-23T08:21:31.896Z [ERROR]: Cannot find /api/threads/66dfbd050bdfe18c723f1066/posts on this server
2025-05-23T08:21:34.982Z [ERROR]: Cannot find /api/threads/66dfbd050bdfe18c723f1066/posts on this server
2025-05-23T08:21:36.012Z [ERROR]: Cannot find /api/threads/66dfbd050bdfe18c723f1066/posts on this server
2025-05-23T08:21:38.024Z [ERROR]: Cannot find /api/threads/66dfbd050bdfe18c723f1066/posts on this server
2025-05-23T08:21:42.046Z [ERROR]: Cannot find /api/threads/66dfbd050bdfe18c723f1066/posts on this server
2025-05-23T08:29:04.512Z [ERROR]: Cannot find /api/threads/66dfbd050bdfe18c723f1066/posts on this server
2025-05-23T08:29:06.521Z [ERROR]: Cannot find /api/threads/66dfbd050bdfe18c723f1066/posts on this server
2025-05-23T08:29:07.576Z [ERROR]: Cannot find /api/threads/66dfbd050bdfe18c723f1066/posts on this server
2025-05-23T08:29:11.040Z [ERROR]: Cannot find /api/threads/66dfbd050bdfe18c723f1066/posts on this server
2025-05-23T08:29:12.051Z [ERROR]: Cannot find /api/threads/66dfbd050bdfe18c723f1066/posts on this server
2025-05-23T08:30:30.693Z [ERROR]: Cannot find /api/threads/681c376158ac95ae022b4c4a/posts on this server
2025-05-23T09:22:37.013Z [ERROR]: Failed to fetch user posts
2025-05-23T09:22:39.078Z [ERROR]: Failed to fetch user posts
2025-05-23T09:22:43.157Z [ERROR]: Failed to fetch user posts
2025-05-23T09:22:46.117Z [ERROR]: Failed to fetch user posts
2025-05-23T09:22:47.563Z [ERROR]: Failed to fetch user posts
2025-05-23T09:22:48.664Z [ERROR]: Failed to fetch user posts
2025-05-23T09:22:50.758Z [ERROR]: Failed to fetch user posts
2025-05-23T09:22:54.840Z [ERROR]: Failed to fetch user posts
2025-05-23T09:23:16.288Z [ERROR]: Failed to fetch user posts
2025-05-23T09:23:17.634Z [ERROR]: Failed to fetch user posts
2025-05-23T09:23:18.713Z [ERROR]: Failed to fetch user posts
2025-05-23T09:23:20.789Z [ERROR]: Failed to fetch user posts
2025-05-23T09:23:24.883Z [ERROR]: Failed to fetch user posts
2025-05-23T09:27:23.796Z [ERROR]: ID is invalid
2025-05-23T09:36:34.856Z [ERROR]: ID is invalid
2025-05-23T09:36:44.770Z [ERROR]: ID is invalid
2025-05-23T09:42:47.590Z [ERROR]: ID is invalid
2025-05-23T09:42:53.163Z [ERROR]: ID is invalid
2025-05-23T09:43:26.088Z [ERROR]: ID is invalid
2025-05-23T09:43:26.126Z [ERROR]: ID is invalid
2025-05-23T09:43:36.225Z [ERROR]: ID is invalid
2025-05-23T09:43:36.269Z [ERROR]: ID is invalid
2025-05-23T09:48:43.343Z [ERROR]: ID is invalid
2025-05-23T09:49:03.265Z [ERROR]: ID is invalid
2025-05-23T13:36:39.518Z [ERROR]: Already following
2025-05-23T13:37:44.405Z [ERROR]: Already following
2025-05-23T13:37:50.138Z [ERROR]: Already following
2025-05-23T13:58:19.329Z [ERROR]: Already following
2025-05-23T14:10:40.121Z [ERROR]: ID is invalid
2025-05-23T14:41:30.818Z [ERROR]: ID is invalid
2025-05-23T14:41:35.246Z [ERROR]: Not following
2025-05-23T14:41:40.842Z [ERROR]: Not following
2025-05-23T14:42:39.137Z [ERROR]: You can't follow yourself
2025-05-23T14:42:48.667Z [ERROR]: You can't follow yourself
2025-05-23T14:42:51.093Z [ERROR]: ID is invalid
2025-05-23T14:42:53.742Z [ERROR]: You can't follow yourself
2025-05-23T14:44:03.118Z [ERROR]: You can't follow yourself
2025-05-23T14:48:41.869Z [ERROR]: You can't follow yourself
2025-05-23T14:48:43.399Z [ERROR]: You can't follow yourself
2025-05-23T14:48:44.248Z [ERROR]: You can't follow yourself
2025-05-23T14:48:44.758Z [ERROR]: You can't follow yourself
2025-05-23T14:51:59.493Z [ERROR]: You can't follow yourself
2025-05-23T14:52:00.856Z [ERROR]: You can't follow yourself
2025-05-23T14:52:01.247Z [ERROR]: You can't follow yourself
2025-05-23T14:52:07.526Z [ERROR]: You can't follow yourself
2025-05-23T14:54:37.215Z [ERROR]: You can't follow yourself
2025-05-23T14:54:38.164Z [ERROR]: You can't follow yourself
2025-05-23T14:54:38.639Z [ERROR]: You can't follow yourself
2025-05-23T14:54:38.822Z [ERROR]: You can't follow yourself
2025-05-23T14:54:39.007Z [ERROR]: You can't follow yourself
2025-05-23T14:54:39.163Z [ERROR]: You can't follow yourself
2025-05-23T14:54:39.315Z [ERROR]: You can't follow yourself
2025-05-24T02:52:09.529Z [ERROR]: Cannot find /api/threads/recommendations on this server
2025-05-24T02:52:09.682Z [ERROR]: Cannot find /api/threads/recommendations on this server
2025-05-24T02:53:12.969Z [ERROR]: Cannot find /api/threads/recommendations on this server
2025-05-24T02:53:12.991Z [ERROR]: Cannot find /api/threads/recommendations on this server
2025-05-24T02:54:23.254Z [ERROR]: Cannot find /api/threads/recommendations on this server
2025-05-24T02:54:54.237Z [ERROR]: Cannot find /api/threads/recommendations on this server
2025-05-24T02:58:36.123Z [ERROR]: Cannot find /api/threads/recommendations on this server
2025-05-24T02:58:36.224Z [ERROR]: Cannot find /api/threads/recommendations on this server
2025-05-24T02:58:51.825Z [ERROR]: Cannot find /api/threads/recommendations on this server
2025-05-24T02:58:52.368Z [ERROR]: Cannot find /api/threads/recommendations on this server
2025-05-24T02:58:56.352Z [ERROR]: Cannot find /api/threads/recommendations on this server
2025-05-24T02:58:56.382Z [ERROR]: Cannot find /api/threads/recommendations on this server
2025-05-24T03:09:27.781Z [ERROR]: Cannot find /api/threads/posts/multiple on this server
2025-05-24T03:09:29.022Z [ERROR]: Cannot find /api/threads/posts/multiple on this server
2025-05-24T03:09:51.925Z [ERROR]: Cannot find /api/threads/posts/multiple on this server
2025-05-24T03:09:53.429Z [ERROR]: Cannot find /api/threads/posts/multiple on this server
2025-05-24T08:57:45.543Z [ERROR]: Register service error: E11000 duplicate key error collection: Threads.users index: name_1 dup key: { name: "cristiano" }
2025-05-24T08:57:45.545Z [ERROR]: Register error: Internal server error
2025-05-24T09:07:58.786Z [ERROR]: ID is invalid
2025-05-24T09:21:35.647Z [ERROR]: ID is invalid
2025-05-24T09:23:45.182Z [ERROR]: ID is invalid
2025-05-24T09:26:17.984Z [ERROR]: Already following
2025-05-25T07:49:16.461Z [ERROR]: Already following
2025-05-25T07:49:31.243Z [ERROR]: Already following
2025-05-25T08:01:56.436Z [ERROR]: Already following
2025-05-25T08:05:21.356Z [ERROR]: Already following
2025-05-25T08:25:29.528Z [ERROR]: Cannot find /api/users/66dfbd050bdfe18c723f1066remove-follower on this server
2025-05-25T08:25:30.479Z [ERROR]: Cannot find /api/users/66dfbd050bdfe18c723f1066remove-follower on this server
2025-05-25T08:25:36.840Z [ERROR]: Cannot find /api/users/66dfbd050bdfe18c723f1066remove-follower on this server
2025-05-25T08:25:37.180Z [ERROR]: Cannot find /api/users/66dfbd050bdfe18c723f1066remove-follower on this server
2025-05-25T08:25:37.681Z [ERROR]: Cannot find /api/users/66dfbd050bdfe18c723f1066remove-follower on this server
2025-05-25T08:25:37.864Z [ERROR]: Cannot find /api/users/66dfbd050bdfe18c723f1066remove-follower on this server
2025-05-25T08:25:38.037Z [ERROR]: Cannot find /api/users/66dfbd050bdfe18c723f1066remove-follower on this server
2025-05-25T08:25:38.230Z [ERROR]: Cannot find /api/users/66dfbd050bdfe18c723f1066remove-follower on this server
2025-05-25T08:25:38.400Z [ERROR]: Cannot find /api/users/66dfbd050bdfe18c723f1066remove-follower on this server
2025-05-25T08:25:38.565Z [ERROR]: Cannot find /api/users/66dfbd050bdfe18c723f1066remove-follower on this server
2025-05-25T08:25:52.438Z [ERROR]: Cannot find /api/users/66dfbd050bdfe18c723f1066remove-follower on this server
2025-05-25T08:26:14.305Z [ERROR]: You can't remove yourself
2025-05-25T08:33:03.826Z [ERROR]: ID is invalid
2025-05-25T10:20:21.325Z [ERROR]: ID is invalid
2025-05-25T10:20:35.395Z [ERROR]: ID is invalid
2025-05-25T10:20:44.668Z [ERROR]: ID is invalid
2025-05-25T10:20:57.805Z [ERROR]: ID is invalid
2025-05-25T10:21:26.013Z [ERROR]: ID is invalid
2025-05-25T10:21:49.562Z [ERROR]: ID is invalid
2025-05-25T10:21:54.947Z [ERROR]: ID is invalid
2025-05-26T02:38:15.805Z [ERROR]: Get post by id service error: Cast to ObjectId failed for value "liked" (type string) at path "_id" for model "Thread"
2025-05-26T02:38:15.811Z [ERROR]: Internal server error
2025-05-26T02:38:15.852Z [ERROR]: Get post by id service error: Cast to ObjectId failed for value "liked" (type string) at path "_id" for model "Thread"
2025-05-26T02:38:15.853Z [ERROR]: Internal server error
2025-05-26T02:38:21.049Z [ERROR]: Get post by id service error: Cast to ObjectId failed for value "liked" (type string) at path "_id" for model "Thread"
2025-05-26T02:38:21.051Z [ERROR]: Internal server error
2025-05-26T02:38:21.150Z [ERROR]: Get post by id service error: Cast to ObjectId failed for value "liked" (type string) at path "_id" for model "Thread"
2025-05-26T02:38:21.152Z [ERROR]: Internal server error
2025-05-26T02:38:34.308Z [ERROR]: Get post by id service error: Cast to ObjectId failed for value "liked" (type string) at path "_id" for model "Thread"
2025-05-26T02:38:34.310Z [ERROR]: Internal server error
2025-05-26T02:38:34.479Z [ERROR]: Get post by id service error: Cast to ObjectId failed for value "liked" (type string) at path "_id" for model "Thread"
2025-05-26T02:38:34.480Z [ERROR]: Internal server error
2025-05-26T02:39:24.532Z [ERROR]: Get post by id service error: Cast to ObjectId failed for value "liked" (type string) at path "_id" for model "Thread"
2025-05-26T02:39:24.533Z [ERROR]: Internal server error
2025-05-26T02:39:24.617Z [ERROR]: Get post by id service error: Cast to ObjectId failed for value "liked" (type string) at path "_id" for model "Thread"
2025-05-26T02:39:24.618Z [ERROR]: Internal server error
2025-05-26T02:39:27.927Z [ERROR]: Get post by id service error: Cast to ObjectId failed for value "liked" (type string) at path "_id" for model "Thread"
2025-05-26T02:39:27.928Z [ERROR]: Internal server error
2025-05-26T02:39:28.087Z [ERROR]: Get post by id service error: Cast to ObjectId failed for value "liked" (type string) at path "_id" for model "Thread"
2025-05-26T02:39:28.088Z [ERROR]: Internal server error
2025-05-26T02:39:49.400Z [ERROR]: Get post by id service error: Cast to ObjectId failed for value "liked" (type string) at path "_id" for model "Thread"
2025-05-26T02:39:49.401Z [ERROR]: Internal server error
2025-05-26T02:39:49.491Z [ERROR]: Get post by id service error: Cast to ObjectId failed for value "liked" (type string) at path "_id" for model "Thread"
2025-05-26T02:39:49.493Z [ERROR]: Internal server error
2025-05-26T02:39:52.326Z [ERROR]: Get post by id service error: Cast to ObjectId failed for value "liked" (type string) at path "_id" for model "Thread"
2025-05-26T02:39:52.327Z [ERROR]: Internal server error
2025-05-26T02:39:52.486Z [ERROR]: Get post by id service error: Cast to ObjectId failed for value "liked" (type string) at path "_id" for model "Thread"
2025-05-26T02:39:52.488Z [ERROR]: Internal server error
2025-05-26T02:39:58.883Z [ERROR]: Get post by id service error: Cast to ObjectId failed for value "liked" (type string) at path "_id" for model "Thread"
2025-05-26T02:39:58.885Z [ERROR]: Internal server error
2025-05-26T02:43:01.520Z [ERROR]: Get post by id service error: Cast to ObjectId failed for value "liked" (type string) at path "_id" for model "Thread"
2025-05-26T02:43:01.524Z [ERROR]: Internal server error
2025-05-26T02:43:01.798Z [ERROR]: Get post by id service error: Cast to ObjectId failed for value "liked" (type string) at path "_id" for model "Thread"
2025-05-26T02:43:01.799Z [ERROR]: Internal server error
2025-05-26T02:45:14.406Z [ERROR]: Get post by id service error: Cast to ObjectId failed for value "liked" (type string) at path "_id" for model "Thread"
2025-05-26T02:45:14.407Z [ERROR]: Internal server error
2025-05-26T02:45:14.507Z [ERROR]: Get post by id service error: Cast to ObjectId failed for value "liked" (type string) at path "_id" for model "Thread"
2025-05-26T02:45:14.508Z [ERROR]: Internal server error
2025-05-26T02:47:16.936Z [ERROR]: Get post by id service error: Cast to ObjectId failed for value "liked" (type string) at path "_id" for model "Thread"
2025-05-26T02:47:16.942Z [ERROR]: Internal server error
2025-05-26T02:47:16.973Z [ERROR]: Get post by id service error: Cast to ObjectId failed for value "liked" (type string) at path "_id" for model "Thread"
2025-05-26T02:47:16.976Z [ERROR]: Internal server error
2025-05-26T02:48:23.495Z [ERROR]: Get post by id service error: Cast to ObjectId failed for value "liked" (type string) at path "_id" for model "Thread"
2025-05-26T02:48:23.498Z [ERROR]: Internal server error
2025-05-26T02:48:23.503Z [ERROR]: Get post by id service error: Cast to ObjectId failed for value "liked" (type string) at path "_id" for model "Thread"
2025-05-26T02:48:23.504Z [ERROR]: Internal server error
2025-05-26T02:58:52.207Z [ERROR]: Get post by id service error: Cast to ObjectId failed for value "liked" (type string) at path "_id" for model "Thread"
2025-05-26T02:58:52.211Z [ERROR]: Internal server error
2025-05-26T02:58:52.215Z [ERROR]: Get post by id service error: Cast to ObjectId failed for value "liked" (type string) at path "_id" for model "Thread"
2025-05-26T02:58:52.216Z [ERROR]: Internal server error
2025-05-26T03:05:52.531Z [ERROR]: Get post by id service error: Invalid post ID
2025-05-26T03:05:52.535Z [ERROR]: Invalid post ID
2025-05-26T03:05:52.768Z [ERROR]: Get post by id service error: Invalid post ID
2025-05-26T03:05:52.770Z [ERROR]: Invalid post ID
2025-05-26T03:06:06.031Z [ERROR]: Cannot find /favicon.ico on this server
2025-05-26T03:08:03.182Z [ERROR]: Get post by id service error: Invalid post ID
2025-05-26T03:08:03.185Z [ERROR]: Invalid post ID
2025-05-26T03:08:03.215Z [ERROR]: Get post by id service error: Invalid post ID
2025-05-26T03:08:03.216Z [ERROR]: Invalid post ID
2025-05-26T03:08:31.362Z [ERROR]: Get post by id service error: Invalid post ID
2025-05-26T03:08:31.365Z [ERROR]: Invalid post ID
2025-05-26T03:08:31.468Z [ERROR]: Get post by id service error: Invalid post ID
2025-05-26T03:08:31.469Z [ERROR]: Invalid post ID
2025-05-26T03:09:04.942Z [ERROR]: Get post by id service error: Invalid post ID
2025-05-26T03:09:04.945Z [ERROR]: Invalid post ID
2025-05-26T03:16:42.386Z [ERROR]: Cannot find /api/threads/threads/68318d33ff888836007ecadb/comments on this server
2025-05-26T03:16:42.397Z [ERROR]: Cannot find /api/threads/threads/68318d33ff888836007ecadb/comments on this server
2025-05-26T03:16:42.426Z [ERROR]: Get post by id service error: Cannot populate path `comments` because it is not in your schema. Set the `strictPopulate` option to false to override.
2025-05-26T03:16:42.434Z [ERROR]: Internal server error
2025-05-26T03:16:42.513Z [ERROR]: Get post by id service error: Cannot populate path `comments` because it is not in your schema. Set the `strictPopulate` option to false to override.
2025-05-26T03:16:42.515Z [ERROR]: Internal server error
2025-05-26T03:16:51.281Z [ERROR]: Cannot find /api/threads/threads/68318d33ff888836007ecadb/comments on this server
2025-05-26T03:16:51.297Z [ERROR]: Cannot find /api/threads/threads/68318d33ff888836007ecadb/comments on this server
2025-05-26T03:16:51.359Z [ERROR]: Get post by id service error: Cannot populate path `comments` because it is not in your schema. Set the `strictPopulate` option to false to override.
2025-05-26T03:16:51.362Z [ERROR]: Internal server error
2025-05-26T03:16:51.369Z [ERROR]: Get post by id service error: Cannot populate path `comments` because it is not in your schema. Set the `strictPopulate` option to false to override.
2025-05-26T03:16:51.373Z [ERROR]: Internal server error
2025-05-26T03:18:06.815Z [ERROR]: Get comments by post id service error: Post not found
2025-05-26T03:18:06.817Z [ERROR]: Internal server error
2025-05-26T03:18:06.848Z [ERROR]: Get post by id service error: Cannot populate path `comments` because it is not in your schema. Set the `strictPopulate` option to false to override.
2025-05-26T03:18:06.849Z [ERROR]: Internal server error
2025-05-26T03:18:06.857Z [ERROR]: Get comments by post id service error: Post not found
2025-05-26T03:18:06.858Z [ERROR]: Internal server error
2025-05-26T03:18:06.942Z [ERROR]: Get post by id service error: Cannot populate path `comments` because it is not in your schema. Set the `strictPopulate` option to false to override.
2025-05-26T03:18:06.943Z [ERROR]: Internal server error
2025-05-26T03:18:10.636Z [ERROR]: Get comments by post id service error: Post not found
2025-05-26T03:18:10.638Z [ERROR]: Internal server error
2025-05-26T03:18:10.656Z [ERROR]: Get comments by post id service error: Post not found
2025-05-26T03:18:10.658Z [ERROR]: Internal server error
2025-05-26T03:18:10.680Z [ERROR]: Get post by id service error: Cannot populate path `comments` because it is not in your schema. Set the `strictPopulate` option to false to override.
2025-05-26T03:18:10.683Z [ERROR]: Internal server error
2025-05-26T03:18:10.713Z [ERROR]: Get post by id service error: Cannot populate path `comments` because it is not in your schema. Set the `strictPopulate` option to false to override.
2025-05-26T03:18:10.717Z [ERROR]: Internal server error
2025-05-26T03:19:22.428Z [ERROR]: Get comments by post id service error: Post not found
2025-05-26T03:19:22.431Z [ERROR]: Internal server error
2025-05-26T03:19:22.463Z [ERROR]: Get comments by post id service error: Post not found
2025-05-26T03:19:22.464Z [ERROR]: Internal server error
2025-05-26T03:19:22.484Z [ERROR]: Get post by id service error: Cannot populate path `comments` because it is not in your schema. Set the `strictPopulate` option to false to override.
2025-05-26T03:19:22.486Z [ERROR]: Internal server error
2025-05-26T03:19:22.553Z [ERROR]: Get post by id service error: Cannot populate path `comments` because it is not in your schema. Set the `strictPopulate` option to false to override.
2025-05-26T03:19:22.554Z [ERROR]: Internal server error
2025-05-26T03:19:27.797Z [ERROR]: Get comments by post id service error: Post not found
2025-05-26T03:19:27.800Z [ERROR]: Internal server error
2025-05-26T03:19:27.806Z [ERROR]: Get comments by post id service error: Post not found
2025-05-26T03:19:27.808Z [ERROR]: Internal server error
2025-05-26T03:19:27.829Z [ERROR]: Get post by id service error: Cannot populate path `comments` because it is not in your schema. Set the `strictPopulate` option to false to override.
2025-05-26T03:19:27.831Z [ERROR]: Internal server error
2025-05-26T03:19:27.854Z [ERROR]: Get post by id service error: Cannot populate path `comments` because it is not in your schema. Set the `strictPopulate` option to false to override.
2025-05-26T03:19:27.859Z [ERROR]: Internal server error
2025-05-26T03:21:56.553Z [ERROR]: Get post by id service error: Cannot populate path `comments` because it is not in your schema. Set the `strictPopulate` option to false to override.
2025-05-26T03:21:56.555Z [ERROR]: Internal server error
2025-05-26T03:21:56.560Z [ERROR]: Get comments by post id service error: Post not found
2025-05-26T03:21:56.562Z [ERROR]: Internal server error
2025-05-26T03:21:56.636Z [ERROR]: Get post by id service error: Cannot populate path `comments` because it is not in your schema. Set the `strictPopulate` option to false to override.
2025-05-26T03:21:56.637Z [ERROR]: Internal server error
2025-05-26T03:21:56.639Z [ERROR]: Get comments by post id service error: Post not found
2025-05-26T03:21:56.640Z [ERROR]: Internal server error
2025-05-26T03:26:12.054Z [ERROR]: Get comments by post id service error: Post not found
2025-05-26T03:26:12.057Z [ERROR]: Internal server error
2025-05-26T03:26:12.161Z [ERROR]: Get comments by post id service error: Post not found
2025-05-26T03:26:12.164Z [ERROR]: Internal server error
2025-05-26T03:26:14.346Z [ERROR]: Get comments by post id service error: Post not found
2025-05-26T03:26:14.347Z [ERROR]: Internal server error
2025-05-26T03:26:14.409Z [ERROR]: Get comments by post id service error: Post not found
2025-05-26T03:26:14.410Z [ERROR]: Internal server error
2025-05-26T03:26:28.413Z [ERROR]: Get comments by post id service error: Post not found
2025-05-26T03:26:28.414Z [ERROR]: Internal server error
2025-05-26T03:26:28.479Z [ERROR]: Get comments by post id service error: Post not found
2025-05-26T03:26:28.480Z [ERROR]: Internal server error
2025-05-26T03:28:11.750Z [ERROR]: Get comments by post id service error: Post not found
2025-05-26T03:28:11.751Z [ERROR]: Internal server error
2025-05-26T03:28:11.761Z [ERROR]: Get comments by post id service error: Post not found
2025-05-26T03:28:11.761Z [ERROR]: Internal server error
2025-05-26T03:28:14.022Z [ERROR]: Get comments by post id service error: Post not found
2025-05-26T03:28:14.023Z [ERROR]: Internal server error
2025-05-26T03:28:14.090Z [ERROR]: Get comments by post id service error: Post not found
2025-05-26T03:28:14.091Z [ERROR]: Internal server error
2025-05-26T03:28:19.785Z [ERROR]: Get comments by post id service error: Post not found
2025-05-26T03:28:19.785Z [ERROR]: Internal server error
2025-05-26T03:28:19.796Z [ERROR]: Get comments by post id service error: Post not found
2025-05-26T03:28:19.797Z [ERROR]: Internal server error
2025-05-26T03:31:37.562Z [ERROR]: Get comments by post id service error: Post not found
2025-05-26T03:31:37.564Z [ERROR]: Internal server error
2025-05-26T03:31:37.619Z [ERROR]: Get comments by post id service error: Post not found
2025-05-26T03:31:37.620Z [ERROR]: Internal server error
2025-05-26T03:31:41.311Z [ERROR]: Get comments by post id service error: Post not found
2025-05-26T03:31:41.312Z [ERROR]: Internal server error
2025-05-26T03:31:41.338Z [ERROR]: Get comments by post id service error: Post not found
2025-05-26T03:31:41.339Z [ERROR]: Internal server error
2025-05-26T03:36:39.747Z [ERROR]: Get comments by thread id error: Invalid thread ID
2025-05-26T03:36:39.750Z [ERROR]: Invalid thread ID
2025-05-26T03:36:39.786Z [ERROR]: Get comments by thread id error: Invalid thread ID
2025-05-26T03:36:39.787Z [ERROR]: Invalid thread ID
2025-05-26T03:39:10.737Z [ERROR]: Cannot find /api/threads/threads/undefined on this server
2025-05-26T03:39:10.745Z [ERROR]: Cannot find /api/threads/threads/undefined on this server
2025-05-26T03:39:11.701Z [ERROR]: Cannot find /api/threads/threads/undefined/comments on this server
2025-05-26T03:39:49.275Z [ERROR]: Cannot find /api/threads/threads/undefined on this server
2025-05-26T03:39:49.327Z [ERROR]: Cannot find /api/threads/threads/undefined on this server
2025-05-26T03:39:50.597Z [ERROR]: Cannot find /api/threads/threads/undefined on this server
2025-05-26T03:39:50.601Z [ERROR]: Cannot find /api/threads/threads/undefined on this server
2025-05-26T03:39:51.586Z [ERROR]: Cannot find /api/threads/threads/undefined/comments on this server
2025-05-26T03:39:57.197Z [ERROR]: Cannot find /api/threads/threads/undefined on this server
2025-05-26T03:39:57.210Z [ERROR]: Cannot find /api/threads/threads/undefined on this server
2025-05-26T03:40:24.503Z [ERROR]: Cannot find /api/threads/undefined on this server
2025-05-26T03:40:24.508Z [ERROR]: Cannot find /api/threads/undefined on this server
2025-05-26T03:40:25.517Z [ERROR]: Get comments by thread id error: Invalid thread ID
2025-05-26T03:40:25.520Z [ERROR]: Invalid thread ID
2025-05-26T03:40:32.094Z [ERROR]: Cannot find /api/threads/undefined on this server
2025-05-26T03:40:32.099Z [ERROR]: Cannot find /api/threads/undefined on this server
2025-05-26T03:41:46.833Z [ERROR]: Cannot find /api/threads/undefined on this server
2025-05-26T03:41:46.841Z [ERROR]: Cannot find /api/threads/undefined on this server
2025-05-26T03:41:47.833Z [ERROR]: Get comments by thread id error: Invalid thread ID
2025-05-26T03:41:47.835Z [ERROR]: Invalid thread ID
2025-05-26T03:44:30.545Z [ERROR]: Cannot find /api/threads/undefined on this server
2025-05-26T03:44:30.564Z [ERROR]: Cannot find /api/threads/undefined on this server
2025-05-26T03:44:34.340Z [ERROR]: Cannot find /api/threads/undefined on this server
2025-05-26T03:44:34.345Z [ERROR]: Cannot find /api/threads/undefined on this server
2025-05-26T03:44:35.371Z [ERROR]: Get comments by thread id error: Invalid thread ID
2025-05-26T03:44:35.373Z [ERROR]: Invalid thread ID
2025-05-26T03:45:39.291Z [ERROR]: Cannot find /api/threads/undefined on this server
2025-05-26T03:45:39.321Z [ERROR]: Cannot find /api/threads/undefined on this server
2025-05-26T03:45:41.276Z [ERROR]: Cannot find /api/threads/undefined on this server
2025-05-26T03:45:41.279Z [ERROR]: Cannot find /api/threads/undefined on this server
2025-05-26T03:45:42.302Z [ERROR]: Get comments by thread id error: Invalid thread ID
2025-05-26T03:45:42.305Z [ERROR]: Invalid thread ID
2025-05-26T03:45:53.651Z [ERROR]: Cannot find /api/threads/undefined on this server
2025-05-26T03:45:53.659Z [ERROR]: Cannot find /api/threads/undefined on this server
2025-05-26T03:45:56.763Z [ERROR]: Cannot find /api/threads/undefined on this server
2025-05-26T03:45:56.771Z [ERROR]: Cannot find /api/threads/undefined on this server
2025-05-26T03:45:57.735Z [ERROR]: Get comments by thread id error: Invalid thread ID
2025-05-26T03:45:57.735Z [ERROR]: Invalid thread ID
2025-05-26T04:04:05.008Z [ERROR]: Get post by id service error: Invalid post ID
2025-05-26T04:04:05.017Z [ERROR]: Invalid post ID
2025-05-26T04:04:05.062Z [ERROR]: Get post by id service error: Invalid post ID
2025-05-26T04:04:05.063Z [ERROR]: Invalid post ID
2025-05-26T04:04:06.256Z [ERROR]: Get comments by thread id error: Invalid thread ID
2025-05-26T04:04:06.258Z [ERROR]: Invalid thread ID
2025-05-26T04:04:13.546Z [ERROR]: Get post by id service error: Invalid post ID
2025-05-26T04:04:13.546Z [ERROR]: Invalid post ID
2025-05-26T04:04:13.550Z [ERROR]: Get post by id service error: Invalid post ID
2025-05-26T04:04:13.551Z [ERROR]: Invalid post ID
2025-05-26T04:05:35.439Z [ERROR]: Get post by id service error: Invalid post ID
2025-05-26T04:05:35.444Z [ERROR]: Invalid post ID
2025-05-26T04:05:35.474Z [ERROR]: Get post by id service error: Invalid post ID
2025-05-26T04:05:35.476Z [ERROR]: Invalid post ID
2025-05-26T04:05:36.689Z [ERROR]: Get comments by thread id error: Invalid thread ID
2025-05-26T04:05:36.691Z [ERROR]: Invalid thread ID
2025-05-26T04:05:39.504Z [ERROR]: Get post by id service error: Invalid post ID
2025-05-26T04:05:39.505Z [ERROR]: Invalid post ID
2025-05-26T04:05:39.510Z [ERROR]: Get post by id service error: Invalid post ID
2025-05-26T04:05:39.513Z [ERROR]: Invalid post ID
2025-05-26T04:08:21.550Z [ERROR]: Get comments by thread id error: Invalid thread ID
2025-05-26T04:08:21.552Z [ERROR]: Invalid thread ID
2025-05-26T04:08:24.049Z [ERROR]: Get post by id service error: Post not found
2025-05-26T04:08:24.052Z [ERROR]: Post not found
2025-05-26T04:08:24.095Z [ERROR]: Get post by id service error: Post not found
2025-05-26T04:08:24.095Z [ERROR]: Post not found
2025-05-26T04:29:14.950Z [ERROR]: Cannot find /api/threads/threads/68319085ff888836007ecd14/comments on this server
2025-05-26T04:29:14.979Z [ERROR]: Cannot find /api/threads/threads/68319085ff888836007ecd14/comments on this server
2025-05-26T04:29:15.035Z [ERROR]: Get post by id service error: Invalid post ID
2025-05-26T04:29:15.046Z [ERROR]: Invalid post ID
2025-05-26T04:29:15.100Z [ERROR]: Get post by id service error: Invalid post ID
2025-05-26T04:29:15.103Z [ERROR]: Invalid post ID
2025-05-26T04:29:18.076Z [ERROR]: Cannot find /api/threads/threads/68319085ff888836007ecd14/comments on this server
2025-05-26T04:29:18.107Z [ERROR]: Cannot find /api/threads/threads/68319085ff888836007ecd14/comments on this server
2025-05-26T04:29:18.125Z [ERROR]: Get post by id service error: Invalid post ID
2025-05-26T04:29:18.130Z [ERROR]: Invalid post ID
2025-05-26T04:29:18.205Z [ERROR]: Get post by id service error: Invalid post ID
2025-05-26T04:29:18.206Z [ERROR]: Invalid post ID
2025-05-26T04:29:19.836Z [ERROR]: Cannot find /api/threads/threads/68319085ff888836007ecd14/comments on this server
2025-05-26T04:29:19.839Z [ERROR]: Cannot find /api/threads/threads/68319085ff888836007ecd14/comments on this server
2025-05-26T04:29:19.872Z [ERROR]: Get post by id service error: Invalid post ID
2025-05-26T04:29:19.873Z [ERROR]: Invalid post ID
2025-05-26T04:29:19.915Z [ERROR]: Get post by id service error: Invalid post ID
2025-05-26T04:29:19.916Z [ERROR]: Invalid post ID
2025-05-26T04:29:40.085Z [ERROR]: Cannot find /api/threads/threads/68319085ff888836007ecd14/comments on this server
2025-05-26T04:29:40.088Z [ERROR]: Cannot find /api/threads/threads/68319085ff888836007ecd14/comments on this server
2025-05-26T04:29:40.114Z [ERROR]: Get post by id service error: Invalid post ID
2025-05-26T04:29:40.115Z [ERROR]: Invalid post ID
2025-05-26T04:29:40.123Z [ERROR]: Get post by id service error: Invalid post ID
2025-05-26T04:29:40.125Z [ERROR]: Invalid post ID
2025-05-26T04:31:44.178Z [ERROR]: Cannot find /api/threads/threads/68319085ff888836007ecd14/comments on this server
2025-05-26T04:31:44.199Z [ERROR]: Cannot find /api/threads/threads/68319085ff888836007ecd14/comments on this server
2025-05-26T04:31:44.216Z [ERROR]: Invalid post ID
2025-05-26T04:31:44.226Z [ERROR]: Invalid post ID
2025-05-26T04:32:06.492Z [ERROR]: Cannot find /api/threads/threads/68319085ff888836007ecd14/comments on this server
2025-05-26T04:32:06.505Z [ERROR]: Cannot find /api/threads/threads/68319085ff888836007ecd14/comments on this server
2025-05-26T04:32:06.526Z [ERROR]: Invalid post ID
2025-05-26T04:32:06.529Z [ERROR]: Invalid post ID
2025-05-26T04:33:42.051Z [ERROR]: Cannot find /api/threads/threads/68319085ff888836007ecd14/comments on this server
2025-05-26T04:33:42.059Z [ERROR]: Cannot find /api/threads/threads/68319085ff888836007ecd14/comments on this server
2025-05-26T04:34:34.679Z [ERROR]: Cannot find /api/threads/68319085ff888836007ecd14/comments on this server
2025-05-26T04:34:37.849Z [ERROR]: Cannot find /api/threads/68319085ff888836007ecd14/comments on this server
2025-05-26T04:34:37.854Z [ERROR]: Cannot find /api/threads/68319085ff888836007ecd14/comments on this server
2025-05-26T04:34:39.515Z [ERROR]: Cannot find /api/threads/68319085ff888836007ecd14/comments on this server
2025-05-26T04:34:39.517Z [ERROR]: Cannot find /api/threads/68319085ff888836007ecd14/comments on this server
2025-05-26T04:35:03.829Z [ERROR]: Cannot find /api/threads/68319085ff888836007ecd14/comments on this server
2025-05-26T04:35:03.835Z [ERROR]: Cannot find /api/threads/68319085ff888836007ecd14/comments on this server
2025-05-26T04:35:05.487Z [ERROR]: Cannot find /api/threads/68319085ff888836007ecd14/comments on this server
2025-05-26T04:35:05.495Z [ERROR]: Cannot find /api/threads/68319085ff888836007ecd14/comments on this server
2025-05-26T04:35:35.842Z [ERROR]: Get comments by thread id error: Invalid thread ID
2025-05-26T04:35:35.848Z [ERROR]: Invalid thread ID
2025-05-26T04:35:35.902Z [ERROR]: Get comments by thread id error: Invalid thread ID
2025-05-26T04:35:35.903Z [ERROR]: Invalid thread ID
2025-05-26T04:35:37.548Z [ERROR]: Get comments by thread id error: Invalid thread ID
2025-05-26T04:35:37.550Z [ERROR]: Invalid thread ID
2025-05-26T04:35:37.610Z [ERROR]: Get comments by thread id error: Invalid thread ID
2025-05-26T04:35:37.611Z [ERROR]: Invalid thread ID
2025-05-26T04:35:53.834Z [ERROR]: Get comments by thread id error: Invalid thread ID
2025-05-26T04:35:53.836Z [ERROR]: Invalid thread ID
2025-05-26T04:35:53.971Z [ERROR]: Get comments by thread id error: Invalid thread ID
2025-05-26T04:35:53.973Z [ERROR]: Invalid thread ID
2025-05-26T04:35:55.029Z [ERROR]: Get comments by thread id error: Invalid thread ID
2025-05-26T04:35:55.031Z [ERROR]: Invalid thread ID
2025-05-26T04:35:55.067Z [ERROR]: Get comments by thread id error: Invalid thread ID
2025-05-26T04:35:55.068Z [ERROR]: Invalid thread ID
2025-05-26T04:36:27.086Z [ERROR]: Get comments by thread id error: Invalid thread ID
2025-05-26T04:36:27.088Z [ERROR]: Invalid thread ID
2025-05-26T04:36:27.123Z [ERROR]: Get comments by thread id error: Invalid thread ID
2025-05-26T04:36:27.124Z [ERROR]: Invalid thread ID
2025-05-26T04:36:38.644Z [ERROR]: Get comments by thread id error: Invalid thread ID
2025-05-26T04:36:38.645Z [ERROR]: Invalid thread ID
2025-05-26T04:36:38.658Z [ERROR]: Get comments by thread id error: Invalid thread ID
2025-05-26T04:36:38.659Z [ERROR]: Invalid thread ID
2025-05-26T04:38:06.428Z [ERROR]: Get comments by post id error: Invalid post ID
2025-05-26T04:38:06.430Z [ERROR]: Invalid post ID
2025-05-26T04:38:06.469Z [ERROR]: Get comments by post id error: Invalid post ID
2025-05-26T04:38:06.470Z [ERROR]: Invalid post ID
2025-05-26T04:38:08.402Z [ERROR]: Get comments by post id error: Invalid post ID
2025-05-26T04:38:08.403Z [ERROR]: Invalid post ID
2025-05-26T04:38:08.443Z [ERROR]: Get comments by post id error: Invalid post ID
2025-05-26T04:38:08.444Z [ERROR]: Invalid post ID
2025-05-26T04:38:44.303Z [ERROR]: Get comments by post id error: Invalid post ID
2025-05-26T04:38:44.309Z [ERROR]: Invalid post ID
2025-05-26T04:38:44.368Z [ERROR]: Get comments by post id error: Invalid post ID
2025-05-26T04:38:44.370Z [ERROR]: Invalid post ID
2025-05-26T04:38:46.718Z [ERROR]: Get comments by post id error: Invalid post ID
2025-05-26T04:38:46.720Z [ERROR]: Invalid post ID
2025-05-26T04:38:46.762Z [ERROR]: Get comments by post id error: Invalid post ID
2025-05-26T04:38:46.763Z [ERROR]: Invalid post ID
2025-05-26T04:40:48.828Z [ERROR]: Invalid post ID
2025-05-26T04:40:48.866Z [ERROR]: Invalid post ID
2025-05-26T04:41:55.878Z [ERROR]: Invalid post ID
2025-05-26T04:41:55.913Z [ERROR]: Invalid post ID
2025-05-26T04:42:11.917Z [ERROR]: Cannot find /api/threads/posts/68319085ff888836007ecd14 on this server
2025-05-26T04:42:11.926Z [ERROR]: Cannot find /api/threads/posts/68319085ff888836007ecd14 on this server
2025-05-26T04:43:35.459Z [ERROR]: Get comments by post id error: Invalid post ID
2025-05-26T04:43:35.462Z [ERROR]: Invalid post ID
2025-05-26T04:43:35.511Z [ERROR]: Get comments by post id error: Invalid post ID
2025-05-26T04:43:35.512Z [ERROR]: Invalid post ID
2025-05-26T04:43:53.171Z [ERROR]: Cannot find /api/threads/68319085ff888836007ecd14/comments on this server
2025-05-26T04:43:53.183Z [ERROR]: Cannot find /api/threads/68319085ff888836007ecd14/comments on this server
2025-05-26T04:43:55.733Z [ERROR]: Cannot find /api/threads/68319085ff888836007ecd14/comments on this server
2025-05-26T04:43:55.740Z [ERROR]: Cannot find /api/threads/68319085ff888836007ecd14/comments on this server
2025-05-26T07:53:13.786Z [ERROR]: Create comment error: Invalid post or user ID
2025-05-26T07:53:13.791Z [ERROR]: Invalid post or user ID
2025-05-26T07:53:30.988Z [ERROR]: Create comment error: Invalid post or user ID
2025-05-26T07:53:30.989Z [ERROR]: Invalid post or user ID
2025-05-26T07:55:57.640Z [ERROR]: Create comment error: Invalid post or user ID
2025-05-26T07:55:57.642Z [ERROR]: Invalid post or user ID
2025-05-26T07:57:34.362Z [ERROR]: Create comment error: Comment validation failed: threadId: Path `threadId` is required.
2025-05-26T07:57:34.365Z [ERROR]: Internal server error
2025-05-26T08:00:29.433Z [ERROR]: Create comment error: Comment validation failed: threadId: Path `threadId` is required.
2025-05-26T08:00:29.435Z [ERROR]: Internal server error
2025-05-26T10:34:53.816Z [ERROR]: ID is invalid
2025-05-26T10:57:31.344Z [ERROR]: No files uploaded
2025-05-26T10:57:32.932Z [ERROR]: No files uploaded
2025-05-26T10:57:39.242Z [ERROR]: No files uploaded
2025-05-26T10:59:16.535Z [ERROR]: Thread validation failed: content: Content must be at least 1 character
2025-05-26T10:59:43.810Z [ERROR]: Thread validation failed: content: Content must be at least 1 character
2025-05-26T11:04:01.709Z [ERROR]: At least one of content, images, or videos must be provided
2025-05-26T11:04:03.373Z [ERROR]: At least one of content, images, or videos must be provided
2025-05-27T07:30:27.963Z [ERROR]: Cannot find /api/threads/like-comment on this server
2025-05-27T07:30:37.506Z [ERROR]: Cannot find /api/threads/like-comment on this server
2025-05-27T07:32:03.445Z [ERROR]: Internal server error
2025-05-27T07:35:55.689Z [ERROR]: Internal server error
2025-05-27T07:45:19.015Z [ERROR]: Internal server error
2025-05-27T07:49:30.318Z [ERROR]: Like comment error: You have already liked this comment
2025-05-27T07:49:30.320Z [ERROR]: You have already liked this comment
2025-05-27T07:49:31.177Z [ERROR]: Like comment error: You have already liked this comment
2025-05-27T07:49:31.178Z [ERROR]: You have already liked this comment
2025-05-27T07:49:31.374Z [ERROR]: Like comment error: You have already liked this comment
2025-05-27T07:49:31.375Z [ERROR]: You have already liked this comment
2025-05-27T07:49:31.540Z [ERROR]: Like comment error: You have already liked this comment
2025-05-27T07:49:31.540Z [ERROR]: You have already liked this comment
2025-05-27T07:49:40.417Z [ERROR]: Like comment error: You have already liked this comment
2025-05-27T07:49:40.418Z [ERROR]: You have already liked this comment
2025-05-28T10:24:55.272Z [ERROR]: Not authorized to pin this post
2025-05-28T10:25:28.695Z [ERROR]: Not authorized to pin this post
2025-05-28T10:25:36.537Z [ERROR]: Not authorized to pin this post
2025-05-28T10:26:12.528Z [ERROR]: Not authorized to pin this post
2025-05-28T10:28:00.104Z [ERROR]: Not authorized to pin this post
2025-05-28T10:29:13.450Z [ERROR]: Not authorized to delete this post
2025-05-28T10:36:45.622Z [ERROR]: Not authorized to pin this post
2025-05-28T10:36:54.283Z [ERROR]: Not authorized to pin this post
2025-05-28T10:40:02.459Z [ERROR]: Not authorized to pin this post
2025-05-28T10:40:11.182Z [ERROR]: Not authorized to pin this post
2025-05-28T10:43:35.462Z [ERROR]: Not authorized to pin this post
2025-05-28T10:43:37.842Z [ERROR]: Not authorized to pin this post
2025-05-28T10:44:17.955Z [ERROR]: Not authorized to pin this post
2025-05-28T10:44:20.410Z [ERROR]: Not authorized to delete this post
2025-05-28T10:44:58.800Z [ERROR]: Not authorized to pin this post
2025-05-28T10:45:12.019Z [ERROR]: Not authorized to pin this post
2025-05-28T10:49:43.294Z [ERROR]: Not authorized to pin this post
2025-05-28T11:00:17.024Z [ERROR]: Not authorized to pin this post
2025-05-28T11:00:37.162Z [ERROR]: Not authorized to pin this post
2025-05-28T11:02:37.970Z [ERROR]: Not authorized to pin this post
2025-05-28T11:02:44.262Z [ERROR]: Not authorized to pin this post
2025-05-28T11:02:55.692Z [ERROR]: Not authorized to pin this post
2025-05-28T11:03:44.372Z [ERROR]: Not authorized to pin this post
2025-05-28T11:04:06.686Z [ERROR]: Not authorized to pin this post
2025-05-28T12:37:49.015Z [ERROR]: Not authorized to pin this post
2025-05-28T12:39:26.690Z [ERROR]: Not authorized to pin this post
2025-05-28T13:49:45.244Z [ERROR]: Cannot find /api/users/users on this server
2025-05-28T13:49:45.248Z [ERROR]: Cannot find /api/users/users on this server
2025-05-28T13:50:20.119Z [ERROR]: Cannot find /api/users/get-users on this server
2025-05-28T13:50:24.388Z [ERROR]: Cannot find /api/users/get-users on this server
2025-05-28T13:50:24.398Z [ERROR]: Cannot find /api/users/get-users on this server
2025-05-28T13:50:26.725Z [ERROR]: Cannot find /api/users/get-users on this server
2025-05-28T13:50:26.728Z [ERROR]: Cannot find /api/users/get-users on this server
2025-05-29T02:18:00.096Z [ERROR]: Cannot find /api/notifications on this server
2025-05-29T02:18:01.117Z [ERROR]: Cannot find /api/notifications on this server
2025-05-29T02:18:03.137Z [ERROR]: Cannot find /api/notifications on this server
2025-05-29T02:18:07.153Z [ERROR]: Cannot find /api/notifications on this server
2025-05-29T02:18:33.453Z [ERROR]: Cannot find /api/notifications on this server
2025-05-29T02:33:33.537Z [ERROR]: Cannot find /api/notifications/6837c73e032b1b56dd92f5b5/read on this server
2025-05-29T02:33:33.576Z [ERROR]: Invalid post ID
2025-05-29T02:33:33.581Z [ERROR]: Get comments by post id error: Invalid post ID
2025-05-29T02:33:33.583Z [ERROR]: Invalid post ID
2025-05-29T02:33:33.618Z [ERROR]: Invalid post ID
2025-05-29T02:33:33.620Z [ERROR]: Get comments by post id error: Invalid post ID
2025-05-29T02:33:33.621Z [ERROR]: Invalid post ID
2025-05-29T02:33:40.055Z [ERROR]: Cannot find /api/notifications/6837c767032b1b56dd92f60e/read on this server
2025-05-29T02:33:40.101Z [ERROR]: Get comments by post id error: Invalid post ID
2025-05-29T02:33:40.101Z [ERROR]: Invalid post ID
2025-05-29T02:33:40.103Z [ERROR]: Invalid post ID
2025-05-29T02:33:40.138Z [ERROR]: Invalid post ID
2025-05-29T02:33:40.143Z [ERROR]: Get comments by post id error: Invalid post ID
2025-05-29T02:33:40.144Z [ERROR]: Invalid post ID
2025-05-29T02:33:48.728Z [ERROR]: Cannot find /api/notifications/6837c73e032b1b56dd92f5b5/read on this server
2025-05-29T02:33:48.770Z [ERROR]: Invalid post ID
2025-05-29T02:33:48.783Z [ERROR]: Get comments by post id error: Invalid post ID
2025-05-29T02:33:48.784Z [ERROR]: Invalid post ID
2025-05-29T02:33:48.805Z [ERROR]: Invalid post ID
2025-05-29T02:33:48.841Z [ERROR]: Get comments by post id error: Invalid post ID
2025-05-29T02:33:48.842Z [ERROR]: Invalid post ID
2025-05-29T02:34:04.875Z [ERROR]: Get comments by post id error: Invalid post ID
2025-05-29T02:34:04.876Z [ERROR]: Invalid post ID
2025-05-29T02:34:04.883Z [ERROR]: Invalid post ID
2025-05-29T02:34:04.904Z [ERROR]: Get comments by post id error: Invalid post ID
2025-05-29T02:34:04.905Z [ERROR]: Invalid post ID
2025-05-29T02:34:04.924Z [ERROR]: Invalid post ID
2025-05-29T02:34:42.161Z [ERROR]: Cannot find /api/notifications/6837c73e032b1b56dd92f5b5/read on this server
2025-05-29T02:34:42.222Z [ERROR]: Invalid post ID
2025-05-29T02:34:42.228Z [ERROR]: Get comments by post id error: Invalid post ID
2025-05-29T02:34:42.229Z [ERROR]: Invalid post ID
2025-05-29T02:34:42.279Z [ERROR]: Invalid post ID
2025-05-29T02:34:42.309Z [ERROR]: Get comments by post id error: Invalid post ID
2025-05-29T02:34:42.311Z [ERROR]: Invalid post ID
2025-05-29T02:35:35.588Z [ERROR]: Invalid post ID
2025-05-29T02:35:35.824Z [ERROR]: Get comments by post id error: Invalid post ID
2025-05-29T02:35:35.826Z [ERROR]: Invalid post ID
2025-05-29T02:35:41.545Z [ERROR]: Invalid post ID
2025-05-29T02:35:41.580Z [ERROR]: Get comments by post id error: Invalid post ID
2025-05-29T02:35:41.581Z [ERROR]: Invalid post ID
2025-05-29T02:35:41.611Z [ERROR]: Mark notification as read error: Notification not found
2025-05-29T02:35:41.639Z [ERROR]: Invalid post ID
2025-05-29T02:35:41.683Z [ERROR]: Get comments by post id error: Invalid post ID
2025-05-29T02:35:41.684Z [ERROR]: Invalid post ID
2025-05-29T02:37:49.417Z [ERROR]: Invalid post ID
2025-05-29T02:37:49.481Z [ERROR]: Get comments by post id error: Invalid post ID
2025-05-29T02:37:49.483Z [ERROR]: Invalid post ID
2025-05-29T02:37:49.502Z [ERROR]: Invalid post ID
2025-05-29T02:37:49.541Z [ERROR]: Get comments by post id error: Invalid post ID
2025-05-29T02:37:49.544Z [ERROR]: Invalid post ID
2025-05-29T02:37:59.989Z [ERROR]: Invalid post ID
2025-05-29T02:37:59.994Z [ERROR]: Invalid post ID
2025-05-29T02:38:00.040Z [ERROR]: Get comments by post id error: Invalid post ID
2025-05-29T02:38:00.042Z [ERROR]: Invalid post ID
2025-05-29T02:38:00.070Z [ERROR]: Get comments by post id error: Invalid post ID
2025-05-29T02:38:00.072Z [ERROR]: Invalid post ID
2025-05-29T02:40:46.249Z [ERROR]: Invalid post ID
2025-05-29T02:40:46.259Z [ERROR]: Get comments by post id error: Invalid post ID
2025-05-29T02:40:46.260Z [ERROR]: Invalid post ID
2025-05-29T02:40:46.294Z [ERROR]: Invalid post ID
2025-05-29T02:40:46.300Z [ERROR]: Get comments by post id error: Invalid post ID
2025-05-29T02:40:46.301Z [ERROR]: Invalid post ID
2025-05-29T03:49:53.040Z [ERROR]: ID is invalid
2025-05-29T03:49:54.313Z [ERROR]: ID is invalid
2025-05-29T04:01:11.885Z [ERROR]: ID is invalid
2025-05-29T04:02:00.702Z [ERROR]: ID is invalid
2025-05-29T04:02:00.761Z [ERROR]: ID is invalid
2025-05-29T04:02:03.663Z [ERROR]: ID is invalid
2025-05-29T04:02:25.651Z [ERROR]: ID is invalid
2025-05-29T04:02:35.777Z [ERROR]: ID is invalid
2025-05-29T04:02:35.813Z [ERROR]: ID is invalid
2025-05-29T04:15:26.417Z [ERROR]: ID is invalid
2025-05-29T04:20:50.894Z [ERROR]: ID is invalid
2025-05-29T14:05:44.928Z [ERROR]: Cannot find /api/auth/verify-reset-code on this server
2025-05-29T14:05:46.001Z [ERROR]: Cannot find /favicon.ico on this server
2025-05-29T14:31:01.352Z [ERROR]: ID is invalid
2025-05-29T14:31:01.384Z [ERROR]: ID is invalid
2025-05-29T15:03:57.474Z [ERROR]: ID is invalid
2025-05-29T15:15:13.464Z [ERROR]: ID is invalid
2025-05-29T15:15:29.048Z [ERROR]: ID is invalid
2025-05-29T15:15:39.068Z [ERROR]: ID is invalid
2025-05-30T01:49:16.634Z [ERROR]: Cannot find /api/threads on this server
2025-05-30T01:49:21.471Z [ERROR]: Cannot find /api/threads on this server
2025-05-30T01:49:22.485Z [ERROR]: Cannot find /api/threads on this server
2025-05-30T01:49:24.494Z [ERROR]: Cannot find /api/threads on this server
2025-05-30T01:49:28.515Z [ERROR]: Cannot find /api/threads on this server
2025-05-30T01:49:39.411Z [ERROR]: Cannot find /api/threads on this server
2025-05-30T02:58:20.007Z [ERROR]: ID is invalid
2025-05-30T02:58:46.278Z [ERROR]: ID is invalid
2025-05-30T03:08:54.854Z [ERROR]: ID is invalid
2025-05-30T03:09:06.036Z [ERROR]: ID is invalid
2025-05-30T03:10:51.526Z [ERROR]: ID is invalid
2025-05-30T03:11:02.562Z [ERROR]: ID is invalid
2025-05-30T03:11:38.232Z [ERROR]: Unexpected field
2025-05-30T03:11:46.720Z [ERROR]: Unexpected field
2025-05-30T03:12:10.030Z [ERROR]: ID is invalid
2025-05-30T03:12:17.384Z [ERROR]: Unexpected field
2025-05-30T03:12:57.434Z [ERROR]: ID is invalid
2025-05-30T03:13:11.611Z [ERROR]: Unexpected field
2025-05-30T03:13:42.951Z [ERROR]: ID is invalid
2025-05-30T03:13:43.015Z [ERROR]: ID is invalid
2025-05-30T03:13:50.750Z [ERROR]: ID is invalid
2025-05-30T03:13:51.015Z [ERROR]: ID is invalid
2025-05-30T03:17:12.522Z [ERROR]: ID is invalid
2025-05-30T03:17:12.934Z [ERROR]: ID is invalid
2025-05-30T03:17:12.977Z [ERROR]: ID is invalid
2025-05-30T03:17:36.074Z [ERROR]: Unexpected field
2025-05-30T03:18:05.157Z [ERROR]: ID is invalid
2025-05-30T03:18:05.161Z [ERROR]: ID is invalid
2025-05-30T03:18:05.444Z [ERROR]: ID is invalid
2025-05-30T03:18:05.733Z [ERROR]: ID is invalid
2025-05-30T03:18:05.905Z [ERROR]: ID is invalid
2025-05-30T03:18:12.381Z [ERROR]: Unexpected field
2025-05-30T03:18:20.555Z [ERROR]: Unexpected field
2025-05-30T03:18:20.794Z [ERROR]: Unexpected field
2025-05-30T03:18:40.549Z [ERROR]: ID is invalid
2025-05-30T03:18:40.649Z [ERROR]: ID is invalid
2025-05-30T03:18:50.982Z [ERROR]: ID is invalid
2025-05-30T03:18:51.100Z [ERROR]: ID is invalid
2025-05-30T03:19:05.524Z [ERROR]: Unexpected field
2025-05-30T03:19:27.386Z [ERROR]: ID is invalid
2025-05-30T03:19:27.517Z [ERROR]: ID is invalid
2025-05-30T03:19:29.393Z [ERROR]: ID is invalid
2025-05-30T03:19:51.810Z [ERROR]: ID is invalid
2025-05-30T03:19:52.237Z [ERROR]: ID is invalid
2025-05-30T03:24:50.638Z [ERROR]: ID is invalid
2025-05-30T03:24:50.646Z [ERROR]: ID is invalid
2025-05-30T03:24:51.038Z [ERROR]: ID is invalid
2025-05-30T03:24:51.308Z [ERROR]: ID is invalid
2025-05-30T03:24:51.317Z [ERROR]: ID is invalid
2025-05-30T03:25:13.745Z [ERROR]: ID is invalid
2025-05-30T03:25:18.464Z [ERROR]: ID is invalid
2025-05-30T04:09:08.229Z [ERROR]: ID is invalid
2025-05-30T06:55:57.219Z [ERROR]: ID is invalid
2025-05-30T06:55:57.264Z [ERROR]: ID is invalid
2025-05-30T07:02:50.670Z [ERROR]: ID is invalid
2025-05-30T07:11:40.590Z [ERROR]: ID is invalid
2025-05-30T07:11:42.787Z [ERROR]: ID is invalid
2025-05-30T07:14:08.191Z [ERROR]: ID is invalid
2025-05-30T07:19:29.402Z [ERROR]: ID is invalid
2025-05-30T07:20:46.393Z [ERROR]: ID is invalid
2025-05-30T07:20:48.378Z [ERROR]: ID is invalid
2025-05-30T07:20:48.920Z [ERROR]: ID is invalid
2025-05-30T07:20:48.986Z [ERROR]: ID is invalid
2025-05-30T07:21:07.880Z [ERROR]: ID is invalid
2025-05-30T07:21:07.925Z [ERROR]: ID is invalid
2025-05-30T07:21:08.033Z [ERROR]: ID is invalid
2025-05-30T07:21:20.711Z [ERROR]: ID is invalid
2025-05-30T07:21:20.763Z [ERROR]: ID is invalid
2025-05-30T07:21:44.900Z [ERROR]: ID is invalid
2025-05-30T07:21:44.967Z [ERROR]: ID is invalid
2025-05-30T07:21:45.014Z [ERROR]: ID is invalid
2025-05-30T07:21:55.104Z [ERROR]: ID is invalid
2025-05-30T07:21:55.146Z [ERROR]: ID is invalid
2025-05-30T07:21:55.205Z [ERROR]: ID is invalid
2025-05-30T07:22:12.596Z [ERROR]: ID is invalid
2025-05-30T07:22:12.627Z [ERROR]: ID is invalid
2025-05-30T11:00:51.702Z [ERROR]: ID is invalid
2025-05-30T11:16:55.885Z [ERROR]: ID is invalid
2025-05-30T12:37:27.212Z [ERROR]: Cannot find / on this server
2025-05-30T12:37:27.754Z [ERROR]: Cannot find /favicon.ico on this server
2025-05-31T01:18:25.145Z [ERROR]: ID is invalid
2025-05-31T01:19:24.953Z [ERROR]: ID is invalid
2025-05-31T01:51:13.018Z [ERROR]: Login error: Login is Unsuccessful
2025-05-31T01:52:07.174Z [ERROR]: Register service error: E11000 duplicate key error collection: Threads.users index: name_1 dup key: { name: "UTEHY" }
2025-05-31T01:52:07.175Z [ERROR]: Register error: Internal server error
2025-05-31T01:52:21.203Z [ERROR]: Register service error: E11000 duplicate key error collection: Threads.users index: name_1 dup key: { name: "UTEHY" }
2025-05-31T01:52:21.205Z [ERROR]: Register error: Internal server error
2025-05-31T01:52:39.516Z [ERROR]: Register service error: E11000 duplicate key error collection: Threads.users index: name_1 dup key: { name: "UTEHY" }
2025-05-31T01:52:39.517Z [ERROR]: Register error: Internal server error
2025-05-31T01:52:45.546Z [ERROR]: Register service error: E11000 duplicate key error collection: Threads.users index: name_1 dup key: { name: "UTEHY" }
2025-05-31T01:52:45.547Z [ERROR]: Register error: Internal server error
2025-05-31T01:54:24.665Z [ERROR]: Cannot find /favicon.ico on this server
2025-05-31T01:54:47.191Z [ERROR]: Login error: Login is Unsuccessful
2025-05-31T01:54:52.037Z [ERROR]: Login error: Login is Unsuccessful
2025-05-31T01:54:55.004Z [ERROR]: Login error: Login is Unsuccessful
2025-05-31T01:55:15.618Z [ERROR]: Login error: Login is Unsuccessful
2025-05-31T01:55:16.150Z [ERROR]: Login error: Login is Unsuccessful
2025-05-31T01:55:18.033Z [ERROR]: Login error: Login is Unsuccessful
2025-05-31T01:55:27.914Z [ERROR]: Login error: Login is Unsuccessful
2025-05-31T01:55:28.893Z [ERROR]: Login error: Login is Unsuccessful
2025-05-31T01:57:22.969Z [ERROR]: ID is invalid
2025-05-31T01:58:39.253Z [ERROR]: ID is invalid
2025-05-31T01:58:40.921Z [ERROR]: ID is invalid
2025-06-01T09:17:58.388Z [ERROR]: Cannot find /socket.io/?EIO=4&transport=polling&t=g71epnhn on this server
2025-06-01T09:17:59.379Z [ERROR]: Cannot find /socket.io/?EIO=4&transport=polling&t=g7268jjr on this server
2025-06-01T09:18:03.764Z [ERROR]: Cannot find /socket.io/?EIO=4&transport=polling&t=g75kabgf on this server
2025-06-01T09:18:03.768Z [ERROR]: Cannot find /socket.io/?EIO=4&transport=polling&t=g75kgu23 on this server
2025-06-01T09:18:04.701Z [ERROR]: Cannot find /socket.io/?EIO=4&transport=polling&t=g76aje4q on this server
2025-06-01T09:18:06.284Z [ERROR]: Cannot find /socket.io/?EIO=4&transport=polling&t=g77ihdnn on this server
2025-06-01T09:18:10.285Z [ERROR]: Cannot find /socket.io/?EIO=4&transport=polling&t=g7alnspi on this server
2025-06-01T09:18:15.347Z [ERROR]: Cannot find /socket.io/?EIO=4&transport=polling&t=g7ei9t6v on this server
2025-06-01T09:18:21.359Z [ERROR]: Cannot find /socket.io/?EIO=4&transport=polling&t=g7j57l0w on this server
2025-06-01T09:18:27.357Z [ERROR]: Cannot find /socket.io/?EIO=4&transport=polling&t=g7nrsz2i on this server
2025-06-01T09:18:33.356Z [ERROR]: Cannot find /socket.io/?EIO=4&transport=polling&t=g7segzoa on this server
2025-06-01T09:18:37.386Z [ERROR]: Cannot find /socket.io/?EIO=4&transport=polling&t=g7vi2m16 on this server
2025-06-01T09:18:37.434Z [ERROR]: Cannot find /recommendations on this server
2025-06-01T09:18:37.538Z [ERROR]: Cannot find /recommendations on this server
2025-06-01T09:18:39.356Z [ERROR]: Cannot find /socket.io/?EIO=4&transport=polling&t=g7x145ri on this server
2025-06-01T09:18:42.357Z [ERROR]: Cannot find /socket.io/?EIO=4&transport=polling&t=g7zcile2 on this server
2025-06-01T09:18:47.633Z [ERROR]: Cannot find /socket.io/?EIO=4&transport=polling&t=g83elcbs on this server
2025-06-01T09:18:47.639Z [ERROR]: Cannot find /socket.io/?EIO=4&transport=polling&t=g83enh71 on this server
2025-06-01T09:18:47.804Z [ERROR]: Cannot find /recommendations on this server
2025-06-01T09:18:47.952Z [ERROR]: Cannot find /recommendations on this server
2025-06-01T09:18:49.141Z [ERROR]: Cannot find /socket.io/?EIO=4&transport=polling&t=g84kz7wm on this server
2025-06-01T09:18:51.347Z [ERROR]: Cannot find /socket.io/?EIO=4&transport=polling&t=g86aafs6 on this server
2025-06-01T09:18:57.351Z [ERROR]: Cannot find /socket.io/?EIO=4&transport=polling&t=g8ax0nle on this server
2025-06-01T09:19:03.356Z [ERROR]: Cannot find /socket.io/?EIO=4&transport=polling&t=g8fjudyc on this server
2025-06-01T09:19:09.346Z [ERROR]: Cannot find /socket.io/?EIO=4&transport=polling&t=g8k68eun on this server
2025-06-01T09:19:14.370Z [ERROR]: Cannot find /socket.io/?EIO=4&transport=polling&t=g8o1komr on this server
2025-06-01T09:19:19.416Z [ERROR]: Cannot find /socket.io/?EIO=4&transport=polling&t=g8rxnwpo on this server
2025-06-01T09:19:25.364Z [ERROR]: Cannot find /socket.io/?EIO=4&transport=polling&t=g8wiqpti on this server
2025-06-01T09:19:31.344Z [ERROR]: Cannot find /socket.io/?EIO=4&transport=polling&t=g915aleu on this server
2025-06-01T09:19:37.345Z [ERROR]: Cannot find /socket.io/?EIO=4&transport=polling&t=g95ryfsl on this server
2025-06-01T09:19:43.354Z [ERROR]: Cannot find /socket.io/?EIO=4&transport=polling&t=g9aetfz2 on this server
2025-06-01T09:19:49.352Z [ERROR]: Cannot find /socket.io/?EIO=4&transport=polling&t=g9f1jjp9 on this server
2025-06-01T09:19:55.350Z [ERROR]: Cannot find /socket.io/?EIO=4&transport=polling&t=g9jo29r0 on this server
2025-06-01T09:20:01.353Z [ERROR]: Cannot find /socket.io/?EIO=4&transport=polling&t=g9oavil6 on this server
2025-06-01T09:20:07.345Z [ERROR]: Cannot find /socket.io/?EIO=4&transport=polling&t=g9sxaod1 on this server
2025-06-01T09:20:13.357Z [ERROR]: Cannot find /socket.io/?EIO=4&transport=polling&t=g9xk58zi on this server
2025-06-01T09:20:19.346Z [ERROR]: Cannot find /socket.io/?EIO=4&transport=polling&t=ga26l21b on this server
2025-06-01T09:20:25.352Z [ERROR]: Cannot find /socket.io/?EIO=4&transport=polling&t=ga6tfwou on this server
2025-06-01T09:20:31.350Z [ERROR]: Cannot find /socket.io/?EIO=4&transport=polling&t=gabg1f12 on this server
2025-06-01T09:20:37.352Z [ERROR]: Cannot find /socket.io/?EIO=4&transport=polling&t=gag2rbkn on this server
2025-06-01T09:20:43.350Z [ERROR]: Cannot find /socket.io/?EIO=4&transport=polling&t=gakpfhav on this server
2025-06-01T09:20:49.348Z [ERROR]: Cannot find /socket.io/?EIO=4&transport=polling&t=gapc2pym on this server
2025-06-01T09:20:55.357Z [ERROR]: Cannot find /socket.io/?EIO=4&transport=polling&t=gatyym69 on this server
2025-06-01T09:21:01.343Z [ERROR]: Cannot find /socket.io/?EIO=4&transport=polling&t=gayl9o5u on this server
2025-06-01T09:21:07.356Z [ERROR]: Cannot find /socket.io/?EIO=4&transport=polling&t=gb388ybu on this server
2025-06-01T09:21:13.358Z [ERROR]: Cannot find /socket.io/?EIO=4&transport=polling&t=gb7uz2cj on this server
2025-06-01T09:21:19.350Z [ERROR]: Cannot find /socket.io/?EIO=4&transport=polling&t=gbchhdt1 on this server
2025-06-01T09:21:25.354Z [ERROR]: Cannot find /socket.io/?EIO=4&transport=polling&t=gbh48cjq on this server
2025-06-01T09:21:31.348Z [ERROR]: Cannot find /socket.io/?EIO=4&transport=polling&t=gblqqep7 on this server
2025-06-01T09:21:37.358Z [ERROR]: Cannot find /socket.io/?EIO=4&transport=polling&t=gbqdo2fk on this server
2025-06-01T09:21:43.347Z [ERROR]: Cannot find /socket.io/?EIO=4&transport=polling&t=gbv00iq0 on this server
2025-06-01T09:21:48.593Z [ERROR]: Cannot find /socket.io/?EIO=4&transport=polling&t=gbz0jkzj on this server
2025-06-01T09:21:54.349Z [ERROR]: Cannot find /socket.io/?EIO=4&transport=polling&t=gc3hmy4d on this server
2025-06-01T09:21:59.900Z [ERROR]: Cannot find /socket.io/?EIO=4&transport=polling&t=gc7rj4l1 on this server
2025-06-01T09:28:25.745Z [ERROR]: ID is invalid
2025-06-01T10:21:07.124Z [ERROR]: ID is invalid
2025-06-01T13:50:39.252Z [ERROR]: ID is invalid
2025-06-02T02:24:37.962Z [ERROR]: ID is invalid
2025-06-02T07:24:18.685Z [ERROR]: Login error: Login is Unsuccessful
2025-06-02T07:25:04.874Z [ERROR]: ID is invalid
2025-06-02T07:25:11.032Z [ERROR]: ID is invalid
2025-06-02T07:25:14.061Z [ERROR]: ID is invalid
2025-06-02T07:44:24.063Z [ERROR]: Cannot find /api/auth/check-email on this server
2025-06-02T07:44:29.501Z [ERROR]: Cannot find /api/auth/check-email on this server
2025-06-02T07:46:56.108Z [ERROR]: Cannot find /api/auth/check-email on this server
2025-06-02T07:46:57.117Z [ERROR]: Cannot find /favicon.ico on this server
2025-06-02T08:03:02.085Z [ERROR]: Register service error: E11000 duplicate key error collection: Threads.users index: email_1 dup key: { email: "trungthpthy123@gmail.com" }
2025-06-02T08:03:02.091Z [ERROR]: Register error: Internal server error
2025-06-02T08:03:11.089Z [ERROR]: Register service error: E11000 duplicate key error collection: Threads.users index: email_1 dup key: { email: "trungthpthy123@gmail.com" }
2025-06-02T08:03:11.090Z [ERROR]: Register error: Internal server error
2025-06-02T08:03:30.834Z [ERROR]: Register service error: E11000 duplicate key error collection: Threads.users index: email_1 dup key: { email: "quoctrungdinhse03@gmail.com" }
2025-06-02T08:03:30.836Z [ERROR]: Register error: Internal server error
2025-06-02T08:03:48.815Z [ERROR]: Register service error: E11000 duplicate key error collection: Threads.users index: email_1 dup key: { email: "trungthpthy123@gmail.com" }
2025-06-02T08:03:48.815Z [ERROR]: Register error: Internal server error
2025-06-02T08:06:24.662Z [ERROR]: Register service error: E11000 duplicate key error collection: Threads.users index: email_1 dup key: { email: "trungthpthy123@gmail.com" }
2025-06-02T08:06:24.663Z [ERROR]: Register error: Internal server error
2025-06-02T08:07:00.103Z [ERROR]: Register service error: E11000 duplicate key error collection: Threads.users index: email_1 dup key: { email: "trungthpthy123@gmail.com" }
2025-06-02T08:07:00.103Z [ERROR]: Register error: Internal server error
2025-06-02T08:07:09.812Z [ERROR]: Register service error: E11000 duplicate key error collection: Threads.users index: email_1 dup key: { email: "trungthpthy123@gmail.com" }
2025-06-02T08:07:09.813Z [ERROR]: Register error: Internal server error
2025-06-02T08:08:15.267Z [ERROR]: Register service error: E11000 duplicate key error collection: Threads.users index: email_1 dup key: { email: "trungthpthy123@gmail.com" }
2025-06-02T08:08:15.268Z [ERROR]: Register error: Internal server error
2025-06-03T07:27:14.046Z [ERROR]: ID is invalid
2025-06-03T07:27:38.345Z [ERROR]: ID is invalid
2025-06-03T07:27:41.311Z [ERROR]: ID is invalid
2025-06-03T08:35:11.250Z [ERROR]: ID is invalid
2025-06-03T08:35:19.743Z [ERROR]: ID is invalid
2025-06-03T09:48:26.064Z [ERROR]: Login error: Login is Unsuccessful
2025-06-03T10:33:39.684Z [ERROR]: ID is invalid
2025-06-03T10:33:39.722Z [ERROR]: ID is invalid
2025-06-03T10:34:09.035Z [ERROR]: ID is invalid
2025-06-03T10:34:10.950Z [ERROR]: ID is invalid
2025-06-03T10:35:55.420Z [ERROR]: ID is invalid
2025-06-03T10:36:48.056Z [ERROR]: ID is invalid
2025-06-03T10:36:48.102Z [ERROR]: ID is invalid
2025-06-03T10:37:18.522Z [ERROR]: ID is invalid
2025-06-03T10:37:18.570Z [ERROR]: ID is invalid
2025-06-04T02:41:47.938Z [ERROR]: ID is invalid
2025-06-04T07:23:05.603Z [ERROR]: ID is invalid
2025-06-04T07:23:05.663Z [ERROR]: ID is invalid
2025-06-04T07:53:04.363Z [ERROR]: Cannot find /api/threads/reports on this server
2025-06-04T07:53:04.366Z [ERROR]: Cannot find /api/threads/reports on this server
2025-06-04T07:53:09.907Z [ERROR]: Cannot find /api/threads/reports on this server
2025-06-04T07:53:09.909Z [ERROR]: Cannot find /api/threads/reports on this server
2025-06-04T08:16:26.476Z [ERROR]: Login error: Operation `users.findOne()` buffering timed out after 10000ms
2025-06-04T08:16:27.356Z [ERROR]: Login error: Operation `users.findOne()` buffering timed out after 10000ms
2025-06-04T08:16:31.191Z [ERROR]: Login error: Operation `users.findOne()` buffering timed out after 10000ms
2025-06-04T08:19:51.475Z [ERROR]: Cannot find /api/threads/reports on this server
2025-06-04T08:19:51.479Z [ERROR]: Cannot find /api/threads/reports on this server
2025-06-04T08:20:05.451Z [ERROR]: Cannot find /api/threads/reports on this server
2025-06-04T08:20:05.456Z [ERROR]: Cannot find /api/threads/reports on this server
2025-06-04T08:21:52.601Z [ERROR]: Cannot find /api/threads/reports on this server
2025-06-04T08:21:52.607Z [ERROR]: Cannot find /api/threads/reports on this server
2025-06-04T08:22:12.766Z [ERROR]: Cannot find /api/threads/reports on this server
2025-06-04T08:22:12.772Z [ERROR]: Cannot find /api/threads/reports on this server
2025-06-04T08:22:37.667Z [ERROR]: Access denied
2025-06-04T08:22:37.676Z [ERROR]: Access denied
2025-06-04T08:23:41.084Z [ERROR]: Access denied
2025-06-04T08:23:41.121Z [ERROR]: Access denied
2025-06-04T08:38:13.747Z [ERROR]: Cannot find /api/threads/reports on this server
2025-06-04T08:38:32.539Z [ERROR]: Cannot find /api/threads/reports on this server
2025-06-04T08:49:09.473Z [ERROR]: postId is required
2025-06-04T08:49:35.841Z [ERROR]: postId is required
2025-06-04T08:50:00.256Z [ERROR]: postId is required
2025-06-04T08:50:23.217Z [ERROR]: Access denied
2025-06-04T08:50:23.262Z [ERROR]: Access denied
2025-06-04T08:50:25.875Z [ERROR]: Access denied
2025-06-04T08:50:25.922Z [ERROR]: Access denied
2025-06-04T08:53:50.601Z [ERROR]: postId is required
2025-06-04T08:56:44.441Z [ERROR]: postId is required
2025-06-04T08:57:56.165Z [ERROR]: postId is required
2025-06-04T08:58:32.787Z [ERROR]: postId is required
2025-06-04T09:13:29.040Z [ERROR]: Access denied
2025-06-04T09:13:29.077Z [ERROR]: Access denied
2025-06-04T09:13:34.966Z [ERROR]: Access denied
2025-06-04T09:13:34.975Z [ERROR]: Access denied
2025-06-04T09:20:59.153Z [ERROR]: Cannot find /favicon.ico on this server
2025-06-04T09:22:08.061Z [ERROR]: Access denied
2025-06-04T09:22:08.092Z [ERROR]: Access denied
2025-06-04T09:22:23.007Z [ERROR]: Access denied
2025-06-04T09:22:23.014Z [ERROR]: Access denied
2025-06-04T09:27:48.185Z [ERROR]: Access denied
2025-06-04T09:27:52.576Z [ERROR]: Access denied
2025-06-04T09:41:47.973Z [ERROR]: Cannot populate path `username` because it is not in your schema. Set the `strictPopulate` option to false to override.
2025-06-04T09:41:48.035Z [ERROR]: Cannot populate path `username` because it is not in your schema. Set the `strictPopulate` option to false to override.
2025-06-04T09:41:55.727Z [ERROR]: Cannot populate path `username` because it is not in your schema. Set the `strictPopulate` option to false to override.
2025-06-04T09:41:55.750Z [ERROR]: Cannot populate path `username` because it is not in your schema. Set the `strictPopulate` option to false to override.
2025-06-04T09:51:46.926Z [ERROR]: Access denied
2025-06-04T09:51:53.473Z [ERROR]: Access denied
2025-06-04T13:25:43.441Z [ERROR]: ID is invalid
2025-06-04T13:44:06.368Z [ERROR]: Notification validation failed: type: `post_deleted` is not a valid enum value for path `type`.
2025-06-04T13:48:12.170Z [ERROR]: Get post by id service error: Post not found
2025-06-04T13:48:12.172Z [ERROR]: Post not found
2025-06-04T13:48:25.612Z [ERROR]: Get post by id service error: Post not found
2025-06-04T13:48:25.613Z [ERROR]: Post not found
2025-06-04T14:24:17.190Z [ERROR]: Cannot find /api/threads/delete-reported-post/6840566cfac93d4f99046336 on this server
2025-06-04T14:24:18.751Z [ERROR]: Cannot find /favicon.ico on this server
2025-06-04T14:30:17.461Z [ERROR]: ID is invalid
2025-06-05T02:49:43.372Z [ERROR]: Cannot find /socket.io/?EIO=4&transport=polling&t=s35j5orj on this server
2025-06-05T02:49:43.377Z [ERROR]: Cannot find /socket.io/?EIO=4&transport=polling&t=s35j69ys on this server
2025-06-05T02:49:44.362Z [ERROR]: Cannot find /socket.io/?EIO=4&transport=polling&t=s36akmtw on this server
2025-06-05T02:49:47.356Z [ERROR]: Cannot find /socket.io/?EIO=4&transport=polling&t=s38lz838 on this server
2025-06-05T02:49:51.346Z [ERROR]: Cannot find /socket.io/?EIO=4&transport=polling&t=s3bov2ru on this server
2025-06-05T02:49:57.347Z [ERROR]: Cannot find /socket.io/?EIO=4&transport=polling&t=s3gbkz2b on this server
2025-06-05T02:50:03.346Z [ERROR]: Cannot find /socket.io/?EIO=4&transport=polling&t=s3ky7wh7 on this server
2025-06-05T02:50:08.353Z [ERROR]: Cannot find /socket.io/?EIO=4&transport=polling&t=s3otblc4 on this server
2025-06-05T02:50:14.351Z [ERROR]: Cannot find /socket.io/?EIO=4&transport=polling&t=s3tfvutv on this server
2025-06-05T02:50:20.360Z [ERROR]: Cannot find /socket.io/?EIO=4&transport=polling&t=s3y2qmk3 on this server
2025-06-05T02:50:26.355Z [ERROR]: Cannot find /socket.io/?EIO=4&transport=polling&t=s42pcx4a on this server
2025-06-05T02:50:32.358Z [ERROR]: Cannot find /socket.io/?EIO=4&transport=polling&t=s47c3tma on this server
2025-06-05T02:50:38.366Z [ERROR]: Cannot find /socket.io/?EIO=4&transport=polling&t=s4byszlf on this server
2025-06-05T02:50:44.355Z [ERROR]: Cannot find /socket.io/?EIO=4&transport=polling&t=s4glcv71 on this server
2025-06-05T02:50:50.357Z [ERROR]: Cannot find /socket.io/?EIO=4&transport=polling&t=s4l81epd on this server
2025-06-05T02:50:56.356Z [ERROR]: Cannot find /socket.io/?EIO=4&transport=polling&t=s4pun6l7 on this server
2025-06-05T02:51:02.356Z [ERROR]: Cannot find /socket.io/?EIO=4&transport=polling&t=s4uhcgxl on this server
2025-06-05T02:51:08.814Z [ERROR]: Cannot find /socket.io/?EIO=4&transport=polling&t=s4z3zxfs on this server
2025-06-05T02:51:14.350Z [ERROR]: Cannot find /socket.io/?EIO=4&transport=polling&t=s53qkgn1 on this server
2025-06-05T02:51:20.355Z [ERROR]: Cannot find /socket.io/?EIO=4&transport=polling&t=s58dcycb on this server
2025-06-05T02:51:26.352Z [ERROR]: Cannot find /socket.io/?EIO=4&transport=polling&t=s5czvs6l on this server
2025-06-05T02:51:32.353Z [ERROR]: Cannot find /socket.io/?EIO=4&transport=polling&t=s5hml4p3 on this server
2025-06-05T02:51:38.358Z [ERROR]: Cannot find /socket.io/?EIO=4&transport=polling&t=s5m9g9sw on this server
2025-06-05T02:51:44.348Z [ERROR]: Cannot find /socket.io/?EIO=4&transport=polling&t=s5qvtf22 on this server
2025-06-05T02:51:50.355Z [ERROR]: Cannot find /socket.io/?EIO=4&transport=polling&t=s5vinz70 on this server
2025-06-05T02:51:56.346Z [ERROR]: Cannot find /socket.io/?EIO=4&transport=polling&t=s60531ex on this server
2025-06-05T02:52:02.357Z [ERROR]: Cannot find /socket.io/?EIO=4&transport=polling&t=s64s0y82 on this server
2025-06-05T02:52:08.359Z [ERROR]: Cannot find /socket.io/?EIO=4&transport=polling&t=s69essmr on this server
2025-06-05T02:52:14.359Z [ERROR]: Cannot find /socket.io/?EIO=4&transport=polling&t=s6e1g0rk on this server
2025-06-05T02:52:20.374Z [ERROR]: Cannot find /socket.io/?EIO=4&transport=polling&t=s6io86ko on this server
2025-06-05T02:52:26.350Z [ERROR]: Cannot find /socket.io/?EIO=4&transport=polling&t=s6nak69v on this server
2025-06-05T02:52:32.359Z [ERROR]: Cannot find /socket.io/?EIO=4&transport=polling&t=s6rxff32 on this server
2025-06-05T02:52:38.356Z [ERROR]: Cannot find /socket.io/?EIO=4&transport=polling&t=s6wk02rw on this server
2025-06-05T02:52:44.359Z [ERROR]: Cannot find /socket.io/?EIO=4&transport=polling&t=s716shxa on this server
2025-06-05T02:52:50.358Z [ERROR]: Cannot find /socket.io/?EIO=4&transport=polling&t=s75tfo8n on this server
2025-06-05T02:52:56.350Z [ERROR]: Cannot find /socket.io/?EIO=4&transport=polling&t=s7afvfb0 on this server
2025-06-05T02:53:02.350Z [ERROR]: Cannot find /socket.io/?EIO=4&transport=polling&t=s7f2k2s9 on this server
2025-06-05T02:53:08.353Z [ERROR]: Cannot find /socket.io/?EIO=4&transport=polling&t=s7jpa8jy on this server
2025-06-05T02:53:14.346Z [ERROR]: Cannot find /socket.io/?EIO=4&transport=polling&t=s7obr5tu on this server
2025-06-05T02:53:20.349Z [ERROR]: Cannot find /socket.io/?EIO=4&transport=polling&t=s7syjoop on this server
2025-06-05T02:53:26.349Z [ERROR]: Cannot find /socket.io/?EIO=4&transport=polling&t=s7xl7s6i on this server
2025-06-05T02:53:32.352Z [ERROR]: Cannot find /socket.io/?EIO=4&transport=polling&t=s827x7b3 on this server
2025-06-05T02:53:38.353Z [ERROR]: Cannot find /socket.io/?EIO=4&transport=polling&t=s86um5a4 on this server
2025-06-05T02:53:44.355Z [ERROR]: Cannot find /socket.io/?EIO=4&transport=polling&t=s8bheb6n on this server
2025-06-05T02:53:50.349Z [ERROR]: Cannot find /socket.io/?EIO=4&transport=polling&t=s8g3sroe on this server
2025-06-05T02:53:56.362Z [ERROR]: Cannot find /socket.io/?EIO=4&transport=polling&t=s8kqovky on this server
2025-06-05T02:54:02.356Z [ERROR]: Cannot find /socket.io/?EIO=4&transport=polling&t=s8pddzea on this server
2025-06-05T02:54:08.351Z [ERROR]: Cannot find /socket.io/?EIO=4&transport=polling&t=s8tzwrl9 on this server
2025-06-05T02:54:13.370Z [ERROR]: Cannot find /socket.io/?EIO=4&transport=polling&t=s8xvcfb2 on this server
2025-06-05T02:54:19.354Z [ERROR]: Cannot find /socket.io/?EIO=4&transport=polling&t=s92hjt4r on this server
2025-06-05T02:54:25.347Z [ERROR]: Cannot find /socket.io/?EIO=4&transport=polling&t=s97409b5 on this server
2025-06-05T02:54:31.349Z [ERROR]: Cannot find /socket.io/?EIO=4&transport=polling&t=s9bqnr9i on this server
2025-06-05T02:54:37.348Z [ERROR]: Cannot find /socket.io/?EIO=4&transport=polling&t=s9gdb769 on this server
2025-06-05T02:54:43.350Z [ERROR]: Cannot find /socket.io/?EIO=4&transport=polling&t=s9l044rj on this server
2025-06-05T02:54:49.345Z [ERROR]: Cannot find /socket.io/?EIO=4&transport=polling&t=s9pmmnhh on this server
2025-06-05T02:54:54.619Z [ERROR]: Cannot find /socket.io/?EIO=4&transport=polling&t=s9tommnd on this server
2025-06-05T02:55:00.344Z [ERROR]: Cannot find /socket.io/?EIO=4&transport=polling&t=s9y46eq4 on this server
2025-06-05T02:55:13.659Z [ERROR]: Cannot find /socket.io/?EIO=4&transport=polling&t=sa85ewqt on this server
2025-06-05T02:55:19.358Z [ERROR]: Cannot find /socket.io/?EIO=4&transport=polling&t=sacsas3o on this server
2025-06-05T02:55:25.358Z [ERROR]: Cannot find /socket.io/?EIO=4&transport=polling&t=saheyq1p on this server
2025-06-05T02:55:31.360Z [ERROR]: Cannot find /socket.io/?EIO=4&transport=polling&t=sam1j2fs on this server
2025-06-05T02:55:37.354Z [ERROR]: Cannot find /socket.io/?EIO=4&transport=polling&t=saqo3yhk on this server
2025-06-05T02:55:43.361Z [ERROR]: Cannot find /socket.io/?EIO=4&transport=polling&t=savarlvk on this server
2025-06-05T02:55:49.362Z [ERROR]: Cannot find /socket.io/?EIO=4&transport=polling&t=sazxonii on this server
2025-06-05T02:55:55.350Z [ERROR]: Cannot find /socket.io/?EIO=4&transport=polling&t=sb4k32ed on this server
2025-06-05T02:56:01.350Z [ERROR]: Cannot find /socket.io/?EIO=4&transport=polling&t=sb96sh6h on this server
2025-06-05T02:56:07.343Z [ERROR]: Cannot find /socket.io/?EIO=4&transport=polling&t=sbdt9igk on this server
2025-06-05T02:56:13.354Z [ERROR]: Cannot find /socket.io/?EIO=4&transport=polling&t=sbig8o1h on this server
2025-06-05T02:56:19.348Z [ERROR]: Cannot find /socket.io/?EIO=4&transport=polling&t=sbn2qr9d on this server
2025-06-05T02:56:25.354Z [ERROR]: Cannot find /socket.io/?EIO=4&transport=polling&t=sbrpj0rk on this server
2025-06-05T02:56:31.001Z [ERROR]: Cannot find /socket.io/?EIO=4&transport=polling&t=sbw0cmx4 on this server
2025-06-05T02:56:36.017Z [ERROR]: Cannot find /socket.io/?EIO=4&transport=polling&t=sbzxsgew on this server
2025-06-05T02:56:41.358Z [ERROR]: Cannot find /socket.io/?EIO=4&transport=polling&t=sc424q8q on this server
2025-06-05T02:56:47.361Z [ERROR]: Cannot find /socket.io/?EIO=4&transport=polling&t=sc8ot5yv on this server
2025-06-05T02:56:53.366Z [ERROR]: Cannot find /socket.io/?EIO=4&transport=polling&t=scdbe79x on this server
2025-06-05T02:56:59.358Z [ERROR]: Cannot find /socket.io/?EIO=4&transport=polling&t=schy3i3i on this server
2025-06-05T02:57:04.370Z [ERROR]: Cannot find /socket.io/?EIO=4&transport=polling&t=sclta1n2 on this server
2025-06-05T02:57:09.492Z [ERROR]: Cannot find /socket.io/?EIO=4&transport=polling&t=scpoqq2f on this server
2025-06-05T02:57:15.358Z [ERROR]: Cannot find /socket.io/?EIO=4&transport=polling&t=scuajdl3 on this server
2025-06-05T02:57:21.347Z [ERROR]: Cannot find /socket.io/?EIO=4&transport=polling&t=scywv3nd on this server
2025-06-05T02:57:27.354Z [ERROR]: Cannot find /socket.io/?EIO=4&transport=polling&t=sd3jr1fd on this server
2025-06-05T02:57:33.358Z [ERROR]: Cannot find /socket.io/?EIO=4&transport=polling&t=sd86l80w on this server
2025-06-05T02:57:39.352Z [ERROR]: Cannot find /socket.io/?EIO=4&transport=polling&t=sdct2vyk on this server
2025-06-05T02:57:45.357Z [ERROR]: Cannot find /socket.io/?EIO=4&transport=polling&t=sdhftpdo on this server
2025-06-05T02:57:51.351Z [ERROR]: Cannot find /socket.io/?EIO=4&transport=polling&t=sdm2cz3k on this server
2025-06-05T02:57:57.345Z [ERROR]: Cannot find /socket.io/?EIO=4&transport=polling&t=sdqovcyb on this server
2025-06-05T02:58:03.353Z [ERROR]: Cannot find /socket.io/?EIO=4&transport=polling&t=sdvbovle on this server
2025-06-05T02:58:09.354Z [ERROR]: Cannot find /socket.io/?EIO=4&transport=polling&t=sdzycqdd on this server
2025-06-05T02:58:15.348Z [ERROR]: Cannot find /socket.io/?EIO=4&transport=polling&t=se4kylz9 on this server
2025-06-05T02:58:21.353Z [ERROR]: Cannot find /socket.io/?EIO=4&transport=polling&t=se97qjjw on this server
2025-06-05T02:58:27.359Z [ERROR]: Cannot find /socket.io/?EIO=4&transport=polling&t=sedukwrp on this server
2025-06-05T02:58:33.351Z [ERROR]: Cannot find /socket.io/?EIO=4&transport=polling&t=seih18qj on this server
2025-06-05T02:58:39.357Z [ERROR]: Cannot find /socket.io/?EIO=4&transport=polling&t=sen3supk on this server
2025-06-05T02:58:45.354Z [ERROR]: Cannot find /socket.io/?EIO=4&transport=polling&t=serqggem on this server
2025-06-05T02:58:51.361Z [ERROR]: Cannot find /socket.io/?EIO=4&transport=polling&t=sewd765j on this server
2025-06-05T02:58:57.356Z [ERROR]: Cannot find /socket.io/?EIO=4&transport=polling&t=sf0zt5vf on this server
2025-06-05T02:59:03.347Z [ERROR]: Cannot find /socket.io/?EIO=4&transport=polling&t=sf5m7qvy on this server
2025-06-05T02:59:09.353Z [ERROR]: Cannot find /socket.io/?EIO=4&transport=polling&t=sfa8ztls on this server
2025-06-05T02:59:15.352Z [ERROR]: Cannot find /socket.io/?EIO=4&transport=polling&t=sfevnkcb on this server
2025-06-05T02:59:21.347Z [ERROR]: Cannot find /socket.io/?EIO=4&transport=polling&t=sfji7oai on this server
2025-06-05T02:59:27.348Z [ERROR]: Cannot find /socket.io/?EIO=4&transport=polling&t=sfo4yts6 on this server
2025-06-05T02:59:33.354Z [ERROR]: Cannot find /socket.io/?EIO=4&transport=polling&t=sfsrqpda on this server
2025-06-05T02:59:39.356Z [ERROR]: Cannot find /socket.io/?EIO=4&transport=polling&t=sfxefeku on this server
2025-06-05T02:59:45.354Z [ERROR]: Cannot find /socket.io/?EIO=4&transport=polling&t=sg212y6s on this server
2025-06-05T02:59:51.357Z [ERROR]: Cannot find /socket.io/?EIO=4&transport=polling&t=sg6nu5h2 on this server
2025-06-05T02:59:57.359Z [ERROR]: Cannot find /socket.io/?EIO=4&transport=polling&t=sgbaic4s on this server
2025-06-05T03:00:03.353Z [ERROR]: Cannot find /socket.io/?EIO=4&transport=polling&t=sgfx21k3 on this server
2025-06-05T03:00:08.373Z [ERROR]: Cannot find /socket.io/?EIO=4&transport=polling&t=sgjsie5x on this server
2025-06-05T03:00:14.349Z [ERROR]: Cannot find /socket.io/?EIO=4&transport=polling&t=sgoeifur on this server
2025-06-05T03:00:20.352Z [ERROR]: Cannot find /socket.io/?EIO=4&transport=polling&t=sgt1adn2 on this server
2025-06-05T03:00:26.347Z [ERROR]: Cannot find /socket.io/?EIO=4&transport=polling&t=sgxnt283 on this server
2025-06-05T03:00:32.457Z [ERROR]: Cannot find /socket.io/?EIO=4&transport=polling&t=sh2b82uh on this server
2025-06-05T03:00:38.355Z [ERROR]: Cannot find /socket.io/?EIO=4&transport=polling&t=sh6xbgq1 on this server
2025-06-05T03:00:44.343Z [ERROR]: Cannot find /socket.io/?EIO=4&transport=polling&t=shbjpxs2 on this server
2025-06-05T03:00:50.352Z [ERROR]: Cannot find /socket.io/?EIO=4&transport=polling&t=shg6k6h6 on this server
2025-06-05T03:00:56.355Z [ERROR]: Cannot find /socket.io/?EIO=4&transport=polling&t=shktdc4z on this server
2025-06-05T03:01:02.346Z [ERROR]: Cannot find /socket.io/?EIO=4&transport=polling&t=shpfso6c on this server
2025-06-05T03:01:43.311Z [ERROR]: Cannot find /socket.io/?EIO=4&transport=polling&t=sil029a7 on this server
2025-06-05T03:01:44.543Z [ERROR]: Cannot find /socket.io/?EIO=4&transport=polling&t=silzxb7j on this server
2025-06-05T03:01:47.511Z [ERROR]: Cannot find /socket.io/?EIO=4&transport=polling&t=sioaek4j on this server
2025-06-05T03:01:49.130Z [ERROR]: Cannot read properties of undefined (reading 'id')
2025-06-05T03:01:49.133Z [ERROR]: Cannot read properties of undefined (reading 'id')
2025-06-05T03:01:51.094Z [ERROR]: Cannot find /socket.io/?EIO=4&transport=polling&t=sir1wvci on this server
2025-06-05T03:01:55.654Z [ERROR]: Cannot find /socket.io/?EIO=4&transport=polling&t=siukk611 on this server
2025-06-05T03:02:01.363Z [ERROR]: Cannot find /socket.io/?EIO=4&transport=polling&t=siyy1eq1 on this server
2025-06-05T03:02:02.580Z [ERROR]: Cannot find /socket.io/?EIO=4&transport=polling&t=sizwu61t on this server
2025-06-05T03:02:03.743Z [ERROR]: Cannot find /socket.io/?EIO=4&transport=polling&t=sj0t8hbf on this server
2025-06-05T03:02:06.680Z [ERROR]: Cannot read properties of undefined (reading 'id')
2025-06-05T03:02:06.682Z [ERROR]: Cannot read properties of undefined (reading 'id')
2025-06-05T03:02:08.766Z [ERROR]: Cannot find /socket.io/?EIO=4&transport=polling&t=sj4op8wr on this server
2025-06-05T03:02:13.787Z [ERROR]: Cannot find /socket.io/?EIO=4&transport=polling&t=sj8k8nmk on this server
2025-06-05T03:02:18.811Z [ERROR]: Cannot find /socket.io/?EIO=4&transport=polling&t=sjcfrj7r on this server
2025-06-05T03:02:19.331Z [ERROR]: Cannot read properties of undefined (reading 'id')
2025-06-05T03:02:23.826Z [ERROR]: Cannot find /socket.io/?EIO=4&transport=polling&t=sjgb4clb on this server
2025-06-05T03:02:28.094Z [ERROR]: Cannot read properties of undefined (reading 'id')
2025-06-05T03:02:28.832Z [ERROR]: Cannot find /socket.io/?EIO=4&transport=polling&t=sjk66zpg on this server
2025-06-05T03:02:33.850Z [ERROR]: Cannot find /socket.io/?EIO=4&transport=polling&t=sjo1k4p3 on this server
2025-06-05T03:02:38.864Z [ERROR]: Cannot find /socket.io/?EIO=4&transport=polling&t=sjrwumgc on this server
2025-06-05T03:02:43.882Z [ERROR]: Cannot find /socket.io/?EIO=4&transport=polling&t=sjvs6thx on this server
2025-06-05T03:02:48.890Z [ERROR]: Cannot find /socket.io/?EIO=4&transport=polling&t=sjzndfd5 on this server
2025-06-05T03:02:53.899Z [ERROR]: Cannot find /socket.io/?EIO=4&transport=polling&t=sk3ii3ra on this server
2025-06-05T03:02:58.907Z [ERROR]: Cannot find /socket.io/?EIO=4&transport=polling&t=sk7djsmq on this server
2025-06-05T03:03:04.355Z [ERROR]: Cannot find /socket.io/?EIO=4&transport=polling&t=skbkx1ms on this server
2025-06-05T03:03:10.356Z [ERROR]: Cannot find /socket.io/?EIO=4&transport=polling&t=skg7j0st on this server
2025-06-05T03:03:12.331Z [ERROR]: Cannot read properties of undefined (reading 'id')
2025-06-05T03:03:12.353Z [ERROR]: Cannot read properties of undefined (reading 'id')
2025-06-05T03:03:15.363Z [ERROR]: Cannot find /socket.io/?EIO=4&transport=polling&t=skk2pky7 on this server
2025-06-05T03:03:20.380Z [ERROR]: Cannot find /socket.io/?EIO=4&transport=polling&t=skny1365 on this server
2025-06-05T03:03:25.393Z [ERROR]: Cannot find /socket.io/?EIO=4&transport=polling&t=skrt7xmv on this server
2025-06-05T03:03:30.416Z [ERROR]: Cannot find /socket.io/?EIO=4&transport=polling&t=skvort9b on this server
2025-06-05T03:03:35.434Z [ERROR]: Cannot find /socket.io/?EIO=4&transport=polling&t=skzk8uaw on this server
2025-06-05T03:03:40.454Z [ERROR]: Cannot find /socket.io/?EIO=4&transport=polling&t=sl3fl1x7 on this server
2025-06-05T03:03:46.086Z [ERROR]: Cannot find /socket.io/?EIO=4&transport=polling&t=sl7rmkvt on this server
2025-06-05T03:03:46.231Z [ERROR]: Cannot read properties of undefined (reading 'id')
2025-06-05T03:03:46.241Z [ERROR]: Cannot read properties of undefined (reading 'id')
2025-06-05T03:03:51.352Z [ERROR]: Cannot find /socket.io/?EIO=4&transport=polling&t=slbuem0b on this server
2025-06-05T03:03:55.483Z [ERROR]: Cannot read properties of undefined (reading 'id')
2025-06-05T03:03:55.512Z [ERROR]: Cannot read properties of undefined (reading 'id')
2025-06-05T03:06:23.925Z [ERROR]: Cannot find /socket.io/?EIO=4&transport=polling&t=sol4iffw on this server
2025-06-05T03:06:29.345Z [ERROR]: Cannot find /socket.io/?EIO=4&transport=polling&t=sopr3amg on this server
2025-06-05T03:06:35.345Z [ERROR]: Cannot find /socket.io/?EIO=4&transport=polling&t=soudqobc on this server
2025-06-05T03:06:41.361Z [ERROR]: Cannot find /socket.io/?EIO=4&transport=polling&t=soz0kxvm on this server
2025-06-05T03:06:47.351Z [ERROR]: Cannot find /socket.io/?EIO=4&transport=polling&t=sp3n8a36 on this server
2025-06-05T03:06:53.352Z [ERROR]: Cannot find /socket.io/?EIO=4&transport=polling&t=sp89yaf5 on this server
2025-06-05T03:06:59.360Z [ERROR]: Cannot find /socket.io/?EIO=4&transport=polling&t=spcwr2de on this server
2025-06-05T03:07:12.362Z [ERROR]: Cannot find /socket.io/?EIO=4&transport=polling&t=spmxlxqp on this server
2025-06-05T03:07:18.347Z [ERROR]: Cannot find /socket.io/?EIO=4&transport=polling&t=sprk7qc1 on this server
2025-06-05T03:07:24.362Z [ERROR]: Cannot find /socket.io/?EIO=4&transport=polling&t=spw7768x on this server
2025-06-05T03:07:30.356Z [ERROR]: Cannot find /socket.io/?EIO=4&transport=polling&t=sq0tpot6 on this server
2025-06-05T03:07:36.363Z [ERROR]: Cannot find /socket.io/?EIO=4&transport=polling&t=sq5gjdb7 on this server
2025-06-05T03:07:42.350Z [ERROR]: Cannot find /socket.io/?EIO=4&transport=polling&t=sqa2w2bn on this server
2025-06-05T03:07:48.355Z [ERROR]: Cannot find /socket.io/?EIO=4&transport=polling&t=sqepqh1d on this server
2025-06-05T03:07:54.355Z [ERROR]: Cannot find /socket.io/?EIO=4&transport=polling&t=sqjcgz1o on this server
2025-06-05T03:08:00.345Z [ERROR]: Cannot find /socket.io/?EIO=4&transport=polling&t=sqnyucfp on this server
2025-06-05T03:08:06.358Z [ERROR]: Cannot find /socket.io/?EIO=4&transport=polling&t=sqslu80s on this server
2025-06-05T03:08:12.358Z [ERROR]: Cannot find /socket.io/?EIO=4&transport=polling&t=sqx8htku on this server
2025-06-05T03:08:18.356Z [ERROR]: Cannot find /socket.io/?EIO=4&transport=polling&t=sr1v0xwn on this server
2025-06-05T03:08:24.348Z [ERROR]: Cannot find /socket.io/?EIO=4&transport=polling&t=sr6hj905 on this server
2025-06-05T03:08:30.356Z [ERROR]: Cannot find /socket.io/?EIO=4&transport=polling&t=srb4ef2p on this server
2025-06-05T03:08:36.356Z [ERROR]: Cannot find /socket.io/?EIO=4&transport=polling&t=srfr5q65 on this server
2025-06-05T03:08:42.347Z [ERROR]: Cannot find /socket.io/?EIO=4&transport=polling&t=srkdjwgm on this server
2025-06-05T03:08:48.348Z [ERROR]: Cannot find /socket.io/?EIO=4&transport=polling&t=srp06jvl on this server
2025-06-05T03:08:54.356Z [ERROR]: Cannot find /socket.io/?EIO=4&transport=polling&t=srtn5p1z on this server
2025-06-05T03:09:00.360Z [ERROR]: Cannot find /socket.io/?EIO=4&transport=polling&t=sry9t4p8 on this server
2025-06-05T03:09:06.353Z [ERROR]: Cannot find /socket.io/?EIO=4&transport=polling&t=ss2weq5w on this server
2025-06-05T03:09:12.345Z [ERROR]: Cannot find /socket.io/?EIO=4&transport=polling&t=ss7ius95 on this server
2025-06-05T03:09:18.361Z [ERROR]: Cannot find /socket.io/?EIO=4&transport=polling&t=ssc5wv8o on this server
2025-06-05T03:09:24.361Z [ERROR]: Cannot find /socket.io/?EIO=4&transport=polling&t=ssgshg58 on this server
2025-06-05T03:09:30.355Z [ERROR]: Cannot find /socket.io/?EIO=4&transport=polling&t=sslf0z7s on this server
2025-06-05T03:09:35.375Z [ERROR]: Cannot find /socket.io/?EIO=4&transport=polling&t=sspakll4 on this server
2025-06-05T03:09:40.387Z [ERROR]: Cannot find /socket.io/?EIO=4&transport=polling&t=sst5pnbu on this server
2025-06-05T03:09:45.395Z [ERROR]: Cannot find /socket.io/?EIO=4&transport=polling&t=ssx0xs3g on this server
2025-06-05T03:09:50.414Z [ERROR]: Cannot find /socket.io/?EIO=4&transport=polling&t=st0wax5z on this server
2025-06-05T03:09:55.442Z [ERROR]: Cannot find /socket.io/?EIO=4&transport=polling&t=st4rzwme on this server
2025-06-05T03:10:00.455Z [ERROR]: Cannot find /socket.io/?EIO=4&transport=polling&t=st8n8y68 on this server
2025-06-05T03:10:05.466Z [ERROR]: Cannot find /socket.io/?EIO=4&transport=polling&t=stcifsl6 on this server
2025-06-05T03:10:14.593Z [ERROR]: Cannot find /socket.io/?EIO=4&transport=polling&t=stjiiu2k on this server
2025-06-05T03:10:15.527Z [ERROR]: Cannot find /socket.io/?EIO=4&transport=polling&t=stk9xvm5 on this server
2025-06-05T03:10:17.850Z [ERROR]: Cannot find /socket.io/?EIO=4&transport=polling&t=stm2hboa on this server
2025-06-05T03:10:22.858Z [ERROR]: Cannot find /socket.io/?EIO=4&transport=polling&t=stpxixyl on this server
2025-06-05T03:10:27.866Z [ERROR]: Cannot find /socket.io/?EIO=4&transport=polling&t=sttsmm1d on this server
2025-06-05T03:10:33.357Z [ERROR]: Cannot find /socket.io/?EIO=4&transport=polling&t=sty17n4z on this server
2025-06-05T03:10:38.366Z [ERROR]: Cannot find /socket.io/?EIO=4&transport=polling&t=su1wcu1t on this server
2025-06-05T03:10:44.358Z [ERROR]: Cannot find /socket.io/?EIO=4&transport=polling&t=su6ird3v on this server
2025-06-05T03:10:50.354Z [ERROR]: Cannot find /socket.io/?EIO=4&transport=polling&t=sub5cxma on this server
2025-06-05T03:10:56.359Z [ERROR]: Cannot find /socket.io/?EIO=4&transport=polling&t=sufs2qtc on this server
2025-06-05T03:11:02.344Z [ERROR]: Cannot find /socket.io/?EIO=4&transport=polling&t=sukees93 on this server
2025-06-05T03:11:08.346Z [ERROR]: Cannot find /socket.io/?EIO=4&transport=polling&t=sup14t3l on this server
2025-06-05T03:11:14.351Z [ERROR]: Cannot find /socket.io/?EIO=4&transport=polling&t=sutnxmj7 on this server
2025-06-05T03:11:20.359Z [ERROR]: Cannot find /socket.io/?EIO=4&transport=polling&t=suyaoehm on this server
2025-06-05T03:11:26.354Z [ERROR]: Cannot find /socket.io/?EIO=4&transport=polling&t=sv2xcf7m on this server
2025-06-05T03:11:31.372Z [ERROR]: Cannot find /socket.io/?EIO=4&transport=polling&t=sv6sp67m on this server
2025-06-05T03:11:37.283Z [ERROR]: Cannot find /socket.io/?EIO=4&transport=polling&t=svbct1z2 on this server
2025-06-05T03:11:42.290Z [ERROR]: Cannot find /socket.io/?EIO=4&transport=polling&t=svf80zrz on this server
2025-06-05T03:11:48.001Z [ERROR]: Cannot find /socket.io/?EIO=4&transport=polling&t=svjlamf1 on this server
2025-06-05T03:11:49.027Z [ERROR]: Cannot find /socket.io/?EIO=4&transport=polling&t=svkf5syk on this server
2025-06-05T03:11:50.979Z [ERROR]: Cannot find /socket.io/?EIO=4&transport=polling&t=svlxdrpf on this server
2025-06-05T03:11:55.658Z [ERROR]: Cannot find /socket.io/?EIO=4&transport=polling&t=svpjc65x on this server
2025-06-05T03:12:00.667Z [ERROR]: Cannot find /socket.io/?EIO=4&transport=polling&t=svtehf9x on this server
2025-06-05T03:12:05.680Z [ERROR]: Cannot find /socket.io/?EIO=4&transport=polling&t=svx9p9gy on this server
2025-06-05T03:12:10.689Z [ERROR]: Cannot find /socket.io/?EIO=4&transport=polling&t=sw14uget on this server
2025-06-05T03:12:15.705Z [ERROR]: Cannot find /socket.io/?EIO=4&transport=polling&t=sw504xqh on this server
2025-06-05T03:12:20.724Z [ERROR]: Cannot find /socket.io/?EIO=4&transport=polling&t=sw8vh7zm on this server
2025-06-05T03:12:25.738Z [ERROR]: Cannot find /socket.io/?EIO=4&transport=polling&t=swcqw1g8 on this server
2025-06-05T03:12:30.746Z [ERROR]: Cannot find /socket.io/?EIO=4&transport=polling&t=swglxmgp on this server
2025-06-05T03:12:35.761Z [ERROR]: Cannot find /socket.io/?EIO=4&transport=polling&t=swkha4s0 on this server
2025-06-05T03:12:41.350Z [ERROR]: Cannot find /socket.io/?EIO=4&transport=polling&t=swoshuck on this server
2025-06-05T03:12:47.357Z [ERROR]: Cannot find /socket.io/?EIO=4&transport=polling&t=swtfdc1b on this server
2025-06-05T03:12:53.359Z [ERROR]: Cannot find /socket.io/?EIO=4&transport=polling&t=swy24ywk on this server
2025-06-05T03:12:59.350Z [ERROR]: Cannot find /socket.io/?EIO=4&transport=polling&t=sx2ok8n5 on this server
2025-06-05T03:13:05.358Z [ERROR]: Cannot find /socket.io/?EIO=4&transport=polling&t=sx7bc0r4 on this server
2025-06-05T03:13:11.357Z [ERROR]: Cannot find /socket.io/?EIO=4&transport=polling&t=sxby08b6 on this server
2025-06-05T03:13:17.359Z [ERROR]: Cannot find /socket.io/?EIO=4&transport=polling&t=sxgks89v on this server
2025-06-05T03:13:23.352Z [ERROR]: Cannot find /socket.io/?EIO=4&transport=polling&t=sxl79oev on this server
2025-06-05T03:13:28.371Z [ERROR]: Cannot find /socket.io/?EIO=4&transport=polling&t=sxp2qy23 on this server
2025-06-05T03:13:33.394Z [ERROR]: Cannot find /socket.io/?EIO=4&transport=polling&t=sxsy5h0p on this server
2025-06-05T03:13:38.416Z [ERROR]: Cannot find /socket.io/?EIO=4&transport=polling&t=sxwtq0zs on this server
2025-06-05T03:13:43.430Z [ERROR]: Cannot find /socket.io/?EIO=4&transport=polling&t=sy0oygy9 on this server
2025-06-05T03:13:48.449Z [ERROR]: Cannot find /socket.io/?EIO=4&transport=polling&t=sy4keqgi on this server
2025-06-05T03:13:53.460Z [ERROR]: Cannot find /socket.io/?EIO=4&transport=polling&t=sy8fmdb0 on this server
2025-06-05T03:13:59.361Z [ERROR]: Cannot find /socket.io/?EIO=4&transport=polling&t=syczgjki on this server
2025-06-05T03:14:05.356Z [ERROR]: Cannot find /socket.io/?EIO=4&transport=polling&t=syhm2uml on this server
2025-06-05T03:14:11.352Z [ERROR]: Cannot find /socket.io/?EIO=4&transport=polling&t=sym8kfwj on this server
2025-06-05T03:14:17.353Z [ERROR]: Cannot find /socket.io/?EIO=4&transport=polling&t=syqv9wn4 on this server
2025-06-05T03:14:23.361Z [ERROR]: Cannot find /socket.io/?EIO=4&transport=polling&t=syvi2vyy on this server
2025-06-05T03:14:29.356Z [ERROR]: Cannot find /socket.io/?EIO=4&transport=polling&t=sz04odp1 on this server
2025-06-05T03:14:35.353Z [ERROR]: Cannot find /socket.io/?EIO=4&transport=polling&t=sz4r88d1 on this server
2025-06-05T03:14:41.360Z [ERROR]: Cannot find /socket.io/?EIO=4&transport=polling&t=sz9e3tvb on this server
2025-06-05T03:14:47.349Z [ERROR]: Cannot find /socket.io/?EIO=4&transport=polling&t=sze0g19p on this server
2025-06-05T03:14:53.349Z [ERROR]: Cannot find /socket.io/?EIO=4&transport=polling&t=szin4e5n on this server
2025-06-05T03:14:59.350Z [ERROR]: Cannot find /socket.io/?EIO=4&transport=polling&t=szn9wdzg on this server
2025-06-05T03:15:05.353Z [ERROR]: Cannot find /socket.io/?EIO=4&transport=polling&t=szrwlqej on this server
2025-06-05T03:15:11.356Z [ERROR]: Cannot find /socket.io/?EIO=4&transport=polling&t=szwjf03a on this server
2025-06-05T03:15:17.353Z [ERROR]: Cannot find /socket.io/?EIO=4&transport=polling&t=t015x6u7 on this server
2025-06-05T03:15:23.354Z [ERROR]: Cannot find /socket.io/?EIO=4&transport=polling&t=t05smflt on this server
2025-06-05T03:15:29.349Z [ERROR]: Cannot find /socket.io/?EIO=4&transport=polling&t=t0af8baa on this server
2025-06-05T03:15:34.362Z [ERROR]: Cannot find /socket.io/?EIO=4&transport=polling&t=t0eabrg3 on this server
2025-06-05T03:15:39.370Z [ERROR]: Cannot find /socket.io/?EIO=4&transport=polling&t=t0i5kkkj on this server
2025-06-05T03:15:44.381Z [ERROR]: Cannot find /socket.io/?EIO=4&transport=polling&t=t0m0sqo6 on this server
2025-06-05T03:15:49.394Z [ERROR]: Cannot find /socket.io/?EIO=4&transport=polling&t=t0pw025j on this server
2025-06-05T03:15:54.403Z [ERROR]: Cannot find /socket.io/?EIO=4&transport=polling&t=t0tr5tnu on this server
2025-06-05T03:16:00.346Z [ERROR]: Cannot find /socket.io/?EIO=4&transport=polling&t=t0yc5amd on this server
2025-06-05T03:16:06.354Z [ERROR]: Cannot find /socket.io/?EIO=4&transport=polling&t=t12z4o6l on this server
2025-06-05T03:16:12.358Z [ERROR]: Cannot find /socket.io/?EIO=4&transport=polling&t=t17lq4hp on this server
2025-06-05T03:16:18.345Z [ERROR]: Cannot find /socket.io/?EIO=4&transport=polling&t=t1c87xp8 on this server
2025-06-05T03:16:24.355Z [ERROR]: Cannot find /socket.io/?EIO=4&transport=polling&t=t1gv3ui4 on this server
2025-06-05T03:16:30.356Z [ERROR]: Cannot find /socket.io/?EIO=4&transport=polling&t=t1lhrsxq on this server
2025-06-05T03:16:36.355Z [ERROR]: Cannot find /socket.io/?EIO=4&transport=polling&t=t1q4fjhu on this server
2025-06-05T03:16:42.353Z [ERROR]: Cannot find /socket.io/?EIO=4&transport=polling&t=t1uqz4ho on this server
2025-06-05T03:16:48.354Z [ERROR]: Cannot find /socket.io/?EIO=4&transport=polling&t=t1zdppfz on this server
2025-06-05T03:16:54.345Z [ERROR]: Cannot find /socket.io/?EIO=4&transport=polling&t=t24060b2 on this server
2025-06-05T03:17:00.351Z [ERROR]: Cannot find /socket.io/?EIO=4&transport=polling&t=t28mz9w8 on this server
2025-06-05T03:17:06.347Z [ERROR]: Cannot find /socket.io/?EIO=4&transport=polling&t=t2d9j1i8 on this server
2025-06-05T03:17:12.358Z [ERROR]: Cannot find /socket.io/?EIO=4&transport=polling&t=t2hwil3f on this server
2025-06-05T03:17:18.346Z [ERROR]: Cannot find /socket.io/?EIO=4&transport=polling&t=t2miv5t4 on this server
2025-06-05T03:17:24.358Z [ERROR]: Cannot find /socket.io/?EIO=4&transport=polling&t=t2r5u837 on this server
2025-06-05T03:17:30.351Z [ERROR]: Cannot find /socket.io/?EIO=4&transport=polling&t=t2vsaqry on this server
2025-06-05T03:17:36.355Z [ERROR]: Cannot find /socket.io/?EIO=4&transport=polling&t=t30f5f9d on this server
2025-06-05T03:17:42.360Z [ERROR]: Cannot find /socket.io/?EIO=4&transport=polling&t=t351vo3n on this server
2025-06-05T03:17:48.345Z [ERROR]: Cannot find /socket.io/?EIO=4&transport=polling&t=t39o6ocx on this server
2025-06-05T03:17:54.361Z [ERROR]: Cannot find /socket.io/?EIO=4&transport=polling&t=t3eb8al7 on this server
2025-06-05T03:18:00.359Z [ERROR]: Cannot find /socket.io/?EIO=4&transport=polling&t=t3ixrau1 on this server
2025-06-05T03:18:06.358Z [ERROR]: Cannot find /socket.io/?EIO=4&transport=polling&t=t3nkidlc on this server
2025-06-05T03:18:12.355Z [ERROR]: Cannot find /socket.io/?EIO=4&transport=polling&t=t3s74e8p on this server
2025-06-05T03:18:18.358Z [ERROR]: Cannot find /socket.io/?EIO=4&transport=polling&t=t3wtskou on this server
2025-06-05T03:18:24.354Z [ERROR]: Cannot find /socket.io/?EIO=4&transport=polling&t=t41gfb88 on this server
2025-06-05T03:18:30.357Z [ERROR]: Cannot find /socket.io/?EIO=4&transport=polling&t=t4636wh6 on this server
2025-06-05T03:18:36.353Z [ERROR]: Cannot find /socket.io/?EIO=4&transport=polling&t=t4apmnfu on this server
2025-06-05T03:18:42.349Z [ERROR]: Cannot find /socket.io/?EIO=4&transport=polling&t=t4fc7562 on this server
2025-06-05T03:18:48.356Z [ERROR]: Cannot find /socket.io/?EIO=4&transport=polling&t=t4jz5nbm on this server
2025-06-05T03:18:54.354Z [ERROR]: Cannot find /socket.io/?EIO=4&transport=polling&t=t4olmp2a on this server
2025-06-05T03:19:00.356Z [ERROR]: Cannot find /socket.io/?EIO=4&transport=polling&t=t4t8dam2 on this server
2025-06-05T03:19:06.359Z [ERROR]: Cannot find /socket.io/?EIO=4&transport=polling&t=t4xv7s06 on this server
2025-06-05T03:19:12.348Z [ERROR]: Cannot find /socket.io/?EIO=4&transport=polling&t=t52hm7ru on this server
2025-06-05T03:19:18.360Z [ERROR]: Cannot find /socket.io/?EIO=4&transport=polling&t=t574k4ku on this server
2025-06-05T03:19:24.358Z [ERROR]: Cannot find /socket.io/?EIO=4&transport=polling&t=t5br3d0u on this server
2025-06-05T03:19:30.354Z [ERROR]: Cannot find /socket.io/?EIO=4&transport=polling&t=t5gdspck on this server
2025-06-05T03:19:36.350Z [ERROR]: Cannot find /socket.io/?EIO=4&transport=polling&t=t5l09uad on this server
2025-06-05T03:19:41.362Z [ERROR]: Cannot find /socket.io/?EIO=4&transport=polling&t=t5ovg3xo on this server
2025-06-05T03:19:47.358Z [ERROR]: Cannot find /socket.io/?EIO=4&transport=polling&t=t5ti3mga on this server
2025-06-05T03:19:53.356Z [ERROR]: Cannot find /socket.io/?EIO=4&transport=polling&t=t5y4p7cl on this server
2025-06-05T03:19:59.357Z [ERROR]: Cannot find /socket.io/?EIO=4&transport=polling&t=t62rfswc on this server
2025-06-05T03:20:05.359Z [ERROR]: Cannot find /socket.io/?EIO=4&transport=polling&t=t67e26lu on this server
2025-06-05T03:20:11.360Z [ERROR]: Cannot find /socket.io/?EIO=4&transport=polling&t=t6c0q1d6 on this server
2025-06-05T03:20:17.352Z [ERROR]: Cannot find /socket.io/?EIO=4&transport=polling&t=t6gn8u7f on this server
2025-06-05T03:20:23.352Z [ERROR]: Cannot find /socket.io/?EIO=4&transport=polling&t=t6l9w0o0 on this server
2025-06-05T03:20:29.353Z [ERROR]: Cannot find /socket.io/?EIO=4&transport=polling&t=t6pwl7uf on this server
2025-06-05T03:20:35.349Z [ERROR]: Cannot find /socket.io/?EIO=4&transport=polling&t=t6uj4a18 on this server
2025-06-05T03:20:41.356Z [ERROR]: Cannot find /socket.io/?EIO=4&transport=polling&t=t6z61x5b on this server
2025-06-05T03:20:47.359Z [ERROR]: Cannot find /socket.io/?EIO=4&transport=polling&t=t73ss7sx on this server
2025-06-05T03:20:53.358Z [ERROR]: Cannot find /socket.io/?EIO=4&transport=polling&t=t78fdn08 on this server
2025-06-05T03:20:59.352Z [ERROR]: Cannot find /socket.io/?EIO=4&transport=polling&t=t7d1w0n6 on this server
2025-06-05T03:21:04.371Z [ERROR]: Cannot find /socket.io/?EIO=4&transport=polling&t=t7gxc7cw on this server
2025-06-05T03:21:09.379Z [ERROR]: Cannot find /socket.io/?EIO=4&transport=polling&t=t7ksensg on this server
2025-06-05T03:21:14.385Z [ERROR]: Cannot find /socket.io/?EIO=4&transport=polling&t=t7onkkic on this server
2025-06-05T03:21:19.399Z [ERROR]: Cannot find /socket.io/?EIO=4&transport=polling&t=t7sitirg on this server
2025-06-05T03:21:24.420Z [ERROR]: Cannot find /socket.io/?EIO=4&transport=polling&t=t7we5z2d on this server
2025-06-05T03:21:29.426Z [ERROR]: Cannot find /socket.io/?EIO=4&transport=polling&t=t809d3sq on this server
2025-06-05T03:21:34.958Z [ERROR]: Cannot find /socket.io/?EIO=4&transport=polling&t=t84iknb3 on this server
2025-06-05T03:21:39.974Z [ERROR]: Cannot find /socket.io/?EIO=4&transport=polling&t=t88ed672 on this server
2025-06-05T03:21:44.919Z [ERROR]: Cannot find /socket.io/?EIO=4&transport=polling&t=t8c68gor on this server
2025-06-05T03:21:46.169Z [ERROR]: Cannot find /socket.io/?EIO=4&transport=polling&t=t8d6f7b0 on this server
2025-06-05T03:21:48.929Z [ERROR]: Cannot find /socket.io/?EIO=4&transport=polling&t=t8fb1p03 on this server
2025-06-05T03:21:51.304Z [ERROR]: Cannot find /socket.io/?EIO=4&transport=polling&t=t8h50ai0 on this server
2025-06-05T03:21:56.327Z [ERROR]: Cannot find /socket.io/?EIO=4&transport=polling&t=t8l0k078 on this server
2025-06-05T03:22:01.357Z [ERROR]: Cannot find /socket.io/?EIO=4&transport=polling&t=t8owbjgl on this server
2025-06-05T03:22:06.372Z [ERROR]: Cannot find /socket.io/?EIO=4&transport=polling&t=t8srl2ds on this server
2025-06-05T03:22:11.383Z [ERROR]: Cannot find /socket.io/?EIO=4&transport=polling&t=t8wmtzz7 on this server
2025-06-05T03:22:17.653Z [ERROR]: Cannot find /socket.io/?EIO=4&transport=polling&t=t91flguf on this server
2025-06-05T03:22:18.675Z [ERROR]: Cannot find /socket.io/?EIO=4&transport=polling&t=t929dl7m on this server
2025-06-05T03:22:20.010Z [ERROR]: Cannot find /socket.io/?EIO=4&transport=polling&t=t93ahdos on this server
2025-06-05T03:22:22.257Z [ERROR]: Cannot find /socket.io/?EIO=4&transport=polling&t=t950w7nq on this server
2025-06-05T03:22:26.657Z [ERROR]: Cannot find /socket.io/?EIO=4&transport=polling&t=t98ej84o on this server
2025-06-05T03:22:27.553Z [ERROR]: Cannot find /socket.io/?EIO=4&transport=polling&t=t9940ekw on this server
2025-06-05T03:22:30.120Z [ERROR]: Cannot find /socket.io/?EIO=4&transport=polling&t=t9b3bh4q on this server
2025-06-05T03:22:35.127Z [ERROR]: Cannot find /socket.io/?EIO=4&transport=polling&t=t9eye22d on this server
2025-06-05T03:22:40.138Z [ERROR]: Cannot find /socket.io/?EIO=4&transport=polling&t=t9itl7jw on this server
2025-06-05T03:22:45.144Z [ERROR]: Cannot find /socket.io/?EIO=4&transport=polling&t=t9monnc9 on this server
2025-06-05T03:22:50.164Z [ERROR]: Cannot find /socket.io/?EIO=4&transport=polling&t=t9qk2d8v on this server
2025-06-05T03:22:55.175Z [ERROR]: Cannot find /socket.io/?EIO=4&transport=polling&t=t9uf46tw on this server
2025-06-05T03:23:00.184Z [ERROR]: Cannot find /socket.io/?EIO=4&transport=polling&t=t9yaegbj on this server
2025-06-05T03:23:05.202Z [ERROR]: Cannot find /socket.io/?EIO=4&transport=polling&t=ta25s452 on this server
2025-06-05T03:23:10.219Z [ERROR]: Cannot find /socket.io/?EIO=4&transport=polling&t=ta615r31 on this server
2025-06-05T03:23:15.232Z [ERROR]: Cannot find /socket.io/?EIO=4&transport=polling&t=ta9weo76 on this server
2025-06-05T03:23:20.247Z [ERROR]: Cannot find /socket.io/?EIO=4&transport=polling&t=tadro5nn on this server
2025-06-05T03:23:25.255Z [ERROR]: Cannot find /socket.io/?EIO=4&transport=polling&t=tahms1k1 on this server
2025-06-05T03:23:30.262Z [ERROR]: Cannot find /socket.io/?EIO=4&transport=polling&t=talhw6qt on this server
2025-06-05T03:23:35.272Z [ERROR]: Cannot find /socket.io/?EIO=4&transport=polling&t=tapd2izb on this server
2025-06-05T03:23:40.283Z [ERROR]: Cannot find /socket.io/?EIO=4&transport=polling&t=tat8750t on this server
2025-06-05T03:23:45.304Z [ERROR]: Cannot find /socket.io/?EIO=4&transport=polling&t=tax3ok66 on this server
2025-06-05T03:23:50.377Z [ERROR]: Cannot find /socket.io/?EIO=4&transport=polling&t=tb10k9s5 on this server
2025-06-05T03:23:55.396Z [ERROR]: Cannot find /socket.io/?EIO=4&transport=polling&t=tb4w2hpm on this server
2025-06-05T03:24:00.411Z [ERROR]: Cannot find /socket.io/?EIO=4&transport=polling&t=tb8rd412 on this server
2025-06-05T03:24:05.427Z [ERROR]: Cannot find /socket.io/?EIO=4&transport=polling&t=tbcmoexw on this server
2025-06-05T03:24:10.433Z [ERROR]: Cannot find /socket.io/?EIO=4&transport=polling&t=tbghru7g on this server
2025-06-05T03:24:15.441Z [ERROR]: Cannot find /socket.io/?EIO=4&transport=polling&t=tbkcvaty on this server
2025-06-05T03:24:20.459Z [ERROR]: Cannot find /socket.io/?EIO=4&transport=polling&t=tbo8950s on this server
2025-06-05T03:24:25.470Z [ERROR]: Cannot find /socket.io/?EIO=4&transport=polling&t=tbs3g982 on this server
2025-06-05T03:24:30.485Z [ERROR]: Cannot find /socket.io/?EIO=4&transport=polling&t=tbvyrjpf on this server
2025-06-05T03:24:35.496Z [ERROR]: Cannot find /socket.io/?EIO=4&transport=polling&t=tbztxuy2 on this server
2025-06-05T03:24:40.504Z [ERROR]: Cannot find /socket.io/?EIO=4&transport=polling&t=tc3p2e82 on this server
2025-06-05T03:24:45.523Z [ERROR]: Cannot find /socket.io/?EIO=4&transport=polling&t=tc7kggf6 on this server
2025-06-05T03:24:51.356Z [ERROR]: Cannot find /socket.io/?EIO=4&transport=polling&t=tcc2hewl on this server
2025-06-05T03:24:57.359Z [ERROR]: Cannot find /socket.io/?EIO=4&transport=polling&t=tcgp7ums on this server
2025-06-05T03:25:03.351Z [ERROR]: Cannot find /socket.io/?EIO=4&transport=polling&t=tclbp1ag on this server
2025-06-05T03:25:09.352Z [ERROR]: Cannot find /socket.io/?EIO=4&transport=polling&t=tcpydj7x on this server
2025-06-05T03:25:14.359Z [ERROR]: Cannot find /socket.io/?EIO=4&transport=polling&t=tctti3h2 on this server
2025-06-05T03:25:20.350Z [ERROR]: Cannot find /socket.io/?EIO=4&transport=polling&t=tcyfsbm4 on this server
2025-06-05T03:25:26.349Z [ERROR]: Cannot find /socket.io/?EIO=4&transport=polling&t=td32izce on this server
2025-06-05T03:25:32.351Z [ERROR]: Cannot find /socket.io/?EIO=4&transport=polling&t=td7p7u0v on this server
2025-06-05T03:25:38.356Z [ERROR]: Cannot find /socket.io/?EIO=4&transport=polling&t=tdcc2231 on this server
2025-06-05T03:25:44.359Z [ERROR]: Cannot find /socket.io/?EIO=4&transport=polling&t=tdgyrgve on this server
2025-06-05T03:25:50.348Z [ERROR]: Cannot find /socket.io/?EIO=4&transport=polling&t=tdll5bp0 on this server
2025-06-05T03:25:56.359Z [ERROR]: Cannot find /socket.io/?EIO=4&transport=polling&t=tdq83evo on this server
2025-06-05T03:26:02.352Z [ERROR]: Cannot find /socket.io/?EIO=4&transport=polling&t=tduukaeh on this server
2025-06-05T03:26:08.353Z [ERROR]: Cannot find /socket.io/?EIO=4&transport=polling&t=tdzh8dao on this server
2025-06-05T03:26:14.345Z [ERROR]: Cannot find /socket.io/?EIO=4&transport=polling&t=te43rm8v on this server
2025-06-05T03:26:20.356Z [ERROR]: Cannot find /socket.io/?EIO=4&transport=polling&t=te8qnjky on this server
2025-06-05T03:26:26.354Z [ERROR]: Cannot find /socket.io/?EIO=4&transport=polling&t=teddca9h on this server
2025-06-05T03:26:32.355Z [ERROR]: Cannot find /socket.io/?EIO=4&transport=polling&t=tehzy7y8 on this server
2025-06-05T03:26:38.360Z [ERROR]: Cannot find /socket.io/?EIO=4&transport=polling&t=temmr06a on this server
2025-06-05T03:26:44.351Z [ERROR]: Cannot find /socket.io/?EIO=4&transport=polling&t=ter991w9 on this server
2025-06-05T03:26:50.352Z [ERROR]: Cannot find /socket.io/?EIO=4&transport=polling&t=tevvxt26 on this server
2025-06-05T03:26:56.352Z [ERROR]: Cannot find /socket.io/?EIO=4&transport=polling&t=tf0impbu on this server
2025-06-05T03:27:02.356Z [ERROR]: Cannot find /socket.io/?EIO=4&transport=polling&t=tf55d17t on this server
2025-06-05T03:27:08.357Z [ERROR]: Cannot find /socket.io/?EIO=4&transport=polling&t=tf9rzya9 on this server
2025-06-05T03:27:13.377Z [ERROR]: Cannot find /socket.io/?EIO=4&transport=polling&t=tfdnj7lu on this server
2025-06-05T03:27:18.386Z [ERROR]: Cannot find /socket.io/?EIO=4&transport=polling&t=tfhio2pv on this server
2025-06-05T03:27:23.392Z [ERROR]: Cannot find /socket.io/?EIO=4&transport=polling&t=tfldqquo on this server
2025-06-05T03:27:28.410Z [ERROR]: Cannot find /socket.io/?EIO=4&transport=polling&t=tfp91k0a on this server
2025-06-05T03:27:33.712Z [ERROR]: Cannot find /socket.io/?EIO=4&transport=polling&t=tftbyssh on this server
2025-06-05T03:27:38.741Z [ERROR]: Cannot find /socket.io/?EIO=4&transport=polling&t=tfx82xxr on this server
2025-06-05T03:27:43.752Z [ERROR]: Cannot find /socket.io/?EIO=4&transport=polling&t=tg139wnl on this server
2025-06-05T03:27:48.772Z [ERROR]: Cannot find /socket.io/?EIO=4&transport=polling&t=tg4yooep on this server
2025-06-05T03:27:53.792Z [ERROR]: Cannot find /socket.io/?EIO=4&transport=polling&t=tg8u5qs8 on this server
2025-06-05T03:27:58.805Z [ERROR]: Cannot find /socket.io/?EIO=4&transport=polling&t=tgcpciim on this server
2025-06-05T03:28:04.352Z [ERROR]: Cannot find /socket.io/?EIO=4&transport=polling&t=tggziwg1 on this server
2025-06-05T03:28:09.373Z [ERROR]: Cannot find /socket.io/?EIO=4&transport=polling&t=tgkuy989 on this server
2025-06-05T03:28:14.390Z [ERROR]: Cannot find /socket.io/?EIO=4&transport=polling&t=tgoqcsb5 on this server
2025-06-05T03:28:19.400Z [ERROR]: Cannot find /socket.io/?EIO=4&transport=polling&t=tgslhurs on this server
2025-06-05T03:28:24.408Z [ERROR]: Cannot find /socket.io/?EIO=4&transport=polling&t=tgwgmc6q on this server
2025-06-05T03:28:29.414Z [ERROR]: Cannot find /socket.io/?EIO=4&transport=polling&t=th0bocjn on this server
2025-06-05T03:28:34.432Z [ERROR]: Cannot find /socket.io/?EIO=4&transport=polling&t=th472psd on this server
2025-06-05T03:28:39.438Z [ERROR]: Cannot find /socket.io/?EIO=4&transport=polling&t=th823489 on this server
2025-06-05T03:28:44.445Z [ERROR]: Cannot find /socket.io/?EIO=4&transport=polling&t=thbx605e on this server
2025-06-05T03:28:50.358Z [ERROR]: Cannot find /socket.io/?EIO=4&transport=polling&t=thghfjd9 on this server
2025-06-05T03:28:56.352Z [ERROR]: Cannot find /socket.io/?EIO=4&transport=polling&t=thl3xe16 on this server
2025-06-05T03:29:02.356Z [ERROR]: Cannot find /socket.io/?EIO=4&transport=polling&t=thpqp9tm on this server
2025-06-05T03:29:08.346Z [ERROR]: Cannot find /socket.io/?EIO=4&transport=polling&t=thud4sl1 on this server
2025-06-05T03:29:14.345Z [ERROR]: Cannot find /socket.io/?EIO=4&transport=polling&t=thyzq19v on this server
2025-06-05T03:29:20.350Z [ERROR]: Cannot find /socket.io/?EIO=4&transport=polling&t=ti3mj8ya on this server
2025-06-05T03:29:26.351Z [ERROR]: Cannot find /socket.io/?EIO=4&transport=polling&t=ti899lzr on this server
2025-06-05T03:29:32.357Z [ERROR]: Cannot find /socket.io/?EIO=4&transport=polling&t=ticw2kts on this server
2025-06-05T03:29:38.345Z [ERROR]: Cannot find /socket.io/?EIO=4&transport=polling&t=tihie4fn on this server
2025-06-05T03:29:44.356Z [ERROR]: Cannot find /socket.io/?EIO=4&transport=polling&t=tim5d4zw on this server
2025-06-05T03:29:50.351Z [ERROR]: Cannot find /socket.io/?EIO=4&transport=polling&t=tiqru88e on this server
2025-06-05T03:29:56.356Z [ERROR]: Cannot find /socket.io/?EIO=4&transport=polling&t=tiveln3y on this server
2025-06-05T03:30:02.352Z [ERROR]: Cannot find /socket.io/?EIO=4&transport=polling&t=tj018xih on this server
2025-06-05T03:30:08.347Z [ERROR]: Cannot find /socket.io/?EIO=4&transport=polling&t=tj4ns3jz on this server
2025-06-05T03:30:14.347Z [ERROR]: Cannot find /socket.io/?EIO=4&transport=polling&t=tj9aeox1 on this server
2025-06-05T03:30:20.362Z [ERROR]: Cannot find /socket.io/?EIO=4&transport=polling&t=tjdxgziu on this server
2025-06-05T03:30:26.355Z [ERROR]: Cannot find /socket.io/?EIO=4&transport=polling&t=tjik14uw on this server
2025-06-05T03:30:32.353Z [ERROR]: Cannot find /socket.io/?EIO=4&transport=polling&t=tjn6l1sv on this server
2025-06-05T03:30:38.351Z [ERROR]: Cannot find /socket.io/?EIO=4&transport=polling&t=tjrt81os on this server
2025-06-05T03:30:44.353Z [ERROR]: Cannot find /socket.io/?EIO=4&transport=polling&t=tjwfyoon on this server
2025-06-05T03:30:50.347Z [ERROR]: Cannot find /socket.io/?EIO=4&transport=polling&t=tk12hu03 on this server
2025-06-05T03:30:56.353Z [ERROR]: Cannot find /socket.io/?EIO=4&transport=polling&t=tk5p96dx on this server
2025-06-05T03:31:02.357Z [ERROR]: Cannot find /socket.io/?EIO=4&transport=polling&t=tkac1cda on this server
2025-06-05T03:31:08.347Z [ERROR]: Cannot find /socket.io/?EIO=4&transport=polling&t=tkeyeop0 on this server
2025-06-05T03:31:14.346Z [ERROR]: Cannot find /socket.io/?EIO=4&transport=polling&t=tkjl4s63 on this server
2025-06-05T03:31:20.353Z [ERROR]: Cannot find /socket.io/?EIO=4&transport=polling&t=tko7yic6 on this server
2025-06-05T03:31:26.345Z [ERROR]: Cannot find /socket.io/?EIO=4&transport=polling&t=tksueatm on this server
2025-06-05T03:31:32.354Z [ERROR]: Cannot find /socket.io/?EIO=4&transport=polling&t=tkxhc0j3 on this server
2025-06-05T03:31:38.344Z [ERROR]: Cannot find /socket.io/?EIO=4&transport=polling&t=tl23qa7i on this server
2025-06-05T03:31:44.351Z [ERROR]: Cannot find /socket.io/?EIO=4&transport=polling&t=tl6qlcsx on this server
2025-06-05T03:31:50.347Z [ERROR]: Cannot find /socket.io/?EIO=4&transport=polling&t=tlbd3ovz on this server
2025-06-05T03:31:56.353Z [ERROR]: Cannot find /socket.io/?EIO=4&transport=polling&t=tlfzzjn3 on this server
2025-06-05T03:32:02.349Z [ERROR]: Cannot find /socket.io/?EIO=4&transport=polling&t=tlkmk3o9 on this server
2025-06-05T03:32:08.345Z [ERROR]: Cannot find /socket.io/?EIO=4&transport=polling&t=tlp915fd on this server
2025-06-05T03:32:14.358Z [ERROR]: Cannot find /socket.io/?EIO=4&transport=polling&t=tltw4kda on this server
2025-06-05T03:32:20.348Z [ERROR]: Cannot find /socket.io/?EIO=4&transport=polling&t=tlyigu1s on this server
2025-06-05T03:32:26.358Z [ERROR]: Cannot find /socket.io/?EIO=4&transport=polling&t=tm35f4fh on this server
2025-06-05T03:32:32.352Z [ERROR]: Cannot find /socket.io/?EIO=4&transport=polling&t=tm7rxqrz on this server
2025-06-05T03:32:38.357Z [ERROR]: Cannot find /socket.io/?EIO=4&transport=polling&t=tmcepuki on this server
2025-06-05T03:32:44.356Z [ERROR]: Cannot find /socket.io/?EIO=4&transport=polling&t=tmh1b1ty on this server
2025-06-05T03:32:50.356Z [ERROR]: Cannot find /socket.io/?EIO=4&transport=polling&t=tmlo29oo on this server
2025-06-05T03:32:56.353Z [ERROR]: Cannot find /socket.io/?EIO=4&transport=polling&t=tmqakn3i on this server
2025-06-05T03:33:02.348Z [ERROR]: Cannot find /socket.io/?EIO=4&transport=polling&t=tmux4e4p on this server
2025-06-05T03:33:08.347Z [ERROR]: Cannot find /socket.io/?EIO=4&transport=polling&t=tmzjshph on this server
2025-06-05T03:33:14.355Z [ERROR]: Cannot find /socket.io/?EIO=4&transport=polling&t=tn46ouu9 on this server
2025-06-05T03:33:20.354Z [ERROR]: Cannot find /socket.io/?EIO=4&transport=polling&t=tn8tdnwi on this server
2025-06-05T03:33:26.353Z [ERROR]: Cannot find /socket.io/?EIO=4&transport=polling&t=tndfyefs on this server
2025-06-05T03:33:32.368Z [ERROR]: Cannot find /socket.io/?EIO=4&transport=polling&t=tni2r7y7 on this server
2025-06-05T03:33:37.388Z [ERROR]: Cannot find /socket.io/?EIO=4&transport=polling&t=tnlycell on this server
2025-06-05T03:33:43.354Z [ERROR]: Cannot find /socket.io/?EIO=4&transport=polling&t=tnqk7tqj on this server
2025-06-05T03:33:49.357Z [ERROR]: Cannot find /socket.io/?EIO=4&transport=polling&t=tnv6y7ia on this server
2025-06-05T03:33:55.357Z [ERROR]: Cannot find /socket.io/?EIO=4&transport=polling&t=tnztn522 on this server
2025-06-05T03:34:01.351Z [ERROR]: Cannot find /socket.io/?EIO=4&transport=polling&t=to4g1t4d on this server
2025-06-05T03:34:07.345Z [ERROR]: Cannot find /socket.io/?EIO=4&transport=polling&t=to92l2jp on this server
2025-06-05T03:34:13.344Z [ERROR]: Cannot find /socket.io/?EIO=4&transport=polling&t=todpa4ul on this server
2025-06-05T03:34:19.356Z [ERROR]: Cannot find /socket.io/?EIO=4&transport=polling&t=toic9636 on this server
2025-06-05T03:34:25.353Z [ERROR]: Cannot find /socket.io/?EIO=4&transport=polling&t=tomywzyw on this server
2025-06-05T03:34:31.354Z [ERROR]: Cannot find /socket.io/?EIO=4&transport=polling&t=torlh1eu on this server
2025-06-05T03:34:37.356Z [ERROR]: Cannot find /socket.io/?EIO=4&transport=polling&t=tow8bjun on this server
2025-06-05T03:34:43.344Z [ERROR]: Cannot find /socket.io/?EIO=4&transport=polling&t=tp0umy1s on this server
2025-06-05T03:34:49.348Z [ERROR]: Cannot find /socket.io/?EIO=4&transport=polling&t=tp5hepeb on this server
2025-06-05T03:34:55.355Z [ERROR]: Cannot find /socket.io/?EIO=4&transport=polling&t=tpa49zed on this server
2025-06-05T03:35:01.355Z [ERROR]: Cannot find /socket.io/?EIO=4&transport=polling&t=tpeqw562 on this server
2025-06-05T03:35:07.357Z [ERROR]: Cannot find /socket.io/?EIO=4&transport=polling&t=tpjdo57k on this server
2025-06-05T03:35:13.349Z [ERROR]: Cannot find /socket.io/?EIO=4&transport=polling&t=tpo03lrd on this server
2025-06-05T03:35:19.355Z [ERROR]: Cannot find /socket.io/?EIO=4&transport=polling&t=tpsmxezz on this server
2025-06-05T03:35:25.353Z [ERROR]: Cannot find /socket.io/?EIO=4&transport=polling&t=tpx9j4nl on this server
2025-06-05T03:35:31.356Z [ERROR]: Cannot find /socket.io/?EIO=4&transport=polling&t=tq1w9nym on this server
2025-06-05T03:35:37.348Z [ERROR]: Cannot find /socket.io/?EIO=4&transport=polling&t=tq6ip6p6 on this server
2025-06-05T03:35:43.357Z [ERROR]: Cannot find /socket.io/?EIO=4&transport=polling&t=tqb5nl11 on this server
2025-06-05T03:35:49.357Z [ERROR]: Cannot find /socket.io/?EIO=4&transport=polling&t=tqfs9maz on this server
2025-06-05T03:36:02.364Z [ERROR]: Cannot find /socket.io/?EIO=4&transport=polling&t=tqptcitj on this server
2025-06-05T03:36:08.350Z [ERROR]: Cannot find /socket.io/?EIO=4&transport=polling&t=tqufvmom on this server
2025-06-05T03:36:14.408Z [ERROR]: Cannot find /socket.io/?EIO=4&transport=polling&t=tqz451qf on this server
2025-06-05T03:36:20.353Z [ERROR]: Cannot find /socket.io/?EIO=4&transport=polling&t=tr3pahgz on this server
2025-06-05T03:36:33.352Z [ERROR]: Cannot find /socket.io/?EIO=4&transport=polling&t=trdq5aw9 on this server
2025-06-05T03:36:39.360Z [ERROR]: Cannot find /socket.io/?EIO=4&transport=polling&t=trid71t0 on this server
2025-06-05T03:36:45.353Z [ERROR]: Cannot find /socket.io/?EIO=4&transport=polling&t=trmzrxzj on this server
2025-06-05T03:36:51.347Z [ERROR]: Cannot find /socket.io/?EIO=4&transport=polling&t=trrm9qj8 on this server
2025-06-05T03:36:57.358Z [ERROR]: Cannot find /socket.io/?EIO=4&transport=polling&t=trw92tvm on this server
2025-06-05T03:37:03.353Z [ERROR]: Cannot find /socket.io/?EIO=4&transport=polling&t=ts0vo32e on this server
2025-06-05T03:37:09.352Z [ERROR]: Cannot find /socket.io/?EIO=4&transport=polling&t=ts5i8tj8 on this server
2025-06-05T03:37:15.361Z [ERROR]: Cannot find /socket.io/?EIO=4&transport=polling&t=tsa57dh5 on this server
2025-06-05T03:37:21.352Z [ERROR]: Cannot find /socket.io/?EIO=4&transport=polling&t=tserm90c on this server
2025-06-05T03:37:27.349Z [ERROR]: Cannot find /socket.io/?EIO=4&transport=polling&t=tsjebsfl on this server
2025-06-05T03:37:33.349Z [ERROR]: Cannot find /socket.io/?EIO=4&transport=polling&t=tso0w8ha on this server
2025-06-05T03:37:39.358Z [ERROR]: Cannot find /socket.io/?EIO=4&transport=polling&t=tssnqzcz on this server
2025-06-05T03:37:45.350Z [ERROR]: Cannot find /socket.io/?EIO=4&transport=polling&t=tsxab4f6 on this server
2025-06-05T03:37:51.345Z [ERROR]: Cannot find /socket.io/?EIO=4&transport=polling&t=tt1wvdg8 on this server
2025-06-05T03:37:57.358Z [ERROR]: Cannot find /socket.io/?EIO=4&transport=polling&t=tt6jvgj8 on this server
2025-06-05T03:38:03.365Z [ERROR]: Cannot find /socket.io/?EIO=4&transport=polling&t=ttb6kbl2 on this server
2025-06-05T03:39:19.669Z [ERROR]: Cannot find /socket.io/?EIO=4&transport=polling&t=tuxtjklc on this server
2025-06-05T03:39:25.359Z [ERROR]: Cannot find /socket.io/?EIO=4&transport=polling&t=tv2gcx58 on this server
2025-06-05T03:39:31.350Z [ERROR]: Cannot find /socket.io/?EIO=4&transport=polling&t=tv72rrds on this server
2025-06-05T03:39:36.361Z [ERROR]: Cannot find /socket.io/?EIO=4&transport=polling&t=tvaxzv82 on this server
2025-06-05T03:39:41.370Z [ERROR]: Cannot find /socket.io/?EIO=4&transport=polling&t=tvet2b0v on this server
2025-06-05T03:39:46.380Z [ERROR]: Cannot find /socket.io/?EIO=4&transport=polling&t=tvioabff on this server
2025-06-05T03:39:51.392Z [ERROR]: Cannot find /socket.io/?EIO=4&transport=polling&t=tvmjgv4l on this server
2025-06-05T03:39:56.414Z [ERROR]: Cannot find /socket.io/?EIO=4&transport=polling&t=tvqexrwe on this server
2025-06-05T03:39:59.844Z [ERROR]: message.populate(...).populate is not a function
2025-06-05T03:40:01.428Z [ERROR]: Cannot find /socket.io/?EIO=4&transport=polling&t=tvuaawb8 on this server
2025-06-05T03:40:05.824Z [ERROR]: message.populate(...).populate is not a function
2025-06-05T03:40:06.444Z [ERROR]: Cannot find /socket.io/?EIO=4&transport=polling&t=tvy5mnk0 on this server
2025-06-05T03:40:11.450Z [ERROR]: Cannot find /socket.io/?EIO=4&transport=polling&t=tw20ofkn on this server
2025-06-05T03:40:12.268Z [ERROR]: message.populate(...).populate is not a function
2025-06-05T03:40:16.465Z [ERROR]: Cannot find /socket.io/?EIO=4&transport=polling&t=tw5vzpxg on this server
2025-06-05T03:40:21.474Z [ERROR]: Cannot find /socket.io/?EIO=4&transport=polling&t=tw9r4ht4 on this server
2025-06-05T03:40:26.485Z [ERROR]: Cannot find /socket.io/?EIO=4&transport=polling&t=twdmafbu on this server
2025-06-05T03:40:31.493Z [ERROR]: Cannot find /socket.io/?EIO=4&transport=polling&t=twhhewcl on this server
2025-06-05T03:40:36.509Z [ERROR]: Cannot find /socket.io/?EIO=4&transport=polling&t=twlcpugp on this server
2025-06-05T03:40:41.521Z [ERROR]: Cannot find /socket.io/?EIO=4&transport=polling&t=twp7xupc on this server
2025-06-05T03:40:46.537Z [ERROR]: Cannot find /socket.io/?EIO=4&transport=polling&t=twt379ap on this server
2025-06-05T03:40:51.552Z [ERROR]: Cannot find /socket.io/?EIO=4&transport=polling&t=twwyih1k on this server
2025-06-05T03:40:56.562Z [ERROR]: Cannot find /socket.io/?EIO=4&transport=polling&t=tx0truf3 on this server
2025-06-05T03:41:01.575Z [ERROR]: Cannot find /socket.io/?EIO=4&transport=polling&t=tx4p162m on this server
2025-06-05T03:41:06.588Z [ERROR]: Cannot find /socket.io/?EIO=4&transport=polling&t=tx8k5yu9 on this server
2025-06-05T03:41:11.613Z [ERROR]: Cannot find /socket.io/?EIO=4&transport=polling&t=txcftdop on this server
2025-06-05T03:41:16.621Z [ERROR]: Cannot find /socket.io/?EIO=4&transport=polling&t=txgaxyqr on this server
2025-06-05T03:41:21.630Z [ERROR]: Cannot find /socket.io/?EIO=4&transport=polling&t=txk637n0 on this server
2025-06-05T03:41:26.638Z [ERROR]: Cannot find /socket.io/?EIO=4&transport=polling&t=txo16ptm on this server
2025-06-05T03:41:31.656Z [ERROR]: Cannot find /socket.io/?EIO=4&transport=polling&t=txrwk5jz on this server
2025-06-05T03:41:36.674Z [ERROR]: Cannot find /socket.io/?EIO=4&transport=polling&t=txvryeeh on this server
2025-06-05T03:41:41.685Z [ERROR]: Cannot find /socket.io/?EIO=4&transport=polling&t=txzn5lya on this server
2025-06-05T03:41:46.700Z [ERROR]: Cannot find /socket.io/?EIO=4&transport=polling&t=ty3igy0i on this server
2025-06-05T03:41:51.720Z [ERROR]: Cannot find /socket.io/?EIO=4&transport=polling&t=ty7dwn3w on this server
2025-06-05T03:41:56.735Z [ERROR]: Cannot find /socket.io/?EIO=4&transport=polling&t=tyb98h1h on this server
2025-06-05T03:42:01.757Z [ERROR]: Cannot find /socket.io/?EIO=4&transport=polling&t=tyf4o39c on this server
2025-06-05T03:42:06.780Z [ERROR]: Cannot find /socket.io/?EIO=4&transport=polling&t=tyj06d7j on this server
2025-06-05T03:42:12.360Z [ERROR]: Cannot find /socket.io/?EIO=4&transport=polling&t=tynb75p9 on this server
2025-06-05T03:42:18.352Z [ERROR]: Cannot find /socket.io/?EIO=4&transport=polling&t=tyrxp0vp on this server
2025-06-05T03:42:38.362Z [ERROR]: Cannot find /socket.io/?EIO=4&transport=polling&t=tz7dg29i on this server
2025-06-05T03:42:44.346Z [ERROR]: Cannot find /socket.io/?EIO=4&transport=polling&t=tzbzrtmi on this server
2025-06-05T03:42:57.358Z [ERROR]: Cannot find /socket.io/?EIO=4&transport=polling&t=tzm125qv on this server
2025-06-05T03:43:03.350Z [ERROR]: Cannot find /socket.io/?EIO=4&transport=polling&t=tzqnmhaz on this server
2025-06-05T03:43:27.744Z [ERROR]: Cannot find /socket.io/?EIO=4&transport=polling&t=u09enmb8 on this server
2025-06-05T03:43:28.510Z [ERROR]: Cannot find /socket.io/?EIO=4&transport=polling&t=u0a2k92r on this server
2025-06-05T03:43:30.664Z [ERROR]: Cannot find /socket.io/?EIO=4&transport=polling&t=u0bqdv2g on this server
2025-06-05T03:43:35.671Z [ERROR]: Cannot find /socket.io/?EIO=4&transport=polling&t=u0flhccq on this server
2025-06-05T03:43:40.676Z [ERROR]: Cannot find /socket.io/?EIO=4&transport=polling&t=u0jgi5c8 on this server
2025-06-05T03:43:45.697Z [ERROR]: Cannot find /socket.io/?EIO=4&transport=polling&t=u0nbykfl on this server
2025-06-05T03:43:50.714Z [ERROR]: Cannot find /socket.io/?EIO=4&transport=polling&t=u0r79wae on this server
2025-06-05T03:43:56.350Z [ERROR]: Cannot find /socket.io/?EIO=4&transport=polling&t=u0vjw43c on this server
2025-06-05T03:44:01.363Z [ERROR]: Cannot find /socket.io/?EIO=4&transport=polling&t=u0zf60vs on this server
2025-06-05T03:44:06.374Z [ERROR]: Cannot find /socket.io/?EIO=4&transport=polling&t=u13aansy on this server
2025-06-05T03:44:11.391Z [ERROR]: Cannot find /socket.io/?EIO=4&transport=polling&t=u175p22q on this server
2025-06-05T03:44:16.401Z [ERROR]: Cannot find /socket.io/?EIO=4&transport=polling&t=u1b0wlwf on this server
2025-06-05T03:44:21.411Z [ERROR]: Cannot find /socket.io/?EIO=4&transport=polling&t=u1evxfzf on this server
2025-06-05T03:44:27.355Z [ERROR]: Cannot find /socket.io/?EIO=4&transport=polling&t=u1jh3okc on this server
2025-06-05T03:44:33.344Z [ERROR]: Cannot find /socket.io/?EIO=4&transport=polling&t=u1o3im48 on this server
2025-06-05T03:44:39.350Z [ERROR]: Cannot find /socket.io/?EIO=4&transport=polling&t=u1sqbzsa on this server
2025-06-05T03:44:45.349Z [ERROR]: Cannot find /socket.io/?EIO=4&transport=polling&t=u1xcyrkt on this server
2025-06-05T03:44:50.360Z [ERROR]: Cannot find /socket.io/?EIO=4&transport=polling&t=u2184fm4 on this server
2025-06-05T03:44:56.350Z [ERROR]: Cannot find /socket.io/?EIO=4&transport=polling&t=u25uk8hf on this server
2025-06-05T03:45:01.357Z [ERROR]: Cannot find /socket.io/?EIO=4&transport=polling&t=u29pnzeh on this server
2025-06-05T03:45:07.359Z [ERROR]: Cannot find /socket.io/?EIO=4&transport=polling&t=u2ecces3 on this server
2025-06-05T03:45:13.357Z [ERROR]: Cannot find /socket.io/?EIO=4&transport=polling&t=u2iyz1be on this server
2025-06-05T03:45:19.344Z [ERROR]: Cannot find /socket.io/?EIO=4&transport=polling&t=u2nlav68 on this server
2025-06-05T03:45:25.355Z [ERROR]: Cannot find /socket.io/?EIO=4&transport=polling&t=u2s89mjc on this server
2025-06-05T03:45:31.354Z [ERROR]: Cannot find /socket.io/?EIO=4&transport=polling&t=u2wuwa8j on this server
2025-06-05T03:45:37.347Z [ERROR]: Cannot find /socket.io/?EIO=4&transport=polling&t=u31hcbe7 on this server
2025-06-05T03:45:43.359Z [ERROR]: Cannot find /socket.io/?EIO=4&transport=polling&t=u364cfu1 on this server
2025-06-05T03:45:49.351Z [ERROR]: Cannot find /socket.io/?EIO=4&transport=polling&t=u3aqtq5n on this server
2025-06-05T03:45:55.353Z [ERROR]: Cannot find /socket.io/?EIO=4&transport=polling&t=u3fditpc on this server
2025-06-05T03:46:01.351Z [ERROR]: Cannot find /socket.io/?EIO=4&transport=polling&t=u3k04yzs on this server
2025-06-05T03:46:07.351Z [ERROR]: Cannot find /socket.io/?EIO=4&transport=polling&t=u3omsi7t on this server
2025-06-05T03:46:13.347Z [ERROR]: Cannot find /socket.io/?EIO=4&transport=polling&t=u3t9b5v7 on this server
2025-06-05T03:46:19.356Z [ERROR]: Cannot find /socket.io/?EIO=4&transport=polling&t=u3xwalh1 on this server
2025-06-05T03:46:24.376Z [ERROR]: Cannot find /socket.io/?EIO=4&transport=polling&t=u41rbro4 on this server
2025-06-05T03:46:29.385Z [ERROR]: Cannot find /socket.io/?EIO=4&transport=polling&t=u45mutfo on this server
2025-06-05T03:46:34.399Z [ERROR]: Cannot find /socket.io/?EIO=4&transport=polling&t=u49i3iqg on this server
2025-06-05T03:46:39.408Z [ERROR]: Cannot find /socket.io/?EIO=4&transport=polling&t=u4dd89pq on this server
2025-06-05T03:46:44.423Z [ERROR]: Cannot find /socket.io/?EIO=4&transport=polling&t=u4h8lkdy on this server
2025-06-05T03:46:50.285Z [ERROR]: Cannot find /socket.io/?EIO=4&transport=polling&t=u4lqe8yh on this server
2025-06-05T03:46:55.307Z [ERROR]: Cannot find /socket.io/?EIO=4&transport=polling&t=u4pmxs2i on this server
2025-06-05T03:47:00.331Z [ERROR]: Cannot find /socket.io/?EIO=4&transport=polling&t=u4thyfiz on this server
2025-06-05T03:47:05.335Z [ERROR]: Cannot find /socket.io/?EIO=4&transport=polling&t=u4xdisx2 on this server
2025-06-05T03:47:10.341Z [ERROR]: Cannot find /socket.io/?EIO=4&transport=polling&t=u518jpbp on this server
2025-06-05T03:47:15.349Z [ERROR]: Cannot find /socket.io/?EIO=4&transport=polling&t=u553ngzp on this server
2025-06-05T03:47:20.354Z [ERROR]: Cannot find /socket.io/?EIO=4&transport=polling&t=u58ynfmm on this server
2025-06-05T03:47:25.371Z [ERROR]: Cannot find /socket.io/?EIO=4&transport=polling&t=u5ctykym on this server
2025-06-05T03:47:31.354Z [ERROR]: Cannot find /socket.io/?EIO=4&transport=polling&t=u5hg8r27 on this server
2025-06-05T03:47:37.356Z [ERROR]: Cannot find /socket.io/?EIO=4&transport=polling&t=u5m2wrgz on this server
2025-06-05T03:47:43.349Z [ERROR]: Cannot find /socket.io/?EIO=4&transport=polling&t=u5qpcqvr on this server
2025-06-05T03:47:48.357Z [ERROR]: Cannot find /socket.io/?EIO=4&transport=polling&t=u5ukjg30 on this server
2025-06-05T03:47:53.388Z [ERROR]: Cannot find /socket.io/?EIO=4&transport=polling&t=u5yg773x on this server
2025-06-05T03:47:58.412Z [ERROR]: Cannot find /socket.io/?EIO=4&transport=polling&t=u62bqyjd on this server
2025-06-05T03:48:04.355Z [ERROR]: Cannot find /socket.io/?EIO=4&transport=polling&t=u66wwipl on this server
2025-06-05T03:48:10.358Z [ERROR]: Cannot find /socket.io/?EIO=4&transport=polling&t=u6bjo1z3 on this server
2025-06-05T03:48:16.353Z [ERROR]: Cannot find /socket.io/?EIO=4&transport=polling&t=u6g66fx7 on this server
2025-06-05T03:48:22.357Z [ERROR]: Cannot find /socket.io/?EIO=4&transport=polling&t=u6ksy0e0 on this server
2025-06-05T03:48:28.343Z [ERROR]: Cannot find /socket.io/?EIO=4&transport=polling&t=u6pfa74k on this server
2025-06-05T03:48:34.350Z [ERROR]: Cannot find /socket.io/?EIO=4&transport=polling&t=u6u25rmd on this server
2025-06-05T03:48:40.356Z [ERROR]: Cannot find /socket.io/?EIO=4&transport=polling&t=u6yoyg4u on this server
2025-06-05T03:48:46.355Z [ERROR]: Cannot find /socket.io/?EIO=4&transport=polling&t=u73blwsu on this server
2025-06-05T03:48:52.349Z [ERROR]: Cannot find /socket.io/?EIO=4&transport=polling&t=u77y4zcs on this server
2025-06-05T03:48:58.356Z [ERROR]: Cannot find /socket.io/?EIO=4&transport=polling&t=u7ckych8 on this server
2025-06-05T03:49:04.351Z [ERROR]: Cannot find /socket.io/?EIO=4&transport=polling&t=u7h7h8tc on this server
2025-06-05T03:49:10.357Z [ERROR]: Cannot find /socket.io/?EIO=4&transport=polling&t=u7lubfzn on this server
2025-06-05T03:49:16.349Z [ERROR]: Cannot find /socket.io/?EIO=4&transport=polling&t=u7qgsfyz on this server
2025-06-05T03:49:22.359Z [ERROR]: Cannot find /socket.io/?EIO=4&transport=polling&t=u7v3pytl on this server
2025-06-05T03:49:28.356Z [ERROR]: Cannot find /socket.io/?EIO=4&transport=polling&t=u7zqax2t on this server
2025-06-05T03:49:34.347Z [ERROR]: Cannot find /socket.io/?EIO=4&transport=polling&t=u84co7ar on this server
2025-06-05T03:49:40.344Z [ERROR]: Cannot find /socket.io/?EIO=4&transport=polling&t=u88z9caw on this server
2025-06-05T03:49:46.352Z [ERROR]: Cannot find /socket.io/?EIO=4&transport=polling&t=u8dm5jlv on this server
2025-06-05T03:49:52.355Z [ERROR]: Cannot find /socket.io/?EIO=4&transport=polling&t=u8i8x3ob on this server
2025-06-05T03:49:58.355Z [ERROR]: Cannot find /socket.io/?EIO=4&transport=polling&t=u8mvmn9r on this server
2025-06-05T03:50:04.355Z [ERROR]: Cannot find /socket.io/?EIO=4&transport=polling&t=u8ri93vz on this server
2025-06-05T03:50:10.349Z [ERROR]: Cannot find /socket.io/?EIO=4&transport=polling&t=u8w4sxyw on this server
2025-06-05T03:50:16.355Z [ERROR]: Cannot find /socket.io/?EIO=4&transport=polling&t=u90rlub1 on this server
2025-06-05T03:50:22.353Z [ERROR]: Cannot find /socket.io/?EIO=4&transport=polling&t=u95e7rx8 on this server
2025-06-05T03:50:28.358Z [ERROR]: Cannot find /socket.io/?EIO=4&transport=polling&t=u9a0yicq on this server
2025-06-05T03:50:34.354Z [ERROR]: Cannot find /socket.io/?EIO=4&transport=polling&t=u9enknbe on this server
2025-06-05T03:50:40.354Z [ERROR]: Cannot find /socket.io/?EIO=4&transport=polling&t=u9ja8mas on this server
2025-06-05T03:50:46.351Z [ERROR]: Cannot find /socket.io/?EIO=4&transport=polling&t=u9nwpii4 on this server
2025-06-05T03:50:52.359Z [ERROR]: Cannot find /socket.io/?EIO=4&transport=polling&t=u9sjo95a on this server
2025-06-05T03:50:58.348Z [ERROR]: Cannot find /socket.io/?EIO=4&transport=polling&t=u9x62ljy on this server
2025-06-05T03:51:04.354Z [ERROR]: Cannot find /socket.io/?EIO=4&transport=polling&t=ua1svx6z on this server
2025-06-05T03:51:10.362Z [ERROR]: Cannot find /socket.io/?EIO=4&transport=polling&t=ua6fmsez on this server
2025-06-05T03:51:16.354Z [ERROR]: Cannot find /socket.io/?EIO=4&transport=polling&t=uab2797c on this server
2025-06-05T03:51:22.314Z [ERROR]: Cannot find /socket.io/?EIO=4&transport=polling&t=uafmpjdl on this server
2025-06-05T03:51:27.364Z [ERROR]: Cannot find /socket.io/?EIO=4&transport=polling&t=uajk1ho9 on this server
2025-06-05T03:51:32.380Z [ERROR]: Cannot find /socket.io/?EIO=4&transport=polling&t=uanfccuo on this server
2025-06-05T03:51:37.386Z [ERROR]: Cannot find /socket.io/?EIO=4&transport=polling&t=uaragyls on this server
2025-06-05T03:51:42.398Z [ERROR]: Cannot find /socket.io/?EIO=4&transport=polling&t=uav5o1o9 on this server
2025-06-05T03:51:47.409Z [ERROR]: Cannot find /socket.io/?EIO=4&transport=polling&t=uaz0via2 on this server
2025-06-05T03:51:52.420Z [ERROR]: Cannot find /socket.io/?EIO=4&transport=polling&t=ub2w1y4h on this server
2025-06-05T03:51:57.428Z [ERROR]: Cannot find /socket.io/?EIO=4&transport=polling&t=ub6r51v6 on this server
2025-06-05T03:52:02.442Z [ERROR]: Cannot find /socket.io/?EIO=4&transport=polling&t=ubamdz25 on this server
2025-06-05T03:52:07.450Z [ERROR]: Cannot find /socket.io/?EIO=4&transport=polling&t=ubehkmba on this server
2025-06-05T03:52:12.466Z [ERROR]: Cannot find /socket.io/?EIO=4&transport=polling&t=ubicwzzf on this server
2025-06-05T03:52:17.472Z [ERROR]: Cannot find /socket.io/?EIO=4&transport=polling&t=ubm7ycps on this server
2025-06-05T03:52:22.479Z [ERROR]: Cannot find /socket.io/?EIO=4&transport=polling&t=ubq31hkf on this server
2025-06-05T03:52:27.488Z [ERROR]: Cannot find /socket.io/?EIO=4&transport=polling&t=ubty5s98 on this server
2025-06-05T03:52:32.496Z [ERROR]: Cannot find /socket.io/?EIO=4&transport=polling&t=ubxtauq8 on this server
2025-06-05T03:52:37.503Z [ERROR]: Cannot find /socket.io/?EIO=4&transport=polling&t=uc1odrq8 on this server
2025-06-05T03:52:42.519Z [ERROR]: Cannot find /socket.io/?EIO=4&transport=polling&t=uc5jph37 on this server
2025-06-05T03:52:47.544Z [ERROR]: Cannot find /socket.io/?EIO=4&transport=polling&t=uc9exonj on this server
2025-06-05T03:52:52.562Z [ERROR]: Cannot find /socket.io/?EIO=4&transport=polling&t=ucdam96g on this server
2025-06-05T03:52:57.578Z [ERROR]: Cannot find /socket.io/?EIO=4&transport=polling&t=uch5yycf on this server
2025-06-05T03:53:02.592Z [ERROR]: Cannot find /socket.io/?EIO=4&transport=polling&t=ucl1a0b6 on this server
2025-06-05T03:53:07.612Z [ERROR]: Cannot find /socket.io/?EIO=4&transport=polling&t=ucowpy2o on this server
2025-06-05T03:53:12.620Z [ERROR]: Cannot find /socket.io/?EIO=4&transport=polling&t=ucsrtdny on this server
2025-06-05T03:53:17.628Z [ERROR]: Cannot find /socket.io/?EIO=4&transport=polling&t=ucwmy3w9 on this server
2025-06-05T03:53:22.634Z [ERROR]: Cannot find /socket.io/?EIO=4&transport=polling&t=ud0hzhup on this server
2025-06-05T03:53:28.353Z [ERROR]: Cannot find /socket.io/?EIO=4&transport=polling&t=ud4wv0rn on this server
2025-06-05T03:53:33.361Z [ERROR]: Cannot find /socket.io/?EIO=4&transport=polling&t=ud8s0uoy on this server
2025-06-05T03:53:38.367Z [ERROR]: Cannot find /socket.io/?EIO=4&transport=polling&t=udcn1xzg on this server
2025-06-05T03:53:43.380Z [ERROR]: Cannot find /socket.io/?EIO=4&transport=polling&t=udgi8yqa on this server
2025-06-05T03:53:48.401Z [ERROR]: Cannot find /socket.io/?EIO=4&transport=polling&t=udkdn9cj on this server
2025-06-05T03:53:53.424Z [ERROR]: Cannot find /socket.io/?EIO=4&transport=polling&t=udo97jhd on this server
2025-06-05T03:53:58.444Z [ERROR]: Cannot find /socket.io/?EIO=4&transport=polling&t=uds4nhai on this server
2025-06-05T03:54:03.453Z [ERROR]: Cannot find /socket.io/?EIO=4&transport=polling&t=udvzwk2u on this server
2025-06-05T03:54:08.471Z [ERROR]: Cannot find /socket.io/?EIO=4&transport=polling&t=udzv92qn on this server
2025-06-05T03:54:13.484Z [ERROR]: Cannot find /socket.io/?EIO=4&transport=polling&t=ue3qi3y0 on this server
2025-06-05T03:54:18.493Z [ERROR]: Cannot find /socket.io/?EIO=4&transport=polling&t=ue7lnxmw on this server
2025-06-05T03:54:23.510Z [ERROR]: Cannot find /socket.io/?EIO=4&transport=polling&t=uebh0jsm on this server
2025-06-05T03:54:28.529Z [ERROR]: Cannot find /socket.io/?EIO=4&transport=polling&t=uefces4h on this server
2025-06-05T03:54:33.548Z [ERROR]: Cannot find /socket.io/?EIO=4&transport=polling&t=uej7tsmz on this server
2025-06-05T03:54:38.565Z [ERROR]: Cannot find /socket.io/?EIO=4&transport=polling&t=uen37csr on this server
2025-06-05T03:54:43.573Z [ERROR]: Cannot find /socket.io/?EIO=4&transport=polling&t=ueqyao8q on this server
2025-06-05T03:54:48.588Z [ERROR]: Cannot find /socket.io/?EIO=4&transport=polling&t=ueutmxet on this server
2025-06-05T03:54:53.608Z [ERROR]: Cannot find /socket.io/?EIO=4&transport=polling&t=ueyp19cy on this server
2025-06-05T03:54:59.151Z [ERROR]: Cannot find /socket.io/?EIO=4&transport=polling&t=uf2y8293 on this server
2025-06-05T03:55:04.172Z [ERROR]: Cannot find /socket.io/?EIO=4&transport=polling&t=uf6uito1 on this server
2025-06-05T03:55:09.178Z [ERROR]: Cannot find /socket.io/?EIO=4&transport=polling&t=ufapl4us on this server
2025-06-05T03:55:13.730Z [ERROR]: Cannot find /socket.io/?EIO=4&transport=polling&t=ufe7hyva on this server
2025-06-05T03:55:15.248Z [ERROR]: Cannot find /socket.io/?EIO=4&transport=polling&t=uffe7njv on this server
2025-06-05T03:55:16.597Z [ERROR]: Cannot find /socket.io/?EIO=4&transport=polling&t=ufgfonud on this server
2025-06-05T03:55:20.578Z [ERROR]: Cannot find /socket.io/?EIO=4&transport=polling&t=ufji8ir7 on this server
2025-06-05T03:55:22.891Z [ERROR]: Cannot find /socket.io/?EIO=4&transport=polling&t=ufl9klb7 on this server
2025-06-05T03:55:23.551Z [ERROR]: Cannot find /socket.io/?EIO=4&transport=polling&t=uflsqdo7 on this server
2025-06-05T03:55:26.129Z [ERROR]: Cannot find /socket.io/?EIO=4&transport=polling&t=ufnsgr64 on this server
2025-06-05T03:55:31.150Z [ERROR]: Cannot find /socket.io/?EIO=4&transport=polling&t=ufrnvedb on this server
2025-06-05T03:55:36.159Z [ERROR]: Cannot find /socket.io/?EIO=4&transport=polling&t=ufvj0fos on this server
2025-06-05T03:55:41.170Z [ERROR]: Cannot find /socket.io/?EIO=4&transport=polling&t=ufze70wr on this server
2025-06-05T03:55:46.187Z [ERROR]: Cannot find /socket.io/?EIO=4&transport=polling&t=ug39k9ev on this server
2025-06-05T03:55:51.207Z [ERROR]: Cannot find /socket.io/?EIO=4&transport=polling&t=ug74ze00 on this server
2025-06-05T03:55:56.221Z [ERROR]: Cannot find /socket.io/?EIO=4&transport=polling&t=ugb0b3u9 on this server
2025-06-05T03:56:01.231Z [ERROR]: Cannot find /socket.io/?EIO=4&transport=polling&t=ugevghis on this server
2025-06-05T03:56:06.239Z [ERROR]: Cannot find /socket.io/?EIO=4&transport=polling&t=ugiqkd40 on this server
2025-06-05T03:56:11.251Z [ERROR]: Cannot find /socket.io/?EIO=4&transport=polling&t=ugmlrznb on this server
2025-06-05T03:56:16.271Z [ERROR]: Cannot find /socket.io/?EIO=4&transport=polling&t=ugqh61l2 on this server
2025-06-05T03:56:21.280Z [ERROR]: Cannot find /socket.io/?EIO=4&transport=polling&t=ugucd76s on this server
2025-06-05T03:56:26.298Z [ERROR]: Cannot find /socket.io/?EIO=4&transport=polling&t=ugy7smwe on this server
2025-06-05T03:56:31.308Z [ERROR]: Cannot find /socket.io/?EIO=4&transport=polling&t=uh22xtuy on this server
2025-06-05T03:56:36.321Z [ERROR]: Cannot find /socket.io/?EIO=4&transport=polling&t=uh5y7uw9 on this server
2025-06-05T03:56:41.338Z [ERROR]: Cannot find /socket.io/?EIO=4&transport=polling&t=uh9tjkxx on this server
2025-06-05T03:56:46.359Z [ERROR]: Cannot find /socket.io/?EIO=4&transport=polling&t=uhdp0xyp on this server
2025-06-05T03:56:51.370Z [ERROR]: Cannot find /socket.io/?EIO=4&transport=polling&t=uhhk8r9y on this server
2025-06-05T03:56:56.377Z [ERROR]: Cannot find /socket.io/?EIO=4&transport=polling&t=uhlfay7o on this server
2025-06-05T03:57:01.398Z [ERROR]: Cannot find /socket.io/?EIO=4&transport=polling&t=uhparjok on this server
2025-06-05T03:57:06.417Z [ERROR]: Cannot find /socket.io/?EIO=4&transport=polling&t=uht65lgr on this server
2025-06-05T03:57:12.352Z [ERROR]: Cannot find /socket.io/?EIO=4&transport=polling&t=uhxr1j4n on this server
2025-06-05T03:57:18.356Z [ERROR]: Cannot find /socket.io/?EIO=4&transport=polling&t=ui2dturm on this server
2025-06-05T03:57:24.358Z [ERROR]: Cannot find /socket.io/?EIO=4&transport=polling&t=ui70jrtu on this server
2025-06-05T03:57:30.343Z [ERROR]: Cannot find /socket.io/?EIO=4&transport=polling&t=uibmukrj on this server
2025-06-05T03:57:36.346Z [ERROR]: Cannot find /socket.io/?EIO=4&transport=polling&t=uig9jqys on this server
2025-06-05T03:57:42.358Z [ERROR]: Cannot find /socket.io/?EIO=4&transport=polling&t=uikwjxlf on this server
2025-06-05T03:57:48.352Z [ERROR]: Cannot find /socket.io/?EIO=4&transport=polling&t=uipizcqx on this server
2025-06-05T03:57:53.365Z [ERROR]: Cannot find /socket.io/?EIO=4&transport=polling&t=uiteblrw on this server
2025-06-05T03:57:58.381Z [ERROR]: Cannot find /socket.io/?EIO=4&transport=polling&t=uix9nleb on this server
2025-06-05T03:58:03.393Z [ERROR]: Cannot find /socket.io/?EIO=4&transport=polling&t=uj14u5ag on this server
2025-06-05T03:58:08.415Z [ERROR]: Cannot find /socket.io/?EIO=4&transport=polling&t=uj50b4mb on this server
2025-06-05T03:58:13.425Z [ERROR]: Cannot find /socket.io/?EIO=4&transport=polling&t=uj8vhjya on this server
2025-06-05T03:58:18.446Z [ERROR]: Cannot find /socket.io/?EIO=4&transport=polling&t=ujcqxghu on this server
2025-06-05T03:58:23.455Z [ERROR]: Cannot find /socket.io/?EIO=4&transport=polling&t=ujgm49sg on this server
2025-06-05T03:58:28.461Z [ERROR]: Cannot find /socket.io/?EIO=4&transport=polling&t=ujkh6wiu on this server
2025-06-05T03:58:33.472Z [ERROR]: Cannot find /socket.io/?EIO=4&transport=polling&t=ujocd2qx on this server
2025-06-05T03:58:38.488Z [ERROR]: Cannot find /socket.io/?EIO=4&transport=polling&t=ujs7qrz2 on this server
2025-06-05T03:58:43.494Z [ERROR]: Cannot find /socket.io/?EIO=4&transport=polling&t=ujw2tbpw on this server
2025-06-05T03:58:48.513Z [ERROR]: Cannot find /socket.io/?EIO=4&transport=polling&t=ujzy67du on this server
2025-06-05T03:58:53.526Z [ERROR]: Cannot find /socket.io/?EIO=4&transport=polling&t=uk3tfb64 on this server
2025-06-05T03:58:58.545Z [ERROR]: Cannot find /socket.io/?EIO=4&transport=polling&t=uk7ovqeb on this server
2025-06-05T03:59:04.357Z [ERROR]: Cannot find /socket.io/?EIO=4&transport=polling&t=ukc66p49 on this server
2025-06-05T03:59:09.373Z [ERROR]: Cannot find /socket.io/?EIO=4&transport=polling&t=ukg1n631 on this server
2025-06-05T03:59:14.383Z [ERROR]: Cannot find /socket.io/?EIO=4&transport=polling&t=ukjwsgwq on this server
2025-06-05T03:59:19.407Z [ERROR]: Cannot find /socket.io/?EIO=4&transport=polling&t=ukns98ip on this server
2025-06-05T03:59:24.413Z [ERROR]: Cannot find /socket.io/?EIO=4&transport=polling&t=ukrngqxt on this server
2025-06-05T03:59:36.419Z [ERROR]: Cannot find /socket.io/?EIO=4&transport=polling&t=ul0vuqta on this server
2025-06-05T03:59:37.047Z [ERROR]: Cannot find /socket.io/?EIO=4&transport=polling&t=ul1ed4kb on this server
2025-06-05T03:59:38.423Z [ERROR]: Cannot find /socket.io/?EIO=4&transport=polling&t=ul2gm9ke on this server
2025-06-05T03:59:42.311Z [ERROR]: Cannot find /socket.io/?EIO=4&transport=polling&t=ul5gm3b3 on this server
2025-06-05T03:59:47.315Z [ERROR]: Cannot find /socket.io/?EIO=4&transport=polling&t=ul9bmlyd on this server
2025-06-05T03:59:52.332Z [ERROR]: Cannot find /socket.io/?EIO=4&transport=polling&t=uld6wy8g on this server
2025-06-05T03:59:57.339Z [ERROR]: Cannot find /socket.io/?EIO=4&transport=polling&t=ulh22rqv on this server
2025-06-05T04:00:02.349Z [ERROR]: Cannot find /socket.io/?EIO=4&transport=polling&t=ulkx7krn on this server
2025-06-05T04:00:07.363Z [ERROR]: Cannot find /socket.io/?EIO=4&transport=polling&t=uloshjfk on this server
2025-06-05T04:00:10.654Z [ERROR]: Cannot find /socket.io/?EIO=4&transport=polling&t=ulrb9lg1 on this server
2025-06-05T04:00:12.112Z [ERROR]: Cannot find /socket.io/?EIO=4&transport=polling&t=ulsgfwui on this server
2025-06-05T04:00:17.094Z [ERROR]: Cannot find /socket.io/?EIO=4&transport=polling&t=ulw9bymm on this server
2025-06-05T04:00:17.713Z [ERROR]: Cannot find /socket.io/?EIO=4&transport=polling&t=ulws0u9v on this server
2025-06-05T04:00:20.240Z [ERROR]: Cannot find /socket.io/?EIO=4&transport=polling&t=ulyq6r8k on this server
2025-06-05T04:00:23.412Z [ERROR]: Cannot find /socket.io/?EIO=4&transport=polling&t=um16b4q1 on this server
2025-06-05T04:00:28.421Z [ERROR]: Cannot find /socket.io/?EIO=4&transport=polling&t=um51gnnz on this server
2025-06-05T04:00:33.440Z [ERROR]: Cannot find /socket.io/?EIO=4&transport=polling&t=um8wr8ik on this server
2025-06-05T04:00:38.451Z [ERROR]: Cannot find /socket.io/?EIO=4&transport=polling&t=umcrzrs6 on this server
2025-06-05T04:00:43.458Z [ERROR]: Cannot find /socket.io/?EIO=4&transport=polling&t=umgn5vrj on this server
2025-06-05T04:00:48.472Z [ERROR]: Cannot find /socket.io/?EIO=4&transport=polling&t=umkie443 on this server
2025-06-05T04:00:53.489Z [ERROR]: Cannot find /socket.io/?EIO=4&transport=polling&t=umodqh9m on this server
2025-06-05T04:00:58.503Z [ERROR]: Cannot find /socket.io/?EIO=4&transport=polling&t=ums8z7aw on this server
2025-06-05T04:01:03.509Z [ERROR]: Cannot find /socket.io/?EIO=4&transport=polling&t=umw44ycx on this server
2025-06-05T04:01:08.524Z [ERROR]: Cannot find /socket.io/?EIO=4&transport=polling&t=umzze3rj on this server
2025-06-05T04:01:13.544Z [ERROR]: Cannot find /socket.io/?EIO=4&transport=polling&t=un3urmub on this server
2025-06-05T04:01:18.550Z [ERROR]: Cannot find /socket.io/?EIO=4&transport=polling&t=un7pw8z8 on this server
2025-06-05T04:01:23.572Z [ERROR]: Cannot find /socket.io/?EIO=4&transport=polling&t=unblcrn2 on this server
2025-06-05T04:01:28.580Z [ERROR]: Cannot find /socket.io/?EIO=4&transport=polling&t=unfgir0q on this server
2025-06-05T04:01:33.589Z [ERROR]: Cannot find /socket.io/?EIO=4&transport=polling&t=unjbn37z on this server
2025-06-05T04:01:38.599Z [ERROR]: Cannot find /socket.io/?EIO=4&transport=polling&t=unn6tmlu on this server
2025-06-05T04:01:43.607Z [ERROR]: Cannot find /socket.io/?EIO=4&transport=polling&t=unr1x9jw on this server
2025-06-05T04:01:48.615Z [ERROR]: Cannot find /socket.io/?EIO=4&transport=polling&t=unux2cco on this server
2025-06-05T04:01:53.625Z [ERROR]: Cannot find /socket.io/?EIO=4&transport=polling&t=unys75oi on this server
2025-06-05T04:01:58.633Z [ERROR]: Cannot find /socket.io/?EIO=4&transport=polling&t=uo2ncrbk on this server
2025-06-05T04:02:03.640Z [ERROR]: Cannot find /socket.io/?EIO=4&transport=polling&t=uo6ifn39 on this server
2025-06-05T04:02:08.646Z [ERROR]: Cannot find /socket.io/?EIO=4&transport=polling&t=uoadfwf2 on this server
2025-06-05T04:02:13.662Z [ERROR]: Cannot find /socket.io/?EIO=4&transport=polling&t=uoe8tvz2 on this server
2025-06-05T04:02:18.684Z [ERROR]: Cannot find /socket.io/?EIO=4&transport=polling&t=uoi47j3b on this server
2025-06-05T04:02:23.696Z [ERROR]: Cannot find /socket.io/?EIO=4&transport=polling&t=uolzjcz2 on this server
2025-06-05T04:02:28.711Z [ERROR]: Cannot find /socket.io/?EIO=4&transport=polling&t=uopute6d on this server
2025-06-05T04:02:33.721Z [ERROR]: Cannot find /socket.io/?EIO=4&transport=polling&t=uotpzicq on this server
2025-06-05T04:02:38.727Z [ERROR]: Cannot find /socket.io/?EIO=4&transport=polling&t=uoxl0nnx on this server
2025-06-05T04:02:43.738Z [ERROR]: Cannot find /socket.io/?EIO=4&transport=polling&t=up1g89ad on this server
2025-06-05T04:02:48.761Z [ERROR]: Cannot find /socket.io/?EIO=4&transport=polling&t=up5bo3yg on this server
2025-06-05T04:02:53.779Z [ERROR]: Cannot find /socket.io/?EIO=4&transport=polling&t=up9752ly on this server
2025-06-05T04:02:58.800Z [ERROR]: Cannot find /socket.io/?EIO=4&transport=polling&t=upd2ktza on this server
2025-06-05T04:03:03.806Z [ERROR]: Cannot find /socket.io/?EIO=4&transport=polling&t=upgxo9zp on this server
2025-06-05T04:03:08.814Z [ERROR]: Cannot find /socket.io/?EIO=4&transport=polling&t=upksrvbo on this server
2025-06-05T04:03:14.354Z [ERROR]: Cannot find /socket.io/?EIO=4&transport=polling&t=upp2ob4a on this server
2025-06-05T04:03:20.358Z [ERROR]: Cannot find /socket.io/?EIO=4&transport=polling&t=uptpd5zo on this server
2025-06-05T04:03:26.365Z [ERROR]: Cannot find /socket.io/?EIO=4&transport=polling&t=upyc7hws on this server
2025-06-05T04:03:32.343Z [ERROR]: Cannot find /socket.io/?EIO=4&transport=polling&t=uq2ydxdd on this server
2025-06-05T04:03:38.346Z [ERROR]: Cannot find /socket.io/?EIO=4&transport=polling&t=uq7l3u1v on this server
2025-06-05T04:03:43.386Z [ERROR]: Cannot find /socket.io/?EIO=4&transport=polling&t=uqbg623j on this server
2025-06-05T04:03:48.409Z [ERROR]: Cannot find /socket.io/?EIO=4&transport=polling&t=uqfcmili on this server
2025-06-05T04:03:53.426Z [ERROR]: Cannot find /socket.io/?EIO=4&transport=polling&t=uqj7xqt2 on this server
2025-06-05T04:03:59.357Z [ERROR]: Cannot find /socket.io/?EIO=4&transport=polling&t=uqnsrvvj on this server
2025-06-05T04:04:05.346Z [ERROR]: Cannot find /socket.io/?EIO=4&transport=polling&t=uqsf4clq on this server
2025-06-05T04:04:11.344Z [ERROR]: Cannot find /socket.io/?EIO=4&transport=polling&t=uqx1qtl9 on this server
2025-06-05T04:04:17.355Z [ERROR]: Cannot find /socket.io/?EIO=4&transport=polling&t=ur1op4ri on this server
2025-06-05T04:04:23.353Z [ERROR]: Cannot find /socket.io/?EIO=4&transport=polling&t=ur6bbazn on this server
2025-06-05T04:04:29.353Z [ERROR]: Cannot find /socket.io/?EIO=4&transport=polling&t=uraxxuj9 on this server
2025-06-05T04:04:35.354Z [ERROR]: Cannot find /socket.io/?EIO=4&transport=polling&t=urfkozog on this server
2025-06-05T04:04:41.355Z [ERROR]: Cannot find /socket.io/?EIO=4&transport=polling&t=urk7equs on this server
2025-06-05T04:04:46.361Z [ERROR]: Cannot find /socket.io/?EIO=4&transport=polling&t=uro2fqtq on this server
2025-06-05T04:04:51.367Z [ERROR]: Cannot find /socket.io/?EIO=4&transport=polling&t=urrxhzjp on this server
2025-06-05T04:04:56.378Z [ERROR]: Cannot find /socket.io/?EIO=4&transport=polling&t=urvsont3 on this server
2025-06-05T04:05:01.398Z [ERROR]: Cannot find /socket.io/?EIO=4&transport=polling&t=urzo4l5r on this server
2025-06-05T04:05:06.408Z [ERROR]: Cannot find /socket.io/?EIO=4&transport=polling&t=us3j962t on this server
2025-06-05T04:05:12.351Z [ERROR]: Cannot find /socket.io/?EIO=4&transport=polling&t=us84b019 on this server
2025-06-05T04:05:18.345Z [ERROR]: Cannot find /socket.io/?EIO=4&transport=polling&t=uscqu1cv on this server
2025-06-05T04:05:24.352Z [ERROR]: Cannot find /socket.io/?EIO=4&transport=polling&t=ushdnriu on this server
2025-06-05T04:05:30.350Z [ERROR]: Cannot find /socket.io/?EIO=4&transport=polling&t=usm09e8u on this server
2025-06-05T04:05:36.357Z [ERROR]: Cannot find /socket.io/?EIO=4&transport=polling&t=usqn3hf2 on this server
2025-06-05T04:05:41.364Z [ERROR]: Cannot find /socket.io/?EIO=4&transport=polling&t=usuibn2x on this server
2025-06-05T04:05:46.370Z [ERROR]: Cannot find /socket.io/?EIO=4&transport=polling&t=usydcfp5 on this server
2025-06-05T04:05:51.381Z [ERROR]: Cannot find /socket.io/?EIO=4&transport=polling&t=ut28kux3 on this server
2025-06-05T04:05:56.402Z [ERROR]: Cannot find /socket.io/?EIO=4&transport=polling&t=ut63yjfx on this server
2025-06-05T04:06:01.414Z [ERROR]: Cannot find /socket.io/?EIO=4&transport=polling&t=ut9z5l1c on this server
2025-06-05T04:06:06.429Z [ERROR]: Cannot find /socket.io/?EIO=4&transport=polling&t=utduj3ik on this server
2025-06-05T04:06:11.440Z [ERROR]: Cannot find /socket.io/?EIO=4&transport=polling&t=uthpq1f1 on this server
2025-06-05T04:06:16.460Z [ERROR]: Cannot find /socket.io/?EIO=4&transport=polling&t=utll6io5 on this server
2025-06-05T04:06:21.475Z [ERROR]: Cannot find /socket.io/?EIO=4&transport=polling&t=utpgh8fk on this server
2025-06-05T04:06:26.495Z [ERROR]: Cannot find /socket.io/?EIO=4&transport=polling&t=uttbxbss on this server
2025-06-05T04:06:31.506Z [ERROR]: Cannot find /socket.io/?EIO=4&transport=polling&t=utx73sw2 on this server
2025-06-05T04:06:36.516Z [ERROR]: Cannot find /socket.io/?EIO=4&transport=polling&t=uu129wmm on this server
2025-06-05T04:06:41.527Z [ERROR]: Cannot find /socket.io/?EIO=4&transport=polling&t=uu4xhq8a on this server
2025-06-05T04:06:46.533Z [ERROR]: Cannot find /socket.io/?EIO=4&transport=polling&t=uu8sjchs on this server
2025-06-05T04:06:51.544Z [ERROR]: Cannot find /socket.io/?EIO=4&transport=polling&t=uucnrge3 on this server
2025-06-05T04:06:56.551Z [ERROR]: Cannot find /socket.io/?EIO=4&transport=polling&t=uugitlu5 on this server
2025-06-05T04:07:01.566Z [ERROR]: Cannot find /socket.io/?EIO=4&transport=polling&t=uuke3e9j on this server
2025-06-05T04:07:06.577Z [ERROR]: Cannot find /socket.io/?EIO=4&transport=polling&t=uuo97sya on this server
2025-06-05T04:07:11.591Z [ERROR]: Cannot find /socket.io/?EIO=4&transport=polling&t=uus4l9ac on this server
2025-06-05T04:07:17.352Z [ERROR]: Cannot find /socket.io/?EIO=4&transport=polling&t=uuwkllg5 on this server
2025-06-05T04:07:22.372Z [ERROR]: Cannot find /socket.io/?EIO=4&transport=polling&t=uv0fzlk8 on this server
2025-06-05T04:07:27.393Z [ERROR]: Cannot find /socket.io/?EIO=4&transport=polling&t=uv4bj4wg on this server
2025-06-05T04:07:32.403Z [ERROR]: Cannot find /socket.io/?EIO=4&transport=polling&t=uv86osjs on this server
2025-06-05T04:07:37.407Z [ERROR]: Cannot find /socket.io/?EIO=4&transport=polling&t=uvc1qb24 on this server
2025-06-05T04:07:43.686Z [ERROR]: Cannot find /socket.io/?EIO=4&transport=polling&t=uvgg8z7p on this server
2025-06-05T04:07:44.856Z [ERROR]: Cannot find /socket.io/?EIO=4&transport=polling&t=uvhskbpg on this server
2025-06-05T04:07:47.852Z [ERROR]: Cannot find /socket.io/?EIO=4&transport=polling&t=uvk3rsdb on this server
2025-06-05T04:07:52.875Z [ERROR]: Cannot find /socket.io/?EIO=4&transport=polling&t=uvnza8bm on this server
2025-06-05T04:07:57.884Z [ERROR]: Cannot find /socket.io/?EIO=4&transport=polling&t=uvrui56j on this server
2025-06-05T04:08:02.966Z [ERROR]: Cannot find /socket.io/?EIO=4&transport=polling&t=uvvpn3xj on this server
2025-06-05T04:08:08.003Z [ERROR]: Cannot find /socket.io/?EIO=4&transport=polling&t=uvznlnhp on this server
2025-06-05T04:08:13.014Z [ERROR]: Cannot find /socket.io/?EIO=4&transport=polling&t=uw3isagc on this server
2025-06-05T04:08:18.031Z [ERROR]: Cannot find /socket.io/?EIO=4&transport=polling&t=uw7e3rqu on this server
2025-06-05T04:08:23.038Z [ERROR]: Cannot find /socket.io/?EIO=4&transport=polling&t=uwb97220 on this server
2025-06-05T04:08:28.057Z [ERROR]: Cannot find /socket.io/?EIO=4&transport=polling&t=uwf4nz62 on this server
2025-06-05T04:08:33.068Z [ERROR]: Cannot find /socket.io/?EIO=4&transport=polling&t=uwizseqj on this server
2025-06-05T04:08:38.076Z [ERROR]: Cannot find /socket.io/?EIO=4&transport=polling&t=uwmuzjw5 on this server
2025-06-05T04:08:43.091Z [ERROR]: Cannot find /socket.io/?EIO=4&transport=polling&t=uwqq9a7h on this server
2025-06-05T04:08:48.097Z [ERROR]: Cannot find /socket.io/?EIO=4&transport=polling&t=uwulb3fw on this server
2025-06-05T04:08:53.116Z [ERROR]: Cannot find /socket.io/?EIO=4&transport=polling&t=uwygnt8y on this server
2025-06-05T04:08:58.122Z [ERROR]: Cannot find /socket.io/?EIO=4&transport=polling&t=ux2bs2ci on this server
2025-06-05T04:09:03.133Z [ERROR]: Cannot find /socket.io/?EIO=4&transport=polling&t=ux66wx10 on this server
2025-06-05T04:09:08.143Z [ERROR]: Cannot find /socket.io/?EIO=4&transport=polling&t=uxa24fra on this server
2025-06-05T04:09:13.157Z [ERROR]: Cannot find /socket.io/?EIO=4&transport=polling&t=uxdxecba on this server
2025-06-05T04:09:18.169Z [ERROR]: Cannot find /socket.io/?EIO=4&transport=polling&t=uxhsjxg5 on this server
2025-06-05T04:09:23.188Z [ERROR]: Cannot find /socket.io/?EIO=4&transport=polling&t=uxlo1nog on this server
2025-06-05T04:09:28.206Z [ERROR]: Cannot find /socket.io/?EIO=4&transport=polling&t=uxpjg4h6 on this server
2025-06-05T04:09:33.218Z [ERROR]: Cannot find /socket.io/?EIO=4&transport=polling&t=uxteniv3 on this server
2025-06-05T04:09:38.227Z [ERROR]: Cannot find /socket.io/?EIO=4&transport=polling&t=uxx9rhs1 on this server
2025-06-05T04:09:43.232Z [ERROR]: Cannot find /socket.io/?EIO=4&transport=polling&t=uy14uc9a on this server
2025-06-05T04:09:48.356Z [ERROR]: Cannot find /socket.io/?EIO=4&transport=polling&t=uy5352m8 on this server
2025-06-05T04:09:54.353Z [ERROR]: Cannot find /socket.io/?EIO=4&transport=polling&t=uy9pp1k7 on this server
2025-06-05T04:09:59.382Z [ERROR]: Cannot find /socket.io/?EIO=4&transport=polling&t=uydktjsh on this server
2025-06-05T04:10:04.434Z [ERROR]: Cannot find /socket.io/?EIO=4&transport=polling&t=uyhhsln0 on this server
2025-06-05T04:10:09.446Z [ERROR]: Cannot find /socket.io/?EIO=4&transport=polling&t=uyld0m88 on this server
2025-06-05T04:10:15.346Z [ERROR]: Cannot find /socket.io/?EIO=4&transport=polling&t=uypwvan1 on this server
2025-06-05T04:10:21.352Z [ERROR]: Cannot find /socket.io/?EIO=4&transport=polling&t=uyujoxx5 on this server
2025-06-05T04:10:27.349Z [ERROR]: Cannot find /socket.io/?EIO=4&transport=polling&t=uyz693mt on this server
2025-06-05T04:10:33.354Z [ERROR]: Cannot find /socket.io/?EIO=4&transport=polling&t=uz3t1lqo on this server
2025-06-05T04:10:39.356Z [ERROR]: Cannot find /socket.io/?EIO=4&transport=polling&t=uz8fr1uj on this server
2025-06-05T04:10:45.352Z [ERROR]: Cannot find /socket.io/?EIO=4&transport=polling&t=uzd2e6bk on this server
2025-06-05T04:10:51.353Z [ERROR]: Cannot find /socket.io/?EIO=4&transport=polling&t=uzhoz1k5 on this server
2025-06-05T04:10:57.357Z [ERROR]: Cannot find /socket.io/?EIO=4&transport=polling&t=uzmbvacc on this server
2025-06-05T04:11:03.357Z [ERROR]: Cannot find /socket.io/?EIO=4&transport=polling&t=uzqyi4ud on this server
2025-06-05T04:11:09.371Z [ERROR]: Cannot find /socket.io/?EIO=4&transport=polling&t=uzvldd9e on this server
2025-06-05T04:11:15.354Z [ERROR]: Cannot find /socket.io/?EIO=4&transport=polling&t=v007sfkm on this server
2025-06-05T04:11:21.359Z [ERROR]: Cannot find /socket.io/?EIO=4&transport=polling&t=v04uj6ws on this server
2025-06-05T04:11:27.349Z [ERROR]: Cannot find /socket.io/?EIO=4&transport=polling&t=v09gyh8a on this server
2025-06-05T04:11:33.349Z [ERROR]: Cannot find /socket.io/?EIO=4&transport=polling&t=v0e3nr07 on this server
2025-06-05T04:11:38.358Z [ERROR]: Cannot find /socket.io/?EIO=4&transport=polling&t=v0hysl6b on this server
2025-06-05T04:11:43.365Z [ERROR]: Cannot find /socket.io/?EIO=4&transport=polling&t=v0lttmzj on this server
2025-06-05T04:11:48.385Z [ERROR]: Cannot find /socket.io/?EIO=4&transport=polling&t=v0ppafgm on this server
2025-06-05T04:11:53.402Z [ERROR]: Cannot find /socket.io/?EIO=4&transport=polling&t=v0tkoqwo on this server
2025-06-05T04:11:58.749Z [ERROR]: Cannot find /socket.io/?EIO=4&transport=polling&t=v0xovqi2 on this server
2025-06-05T04:12:03.783Z [ERROR]: Cannot find /socket.io/?EIO=4&transport=polling&t=v11kz85m on this server
2025-06-05T04:12:08.808Z [ERROR]: Cannot find /socket.io/?EIO=4&transport=polling&t=v15gfzjs on this server
2025-06-05T04:12:13.819Z [ERROR]: Cannot find /socket.io/?EIO=4&transport=polling&t=v19br12r on this server
2025-06-05T04:12:18.837Z [ERROR]: Cannot find /socket.io/?EIO=4&transport=polling&t=v1d76nad on this server
2025-06-05T04:12:23.849Z [ERROR]: Cannot find /socket.io/?EIO=4&transport=polling&t=v1h2f3hz on this server
2025-06-05T04:12:28.855Z [ERROR]: Cannot find /socket.io/?EIO=4&transport=polling&t=v1kxi9y3 on this server
2025-06-05T04:12:33.862Z [ERROR]: Cannot find /socket.io/?EIO=4&transport=polling&t=v1oslyp5 on this server
2025-06-05T04:12:38.866Z [ERROR]: Cannot find /socket.io/?EIO=4&transport=polling&t=v1snlpi7 on this server
2025-06-05T04:12:43.879Z [ERROR]: Cannot find /socket.io/?EIO=4&transport=polling&t=v1wisy4m on this server
2025-06-05T04:12:48.897Z [ERROR]: Cannot find /socket.io/?EIO=4&transport=polling&t=v20e8lfv on this server
2025-06-05T04:12:53.906Z [ERROR]: Cannot find /socket.io/?EIO=4&transport=polling&t=v249dpk9 on this server
2025-06-05T04:12:58.915Z [ERROR]: Cannot find /socket.io/?EIO=4&transport=polling&t=v284hldp on this server
2025-06-05T04:13:03.929Z [ERROR]: Cannot find /socket.io/?EIO=4&transport=polling&t=v2bzrn2f on this server
2025-06-05T04:13:08.938Z [ERROR]: Cannot find /socket.io/?EIO=4&transport=polling&t=v2fuw295 on this server
2025-06-05T04:13:13.953Z [ERROR]: Cannot find /socket.io/?EIO=4&transport=polling&t=v2jq80jf on this server
2025-06-05T04:13:18.974Z [ERROR]: Cannot find /socket.io/?EIO=4&transport=polling&t=v2nlnjdq on this server
2025-06-05T04:13:23.986Z [ERROR]: Cannot find /socket.io/?EIO=4&transport=polling&t=v2rgx2rd on this server
2025-06-05T04:13:29.005Z [ERROR]: Cannot find /socket.io/?EIO=4&transport=polling&t=v2vc8u1h on this server
2025-06-05T04:13:34.023Z [ERROR]: Cannot find /socket.io/?EIO=4&transport=polling&t=v2z7q4af on this server
2025-06-05T04:13:39.033Z [ERROR]: Cannot find /socket.io/?EIO=4&transport=polling&t=v332waxd on this server
2025-06-05T04:13:44.050Z [ERROR]: Cannot find /socket.io/?EIO=4&transport=polling&t=v36y7agw on this server
2025-06-05T04:13:49.061Z [ERROR]: Cannot find /socket.io/?EIO=4&transport=polling&t=v3atfl2w on this server
2025-06-05T04:13:54.069Z [ERROR]: Cannot find /socket.io/?EIO=4&transport=polling&t=v3eoj2nj on this server
2025-06-05T04:13:59.086Z [ERROR]: Cannot find /socket.io/?EIO=4&transport=polling&t=v3ijwuse on this server
2025-06-05T04:14:04.103Z [ERROR]: Cannot find /socket.io/?EIO=4&transport=polling&t=v3mf978n on this server
2025-06-05T04:14:09.109Z [ERROR]: Cannot find /socket.io/?EIO=4&transport=polling&t=v3qabh06 on this server
2025-06-05T04:14:14.353Z [ERROR]: Cannot find /socket.io/?EIO=4&transport=polling&t=v3ubxjja on this server
2025-06-05T04:14:20.354Z [ERROR]: Cannot find /socket.io/?EIO=4&transport=polling&t=v3yynecs on this server
2025-06-05T04:14:26.351Z [ERROR]: Cannot find /socket.io/?EIO=4&transport=polling&t=v43l97tc on this server
2025-06-05T04:14:31.362Z [ERROR]: Cannot find /socket.io/?EIO=4&transport=polling&t=v47gh011 on this server
2025-06-05T04:14:36.368Z [ERROR]: Cannot find /socket.io/?EIO=4&transport=polling&t=v4bbit1j on this server
2025-06-05T04:14:41.376Z [ERROR]: Cannot find /socket.io/?EIO=4&transport=polling&t=v4f6k14x on this server
2025-06-05T04:14:46.386Z [ERROR]: Cannot find /socket.io/?EIO=4&transport=polling&t=v4j1sx1v on this server
2025-06-05T04:14:51.405Z [ERROR]: Cannot find /socket.io/?EIO=4&transport=polling&t=v4mx7wmm on this server
2025-06-05T04:14:56.424Z [ERROR]: Cannot find /socket.io/?EIO=4&transport=polling&t=v4qsj732 on this server
2025-06-05T04:15:01.435Z [ERROR]: Cannot find /socket.io/?EIO=4&transport=polling&t=v4unq0jd on this server
2025-06-05T04:15:06.446Z [ERROR]: Cannot find /socket.io/?EIO=4&transport=polling&t=v4yixd7i on this server
2025-06-05T04:15:11.458Z [ERROR]: Cannot find /socket.io/?EIO=4&transport=polling&t=v52e4j2q on this server
2025-06-05T04:15:16.475Z [ERROR]: Cannot find /socket.io/?EIO=4&transport=polling&t=v569l2n3 on this server
2025-06-05T04:15:21.495Z [ERROR]: Cannot find /socket.io/?EIO=4&transport=polling&t=v5a4xnqi on this server
2025-06-05T04:15:26.511Z [ERROR]: Cannot find /socket.io/?EIO=4&transport=polling&t=v5e0a84c on this server
2025-06-05T04:15:31.528Z [ERROR]: Cannot find /socket.io/?EIO=4&transport=polling&t=v5hvquki on this server
2025-06-05T04:15:36.536Z [ERROR]: Cannot find /socket.io/?EIO=4&transport=polling&t=v5lqtx9f on this server
2025-06-05T04:15:41.552Z [ERROR]: Cannot find /socket.io/?EIO=4&transport=polling&t=v5pm67bd on this server
2025-06-05T04:15:46.569Z [ERROR]: Cannot find /socket.io/?EIO=4&transport=polling&t=v5thjdup on this server
2025-06-05T04:15:51.586Z [ERROR]: Cannot find /socket.io/?EIO=4&transport=polling&t=v5xcxpgz on this server
2025-06-05T04:15:56.596Z [ERROR]: Cannot find /socket.io/?EIO=4&transport=polling&t=v61837di on this server
2025-06-05T04:16:01.616Z [ERROR]: Cannot find /socket.io/?EIO=4&transport=polling&t=v653gkxd on this server
2025-06-05T04:16:06.636Z [ERROR]: Cannot find /socket.io/?EIO=4&transport=polling&t=v68yzymg on this server
2025-06-05T04:16:11.652Z [ERROR]: Cannot find /socket.io/?EIO=4&transport=polling&t=v6cubjyx on this server
2025-06-05T04:16:16.676Z [ERROR]: Cannot find /socket.io/?EIO=4&transport=polling&t=v6gprm3a on this server
2025-06-05T04:16:21.685Z [ERROR]: Cannot find /socket.io/?EIO=4&transport=polling&t=v6kkzrri on this server
2025-06-05T04:16:26.704Z [ERROR]: Cannot find /socket.io/?EIO=4&transport=polling&t=v6ogek1h on this server
2025-06-05T04:16:31.725Z [ERROR]: Cannot find /socket.io/?EIO=4&transport=polling&t=v6sbuleb on this server
2025-06-05T04:16:36.734Z [ERROR]: Cannot find /socket.io/?EIO=4&transport=polling&t=v6w6z5sv on this server
2025-06-05T04:16:41.740Z [ERROR]: Cannot find /socket.io/?EIO=4&transport=polling&t=v702248h on this server
2025-06-05T04:16:46.751Z [ERROR]: Cannot find /socket.io/?EIO=4&transport=polling&t=v73x8mt5 on this server
2025-06-05T04:16:51.773Z [ERROR]: Cannot find /socket.io/?EIO=4&transport=polling&t=v77sn1m9 on this server
2025-06-05T04:16:56.788Z [ERROR]: Cannot find /socket.io/?EIO=4&transport=polling&t=v7bo24d0 on this server
2025-06-05T04:17:01.799Z [ERROR]: Cannot find /socket.io/?EIO=4&transport=polling&t=v7fj9yl4 on this server
2025-06-05T04:17:06.821Z [ERROR]: Cannot find /socket.io/?EIO=4&transport=polling&t=v7jeqgov on this server
2025-06-05T04:17:11.839Z [ERROR]: Cannot find /socket.io/?EIO=4&transport=polling&t=v7na2u1b on this server
2025-06-05T04:17:16.859Z [ERROR]: Cannot find /socket.io/?EIO=4&transport=polling&t=v7r5l13i on this server
2025-06-05T04:17:21.877Z [ERROR]: Cannot find /socket.io/?EIO=4&transport=polling&t=v7v0yyfj on this server
2025-06-05T04:17:26.892Z [ERROR]: Cannot find /socket.io/?EIO=4&transport=polling&t=v7ywarz9 on this server
2025-06-05T04:17:31.900Z [ERROR]: Cannot find /socket.io/?EIO=4&transport=polling&t=v82rbd96 on this server
2025-06-05T04:17:36.909Z [ERROR]: Cannot find /socket.io/?EIO=4&transport=polling&t=v86mie9o on this server
2025-06-05T04:17:41.920Z [ERROR]: Cannot find /socket.io/?EIO=4&transport=polling&t=v8ahpyqa on this server
2025-06-05T04:17:46.942Z [ERROR]: Cannot find /socket.io/?EIO=4&transport=polling&t=v8ed7zsg on this server
2025-06-05T04:17:51.953Z [ERROR]: Cannot find /socket.io/?EIO=4&transport=polling&t=v8i8fjew on this server
2025-06-05T04:17:56.965Z [ERROR]: Cannot find /socket.io/?EIO=4&transport=polling&t=v8m3ml8a on this server
2025-06-05T04:18:01.977Z [ERROR]: Cannot find /socket.io/?EIO=4&transport=polling&t=v8pyusup on this server
2025-06-05T04:18:06.989Z [ERROR]: Cannot find /socket.io/?EIO=4&transport=polling&t=v8tu37ce on this server
2025-06-05T04:18:12.002Z [ERROR]: Cannot find /socket.io/?EIO=4&transport=polling&t=v8xpcarg on this server
2025-06-05T04:18:17.014Z [ERROR]: Cannot find /socket.io/?EIO=4&transport=polling&t=v91kkvp3 on this server
2025-06-05T04:18:22.123Z [ERROR]: Cannot find /socket.io/?EIO=4&transport=polling&t=v95h74y0 on this server
2025-06-05T04:18:27.172Z [ERROR]: Cannot find /socket.io/?EIO=4&transport=polling&t=v99ep59e on this server
2025-06-05T04:18:32.185Z [ERROR]: Cannot find /socket.io/?EIO=4&transport=polling&t=v9da0itm on this server
2025-06-05T04:18:37.196Z [ERROR]: Cannot find /socket.io/?EIO=4&transport=polling&t=v9h56p6t on this server
2025-06-05T04:18:42.201Z [ERROR]: Cannot find /socket.io/?EIO=4&transport=polling&t=v9l07cvn on this server
2025-06-05T04:18:47.221Z [ERROR]: Cannot find /socket.io/?EIO=4&transport=polling&t=v9ovn3ov on this server
2025-06-05T04:18:52.349Z [ERROR]: Cannot find /socket.io/?EIO=4&transport=polling&t=v9su2qll on this server
2025-06-05T04:18:57.368Z [ERROR]: Cannot find /socket.io/?EIO=4&transport=polling&t=v9wpiica on this server
2025-06-05T04:19:02.382Z [ERROR]: Cannot find /socket.io/?EIO=4&transport=polling&t=va0krgi9 on this server
2025-06-05T04:19:07.397Z [ERROR]: Cannot find /socket.io/?EIO=4&transport=polling&t=va4g2et0 on this server
2025-06-05T04:19:12.402Z [ERROR]: Cannot find /socket.io/?EIO=4&transport=polling&t=va8b40go on this server
2025-06-05T04:19:17.422Z [ERROR]: Cannot find /socket.io/?EIO=4&transport=polling&t=vac6kvwu on this server
2025-06-05T04:19:22.432Z [ERROR]: Cannot find /socket.io/?EIO=4&transport=polling&t=vag1q5vb on this server
2025-06-05T04:19:27.443Z [ERROR]: Cannot find /socket.io/?EIO=4&transport=polling&t=vajwy6po on this server
2025-06-05T04:19:32.460Z [ERROR]: Cannot find /socket.io/?EIO=4&transport=polling&t=vansaw5y on this server
2025-06-05T04:19:37.469Z [ERROR]: Cannot find /socket.io/?EIO=4&transport=polling&t=varngkxd on this server
2025-06-05T04:19:42.478Z [ERROR]: Cannot find /socket.io/?EIO=4&transport=polling&t=vavik7xa on this server
2025-06-05T04:19:47.486Z [ERROR]: Cannot find /socket.io/?EIO=4&transport=polling&t=vazdo2k8 on this server
2025-06-05T04:19:52.505Z [ERROR]: Cannot find /socket.io/?EIO=4&transport=polling&t=vb393py4 on this server
2025-06-05T04:19:57.522Z [ERROR]: Cannot find /socket.io/?EIO=4&transport=polling&t=vb74g5e1 on this server
2025-06-05T04:20:02.538Z [ERROR]: Cannot find /socket.io/?EIO=4&transport=polling&t=vbazt40g on this server
2025-06-05T04:20:07.559Z [ERROR]: Cannot find /socket.io/?EIO=4&transport=polling&t=vbev6z54 on this server
2025-06-05T04:20:12.572Z [ERROR]: Cannot find /socket.io/?EIO=4&transport=polling&t=vbiqh1fv on this server
2025-06-05T04:20:17.588Z [ERROR]: Cannot find /socket.io/?EIO=4&transport=polling&t=vbmlstj5 on this server
2025-06-05T04:20:22.608Z [ERROR]: Cannot find /socket.io/?EIO=4&transport=polling&t=vbqha8ay on this server
2025-06-05T04:20:27.621Z [ERROR]: Cannot find /socket.io/?EIO=4&transport=polling&t=vbucitrj on this server
2025-06-05T04:20:32.639Z [ERROR]: Cannot find /socket.io/?EIO=4&transport=polling&t=vby7v4hu on this server
2025-06-05T04:20:37.662Z [ERROR]: Cannot find /socket.io/?EIO=4&transport=polling&t=vc23dlnj on this server
2025-06-05T04:20:42.677Z [ERROR]: Cannot find /socket.io/?EIO=4&transport=polling&t=vc5yr4s3 on this server
2025-06-05T04:20:47.685Z [ERROR]: Cannot find /socket.io/?EIO=4&transport=polling&t=vc9tuckq on this server
2025-06-05T04:20:52.702Z [ERROR]: Cannot find /socket.io/?EIO=4&transport=polling&t=vcdp7xbc on this server
2025-06-05T04:20:57.718Z [ERROR]: Cannot find /socket.io/?EIO=4&transport=polling&t=vchklgyh on this server
2025-06-05T04:21:02.734Z [ERROR]: Cannot find /socket.io/?EIO=4&transport=polling&t=vclfwlld on this server
2025-06-05T04:21:07.754Z [ERROR]: Cannot find /socket.io/?EIO=4&transport=polling&t=vcpbciqa on this server
2025-06-05T04:21:12.760Z [ERROR]: Cannot find /socket.io/?EIO=4&transport=polling&t=vct6fnsi on this server
2025-06-05T04:21:17.768Z [ERROR]: Cannot find /socket.io/?EIO=4&transport=polling&t=vcx1hkrr on this server
2025-06-05T04:21:22.780Z [ERROR]: Cannot find /socket.io/?EIO=4&transport=polling&t=vd0wqecq on this server
2025-06-05T04:21:27.789Z [ERROR]: Cannot find /socket.io/?EIO=4&transport=polling&t=vd4rvs9b on this server
2025-06-05T04:21:32.806Z [ERROR]: Cannot find /socket.io/?EIO=4&transport=polling&t=vd8n8awi on this server
2025-06-05T04:21:37.816Z [ERROR]: Cannot find /socket.io/?EIO=4&transport=polling&t=vdcid00b on this server
2025-06-05T04:21:42.838Z [ERROR]: Cannot find /socket.io/?EIO=4&transport=polling&t=vdgdvqxc on this server
2025-06-05T04:21:47.855Z [ERROR]: Cannot find /socket.io/?EIO=4&transport=polling&t=vdk96y16 on this server
2025-06-05T04:21:52.875Z [ERROR]: Cannot find /socket.io/?EIO=4&transport=polling&t=vdo4mra9 on this server
2025-06-05T04:21:57.884Z [ERROR]: Cannot find /socket.io/?EIO=4&transport=polling&t=vdrzuoih on this server
2025-06-05T04:22:02.903Z [ERROR]: Cannot find /socket.io/?EIO=4&transport=polling&t=vdvv9fha on this server
2025-06-05T04:22:07.915Z [ERROR]: Cannot find /socket.io/?EIO=4&transport=polling&t=vdzqeagp on this server
2025-06-05T04:22:12.936Z [ERROR]: Cannot find /socket.io/?EIO=4&transport=polling&t=ve3lvrar on this server
2025-06-05T04:22:17.952Z [ERROR]: Cannot find /socket.io/?EIO=4&transport=polling&t=ve7ha4zz on this server
2025-06-05T04:22:22.973Z [ERROR]: Cannot find /socket.io/?EIO=4&transport=polling&t=vebcrjck on this server
2025-06-05T04:22:27.993Z [ERROR]: Cannot find /socket.io/?EIO=4&transport=polling&t=vef87o8s on this server
2025-06-05T04:22:33.014Z [ERROR]: Cannot find /socket.io/?EIO=4&transport=polling&t=vej3man0 on this server
2025-06-05T04:22:38.023Z [ERROR]: Cannot find /socket.io/?EIO=4&transport=polling&t=vemyu2f8 on this server
2025-06-05T04:22:43.040Z [ERROR]: Cannot find /socket.io/?EIO=4&transport=polling&t=vequ3rau on this server
2025-06-05T04:22:48.093Z [ERROR]: Cannot find /socket.io/?EIO=4&transport=polling&t=veupkgxq on this server
2025-06-05T04:22:53.104Z [ERROR]: Cannot find /socket.io/?EIO=4&transport=polling&t=veylq4w2 on this server
2025-06-05T04:22:58.115Z [ERROR]: Cannot find /socket.io/?EIO=4&transport=polling&t=vf2gxgqu on this server
2025-06-05T04:23:03.129Z [ERROR]: Cannot find /socket.io/?EIO=4&transport=polling&t=vf6c79t8 on this server
2025-06-05T04:23:08.137Z [ERROR]: Cannot find /socket.io/?EIO=4&transport=polling&t=vfa7bx6d on this server
2025-06-05T04:23:13.147Z [ERROR]: Cannot find /socket.io/?EIO=4&transport=polling&t=vfe2gznk on this server
2025-06-05T04:23:18.160Z [ERROR]: Cannot find /socket.io/?EIO=4&transport=polling&t=vfhxqi6b on this server
2025-06-05T04:23:23.178Z [ERROR]: Cannot find /socket.io/?EIO=4&transport=polling&t=vflt349p on this server
2025-06-05T04:23:28.187Z [ERROR]: Cannot find /socket.io/?EIO=4&transport=polling&t=vfpo8tqr on this server
2025-06-05T04:23:33.192Z [ERROR]: Cannot find /socket.io/?EIO=4&transport=polling&t=vftj9p31 on this server
2025-06-05T04:23:38.202Z [ERROR]: Cannot find /socket.io/?EIO=4&transport=polling&t=vfxee9we on this server
2025-06-05T04:23:43.214Z [ERROR]: Cannot find /socket.io/?EIO=4&transport=polling&t=vg19m4un on this server
2025-06-05T04:23:48.230Z [ERROR]: Cannot find /socket.io/?EIO=4&transport=polling&t=vg54ynrr on this server
2025-06-05T04:23:53.238Z [ERROR]: Cannot find /socket.io/?EIO=4&transport=polling&t=vg902i39 on this server
2025-06-05T04:23:58.359Z [ERROR]: Cannot find /socket.io/?EIO=4&transport=polling&t=vgcy9921 on this server
2025-06-05T04:24:04.358Z [ERROR]: Cannot find /socket.io/?EIO=4&transport=polling&t=vghkze05 on this server
2025-06-05T04:24:10.358Z [ERROR]: Cannot find /socket.io/?EIO=4&transport=polling&t=vgm7osrh on this server
2025-06-05T04:24:16.349Z [ERROR]: Cannot find /socket.io/?EIO=4&transport=polling&t=vgqu2i7p on this server
2025-06-05T04:24:22.349Z [ERROR]: Cannot find /socket.io/?EIO=4&transport=polling&t=vgvgrzyb on this server
2025-06-05T04:24:27.379Z [ERROR]: Cannot find /socket.io/?EIO=4&transport=polling&t=vgzbuof5 on this server
2025-06-05T04:24:32.403Z [ERROR]: Cannot find /socket.io/?EIO=4&transport=polling&t=vh3810f3 on this server
2025-06-05T04:24:34.014Z [ERROR]: Cannot find /socket.io/?EIO=4&transport=polling&t=vh4g59k7 on this server
2025-06-05T04:24:35.429Z [ERROR]: Cannot find /socket.io/?EIO=4&transport=polling&t=vh5k2wxw on this server
2025-06-05T04:24:37.577Z [ERROR]: Cannot find /socket.io/?EIO=4&transport=polling&t=vh77qxbs on this server
2025-06-05T04:24:40.251Z [ERROR]: Cannot find /socket.io/?EIO=4&transport=polling&t=vh9a1s9k on this server
2025-06-05T04:24:45.346Z [ERROR]: Cannot find /socket.io/?EIO=4&transport=polling&t=vhd7jkfm on this server
2025-06-05T04:24:50.361Z [ERROR]: Cannot find /socket.io/?EIO=4&transport=polling&t=vhh2udl1 on this server
2025-06-05T04:24:55.366Z [ERROR]: Cannot find /socket.io/?EIO=4&transport=polling&t=vhkxxel9 on this server
2025-06-05T04:25:00.371Z [ERROR]: Cannot find /socket.io/?EIO=4&transport=polling&t=vhosx54t on this server
2025-06-05T04:25:05.377Z [ERROR]: Cannot find /socket.io/?EIO=4&transport=polling&t=vhsnza2h on this server
2025-06-05T04:25:10.389Z [ERROR]: Cannot find /socket.io/?EIO=4&transport=polling&t=vhwj7v5y on this server
2025-06-05T04:25:15.401Z [ERROR]: Cannot find /socket.io/?EIO=4&transport=polling&t=vi0eezrs on this server
2025-06-05T04:25:20.420Z [ERROR]: Cannot find /socket.io/?EIO=4&transport=polling&t=vi49uekz on this server
2025-06-05T04:25:25.427Z [ERROR]: Cannot find /socket.io/?EIO=4&transport=polling&t=vi84xr8z on this server
2025-06-05T04:25:30.440Z [ERROR]: Cannot find /socket.io/?EIO=4&transport=polling&t=vic062hw on this server
2025-06-05T04:25:35.448Z [ERROR]: Cannot find /socket.io/?EIO=4&transport=polling&t=vifv9pyu on this server
2025-06-05T04:25:40.462Z [ERROR]: Cannot find /socket.io/?EIO=4&transport=polling&t=vijqks0y on this server
2025-06-05T04:25:45.481Z [ERROR]: Cannot find /socket.io/?EIO=4&transport=polling&t=vinlyjvz on this server
2025-06-05T04:25:50.488Z [ERROR]: Cannot find /socket.io/?EIO=4&transport=polling&t=virh2c1n on this server
2025-06-05T04:25:55.509Z [ERROR]: Cannot find /socket.io/?EIO=4&transport=polling&t=vivcj89v on this server
2025-06-05T04:26:01.353Z [ERROR]: Cannot find /socket.io/?EIO=4&transport=polling&t=vizup03i on this server
2025-06-05T04:26:07.356Z [ERROR]: Cannot find /socket.io/?EIO=4&transport=polling&t=vj4hlym1 on this server
2025-06-05T04:26:13.359Z [ERROR]: Cannot find /socket.io/?EIO=4&transport=polling&t=vj94cim9 on this server
2025-06-05T04:26:19.350Z [ERROR]: Cannot find /socket.io/?EIO=4&transport=polling&t=vjdqq177 on this server
2025-06-05T04:26:25.358Z [ERROR]: Cannot find /socket.io/?EIO=4&transport=polling&t=vjidlqgp on this server
2025-06-05T04:26:31.361Z [ERROR]: Cannot find /socket.io/?EIO=4&transport=polling&t=vjn0ailc on this server
2025-06-05T04:26:37.344Z [ERROR]: Cannot find /socket.io/?EIO=4&transport=polling&t=vjrmmxhk on this server
2025-06-05T04:26:43.357Z [ERROR]: Cannot find /socket.io/?EIO=4&transport=polling&t=vjw9mpdy on this server
2025-06-05T04:26:49.353Z [ERROR]: Cannot find /socket.io/?EIO=4&transport=polling&t=vk0w7902 on this server
2025-06-05T04:26:55.357Z [ERROR]: Cannot find /socket.io/?EIO=4&transport=polling&t=vk5izseo on this server
2025-06-05T04:27:00.371Z [ERROR]: Cannot find /socket.io/?EIO=4&transport=polling&t=vk9e2lgy on this server
2025-06-05T04:27:05.382Z [ERROR]: Cannot find /socket.io/?EIO=4&transport=polling&t=vkd9fflo on this server
2025-06-05T04:27:07.589Z [ERROR]: Cannot find /socket.io/?EIO=4&transport=polling&t=vke7xtdb on this server
2025-06-05T04:27:09.172Z [ERROR]: Cannot find /socket.io/?EIO=4&transport=polling&t=vkg6rhw4 on this server
2025-06-05T04:27:11.727Z [ERROR]: Cannot find /socket.io/?EIO=4&transport=polling&t=vki5pwxe on this server
2025-06-05T04:27:16.734Z [ERROR]: Cannot find /socket.io/?EIO=4&transport=polling&t=vkm0syoj on this server
2025-06-05T04:27:21.754Z [ERROR]: Cannot find /socket.io/?EIO=4&transport=polling&t=vkpw6klf on this server
2025-06-05T04:27:27.099Z [ERROR]: Cannot find /socket.io/?EIO=4&transport=polling&t=vktz35t5 on this server
2025-06-05T04:27:32.143Z [ERROR]: Cannot find /socket.io/?EIO=4&transport=polling&t=vkxwsf5o on this server
2025-06-05T04:27:37.147Z [ERROR]: Cannot find /socket.io/?EIO=4&transport=polling&t=vl1rt0on on this server
2025-06-05T04:27:42.154Z [ERROR]: Cannot find /socket.io/?EIO=4&transport=polling&t=vl5mwnl9 on this server
2025-06-05T04:27:47.159Z [ERROR]: Cannot find /socket.io/?EIO=4&transport=polling&t=vl9hxbtj on this server
2025-06-05T04:27:52.167Z [ERROR]: Cannot find /socket.io/?EIO=4&transport=polling&t=vldd1a03 on this server
2025-06-05T04:27:57.176Z [ERROR]: Cannot find /socket.io/?EIO=4&transport=polling&t=vlh86m3o on this server
2025-06-05T04:28:02.188Z [ERROR]: Cannot find /socket.io/?EIO=4&transport=polling&t=vll3d219 on this server
2025-06-05T04:28:07.210Z [ERROR]: Cannot find /socket.io/?EIO=4&transport=polling&t=vloyt7fb on this server
2025-06-05T04:28:12.216Z [ERROR]: Cannot find /socket.io/?EIO=4&transport=polling&t=vlstyemw on this server
2025-06-05T04:28:15.725Z [ERROR]: Cannot find /socket.io/?EIO=4&transport=polling&t=vlv5f87l on this server
2025-06-05T04:28:17.072Z [ERROR]: Cannot find /socket.io/?EIO=4&transport=polling&t=vlwkuq42 on this server
2025-06-05T04:28:18.818Z [ERROR]: Cannot find /socket.io/?EIO=4&transport=polling&t=vlxxcr6f on this server
2025-06-05T04:28:24.357Z [ERROR]: Cannot find /socket.io/?EIO=4&transport=polling&t=vm26xzxq on this server
2025-06-05T04:28:29.378Z [ERROR]: Cannot find /socket.io/?EIO=4&transport=polling&t=vm62mnmg on this server
2025-06-05T04:28:34.394Z [ERROR]: Cannot find /socket.io/?EIO=4&transport=polling&t=vm9xzzk6 on this server
2025-06-05T04:28:39.408Z [ERROR]: Cannot find /socket.io/?EIO=4&transport=polling&t=vmdtak2o on this server
2025-06-05T04:28:44.416Z [ERROR]: Cannot find /socket.io/?EIO=4&transport=polling&t=vmhod655 on this server
2025-06-05T04:28:49.435Z [ERROR]: Cannot find /socket.io/?EIO=4&transport=polling&t=vmljt8kn on this server
2025-06-05T04:28:54.453Z [ERROR]: Cannot find /socket.io/?EIO=4&transport=polling&t=vmpeyzam on this server
2025-06-05T04:28:59.468Z [ERROR]: Cannot find /socket.io/?EIO=4&transport=polling&t=vmtagxwp on this server
2025-06-05T04:29:04.487Z [ERROR]: Cannot find /socket.io/?EIO=4&transport=polling&t=vmx5xfk5 on this server
2025-06-05T04:29:09.495Z [ERROR]: Cannot find /socket.io/?EIO=4&transport=polling&t=vn111x9q on this server
2025-06-05T04:29:14.502Z [ERROR]: Cannot find /socket.io/?EIO=4&transport=polling&t=vn4w4qm0 on this server
2025-06-05T04:29:19.509Z [ERROR]: Cannot find /socket.io/?EIO=4&transport=polling&t=vn8r7tqr on this server
2025-06-05T04:29:24.516Z [ERROR]: Cannot find /socket.io/?EIO=4&transport=polling&t=vncmahpu on this server
2025-06-05T04:29:29.529Z [ERROR]: Cannot find /socket.io/?EIO=4&transport=polling&t=vnghfqmw on this server
2025-06-05T04:29:34.537Z [ERROR]: Cannot find /socket.io/?EIO=4&transport=polling&t=vnkcn4aw on this server
2025-06-05T04:29:39.555Z [ERROR]: Cannot find /socket.io/?EIO=4&transport=polling&t=vno7yt3l on this server
2025-06-05T04:29:44.570Z [ERROR]: Cannot find /socket.io/?EIO=4&transport=polling&t=vns39f5a on this server
2025-06-05T04:29:49.590Z [ERROR]: Cannot find /socket.io/?EIO=4&transport=polling&t=vnvyrorh on this server
2025-06-05T04:29:54.606Z [ERROR]: Cannot find /socket.io/?EIO=4&transport=polling&t=vnztziwv on this server
2025-06-05T04:29:59.621Z [ERROR]: Cannot find /socket.io/?EIO=4&transport=polling&t=vo3pfbo9 on this server
2025-06-05T04:30:05.361Z [ERROR]: Cannot find /socket.io/?EIO=4&transport=polling&t=vo84rb1j on this server
2025-06-05T04:30:10.366Z [ERROR]: Cannot find /socket.io/?EIO=4&transport=polling&t=vobzxf2u on this server
2025-06-05T04:30:15.375Z [ERROR]: Cannot find /socket.io/?EIO=4&transport=polling&t=vofuzk35 on this server
2025-06-05T04:30:20.384Z [ERROR]: Cannot find /socket.io/?EIO=4&transport=polling&t=vojq6k5x on this server
2025-06-05T04:30:25.401Z [ERROR]: Cannot find /socket.io/?EIO=4&transport=polling&t=vonliw90 on this server
2025-06-05T04:30:30.408Z [ERROR]: Cannot find /socket.io/?EIO=4&transport=polling&t=vorgmv0h on this server
2025-06-05T04:30:35.414Z [ERROR]: Cannot find /socket.io/?EIO=4&transport=polling&t=vovbovdc on this server
2025-06-05T04:30:40.430Z [ERROR]: Cannot find /socket.io/?EIO=4&transport=polling&t=voz6zeze on this server
2025-06-05T04:30:45.445Z [ERROR]: Cannot find /socket.io/?EIO=4&transport=polling&t=vp32a9g2 on this server
2025-06-05T04:30:50.456Z [ERROR]: Cannot find /socket.io/?EIO=4&transport=polling&t=vp6ximgz on this server
2025-06-05T04:30:55.469Z [ERROR]: Cannot find /socket.io/?EIO=4&transport=polling&t=vpasr8og on this server
2025-06-05T04:31:00.484Z [ERROR]: Cannot find /socket.io/?EIO=4&transport=polling&t=vpeo2tfm on this server
2025-06-05T04:31:05.502Z [ERROR]: Cannot find /socket.io/?EIO=4&transport=polling&t=vpijfiig on this server
2025-06-05T04:31:10.520Z [ERROR]: Cannot find /socket.io/?EIO=4&transport=polling&t=vpmevk4c on this server
2025-06-05T04:31:15.530Z [ERROR]: Cannot find /socket.io/?EIO=4&transport=polling&t=vpq9wos2 on this server
2025-06-05T04:31:20.543Z [ERROR]: Cannot find /socket.io/?EIO=4&transport=polling&t=vpu58kf1 on this server
2025-06-05T04:31:25.561Z [ERROR]: Cannot find /socket.io/?EIO=4&transport=polling&t=vpy0msei on this server
2025-06-05T04:31:30.574Z [ERROR]: Cannot find /socket.io/?EIO=4&transport=polling&t=vq1vwea1 on this server
2025-06-05T04:31:35.589Z [ERROR]: Cannot find /socket.io/?EIO=4&transport=polling&t=vq5r7mar on this server
2025-06-05T04:31:40.616Z [ERROR]: Cannot find /socket.io/?EIO=4&transport=polling&t=vq9mlqc6 on this server
2025-06-05T04:31:45.627Z [ERROR]: Cannot find /socket.io/?EIO=4&transport=polling&t=vqdi0t27 on this server
2025-06-05T04:31:50.638Z [ERROR]: Cannot find /socket.io/?EIO=4&transport=polling&t=vqhd82cx on this server
2025-06-05T04:31:55.648Z [ERROR]: Cannot find /socket.io/?EIO=4&transport=polling&t=vql8ewuv on this server
2025-06-05T04:32:00.663Z [ERROR]: Cannot find /socket.io/?EIO=4&transport=polling&t=vqp3qgss on this server
2025-06-05T04:32:06.346Z [ERROR]: Cannot find /socket.io/?EIO=4&transport=polling&t=vqthito0 on this server
2025-06-05T04:32:11.352Z [ERROR]: Cannot find /socket.io/?EIO=4&transport=polling&t=vqxcmpbt on this server
2025-06-05T04:32:16.366Z [ERROR]: Cannot find /socket.io/?EIO=4&transport=polling&t=vr17wntc on this server
2025-06-05T04:32:21.375Z [ERROR]: Cannot find /socket.io/?EIO=4&transport=polling&t=vr52yj5j on this server
2025-06-05T04:32:26.384Z [ERROR]: Cannot find /socket.io/?EIO=4&transport=polling&t=vr8y6tin on this server
2025-06-05T04:32:31.399Z [ERROR]: Cannot find /socket.io/?EIO=4&transport=polling&t=vrcth56y on this server
2025-06-05T04:32:36.412Z [ERROR]: Cannot find /socket.io/?EIO=4&transport=polling&t=vrgonprj on this server
2025-06-05T04:32:41.419Z [ERROR]: Cannot find /socket.io/?EIO=4&transport=polling&t=vrkjscfa on this server
2025-06-05T04:32:46.437Z [ERROR]: Cannot find /socket.io/?EIO=4&transport=polling&t=vrof6srh on this server
2025-06-05T04:32:51.443Z [ERROR]: Cannot find /socket.io/?EIO=4&transport=polling&t=vrsa8tv8 on this server
2025-06-05T04:32:58.395Z [ERROR]: Cannot find /socket.io/?EIO=4&transport=polling&t=vrw5lvsl on this server
2025-06-05T04:33:03.406Z [ERROR]: Cannot find /socket.io/?EIO=4&transport=polling&t=vs1ijsch on this server
2025-06-05T04:33:08.419Z [ERROR]: Cannot find /socket.io/?EIO=4&transport=polling&t=vs5dsw9g on this server
2025-06-05T04:33:13.443Z [ERROR]: Cannot find /socket.io/?EIO=4&transport=polling&t=vs9989qx on this server
2025-06-05T04:33:18.457Z [ERROR]: Cannot find /socket.io/?EIO=4&transport=polling&t=vsd4mfz6 on this server
2025-06-05T04:33:23.466Z [ERROR]: Cannot find /socket.io/?EIO=4&transport=polling&t=vsgzsoqu on this server
2025-06-05T04:33:30.398Z [ERROR]: Cannot find /socket.io/?EIO=4&transport=polling&t=vskv7qp0 on this server
2025-06-05T04:33:35.416Z [ERROR]: Cannot find /socket.io/?EIO=4&transport=polling&t=vsq7nv2f on this server
2025-06-05T04:33:40.442Z [ERROR]: Cannot find /socket.io/?EIO=4&transport=polling&t=vsu3cx1r on this server
2025-06-05T04:33:45.461Z [ERROR]: Cannot find /socket.io/?EIO=4&transport=polling&t=vsxyrxue on this server
2025-06-05T04:33:50.468Z [ERROR]: Cannot find /socket.io/?EIO=4&transport=polling&t=vt1ttvdr on this server
2025-06-05T04:33:55.486Z [ERROR]: Cannot find /socket.io/?EIO=4&transport=polling&t=vt5p8ptl on this server
2025-06-05T04:34:00.497Z [ERROR]: Cannot find /socket.io/?EIO=4&transport=polling&t=vt9kemvg on this server
2025-06-05T04:34:05.517Z [ERROR]: Cannot find /socket.io/?EIO=4&transport=polling&t=vtdfu0ej on this server
2025-06-05T04:34:10.533Z [ERROR]: Cannot find /socket.io/?EIO=4&transport=polling&t=vthb6quq on this server
2025-06-05T04:34:15.622Z [ERROR]: Cannot find /socket.io/?EIO=4&transport=polling&t=vtl8j02w on this server
2025-06-05T04:34:20.666Z [ERROR]: Cannot find /socket.io/?EIO=4&transport=polling&t=vtp4mjia on this server
2025-06-05T04:34:25.684Z [ERROR]: Cannot find /socket.io/?EIO=4&transport=polling&t=vtszzs7m on this server
2025-06-05T04:34:30.696Z [ERROR]: Cannot find /socket.io/?EIO=4&transport=polling&t=vtwv8vd2 on this server
2025-06-05T04:34:35.702Z [ERROR]: Cannot find /socket.io/?EIO=4&transport=polling&t=vu0qcnnb on this server
2025-06-05T04:34:40.716Z [ERROR]: Cannot find /socket.io/?EIO=4&transport=polling&t=vu4llqvd on this server
2025-06-05T04:34:45.726Z [ERROR]: Cannot find /socket.io/?EIO=4&transport=polling&t=vu8gq39g on this server
2025-06-05T04:34:50.744Z [ERROR]: Cannot find /socket.io/?EIO=4&transport=polling&t=vucc75x2 on this server
2025-06-05T04:34:55.757Z [ERROR]: Cannot find /socket.io/?EIO=4&transport=polling&t=vug7ch5x on this server
2025-06-05T04:35:00.777Z [ERROR]: Cannot find /socket.io/?EIO=4&transport=polling&t=vuk2uu4b on this server
2025-06-05T04:35:05.796Z [ERROR]: Cannot find /socket.io/?EIO=4&transport=polling&t=vuny9r6j on this server
2025-06-05T04:35:10.816Z [ERROR]: Cannot find /socket.io/?EIO=4&transport=polling&t=vurtqz8r on this server
2025-06-05T04:35:15.832Z [ERROR]: Cannot find /socket.io/?EIO=4&transport=polling&t=vuvp2eg2 on this server
2025-06-05T04:35:20.842Z [ERROR]: Cannot find /socket.io/?EIO=4&transport=polling&t=vuzk5sco on this server
2025-06-05T04:35:25.852Z [ERROR]: Cannot find /socket.io/?EIO=4&transport=polling&t=vv3fdrfm on this server
2025-06-05T04:35:30.872Z [ERROR]: Cannot find /socket.io/?EIO=4&transport=polling&t=vv7aswdb on this server
2025-06-05T04:35:35.891Z [ERROR]: Cannot find /socket.io/?EIO=4&transport=polling&t=vvb6a0qf on this server
2025-06-05T04:35:40.909Z [ERROR]: Cannot find /socket.io/?EIO=4&transport=polling&t=vvf1l77a on this server
2025-06-05T04:35:45.927Z [ERROR]: Cannot find /socket.io/?EIO=4&transport=polling&t=vviwz2e6 on this server
2025-06-05T04:35:50.949Z [ERROR]: Cannot find /socket.io/?EIO=4&transport=polling&t=vvmsisud on this server
2025-06-05T04:35:55.955Z [ERROR]: Cannot find /socket.io/?EIO=4&transport=polling&t=vvqnkkkw on this server
2025-06-05T04:36:00.968Z [ERROR]: Cannot find /socket.io/?EIO=4&transport=polling&t=vvuitlnf on this server
2025-06-05T04:36:05.984Z [ERROR]: Cannot find /socket.io/?EIO=4&transport=polling&t=vvye5k1z on this server
2025-06-05T04:36:10.997Z [ERROR]: Cannot find /socket.io/?EIO=4&transport=polling&t=vw29egok on this server
2025-06-05T04:36:16.012Z [ERROR]: Cannot find /socket.io/?EIO=4&transport=polling&t=vw64rxkk on this server
2025-06-05T04:36:21.020Z [ERROR]: Cannot find /socket.io/?EIO=4&transport=polling&t=vw9zrahx on this server
2025-06-05T04:36:26.351Z [ERROR]: Cannot find /socket.io/?EIO=4&transport=polling&t=vwe3xk1a on this server
2025-06-05T04:36:32.373Z [ERROR]: Cannot find /socket.io/?EIO=4&transport=polling&t=vwir04n6 on this server
2025-06-05T04:36:38.361Z [ERROR]: Cannot find /socket.io/?EIO=4&transport=polling&t=vwndec5o on this server
2025-06-05T04:36:43.387Z [ERROR]: Cannot find /socket.io/?EIO=4&transport=polling&t=vwr93p58 on this server
2025-06-05T04:36:48.398Z [ERROR]: Cannot find /socket.io/?EIO=4&transport=polling&t=vwv4bux0 on this server
2025-06-05T04:36:53.405Z [ERROR]: Cannot find /socket.io/?EIO=4&transport=polling&t=vwyzfmuz on this server
2025-06-05T04:37:00.680Z [ERROR]: Cannot find /socket.io/?EIO=4&transport=polling&t=vx4kepnl on this server
2025-06-05T04:37:01.502Z [ERROR]: Cannot find /socket.io/?EIO=4&transport=polling&t=vx58cnyx on this server
2025-06-05T04:37:04.293Z [ERROR]: Cannot find /socket.io/?EIO=4&transport=polling&t=vx7dr0fs on this server
2025-06-05T04:37:06.641Z [ERROR]: Cannot find /socket.io/?EIO=4&transport=polling&t=vx974w1l on this server
2025-06-05T04:37:11.655Z [ERROR]: Cannot find /socket.io/?EIO=4&transport=polling&t=vxd2cmoq on this server
2025-06-05T04:37:16.668Z [ERROR]: Cannot find /socket.io/?EIO=4&transport=polling&t=vxgxmoqb on this server
2025-06-05T04:37:21.689Z [ERROR]: Cannot find /socket.io/?EIO=4&transport=polling&t=vxkt2pst on this server
2025-06-05T04:37:26.701Z [ERROR]: Cannot find /socket.io/?EIO=4&transport=polling&t=vxoo8ufp on this server
2025-06-05T04:37:31.720Z [ERROR]: Cannot find /socket.io/?EIO=4&transport=polling&t=vxsjppzy on this server
2025-06-05T04:37:42.666Z [ERROR]: Cannot find /socket.io/?EIO=4&transport=polling&t=vy0yg172 on this server
2025-06-05T04:37:44.179Z [ERROR]: Cannot find /socket.io/?EIO=4&transport=polling&t=vy25uakc on this server
2025-06-05T04:37:45.953Z [ERROR]: Cannot find /socket.io/?EIO=4&transport=polling&t=vy3j4a27 on this server
2025-06-05T04:37:48.214Z [ERROR]: Cannot find /socket.io/?EIO=4&transport=polling&t=vy59x2hj on this server
2025-06-05T04:37:53.235Z [ERROR]: Cannot find /socket.io/?EIO=4&transport=polling&t=vy95cv0o on this server
2025-06-05T04:37:58.246Z [ERROR]: Cannot find /socket.io/?EIO=4&transport=polling&t=vyd0kyak on this server
2025-06-05T04:38:03.261Z [ERROR]: Cannot find /socket.io/?EIO=4&transport=polling&t=vygvvc3n on this server
2025-06-05T04:38:08.282Z [ERROR]: Cannot find /socket.io/?EIO=4&transport=polling&t=vykrb06j on this server
2025-06-05T04:38:13.296Z [ERROR]: Cannot find /socket.io/?EIO=4&transport=polling&t=vyommlcy on this server
2025-06-05T04:38:18.306Z [ERROR]: Cannot find /socket.io/?EIO=4&transport=polling&t=vyshss81 on this server
2025-06-05T04:38:23.326Z [ERROR]: Cannot find /socket.io/?EIO=4&transport=polling&t=vywd74xy on this server
2025-06-05T04:38:28.341Z [ERROR]: Cannot find /socket.io/?EIO=4&transport=polling&t=vz08j2lc on this server
2025-06-05T04:38:33.349Z [ERROR]: Cannot find /socket.io/?EIO=4&transport=polling&t=vz43n7xh on this server
2025-06-05T04:38:38.365Z [ERROR]: Cannot find /socket.io/?EIO=4&transport=polling&t=vz7yyv92 on this server
2025-06-05T04:38:43.383Z [ERROR]: Cannot find /socket.io/?EIO=4&transport=polling&t=vzbudisq on this server
2025-06-05T04:38:48.405Z [ERROR]: Cannot find /socket.io/?EIO=4&transport=polling&t=vzfpt2tl on this server
2025-06-05T04:38:53.424Z [ERROR]: Cannot find /socket.io/?EIO=4&transport=polling&t=vzjl9e6d on this server
2025-06-05T04:38:58.434Z [ERROR]: Cannot find /socket.io/?EIO=4&transport=polling&t=vzngfj91 on this server
2025-06-05T04:39:03.443Z [ERROR]: Cannot find /socket.io/?EIO=4&transport=polling&t=vzrbikyg on this server
2025-06-05T04:39:08.891Z [ERROR]: Cannot find /socket.io/?EIO=4&transport=polling&t=vzvi9vlu on this server
2025-06-05T04:39:13.909Z [ERROR]: Cannot find /socket.io/?EIO=4&transport=polling&t=vzzeb7q9 on this server
2025-06-05T04:39:18.913Z [ERROR]: Cannot find /socket.io/?EIO=4&transport=polling&t=w039bk91 on this server
2025-06-05T04:39:23.932Z [ERROR]: Cannot find /socket.io/?EIO=4&transport=polling&t=w074ovjz on this server
2025-06-05T04:39:28.941Z [ERROR]: Cannot find /socket.io/?EIO=4&transport=polling&t=w0azuzj3 on this server
2025-06-05T04:39:33.948Z [ERROR]: Cannot find /socket.io/?EIO=4&transport=polling&t=w0euzzjx on this server
2025-06-05T04:39:38.958Z [ERROR]: Cannot find /socket.io/?EIO=4&transport=polling&t=w0iq4jig on this server
2025-06-05T04:39:44.353Z [ERROR]: Cannot find /socket.io/?EIO=4&transport=polling&t=w0mvyhiz on this server
2025-06-05T04:39:50.359Z [ERROR]: Cannot find /socket.io/?EIO=4&transport=polling&t=w0riqn04 on this server
2025-06-05T04:39:56.352Z [ERROR]: Cannot find /socket.io/?EIO=4&transport=polling&t=w0w59kcg on this server
2025-06-05T04:40:01.368Z [ERROR]: Cannot find /socket.io/?EIO=4&transport=polling&t=w100l2mj on this server
2025-06-05T04:40:06.381Z [ERROR]: Cannot find /socket.io/?EIO=4&transport=polling&t=w13vwpuo on this server
2025-06-05T04:40:11.398Z [ERROR]: Cannot find /socket.io/?EIO=4&transport=polling&t=w17r78eh on this server
2025-06-05T04:40:16.413Z [ERROR]: Cannot find /socket.io/?EIO=4&transport=polling&t=w1bmjz23 on this server
2025-06-05T04:40:21.431Z [ERROR]: Cannot find /socket.io/?EIO=4&transport=polling&t=w1fhwof1 on this server
2025-06-05T04:40:26.451Z [ERROR]: Cannot find /socket.io/?EIO=4&transport=polling&t=w1jddujc on this server
2025-06-05T04:40:32.354Z [ERROR]: Cannot find /socket.io/?EIO=4&transport=polling&t=w1nxa11w on this server
2025-06-05T04:40:38.352Z [ERROR]: Cannot find /socket.io/?EIO=4&transport=polling&t=w1sjvhoy on this server
2025-06-05T04:40:44.353Z [ERROR]: Cannot find /socket.io/?EIO=4&transport=polling&t=w1x6llus on this server
2025-06-05T04:40:50.356Z [ERROR]: Cannot find /socket.io/?EIO=4&transport=polling&t=w21tchsn on this server
2025-06-05T04:40:56.358Z [ERROR]: Cannot find /socket.io/?EIO=4&transport=polling&t=w26fyxb0 on this server
2025-06-05T04:41:02.350Z [ERROR]: Cannot find /socket.io/?EIO=4&transport=polling&t=w2b2k5d6 on this server
2025-06-05T04:41:08.359Z [ERROR]: Cannot find /socket.io/?EIO=4&transport=polling&t=w2fpe8ha on this server
2025-06-05T04:41:14.345Z [ERROR]: Cannot find /socket.io/?EIO=4&transport=polling&t=w2kbq5db on this server
2025-06-05T04:41:20.346Z [ERROR]: Cannot find /socket.io/?EIO=4&transport=polling&t=w2oygb7w on this server
2025-06-05T04:41:26.361Z [ERROR]: Cannot find /socket.io/?EIO=4&transport=polling&t=w2tlgcfi on this server
2025-06-05T04:41:32.362Z [ERROR]: Cannot find /socket.io/?EIO=4&transport=polling&t=w2y84zzy on this server
2025-06-05T04:41:38.354Z [ERROR]: Cannot find /socket.io/?EIO=4&transport=polling&t=w32uogzr on this server
2025-06-05T04:41:44.355Z [ERROR]: Cannot find /socket.io/?EIO=4&transport=polling&t=w37hdmme on this server
2025-06-05T04:41:50.349Z [ERROR]: Cannot find /socket.io/?EIO=4&transport=polling&t=w3c3s3tc on this server
2025-06-05T04:41:56.349Z [ERROR]: Cannot find /socket.io/?EIO=4&transport=polling&t=w3gqg3hr on this server
2025-06-05T04:42:02.357Z [ERROR]: Cannot find /socket.io/?EIO=4&transport=polling&t=w3lddmbg on this server
2025-06-05T04:42:08.359Z [ERROR]: Cannot find /socket.io/?EIO=4&transport=polling&t=w3q05s93 on this server
2025-06-05T04:42:14.344Z [ERROR]: Cannot find /socket.io/?EIO=4&transport=polling&t=w3umekd0 on this server
2025-06-05T04:42:20.354Z [ERROR]: Cannot find /socket.io/?EIO=4&transport=polling&t=w3z9bqed on this server
2025-06-05T04:42:26.359Z [ERROR]: Cannot find /socket.io/?EIO=4&transport=polling&t=w43w2fqp on this server
2025-06-05T04:42:32.357Z [ERROR]: Cannot find /socket.io/?EIO=4&transport=polling&t=w48iph8d on this server
2025-06-05T04:42:38.353Z [ERROR]: Cannot find /socket.io/?EIO=4&transport=polling&t=w4d591cv on this server
2025-06-05T04:42:44.361Z [ERROR]: Cannot find /socket.io/?EIO=4&transport=polling&t=w4hs4gzs on this server
2025-06-05T04:42:50.354Z [ERROR]: Cannot find /socket.io/?EIO=4&transport=polling&t=w4meoddm on this server
2025-06-05T04:42:56.355Z [ERROR]: Cannot find /socket.io/?EIO=4&transport=polling&t=w4r1d41z on this server
2025-06-05T04:43:02.351Z [ERROR]: Cannot find /socket.io/?EIO=4&transport=polling&t=w4vnwvuk on this server
2025-06-05T04:43:08.358Z [ERROR]: Cannot find /socket.io/?EIO=4&transport=polling&t=w50aretf on this server
2025-06-05T04:43:14.363Z [ERROR]: Cannot find /socket.io/?EIO=4&transport=polling&t=w54xgqll on this server
2025-06-05T04:43:19.382Z [ERROR]: Cannot find /socket.io/?EIO=4&transport=polling&t=w58t1ke1 on this server
2025-06-05T04:43:24.390Z [ERROR]: Cannot find /socket.io/?EIO=4&transport=polling&t=w5co2j3h on this server
2025-06-05T04:43:29.399Z [ERROR]: Cannot find /socket.io/?EIO=4&transport=polling&t=w5gj960y on this server
2025-06-05T04:43:34.414Z [ERROR]: Cannot find /socket.io/?EIO=4&transport=polling&t=w5kehjfm on this server
2025-06-05T04:43:39.436Z [ERROR]: Cannot find /socket.io/?EIO=4&transport=polling&t=w5oa2g9u on this server
2025-06-05T04:43:44.445Z [ERROR]: Cannot find /socket.io/?EIO=4&transport=polling&t=w5s56a01 on this server
2025-06-05T04:43:49.464Z [ERROR]: Cannot find /socket.io/?EIO=4&transport=polling&t=w5w0mlb8 on this server
2025-06-05T04:43:54.482Z [ERROR]: Cannot find /socket.io/?EIO=4&transport=polling&t=w5zvxeyp on this server
2025-06-05T04:43:59.499Z [ERROR]: Cannot find /socket.io/?EIO=4&transport=polling&t=w63rbnva on this server
2025-06-05T04:44:04.511Z [ERROR]: Cannot find /socket.io/?EIO=4&transport=polling&t=w67mknqx on this server
2025-06-05T04:44:10.347Z [ERROR]: Cannot find /socket.io/?EIO=4&transport=polling&t=w6c4ppyt on this server
2025-06-05T04:44:16.355Z [ERROR]: Cannot find /socket.io/?EIO=4&transport=polling&t=w6grlr8z on this server
2025-06-05T04:44:22.357Z [ERROR]: Cannot find /socket.io/?EIO=4&transport=polling&t=w6le8ub1 on this server
2025-06-05T04:44:42.052Z [ERROR]: Cannot find /socket.io/?EIO=4&transport=polling&t=w70k27yw on this server
2025-06-05T04:44:43.390Z [ERROR]: Cannot find /socket.io/?EIO=4&transport=polling&t=w71mlz38 on this server
2025-06-05T04:44:44.711Z [ERROR]: Cannot find /socket.io/?EIO=4&transport=polling&t=w72n9vrn on this server
2025-06-05T04:44:49.721Z [ERROR]: Cannot find /socket.io/?EIO=4&transport=polling&t=w76iflsh on this server
2025-06-05T04:44:54.733Z [ERROR]: Cannot find /socket.io/?EIO=4&transport=polling&t=w7adnibf on this server
2025-06-05T04:44:59.739Z [ERROR]: Cannot find /socket.io/?EIO=4&transport=polling&t=w7e8qixa on this server
2025-06-05T04:45:04.765Z [ERROR]: Cannot find /socket.io/?EIO=4&transport=polling&t=w7i47tkt on this server
2025-06-05T04:45:09.778Z [ERROR]: Cannot find /socket.io/?EIO=4&transport=polling&t=w7lzkksz on this server
2025-06-05T04:45:14.797Z [ERROR]: Cannot find /socket.io/?EIO=4&transport=polling&t=w7pux2vq on this server
2025-06-05T04:45:19.809Z [ERROR]: Cannot find /socket.io/?EIO=4&transport=polling&t=w7tq85rk on this server
2025-06-05T04:45:24.820Z [ERROR]: Cannot find /socket.io/?EIO=4&transport=polling&t=w7xlc9hp on this server
2025-06-05T04:45:29.827Z [ERROR]: Cannot find /socket.io/?EIO=4&transport=polling&t=w81ghyt9 on this server
2025-06-05T04:45:34.843Z [ERROR]: Cannot find /socket.io/?EIO=4&transport=polling&t=w85brurb on this server
2025-06-05T04:45:39.862Z [ERROR]: Cannot find /socket.io/?EIO=4&transport=polling&t=w8978v8s on this server
2025-06-05T04:45:44.875Z [ERROR]: Cannot find /socket.io/?EIO=4&transport=polling&t=w8d2iz7p on this server
2025-06-05T04:45:49.891Z [ERROR]: Cannot find /socket.io/?EIO=4&transport=polling&t=w8gxsvyp on this server
2025-06-05T04:45:54.909Z [ERROR]: Cannot find /socket.io/?EIO=4&transport=polling&t=w8kt8v6g on this server
2025-06-05T04:45:59.921Z [ERROR]: Cannot find /socket.io/?EIO=4&transport=polling&t=w8ooe5a8 on this server
2025-06-05T04:46:05.354Z [ERROR]: Cannot find /socket.io/?EIO=4&transport=polling&t=w8sv8vlq on this server
2025-06-05T04:46:11.345Z [ERROR]: Cannot find /socket.io/?EIO=4&transport=polling&t=w8xhqt9k on this server
2025-06-05T04:46:17.357Z [ERROR]: Cannot find /socket.io/?EIO=4&transport=polling&t=w924mn5l on this server
2025-06-05T04:46:23.350Z [ERROR]: Cannot find /socket.io/?EIO=4&transport=polling&t=w96r5tc3 on this server
2025-06-05T04:46:29.347Z [ERROR]: Cannot find /socket.io/?EIO=4&transport=polling&t=w9bdqlgr on this server
2025-06-05T04:46:35.354Z [ERROR]: Cannot find /socket.io/?EIO=4&transport=polling&t=w9g0k62h on this server
2025-06-05T04:46:41.349Z [ERROR]: Cannot find /socket.io/?EIO=4&transport=polling&t=w9kn32ai on this server
2025-06-05T04:46:46.362Z [ERROR]: Cannot find /socket.io/?EIO=4&transport=polling&t=w9oiett6 on this server
2025-06-05T04:46:52.362Z [ERROR]: Cannot find /socket.io/?EIO=4&transport=polling&t=w9t4y4ey on this server
2025-06-05T04:46:58.360Z [ERROR]: Cannot find /socket.io/?EIO=4&transport=polling&t=w9xrnha3 on this server
2025-06-05T04:47:04.354Z [ERROR]: Cannot find /socket.io/?EIO=4&transport=polling&t=wa2e8n68 on this server
2025-06-05T04:47:10.359Z [ERROR]: Cannot find /socket.io/?EIO=4&transport=polling&t=wa710loz on this server
2025-06-05T04:47:16.347Z [ERROR]: Cannot find /socket.io/?EIO=4&transport=polling&t=wabnc2qn on this server
2025-06-05T04:47:22.354Z [ERROR]: Cannot find /socket.io/?EIO=4&transport=polling&t=waga8h3v on this server
2025-06-05T04:47:28.349Z [ERROR]: Cannot find /socket.io/?EIO=4&transport=polling&t=wakwrp86 on this server
2025-06-05T04:47:34.358Z [ERROR]: Cannot find /socket.io/?EIO=4&transport=polling&t=wapjmof3 on this server
2025-06-05T04:47:40.344Z [ERROR]: Cannot find /socket.io/?EIO=4&transport=polling&t=wau5xc6o on this server
2025-06-05T04:47:46.346Z [ERROR]: Cannot find /socket.io/?EIO=4&transport=polling&t=wayso1fk on this server
2025-06-05T04:47:52.352Z [ERROR]: Cannot find /socket.io/?EIO=4&transport=polling&t=wb3fhrz7 on this server
2025-06-05T04:47:58.356Z [ERROR]: Cannot find /socket.io/?EIO=4&transport=polling&t=wb829zlx on this server
2025-06-05T04:48:04.353Z [ERROR]: Cannot find /socket.io/?EIO=4&transport=polling&t=wbcos9h9 on this server
2025-06-05T04:48:10.358Z [ERROR]: Cannot find /socket.io/?EIO=4&transport=polling&t=wbhbonly on this server
2025-06-05T04:48:16.355Z [ERROR]: Cannot find /socket.io/?EIO=4&transport=polling&t=wbly9nu3 on this server
2025-06-05T04:48:22.357Z [ERROR]: Cannot find /socket.io/?EIO=4&transport=polling&t=wbqkz3is on this server
2025-06-05T04:48:28.348Z [ERROR]: Cannot find /socket.io/?EIO=4&transport=polling&t=wbv7dbyy on this server
2025-06-05T04:48:34.345Z [ERROR]: Cannot find /socket.io/?EIO=4&transport=polling&t=wbztxldj on this server
2025-06-05T04:48:40.346Z [ERROR]: Cannot find /socket.io/?EIO=4&transport=polling&t=wc4go4mt on this server
2025-06-05T04:48:46.348Z [ERROR]: Cannot find /socket.io/?EIO=4&transport=polling&t=wc93db9d on this server
2025-06-05T04:48:52.355Z [ERROR]: Cannot find /socket.io/?EIO=4&transport=polling&t=wcdq9koq on this server
2025-06-05T04:48:58.345Z [ERROR]: Cannot find /socket.io/?EIO=4&transport=polling&t=wcicmmnx on this server
2025-06-05T04:49:04.350Z [ERROR]: Cannot find /socket.io/?EIO=4&transport=polling&t=wcmzf7sq on this server
2025-06-05T04:49:10.345Z [ERROR]: Cannot find /socket.io/?EIO=4&transport=polling&t=wcrlyhk6 on this server
2025-06-05T04:49:16.346Z [ERROR]: Cannot find /socket.io/?EIO=4&transport=polling&t=wcw8o51o on this server
2025-06-05T04:49:21.356Z [ERROR]: Cannot find /socket.io/?EIO=4&transport=polling&t=wd03tkyq on this server
2025-06-05T04:49:27.355Z [ERROR]: Cannot find /socket.io/?EIO=4&transport=polling&t=wd4qhbdc on this server
2025-06-05T04:49:33.347Z [ERROR]: Cannot find /socket.io/?EIO=4&transport=polling&t=wd9cx0ax on this server
2025-06-05T04:49:39.346Z [ERROR]: Cannot find /socket.io/?EIO=4&transport=polling&t=wddzknw9 on this server
2025-06-05T04:49:45.357Z [ERROR]: Cannot find /socket.io/?EIO=4&transport=polling&t=wdimjd14 on this server
2025-06-05T04:49:51.347Z [ERROR]: Cannot find /socket.io/?EIO=4&transport=polling&t=wdn8wzag on this server
2025-06-05T04:49:57.345Z [ERROR]: Cannot find /socket.io/?EIO=4&transport=polling&t=wdrvjc4p on this server
2025-06-05T04:50:03.354Z [ERROR]: Cannot find /socket.io/?EIO=4&transport=polling&t=wdwig97a on this server
2025-06-05T04:50:09.345Z [ERROR]: Cannot find /socket.io/?EIO=4&transport=polling&t=we14vzcv on this server
2025-06-05T04:50:15.343Z [ERROR]: Cannot find /socket.io/?EIO=4&transport=polling&t=we5rhhip on this server
2025-06-05T04:50:21.358Z [ERROR]: Cannot find /socket.io/?EIO=4&transport=polling&t=weaek5kw on this server
2025-06-05T04:50:27.357Z [ERROR]: Cannot find /socket.io/?EIO=4&transport=polling&t=wef172uu on this server
2025-06-05T04:50:33.353Z [ERROR]: Cannot find /socket.io/?EIO=4&transport=polling&t=wejnr32q on this server
2025-06-05T04:50:39.356Z [ERROR]: Cannot find /socket.io/?EIO=4&transport=polling&t=weoae10b on this server
2025-06-05T04:50:45.353Z [ERROR]: Cannot find /socket.io/?EIO=4&transport=polling&t=wesx2mzm on this server
2025-06-05T04:50:51.354Z [ERROR]: Cannot find /socket.io/?EIO=4&transport=polling&t=wexjr9uc on this server
2025-06-05T04:50:57.348Z [ERROR]: Cannot find /socket.io/?EIO=4&transport=polling&t=wf26aq3s on this server
2025-06-05T04:51:03.358Z [ERROR]: Cannot find /socket.io/?EIO=4&transport=polling&t=wf6t62bm on this server
2025-06-05T04:51:09.357Z [ERROR]: Cannot find /socket.io/?EIO=4&transport=polling&t=wfbfu73k on this server
2025-06-05T04:51:15.349Z [ERROR]: Cannot find /socket.io/?EIO=4&transport=polling&t=wfg2a4os on this server
2025-06-05T04:51:21.358Z [ERROR]: Cannot find /socket.io/?EIO=4&transport=polling&t=wfkp7kh2 on this server
2025-06-05T04:51:27.345Z [ERROR]: Cannot find /socket.io/?EIO=4&transport=polling&t=wfpbi190 on this server
2025-06-05T04:51:33.347Z [ERROR]: Cannot find /socket.io/?EIO=4&transport=polling&t=wfty97gc on this server
2025-06-05T04:51:39.358Z [ERROR]: Cannot find /socket.io/?EIO=4&transport=polling&t=wfyl6weg on this server
2025-06-05T04:51:45.352Z [ERROR]: Cannot find /socket.io/?EIO=4&transport=polling&t=wg37o5ii on this server
2025-06-05T04:51:51.358Z [ERROR]: Cannot find /socket.io/?EIO=4&transport=polling&t=wg7ujto8 on this server
2025-06-05T04:51:57.346Z [ERROR]: Cannot find /socket.io/?EIO=4&transport=polling&t=wgcgwe0z on this server
2025-06-05T04:52:03.354Z [ERROR]: Cannot find /socket.io/?EIO=4&transport=polling&t=wgh3rrdp on this server
2025-06-05T04:52:09.351Z [ERROR]: Cannot find /socket.io/?EIO=4&transport=polling&t=wglqcyn8 on this server
2025-06-05T04:52:15.348Z [ERROR]: Cannot find /socket.io/?EIO=4&transport=polling&t=wgqcxezg on this server
2025-06-05T04:52:21.354Z [ERROR]: Cannot find /socket.io/?EIO=4&transport=polling&t=wguzrxlu on this server
2025-06-05T04:52:27.360Z [ERROR]: Cannot find /socket.io/?EIO=4&transport=polling&t=wgzmlggy on this server
2025-06-05T04:52:33.345Z [ERROR]: Cannot find /socket.io/?EIO=4&transport=polling&t=wh48untm on this server
2025-06-05T04:52:39.350Z [ERROR]: Cannot find /socket.io/?EIO=4&transport=polling&t=wh8vob6k on this server
2025-06-05T04:52:45.351Z [ERROR]: Cannot find /socket.io/?EIO=4&transport=polling&t=whdic9cr on this server
2025-06-05T04:52:51.350Z [ERROR]: Cannot find /socket.io/?EIO=4&transport=polling&t=whi504b9 on this server
2025-06-05T04:52:57.356Z [ERROR]: Cannot find /socket.io/?EIO=4&transport=polling&t=whmrt2ws on this server
2025-06-05T04:53:03.345Z [ERROR]: Cannot find /socket.io/?EIO=4&transport=polling&t=whre653x on this server
2025-06-05T04:53:09.355Z [ERROR]: Cannot find /socket.io/?EIO=4&transport=polling&t=whw15qid on this server
2025-06-05T04:53:15.355Z [ERROR]: Cannot find /socket.io/?EIO=4&transport=polling&t=wi0nr88h on this server
2025-06-05T04:53:21.348Z [ERROR]: Cannot find /socket.io/?EIO=4&transport=polling&t=wi5a7tf9 on this server
2025-06-05T04:53:27.346Z [ERROR]: Cannot find /socket.io/?EIO=4&transport=polling&t=wi9wvh08 on this server
2025-06-05T04:53:33.350Z [ERROR]: Cannot find /socket.io/?EIO=4&transport=polling&t=wiejoqtj on this server
2025-06-05T04:53:39.361Z [ERROR]: Cannot find /socket.io/?EIO=4&transport=polling&t=wij6kial on this server
2025-06-05T04:53:45.360Z [ERROR]: Cannot find /socket.io/?EIO=4&transport=polling&t=wint7fch on this server
2025-06-05T04:53:51.346Z [ERROR]: Cannot find /socket.io/?EIO=4&transport=polling&t=wisfis4b on this server
2025-06-05T04:53:57.350Z [ERROR]: Cannot find /socket.io/?EIO=4&transport=polling&t=wix2ak6y on this server
2025-06-05T04:54:03.350Z [ERROR]: Cannot find /socket.io/?EIO=4&transport=polling&t=wj1oyip1 on this server
2025-06-05T04:54:09.344Z [ERROR]: Cannot find /socket.io/?EIO=4&transport=polling&t=wj6bip5w on this server
2025-06-05T04:54:15.352Z [ERROR]: Cannot find /socket.io/?EIO=4&transport=polling&t=wjaycmws on this server
2025-06-05T04:54:21.355Z [ERROR]: Cannot find /socket.io/?EIO=4&transport=polling&t=wjfl3v57 on this server
2025-06-05T04:54:27.347Z [ERROR]: Cannot find /socket.io/?EIO=4&transport=polling&t=wjk7i1dz on this server
2025-06-05T04:54:33.349Z [ERROR]: Cannot find /socket.io/?EIO=4&transport=polling&t=wjouawqa on this server
2025-06-05T04:54:39.350Z [ERROR]: Cannot find /socket.io/?EIO=4&transport=polling&t=wjtgxc1i on this server
2025-06-05T04:54:45.349Z [ERROR]: Cannot find /socket.io/?EIO=4&transport=polling&t=wjy3mna2 on this server
2025-06-05T04:54:51.352Z [ERROR]: Cannot find /socket.io/?EIO=4&transport=polling&t=wk2qd68f on this server
2025-06-05T04:54:57.353Z [ERROR]: Cannot find /socket.io/?EIO=4&transport=polling&t=wk7cz6j8 on this server
2025-06-05T04:55:03.355Z [ERROR]: Cannot find /socket.io/?EIO=4&transport=polling&t=wkbztln3 on this server
2025-06-05T04:55:09.355Z [ERROR]: Cannot find /socket.io/?EIO=4&transport=polling&t=wkgmehpm on this server
2025-06-05T04:55:15.348Z [ERROR]: Cannot find /socket.io/?EIO=4&transport=polling&t=wkl8v6pm on this server
2025-06-05T04:55:21.348Z [ERROR]: Cannot find /socket.io/?EIO=4&transport=polling&t=wkpvlnjx on this server
2025-06-05T04:55:27.346Z [ERROR]: Cannot find /socket.io/?EIO=4&transport=polling&t=wkui7m26 on this server
2025-06-05T04:55:33.353Z [ERROR]: Cannot find /socket.io/?EIO=4&transport=polling&t=wkz51vk6 on this server
2025-06-05T04:55:39.359Z [ERROR]: Cannot find /socket.io/?EIO=4&transport=polling&t=wl3rvh2b on this server
2025-06-05T04:55:45.347Z [ERROR]: Cannot find /socket.io/?EIO=4&transport=polling&t=wl8e7qfo on this server
2025-06-05T04:55:51.352Z [ERROR]: Cannot find /socket.io/?EIO=4&transport=polling&t=wld125e2 on this server
2025-06-05T04:55:57.347Z [ERROR]: Cannot find /socket.io/?EIO=4&transport=polling&t=wlhnk2yj on this server
2025-06-05T04:56:03.354Z [ERROR]: Cannot find /socket.io/?EIO=4&transport=polling&t=wlmaf4k2 on this server
2025-06-05T04:56:09.351Z [ERROR]: Cannot find /socket.io/?EIO=4&transport=polling&t=wlqx0ss2 on this server
2025-06-05T04:56:15.347Z [ERROR]: Cannot find /socket.io/?EIO=4&transport=polling&t=wlvjk4aw on this server
2025-06-05T04:56:21.353Z [ERROR]: Cannot find /socket.io/?EIO=4&transport=polling&t=wm06enaj on this server
2025-06-05T04:56:27.358Z [ERROR]: Cannot find /socket.io/?EIO=4&transport=polling&t=wm4t7an0 on this server
2025-06-05T04:56:33.348Z [ERROR]: Cannot find /socket.io/?EIO=4&transport=polling&t=wm9flhag on this server
2025-06-05T04:56:39.351Z [ERROR]: Cannot find /socket.io/?EIO=4&transport=polling&t=wme2c7ua on this server
2025-06-05T04:56:45.354Z [ERROR]: Cannot find /socket.io/?EIO=4&transport=polling&t=wmip3mjv on this server
2025-06-05T04:56:51.358Z [ERROR]: Cannot find /socket.io/?EIO=4&transport=polling&t=wmnbtgh9 on this server
2025-06-05T04:56:57.357Z [ERROR]: Cannot find /socket.io/?EIO=4&transport=polling&t=wmryjz75 on this server
2025-06-05T04:57:03.350Z [ERROR]: Cannot find /socket.io/?EIO=4&transport=polling&t=wmwkzp3g on this server
2025-06-05T04:57:09.353Z [ERROR]: Cannot find /socket.io/?EIO=4&transport=polling&t=wn17p9c9 on this server
2025-06-05T04:57:15.348Z [ERROR]: Cannot find /socket.io/?EIO=4&transport=polling&t=wn5u8glh on this server
2025-06-05T04:57:21.349Z [ERROR]: Cannot find /socket.io/?EIO=4&transport=polling&t=wnagz8kn on this server
2025-06-05T04:57:27.361Z [ERROR]: Cannot find /socket.io/?EIO=4&transport=polling&t=wnf3ub66 on this server
2025-06-05T04:57:33.360Z [ERROR]: Cannot find /socket.io/?EIO=4&transport=polling&t=wnjqjahf on this server
2025-06-05T04:57:39.359Z [ERROR]: Cannot find /socket.io/?EIO=4&transport=polling&t=wnod6a6c on this server
2025-06-05T04:57:45.356Z [ERROR]: Cannot find /socket.io/?EIO=4&transport=polling&t=wnszpc1q on this server
2025-06-05T04:57:51.355Z [ERROR]: Cannot find /socket.io/?EIO=4&transport=polling&t=wnxmgt8t on this server
2025-06-05T04:57:57.354Z [ERROR]: Cannot find /socket.io/?EIO=4&transport=polling&t=wo290dvy on this server
2025-06-05T04:58:03.350Z [ERROR]: Cannot find /socket.io/?EIO=4&transport=polling&t=wo6vnk29 on this server
2025-06-05T04:58:08.360Z [ERROR]: Cannot find /socket.io/?EIO=4&transport=polling&t=woaqrqjp on this server
2025-06-05T04:58:14.350Z [ERROR]: Cannot find /socket.io/?EIO=4&transport=polling&t=wofd2w7i on this server
2025-06-05T04:58:20.348Z [ERROR]: Cannot find /socket.io/?EIO=4&transport=polling&t=wojztvd1 on this server
2025-06-05T04:58:26.357Z [ERROR]: Cannot find /socket.io/?EIO=4&transport=polling&t=woomqxwt on this server
2025-06-05T04:58:32.354Z [ERROR]: Cannot find /socket.io/?EIO=4&transport=polling&t=wot994a8 on this server
2025-06-05T04:58:38.350Z [ERROR]: Cannot find /socket.io/?EIO=4&transport=polling&t=woxvv7vz on this server
2025-06-05T04:58:44.358Z [ERROR]: Cannot find /socket.io/?EIO=4&transport=polling&t=wp2isy2z on this server
2025-06-05T04:58:50.348Z [ERROR]: Cannot find /socket.io/?EIO=4&transport=polling&t=wp751kve on this server
2025-06-05T04:58:56.359Z [ERROR]: Cannot find /socket.io/?EIO=4&transport=polling&t=wpbs3nq1 on this server
2025-06-05T04:59:02.349Z [ERROR]: Cannot find /socket.io/?EIO=4&transport=polling&t=wpgei3ir on this server
2025-06-05T04:59:08.355Z [ERROR]: Cannot find /socket.io/?EIO=4&transport=polling&t=wpl1b4gu on this server
2025-06-05T04:59:14.352Z [ERROR]: Cannot find /socket.io/?EIO=4&transport=polling&t=wppnx1xo on this server
2025-06-05T04:59:20.361Z [ERROR]: Cannot find /socket.io/?EIO=4&transport=polling&t=wpuar4v7 on this server
2025-06-05T04:59:26.357Z [ERROR]: Cannot find /socket.io/?EIO=4&transport=polling&t=wpyxdh1m on this server
2025-06-05T04:59:32.362Z [ERROR]: Cannot find /socket.io/?EIO=4&transport=polling&t=wq3k538u on this server
2025-06-05T04:59:38.350Z [ERROR]: Cannot find /socket.io/?EIO=4&transport=polling&t=wq86ia5t on this server
2025-06-05T04:59:44.359Z [ERROR]: Cannot find /socket.io/?EIO=4&transport=polling&t=wqctg3j0 on this server
2025-06-05T04:59:50.350Z [ERROR]: Cannot find /socket.io/?EIO=4&transport=polling&t=wqhfvz82 on this server
2025-06-05T04:59:56.354Z [ERROR]: Cannot find /socket.io/?EIO=4&transport=polling&t=wqm2n3mj on this server
2025-06-05T05:00:02.351Z [ERROR]: Cannot find /socket.io/?EIO=4&transport=polling&t=wqqp8x1b on this server
2025-06-05T05:00:08.354Z [ERROR]: Cannot find /socket.io/?EIO=4&transport=polling&t=wqvbze0t on this server
2025-06-05T05:00:14.347Z [ERROR]: Cannot find /socket.io/?EIO=4&transport=polling&t=wqzyhkit on this server
2025-06-05T05:00:20.355Z [ERROR]: Cannot find /socket.io/?EIO=4&transport=polling&t=wr4ldppv on this server
2025-06-05T05:00:26.357Z [ERROR]: Cannot find /socket.io/?EIO=4&transport=polling&t=wr982e1g on this server
2025-06-05T05:00:32.352Z [ERROR]: Cannot find /socket.io/?EIO=4&transport=polling&t=wrdukydm on this server
2025-06-05T05:00:38.356Z [ERROR]: Cannot find /socket.io/?EIO=4&transport=polling&t=wrihdug9 on this server
2025-06-05T05:00:44.354Z [ERROR]: Cannot find /socket.io/?EIO=4&transport=polling&t=wrn403p4 on this server
2025-06-05T05:00:50.359Z [ERROR]: Cannot find /socket.io/?EIO=4&transport=polling&t=wrrqsjam on this server
2025-06-05T05:00:56.349Z [ERROR]: Cannot find /socket.io/?EIO=4&transport=polling&t=wrwd4wig on this server
2025-06-05T05:01:02.347Z [ERROR]: Cannot find /socket.io/?EIO=4&transport=polling&t=ws0zrcgz on this server
2025-06-05T05:01:08.352Z [ERROR]: Cannot find /socket.io/?EIO=4&transport=polling&t=ws5mkusb on this server
2025-06-05T05:01:14.352Z [ERROR]: Cannot find /socket.io/?EIO=4&transport=polling&t=wsa99ok5 on this server
2025-06-05T05:01:20.347Z [ERROR]: Cannot find /socket.io/?EIO=4&transport=polling&t=wsevr8i6 on this server
2025-06-05T05:01:26.354Z [ERROR]: Cannot find /socket.io/?EIO=4&transport=polling&t=wsjin8uj on this server
2025-06-05T05:01:32.357Z [ERROR]: Cannot find /socket.io/?EIO=4&transport=polling&t=wso5e1ls on this server
2025-06-05T05:01:38.349Z [ERROR]: Cannot find /socket.io/?EIO=4&transport=polling&t=wssrufwi on this server
2025-06-05T05:01:44.351Z [ERROR]: Cannot find /socket.io/?EIO=4&transport=polling&t=wsxejhdq on this server
2025-06-05T05:01:50.346Z [ERROR]: Cannot find /socket.io/?EIO=4&transport=polling&t=wt21346z on this server
2025-06-05T05:01:56.351Z [ERROR]: Cannot find /socket.io/?EIO=4&transport=polling&t=wt6nwd9u on this server
2025-06-05T05:02:02.358Z [ERROR]: Cannot find /socket.io/?EIO=4&transport=polling&t=wtbarhv7 on this server
2025-06-05T05:02:08.350Z [ERROR]: Cannot find /socket.io/?EIO=4&transport=polling&t=wtfx7h3g on this server
2025-06-05T05:02:14.357Z [ERROR]: Cannot find /socket.io/?EIO=4&transport=polling&t=wtkk4pc3 on this server
2025-06-05T05:02:20.351Z [ERROR]: Cannot find /socket.io/?EIO=4&transport=polling&t=wtp6l1cm on this server
2025-06-05T05:02:26.352Z [ERROR]: Cannot find /socket.io/?EIO=4&transport=polling&t=wttt9fz1 on this server
2025-06-05T05:02:32.357Z [ERROR]: Cannot find /socket.io/?EIO=4&transport=polling&t=wtyfznkn on this server
2025-06-05T05:02:38.348Z [ERROR]: Cannot find /socket.io/?EIO=4&transport=polling&t=wu32g9h3 on this server
2025-06-05T05:02:44.352Z [ERROR]: Cannot find /socket.io/?EIO=4&transport=polling&t=wu7p7ha3 on this server
2025-06-05T05:02:50.356Z [ERROR]: Cannot find /socket.io/?EIO=4&transport=polling&t=wucc27v5 on this server
2025-06-05T05:02:56.351Z [ERROR]: Cannot find /socket.io/?EIO=4&transport=polling&t=wugyi0s3 on this server
2025-06-05T05:03:02.352Z [ERROR]: Cannot find /socket.io/?EIO=4&transport=polling&t=wull9tki on this server
2025-06-05T05:03:08.355Z [ERROR]: Cannot find /socket.io/?EIO=4&transport=polling&t=wuq80r0v on this server
2025-06-05T05:03:14.350Z [ERROR]: Cannot find /socket.io/?EIO=4&transport=polling&t=wuuujvzk on this server
2025-06-05T05:03:20.348Z [ERROR]: Cannot find /socket.io/?EIO=4&transport=polling&t=wuzh629z on this server
2025-06-05T05:03:25.829Z [ERROR]: Cannot find /socket.io/?EIO=4&transport=polling&t=wv3o4vjb on this server
2025-06-05T05:03:30.933Z [ERROR]: Cannot find /socket.io/?EIO=4&transport=polling&t=wv7n8mv9 on this server
2025-06-05T05:03:35.951Z [ERROR]: Cannot find /socket.io/?EIO=4&transport=polling&t=wvbiltaq on this server
2025-06-05T05:03:41.353Z [ERROR]: Cannot find /socket.io/?EIO=4&transport=polling&t=wvfogo3a on this server
2025-06-05T05:03:46.368Z [ERROR]: Cannot find /socket.io/?EIO=4&transport=polling&t=wvjjvyz3 on this server
2025-06-05T05:03:51.385Z [ERROR]: Cannot find /socket.io/?EIO=4&transport=polling&t=wvnfa0pk on this server
2025-06-05T05:03:56.392Z [ERROR]: Cannot find /socket.io/?EIO=4&transport=polling&t=wvrackjk on this server
2025-06-05T05:04:01.397Z [ERROR]: Cannot find /socket.io/?EIO=4&transport=polling&t=wvv5f8oz on this server
2025-06-05T05:04:06.412Z [ERROR]: Cannot find /socket.io/?EIO=4&transport=polling&t=wvz0pz78 on this server
2025-06-05T05:04:11.420Z [ERROR]: Cannot find /socket.io/?EIO=4&transport=polling&t=ww2vuksd on this server
2025-06-05T05:04:16.429Z [ERROR]: Cannot find /socket.io/?EIO=4&transport=polling&t=ww6qykel on this server
2025-06-05T05:04:21.435Z [ERROR]: Cannot find /socket.io/?EIO=4&transport=polling&t=wwalz0a3 on this server
2025-06-05T05:04:26.455Z [ERROR]: Cannot find /socket.io/?EIO=4&transport=polling&t=wwehh9of on this server
2025-06-05T05:04:32.358Z [ERROR]: Cannot find /socket.io/?EIO=4&transport=polling&t=wwj1eavb on this server
2025-06-05T05:04:38.347Z [ERROR]: Cannot find /socket.io/?EIO=4&transport=polling&t=wwnntc9d on this server
2025-06-05T05:04:44.354Z [ERROR]: Cannot find /socket.io/?EIO=4&transport=polling&t=wwsal15e on this server
2025-06-05T05:04:50.354Z [ERROR]: Cannot find /socket.io/?EIO=4&transport=polling&t=wwwx52fr on this server
2025-06-05T05:04:56.354Z [ERROR]: Cannot find /socket.io/?EIO=4&transport=polling&t=wx1k08nu on this server
2025-06-05T05:05:02.345Z [ERROR]: Cannot find /socket.io/?EIO=4&transport=polling&t=wx66f5nc on this server
2025-06-05T05:05:08.356Z [ERROR]: Cannot find /socket.io/?EIO=4&transport=polling&t=wxatd9l9 on this server
2025-06-05T05:05:14.351Z [ERROR]: Cannot find /socket.io/?EIO=4&transport=polling&t=wxffyhtn on this server
2025-06-05T05:05:20.350Z [ERROR]: Cannot find /socket.io/?EIO=4&transport=polling&t=wxk2g2vl on this server
2025-06-05T05:05:26.354Z [ERROR]: Cannot find /socket.io/?EIO=4&transport=polling&t=wxopbdj5 on this server
2025-06-05T05:05:32.355Z [ERROR]: Cannot find /socket.io/?EIO=4&transport=polling&t=wxtbzbmd on this server
2025-06-05T05:05:38.357Z [ERROR]: Cannot find /socket.io/?EIO=4&transport=polling&t=wxxyrxev on this server
2025-06-05T05:05:44.344Z [ERROR]: Cannot find /socket.io/?EIO=4&transport=polling&t=wy2l2b1i on this server
2025-06-05T05:05:50.354Z [ERROR]: Cannot find /socket.io/?EIO=4&transport=polling&t=wy780d3y on this server
2025-06-05T05:05:56.350Z [ERROR]: Cannot find /socket.io/?EIO=4&transport=polling&t=wybujqz6 on this server
2025-06-05T05:06:02.345Z [ERROR]: Cannot find /socket.io/?EIO=4&transport=polling&t=wygh4xqx on this server
2025-06-05T05:06:08.357Z [ERROR]: Cannot find /socket.io/?EIO=4&transport=polling&t=wyl43hgt on this server
2025-06-05T05:06:14.355Z [ERROR]: Cannot find /socket.io/?EIO=4&transport=polling&t=wypqpokd on this server
2025-06-05T05:06:20.354Z [ERROR]: Cannot find /socket.io/?EIO=4&transport=polling&t=wyuddtd6 on this server
2025-06-05T05:06:26.350Z [ERROR]: Cannot find /socket.io/?EIO=4&transport=polling&t=wyyzvmrw on this server
2025-06-05T05:06:32.348Z [ERROR]: Cannot find /socket.io/?EIO=4&transport=polling&t=wz3mg10l on this server
2025-06-05T05:06:38.350Z [ERROR]: Cannot find /socket.io/?EIO=4&transport=polling&t=wz89576q on this server
2025-06-05T05:06:44.344Z [ERROR]: Cannot find /socket.io/?EIO=4&transport=polling&t=wzcvrxlw on this server
2025-06-05T05:06:50.355Z [ERROR]: Cannot find /socket.io/?EIO=4&transport=polling&t=wzhio8q9 on this server
2025-06-05T05:06:56.357Z [ERROR]: Cannot find /socket.io/?EIO=4&transport=polling&t=wzm5ceik on this server
2025-06-05T05:07:02.358Z [ERROR]: Cannot find /socket.io/?EIO=4&transport=polling&t=wzqs319p on this server
2025-06-05T05:07:08.353Z [ERROR]: Cannot find /socket.io/?EIO=4&transport=polling&t=wzvem1pn on this server
2025-06-05T05:07:14.351Z [ERROR]: Cannot find /socket.io/?EIO=4&transport=polling&t=x00183h2 on this server
2025-06-05T05:07:20.448Z [ERROR]: Cannot find /socket.io/?EIO=4&transport=polling&t=x04qkvnj on this server
2025-06-05T05:07:26.355Z [ERROR]: Cannot find /socket.io/?EIO=4&transport=polling&t=x09aof3o on this server
2025-06-05T05:07:32.354Z [ERROR]: Cannot find /socket.io/?EIO=4&transport=polling&t=x0dxbq33 on this server
2025-06-05T05:07:38.352Z [ERROR]: Cannot find /socket.io/?EIO=4&transport=polling&t=x0ijx9qu on this server
2025-06-05T05:07:44.354Z [ERROR]: Cannot find /socket.io/?EIO=4&transport=polling&t=x0n6lfuj on this server
2025-06-05T05:07:50.350Z [ERROR]: Cannot find /socket.io/?EIO=4&transport=polling&t=x0rt6ohd on this server
2025-06-05T05:07:56.350Z [ERROR]: Cannot find /socket.io/?EIO=4&transport=polling&t=x0wfue15 on this server
2025-06-05T05:08:02.369Z [ERROR]: Cannot find /socket.io/?EIO=4&transport=polling&t=x112sezp on this server
2025-06-05T05:08:08.343Z [ERROR]: Cannot find /socket.io/?EIO=4&transport=polling&t=x15p1zpv on this server
2025-06-05T05:08:14.346Z [ERROR]: Cannot find /socket.io/?EIO=4&transport=polling&t=x1abss4x on this server
2025-06-05T05:08:20.358Z [ERROR]: Cannot find /socket.io/?EIO=4&transport=polling&t=x1eyrq41 on this server
2025-06-05T05:08:26.356Z [ERROR]: Cannot find /socket.io/?EIO=4&transport=polling&t=x1jlfi5v on this server
2025-06-05T05:08:32.364Z [ERROR]: Cannot find /socket.io/?EIO=4&transport=polling&t=x1o85qgt on this server
2025-06-05T05:08:38.354Z [ERROR]: Cannot find /socket.io/?EIO=4&transport=polling&t=x1suoicq on this server
2025-06-05T05:08:44.354Z [ERROR]: Cannot find /socket.io/?EIO=4&transport=polling&t=x1xhcl32 on this server
2025-06-05T05:08:50.345Z [ERROR]: Cannot find /socket.io/?EIO=4&transport=polling&t=x223qf4b on this server
2025-06-05T05:08:56.354Z [ERROR]: Cannot find /socket.io/?EIO=4&transport=polling&t=x26qofuo on this server
2025-06-05T05:09:02.347Z [ERROR]: Cannot find /socket.io/?EIO=4&transport=polling&t=x2bd5wik on this server
2025-06-05T05:09:08.349Z [ERROR]: Cannot find /socket.io/?EIO=4&transport=polling&t=x2fzu8he on this server
2025-06-05T05:09:14.352Z [ERROR]: Cannot find /socket.io/?EIO=4&transport=polling&t=x2kmmnbl on this server
2025-06-05T05:09:20.352Z [ERROR]: Cannot find /socket.io/?EIO=4&transport=polling&t=x2p9axqi on this server
2025-06-05T05:09:26.351Z [ERROR]: Cannot find /socket.io/?EIO=4&transport=polling&t=x2tvwq20 on this server
2025-06-05T05:09:32.353Z [ERROR]: Cannot find /socket.io/?EIO=4&transport=polling&t=x2yij05z on this server
2025-06-05T05:09:38.347Z [ERROR]: Cannot find /socket.io/?EIO=4&transport=polling&t=x33541vh on this server
2025-06-05T05:09:44.343Z [ERROR]: Cannot find /socket.io/?EIO=4&transport=polling&t=x37rp2h9 on this server
2025-06-05T05:09:50.357Z [ERROR]: Cannot find /socket.io/?EIO=4&transport=polling&t=x3ceqkhj on this server
2025-06-05T05:09:56.359Z [ERROR]: Cannot find /socket.io/?EIO=4&transport=polling&t=x3h1gnte on this server
2025-06-05T05:10:02.350Z [ERROR]: Cannot find /socket.io/?EIO=4&transport=polling&t=x3lnujlu on this server
2025-06-05T05:10:08.350Z [ERROR]: Cannot find /socket.io/?EIO=4&transport=polling&t=x3qakumr on this server
2025-06-05T05:10:14.357Z [ERROR]: Cannot find /socket.io/?EIO=4&transport=polling&t=x3uxewt9 on this server
2025-06-05T05:10:20.346Z [ERROR]: Cannot find /socket.io/?EIO=4&transport=polling&t=x3zjrb44 on this server
2025-06-05T05:10:26.355Z [ERROR]: Cannot find /socket.io/?EIO=4&transport=polling&t=x446ophk on this server
2025-06-05T05:10:32.360Z [ERROR]: Cannot find /socket.io/?EIO=4&transport=polling&t=x48th939 on this server
2025-06-05T05:10:38.348Z [ERROR]: Cannot find /socket.io/?EIO=4&transport=polling&t=x4dfs230 on this server
2025-06-05T05:10:44.346Z [ERROR]: Cannot find /socket.io/?EIO=4&transport=polling&t=x4i2fx5j on this server
2025-06-05T05:10:50.358Z [ERROR]: Cannot find /socket.io/?EIO=4&transport=polling&t=x4mpfxy3 on this server
2025-06-05T05:10:56.356Z [ERROR]: Cannot find /socket.io/?EIO=4&transport=polling&t=x4rbz4ss on this server
2025-06-05T05:11:02.356Z [ERROR]: Cannot find /socket.io/?EIO=4&transport=polling&t=x4vyq4yg on this server
2025-06-05T05:11:08.355Z [ERROR]: Cannot find /socket.io/?EIO=4&transport=polling&t=x50lah88 on this server
2025-06-05T05:11:14.350Z [ERROR]: Cannot find /socket.io/?EIO=4&transport=polling&t=x557srt6 on this server
2025-06-05T05:11:20.346Z [ERROR]: Cannot find /socket.io/?EIO=4&transport=polling&t=x59ufuib on this server
2025-06-05T05:11:26.357Z [ERROR]: Cannot find /socket.io/?EIO=4&transport=polling&t=x5ehdx2u on this server
2025-06-05T05:11:32.356Z [ERROR]: Cannot find /socket.io/?EIO=4&transport=polling&t=x5j41lur on this server
2025-06-05T05:11:38.359Z [ERROR]: Cannot find /socket.io/?EIO=4&transport=polling&t=x5nqt909 on this server
2025-06-05T05:11:44.347Z [ERROR]: Cannot find /socket.io/?EIO=4&transport=polling&t=x5sd2iky on this server
2025-06-05T05:11:50.360Z [ERROR]: Cannot find /socket.io/?EIO=4&transport=polling&t=x5x02inr on this server
2025-06-05T05:11:56.357Z [ERROR]: Cannot find /socket.io/?EIO=4&transport=polling&t=x61mroeq on this server
2025-06-05T05:12:02.347Z [ERROR]: Cannot find /socket.io/?EIO=4&transport=polling&t=x6695fdd on this server
2025-06-05T05:12:08.352Z [ERROR]: Cannot find /socket.io/?EIO=4&transport=polling&t=x6avyh3n on this server
2025-06-05T05:12:14.357Z [ERROR]: Cannot find /socket.io/?EIO=4&transport=polling&t=x6fir16d on this server
2025-06-05T05:12:20.355Z [ERROR]: Cannot find /socket.io/?EIO=4&transport=polling&t=x6k5bv3p on this server
2025-06-05T05:12:25.364Z [ERROR]: Cannot find /socket.io/?EIO=4&transport=polling&t=x6o0guaj on this server
2025-06-05T05:12:28.436Z [ERROR]: Cannot find /api/messages/messages/sendMessage on this server
2025-06-05T05:12:30.381Z [ERROR]: Cannot find /socket.io/?EIO=4&transport=polling&t=x6rvvmev on this server
2025-06-05T05:12:31.897Z [ERROR]: Cannot find /api/messages/messages/sendMessage on this server
2025-06-05T05:12:35.399Z [ERROR]: Cannot find /socket.io/?EIO=4&transport=polling&t=x6vr95ou on this server
2025-06-05T05:12:38.701Z [ERROR]: Cannot find /api/messages/messages/sendMessage on this server
2025-06-05T05:12:40.406Z [ERROR]: Cannot find /socket.io/?EIO=4&transport=polling&t=x6zmc7jh on this server
2025-06-05T05:12:46.358Z [ERROR]: Cannot find /socket.io/?EIO=4&transport=polling&t=x747k3or on this server
2025-06-05T05:12:52.348Z [ERROR]: Cannot find /socket.io/?EIO=4&transport=polling&t=x78u1myo on this server
2025-06-05T05:12:58.353Z [ERROR]: Cannot find /socket.io/?EIO=4&transport=polling&t=x7dgu626 on this server
2025-06-05T05:13:04.360Z [ERROR]: Cannot find /socket.io/?EIO=4&transport=polling&t=x7i3m9ry on this server
2025-06-05T05:13:10.349Z [ERROR]: Cannot find /socket.io/?EIO=4&transport=polling&t=x7mq25lt on this server
2025-06-05T05:13:16.358Z [ERROR]: Cannot find /socket.io/?EIO=4&transport=polling&t=x7rd0npi on this server
2025-06-05T05:13:22.352Z [ERROR]: Cannot find /socket.io/?EIO=4&transport=polling&t=x7vzftas on this server
2025-06-05T05:13:28.355Z [ERROR]: Cannot find /socket.io/?EIO=4&transport=polling&t=x80m8al6 on this server
2025-06-05T05:13:34.355Z [ERROR]: Cannot find /socket.io/?EIO=4&transport=polling&t=x858vznx on this server
2025-06-05T05:13:40.347Z [ERROR]: Cannot find /socket.io/?EIO=4&transport=polling&t=x89vc03y on this server
2025-06-05T05:13:46.360Z [ERROR]: Cannot find /socket.io/?EIO=4&transport=polling&t=x8eidflt on this server
2025-06-05T05:13:52.345Z [ERROR]: Cannot find /socket.io/?EIO=4&transport=polling&t=x8j4mky6 on this server
2025-06-05T05:13:57.354Z [ERROR]: Cannot find /socket.io/?EIO=4&transport=polling&t=x8mzqpu8 on this server
2025-06-05T05:14:03.351Z [ERROR]: Cannot find /socket.io/?EIO=4&transport=polling&t=x8rmcmgw on this server
2025-06-05T05:14:09.350Z [ERROR]: Cannot find /socket.io/?EIO=4&transport=polling&t=x8w8yjof on this server
2025-06-05T05:14:15.408Z [ERROR]: Cannot find /socket.io/?EIO=4&transport=polling&t=x90vs88y on this server
2025-06-05T05:14:18.453Z [ERROR]: Cannot find /api/messages/sendMessage on this server
2025-06-05T05:14:20.434Z [ERROR]: Cannot find /socket.io/?EIO=4&transport=polling&t=x94sui5p on this server
2025-06-05T05:14:26.359Z [ERROR]: Cannot find /socket.io/?EIO=4&transport=polling&t=x99de5zv on this server
2025-06-05T05:14:38.693Z [ERROR]: Cannot find /socket.io/?EIO=4&transport=polling&t=x9iw06cl on this server
2025-06-05T05:14:39.557Z [ERROR]: Cannot find /api/messages/sendMessage on this server
2025-06-05T05:14:43.713Z [ERROR]: Cannot find /socket.io/?EIO=4&transport=polling&t=x9mrjiy7 on this server
2025-06-05T05:14:49.349Z [ERROR]: Cannot find /socket.io/?EIO=4&transport=polling&t=x9r43xyr on this server
2025-06-05T05:14:55.354Z [ERROR]: Cannot find /socket.io/?EIO=4&transport=polling&t=x9vqvw3h on this server
2025-06-05T05:15:01.356Z [ERROR]: Cannot find /socket.io/?EIO=4&transport=polling&t=xa0diug2 on this server
2025-06-05T05:15:07.351Z [ERROR]: Cannot find /socket.io/?EIO=4&transport=polling&t=xa5056g8 on this server
2025-06-05T05:15:13.352Z [ERROR]: Cannot find /socket.io/?EIO=4&transport=polling&t=xa9mumuz on this server
2025-06-05T05:15:19.353Z [ERROR]: Cannot find /socket.io/?EIO=4&transport=polling&t=xae9gtjx on this server
2025-06-05T05:15:25.358Z [ERROR]: Cannot find /socket.io/?EIO=4&transport=polling&t=xaiwcmt2 on this server
2025-06-05T05:15:31.357Z [ERROR]: Cannot find /socket.io/?EIO=4&transport=polling&t=xaniymoz on this server
2025-06-05T05:15:37.349Z [ERROR]: Cannot find /socket.io/?EIO=4&transport=polling&t=xas5f7pi on this server
2025-06-05T05:15:43.357Z [ERROR]: Cannot find /socket.io/?EIO=4&transport=polling&t=xawsbvyl on this server
2025-06-05T05:15:49.348Z [ERROR]: Cannot find /socket.io/?EIO=4&transport=polling&t=xb1eprpa on this server
2025-06-05T05:15:55.356Z [ERROR]: Cannot find /socket.io/?EIO=4&transport=polling&t=xb61k1ji on this server
2025-06-05T05:16:01.349Z [ERROR]: Cannot find /socket.io/?EIO=4&transport=polling&t=xbao0mvc on this server
2025-06-05T05:16:07.354Z [ERROR]: Cannot find /socket.io/?EIO=4&transport=polling&t=xbfauvcj on this server
2025-06-05T05:16:14.362Z [ERROR]: Cannot find /socket.io/?EIO=4&transport=polling&t=xbjxazos on this server
2025-06-05T05:16:19.430Z [ERROR]: Cannot find /socket.io/?EIO=4&transport=polling&t=xboma0x2 on this server
2025-06-05T05:16:21.244Z [ERROR]: Cannot find /api/messages/sendMessage on this server
2025-06-05T05:16:25.348Z [ERROR]: Cannot find /socket.io/?EIO=4&transport=polling&t=xbt6q8iw on this server
2025-06-05T05:16:31.349Z [ERROR]: Cannot find /socket.io/?EIO=4&transport=polling&t=xbxtf5z2 on this server
2025-06-05T05:16:37.352Z [ERROR]: Cannot find /socket.io/?EIO=4&transport=polling&t=xc2g50k6 on this server
2025-06-05T05:16:53.579Z [ERROR]: Cannot find /socket.io/?EIO=4&transport=polling&t=xcerwkes on this server
2025-06-05T05:16:56.369Z [ERROR]: Cannot find /socket.io/?EIO=4&transport=polling&t=xch4fzhk on this server
2025-06-05T05:17:00.248Z [ERROR]: Cannot find /socket.io/?EIO=4&transport=polling&t=xck46tpa on this server
2025-06-05T05:17:05.267Z [ERROR]: Cannot find /socket.io/?EIO=4&transport=polling&t=xcnzl014 on this server
2025-06-05T05:17:10.278Z [ERROR]: Cannot find /socket.io/?EIO=4&transport=polling&t=xcrurrgg on this server
2025-06-05T05:17:15.290Z [ERROR]: Cannot find /socket.io/?EIO=4&transport=polling&t=xcvq0ysr on this server
2025-06-05T05:17:20.299Z [ERROR]: Cannot find /socket.io/?EIO=4&transport=polling&t=xczl5p0o on this server
2025-06-05T05:17:25.303Z [ERROR]: Cannot find /socket.io/?EIO=4&transport=polling&t=xd3g5de9 on this server
2025-06-05T05:17:30.321Z [ERROR]: Cannot find /socket.io/?EIO=4&transport=polling&t=xd7bi72f on this server
2025-06-05T05:17:35.335Z [ERROR]: Cannot find /socket.io/?EIO=4&transport=polling&t=xdb6tpti on this server
2025-06-05T05:17:38.722Z [ERROR]: Cannot find /socket.io/?EIO=4&transport=polling&t=xdds05yo on this server
2025-06-05T05:17:40.121Z [ERROR]: Cannot find /socket.io/?EIO=4&transport=polling&t=xdebo8vc on this server
2025-06-05T05:17:42.129Z [ERROR]: Cannot find /socket.io/?EIO=4&transport=polling&t=xdgfjook on this server
2025-06-05T05:17:44.907Z [ERROR]: Cannot find /socket.io/?EIO=4&transport=polling&t=xdikpr87 on this server
2025-06-05T05:17:50.355Z [ERROR]: Cannot find /socket.io/?EIO=4&transport=polling&t=xdms16yp on this server
2025-06-05T05:17:56.358Z [ERROR]: Cannot find /socket.io/?EIO=4&transport=polling&t=xdreq7jg on this server
2025-06-05T05:18:02.348Z [ERROR]: Cannot find /socket.io/?EIO=4&transport=polling&t=xdw1457n on this server
2025-06-05T05:18:08.356Z [ERROR]: Cannot find /socket.io/?EIO=4&transport=polling&t=xe0o2xk2 on this server
2025-06-05T05:18:14.348Z [ERROR]: Cannot find /socket.io/?EIO=4&transport=polling&t=xe5aiv30 on this server
2025-06-05T05:18:20.352Z [ERROR]: Cannot find /socket.io/?EIO=4&transport=polling&t=xe9x6c2s on this server
2025-06-05T05:18:26.345Z [ERROR]: Cannot find /socket.io/?EIO=4&transport=polling&t=xeejqz7x on this server
2025-06-05T05:18:32.346Z [ERROR]: Cannot find /socket.io/?EIO=4&transport=polling&t=xej6ee17 on this server
2025-06-05T05:18:38.345Z [ERROR]: Cannot find /socket.io/?EIO=4&transport=polling&t=xent3cdv on this server
2025-06-05T05:18:44.350Z [ERROR]: Cannot find /socket.io/?EIO=4&transport=polling&t=xesfxqnq on this server
2025-06-05T05:18:50.352Z [ERROR]: Cannot find /socket.io/?EIO=4&transport=polling&t=xex2nnre on this server
2025-06-05T05:18:56.345Z [ERROR]: Cannot find /socket.io/?EIO=4&transport=polling&t=xf1p266v on this server
2025-06-05T05:19:02.355Z [ERROR]: Cannot find /socket.io/?EIO=4&transport=polling&t=xf6c1r7w on this server
2025-06-05T05:19:08.353Z [ERROR]: Cannot find /socket.io/?EIO=4&transport=polling&t=xfayllzq on this server
2025-06-05T05:19:14.360Z [ERROR]: Cannot find /socket.io/?EIO=4&transport=polling&t=xffle03h on this server
2025-06-05T05:19:20.343Z [ERROR]: Cannot find /socket.io/?EIO=4&transport=polling&t=xfk7qncg on this server
2025-06-05T05:19:26.350Z [ERROR]: Cannot find /socket.io/?EIO=4&transport=polling&t=xfoujp5t on this server
2025-06-05T05:19:31.362Z [ERROR]: Cannot find /socket.io/?EIO=4&transport=polling&t=xfsptj47 on this server
2025-06-05T05:19:37.353Z [ERROR]: Cannot find /socket.io/?EIO=4&transport=polling&t=xfxc7stq on this server
2025-06-05T05:19:42.373Z [ERROR]: Cannot find /socket.io/?EIO=4&transport=polling&t=xg17nf2a on this server
2025-06-05T05:19:47.383Z [ERROR]: Cannot find /socket.io/?EIO=4&transport=polling&t=xg52tev3 on this server
2025-06-05T05:19:53.354Z [ERROR]: Cannot find /socket.io/?EIO=4&transport=polling&t=xg9oljib on this server
2025-06-05T05:19:58.360Z [ERROR]: Cannot find /socket.io/?EIO=4&transport=polling&t=xgdjqpnc on this server
2025-06-05T05:20:03.371Z [ERROR]: Cannot find /socket.io/?EIO=4&transport=polling&t=xghewabf on this server
2025-06-05T05:20:09.358Z [ERROR]: Cannot find /socket.io/?EIO=4&transport=polling&t=xgm17wun on this server
2025-06-05T05:20:15.351Z [ERROR]: Cannot find /socket.io/?EIO=4&transport=polling&t=xgqnolh7 on this server
2025-06-05T05:20:21.353Z [ERROR]: Cannot find /socket.io/?EIO=4&transport=polling&t=xgvadfbr on this server
2025-06-05T05:20:27.345Z [ERROR]: Cannot find /socket.io/?EIO=4&transport=polling&t=xgzwug0k on this server
2025-06-05T05:20:32.356Z [ERROR]: Cannot find /socket.io/?EIO=4&transport=polling&t=xh3rwng5 on this server
2025-06-05T05:20:38.356Z [ERROR]: Cannot find /socket.io/?EIO=4&transport=polling&t=xh8epfug on this server
2025-06-05T05:20:44.352Z [ERROR]: Cannot find /socket.io/?EIO=4&transport=polling&t=xhd162ao on this server
2025-06-05T05:20:50.345Z [ERROR]: Cannot find /socket.io/?EIO=4&transport=polling&t=xhhnqxq7 on this server
2025-06-05T05:20:55.357Z [ERROR]: Cannot find /socket.io/?EIO=4&transport=polling&t=xhliyht8 on this server
2025-06-05T05:21:01.346Z [ERROR]: Cannot find /socket.io/?EIO=4&transport=polling&t=xhq5bqxh on this server
2025-06-05T05:21:07.353Z [ERROR]: Cannot find /socket.io/?EIO=4&transport=polling&t=xhus4g40 on this server
2025-06-05T05:21:12.373Z [ERROR]: Cannot find /socket.io/?EIO=4&transport=polling&t=xhynmcjb on this server
2025-06-05T05:21:17.382Z [ERROR]: Cannot find /socket.io/?EIO=4&transport=polling&t=xi2ipo65 on this server
2025-06-05T05:21:22.387Z [ERROR]: Cannot find /socket.io/?EIO=4&transport=polling&t=xi6du4d8 on this server
2025-06-05T05:21:27.393Z [ERROR]: Cannot find /socket.io/?EIO=4&transport=polling&t=xia8wwbq on this server
2025-06-05T05:21:32.414Z [ERROR]: Cannot find /socket.io/?EIO=4&transport=polling&t=xie489u1 on this server
2025-06-05T05:21:38.358Z [ERROR]: Cannot find /socket.io/?EIO=4&transport=polling&t=xiipfjo1 on this server
2025-06-05T05:21:44.347Z [ERROR]: Cannot find /socket.io/?EIO=4&transport=polling&t=xinbsbx5 on this server
2025-06-05T05:21:49.366Z [ERROR]: Cannot find /socket.io/?EIO=4&transport=polling&t=xir78bdr on this server
2025-06-05T05:21:55.356Z [ERROR]: Cannot find /socket.io/?EIO=4&transport=polling&t=xivtm8lt on this server
2025-06-05T05:22:00.367Z [ERROR]: Cannot find /socket.io/?EIO=4&transport=polling&t=xizoti8l on this server
2025-06-05T05:22:05.371Z [ERROR]: Cannot find /socket.io/?EIO=4&transport=polling&t=xj3ju0j7 on this server
2025-06-05T05:22:11.348Z [ERROR]: Cannot find /socket.io/?EIO=4&transport=polling&t=xj85u16z on this server
2025-06-05T05:22:16.357Z [ERROR]: Cannot find /socket.io/?EIO=4&transport=polling&t=xjc0yjix on this server
2025-06-05T05:22:22.354Z [ERROR]: Cannot find /socket.io/?EIO=4&transport=polling&t=xjgnhbwf on this server
2025-06-05T05:22:27.371Z [ERROR]: Cannot find /socket.io/?EIO=4&transport=polling&t=xjkiuhdf on this server
2025-06-05T05:22:32.383Z [ERROR]: Cannot find /socket.io/?EIO=4&transport=polling&t=xjoe5udt on this server
2025-06-05T05:22:38.349Z [ERROR]: Cannot find /socket.io/?EIO=4&transport=polling&t=xjszv21c on this server
2025-06-05T05:22:44.354Z [ERROR]: Cannot find /socket.io/?EIO=4&transport=polling&t=xjxmlqmg on this server
2025-06-05T05:22:49.489Z [ERROR]: Cannot find /socket.io/?EIO=4&transport=polling&t=xk1kdplp on this server
2025-06-05T05:22:55.357Z [ERROR]: Cannot find /socket.io/?EIO=4&transport=polling&t=xk64assp on this server
2025-06-05T05:23:00.365Z [ERROR]: Cannot find /socket.io/?EIO=4&transport=polling&t=xk9zfxiy on this server
2025-06-05T05:23:06.359Z [ERROR]: Cannot find /socket.io/?EIO=4&transport=polling&t=xkelu4g4 on this server
2025-06-05T05:23:12.359Z [ERROR]: Cannot find /socket.io/?EIO=4&transport=polling&t=xkj8dwdw on this server
2025-06-05T05:23:17.381Z [ERROR]: Cannot find /socket.io/?EIO=4&transport=polling&t=xkn432pt on this server
2025-06-05T05:23:23.348Z [ERROR]: Cannot find /socket.io/?EIO=4&transport=polling&t=xkrpt0no on this server
2025-06-05T05:23:28.356Z [ERROR]: Cannot find /socket.io/?EIO=4&transport=polling&t=xkvkz5g2 on this server
2025-06-05T05:23:34.359Z [ERROR]: Cannot find /socket.io/?EIO=4&transport=polling&t=xl07nq9i on this server
2025-06-05T05:23:40.065Z [ERROR]: Cannot find /socket.io/?EIO=4&transport=polling&t=xl4kpvx0 on this server
2025-06-05T05:23:45.355Z [ERROR]: Cannot find /socket.io/?EIO=4&transport=polling&t=xl8p492y on this server
2025-06-05T05:23:50.368Z [ERROR]: Cannot find /socket.io/?EIO=4&transport=polling&t=xlckdsb9 on this server
2025-06-05T05:23:56.359Z [ERROR]: Cannot find /socket.io/?EIO=4&transport=polling&t=xlh6snej on this server
2025-06-05T05:24:01.378Z [ERROR]: Cannot find /socket.io/?EIO=4&transport=polling&t=xll22zn0 on this server
2025-06-05T05:24:06.755Z [ERROR]: Cannot find /socket.io/?EIO=4&transport=polling&t=xlp6qk1m on this server
2025-06-05T05:24:11.774Z [ERROR]: Cannot find /socket.io/?EIO=4&transport=polling&t=xlt2y3vd on this server
2025-06-05T05:24:16.788Z [ERROR]: Cannot find /socket.io/?EIO=4&transport=polling&t=xlwyaf0g on this server
2025-06-05T05:24:21.793Z [ERROR]: Cannot find /socket.io/?EIO=4&transport=polling&t=xm0tccd2 on this server
2025-06-05T05:24:26.803Z [ERROR]: Cannot find /socket.io/?EIO=4&transport=polling&t=xm4ofih8 on this server
2025-06-05T05:24:31.821Z [ERROR]: Cannot find /socket.io/?EIO=4&transport=polling&t=xm8jt3i4 on this server
2025-06-05T05:24:36.844Z [ERROR]: Cannot find /socket.io/?EIO=4&transport=polling&t=xmcfcjnt on this server
2025-06-05T05:24:41.854Z [ERROR]: Cannot find /socket.io/?EIO=4&transport=polling&t=xmgajk80 on this server
2025-06-05T05:24:46.863Z [ERROR]: Cannot find /socket.io/?EIO=4&transport=polling&t=xmk5pejv on this server
2025-06-05T05:24:51.883Z [ERROR]: Cannot find /socket.io/?EIO=4&transport=polling&t=xmo13bql on this server
2025-06-05T05:24:56.891Z [ERROR]: Cannot find /socket.io/?EIO=4&transport=polling&t=xmrw8jms on this server
2025-06-05T05:25:01.907Z [ERROR]: Cannot find /socket.io/?EIO=4&transport=polling&t=xmvrl5rl on this server
2025-06-05T05:25:06.926Z [ERROR]: Cannot find /socket.io/?EIO=4&transport=polling&t=xmzmw07a on this server
2025-06-05T05:25:11.948Z [ERROR]: Cannot find /socket.io/?EIO=4&transport=polling&t=xn3igccb on this server
2025-06-05T05:25:16.956Z [ERROR]: Cannot find /socket.io/?EIO=4&transport=polling&t=xn7dl7kp on this server
2025-06-05T05:25:21.974Z [ERROR]: Cannot find /socket.io/?EIO=4&transport=polling&t=xnb8z2mm on this server
2025-06-05T05:25:26.989Z [ERROR]: Cannot find /socket.io/?EIO=4&transport=polling&t=xnf4ap3i on this server
2025-06-05T05:25:32.013Z [ERROR]: Cannot find /socket.io/?EIO=4&transport=polling&t=xnizs15p on this server
2025-06-05T05:25:37.345Z [ERROR]: Cannot find /socket.io/?EIO=4&transport=polling&t=xnn3z02l on this server
2025-06-05T05:25:42.365Z [ERROR]: Cannot find /socket.io/?EIO=4&transport=polling&t=xnqzfvg9 on this server
2025-06-05T05:25:47.386Z [ERROR]: Cannot find /socket.io/?EIO=4&transport=polling&t=xnuutz0x on this server
2025-06-05T05:25:52.398Z [ERROR]: Cannot find /socket.io/?EIO=4&transport=polling&t=xnyq41tw on this server
2025-06-05T05:25:57.415Z [ERROR]: Cannot find /socket.io/?EIO=4&transport=polling&t=xo2lf217 on this server
2025-06-05T05:26:02.431Z [ERROR]: Cannot find /socket.io/?EIO=4&transport=polling&t=xo6gq8x9 on this server
2025-06-05T05:26:07.445Z [ERROR]: Cannot find /socket.io/?EIO=4&transport=polling&t=xoac0tj0 on this server
2025-06-05T05:26:12.464Z [ERROR]: Cannot find /socket.io/?EIO=4&transport=polling&t=xoe7hi76 on this server
2025-06-05T05:26:17.474Z [ERROR]: Cannot find /socket.io/?EIO=4&transport=polling&t=xoi2owet on this server
2025-06-05T05:26:22.480Z [ERROR]: Cannot find /socket.io/?EIO=4&transport=polling&t=xolxqdv5 on this server
2025-06-05T05:26:27.493Z [ERROR]: Cannot find /socket.io/?EIO=4&transport=polling&t=xopsyu5x on this server
2025-06-05T05:26:32.502Z [ERROR]: Cannot find /socket.io/?EIO=4&transport=polling&t=xoto20z8 on this server
2025-06-05T05:26:37.508Z [ERROR]: Cannot find /socket.io/?EIO=4&transport=polling&t=xoxj7qxq on this server
2025-06-05T05:26:43.347Z [ERROR]: Cannot find /socket.io/?EIO=4&transport=polling&t=xp21ecbl on this server
2025-06-05T05:26:49.364Z [ERROR]: Cannot find /socket.io/?EIO=4&transport=polling&t=xp6o707o on this server
2025-06-05T05:26:55.352Z [ERROR]: Cannot find /socket.io/?EIO=4&transport=polling&t=xpbaue4e on this server
2025-06-05T05:27:01.344Z [ERROR]: Cannot find /socket.io/?EIO=4&transport=polling&t=xpfxbf5t on this server
2025-06-05T05:27:07.357Z [ERROR]: Cannot find /socket.io/?EIO=4&transport=polling&t=xpkka4ug on this server
2025-06-05T05:27:12.369Z [ERROR]: Cannot find /socket.io/?EIO=4&transport=polling&t=xpofj6fm on this server
2025-06-05T05:27:17.374Z [ERROR]: Cannot find /socket.io/?EIO=4&transport=polling&t=xpsalil4 on this server
2025-06-05T05:27:22.392Z [ERROR]: Cannot find /socket.io/?EIO=4&transport=polling&t=xpw5y5a0 on this server
2025-06-05T05:27:27.399Z [ERROR]: Cannot find /socket.io/?EIO=4&transport=polling&t=xq0110ck on this server
2025-06-05T05:27:32.408Z [ERROR]: Cannot find /socket.io/?EIO=4&transport=polling&t=xq3w3umc on this server
2025-06-05T05:27:37.431Z [ERROR]: Cannot find /socket.io/?EIO=4&transport=polling&t=xq7rlp0w on this server
2025-06-05T05:27:42.439Z [ERROR]: Cannot find /socket.io/?EIO=4&transport=polling&t=xqbmue8m on this server
2025-06-05T05:27:47.448Z [ERROR]: Cannot find /socket.io/?EIO=4&transport=polling&t=xqfhy2hp on this server
2025-06-05T05:27:52.461Z [ERROR]: Cannot find /socket.io/?EIO=4&transport=polling&t=xqjd7mwb on this server
2025-06-05T05:27:57.481Z [ERROR]: Cannot find /socket.io/?EIO=4&transport=polling&t=xqn8lffz on this server
2025-06-05T05:28:02.486Z [ERROR]: Cannot find /socket.io/?EIO=4&transport=polling&t=xqr3ota2 on this server
2025-06-05T05:28:07.505Z [ERROR]: Cannot find /socket.io/?EIO=4&transport=polling&t=xquz2dmf on this server
2025-06-05T05:28:12.523Z [ERROR]: Cannot find /socket.io/?EIO=4&transport=polling&t=xqyuf6pr on this server
2025-06-05T05:28:17.536Z [ERROR]: Cannot find /socket.io/?EIO=4&transport=polling&t=xr2pqp91 on this server
2025-06-05T05:28:22.550Z [ERROR]: Cannot find /socket.io/?EIO=4&transport=polling&t=xr6l0juq on this server
2025-06-05T05:28:27.554Z [ERROR]: Cannot find /socket.io/?EIO=4&transport=polling&t=xrag10dn on this server
2025-06-05T05:28:32.579Z [ERROR]: Cannot find /socket.io/?EIO=4&transport=polling&t=xrebjxlo on this server
2025-06-05T05:28:37.592Z [ERROR]: Cannot find /socket.io/?EIO=4&transport=polling&t=xri6uz2i on this server
2025-06-05T05:28:42.598Z [ERROR]: Cannot find /socket.io/?EIO=4&transport=polling&t=xrm1v5w4 on this server
2025-06-05T05:28:47.610Z [ERROR]: Cannot find /socket.io/?EIO=4&transport=polling&t=xrpx3huf on this server
2025-06-05T05:28:52.629Z [ERROR]: Cannot find /socket.io/?EIO=4&transport=polling&t=xrtshldu on this server
2025-06-05T05:28:57.641Z [ERROR]: Cannot find /socket.io/?EIO=4&transport=polling&t=xrxnqyef on this server
2025-06-05T05:29:02.660Z [ERROR]: Cannot find /socket.io/?EIO=4&transport=polling&t=xs1j64gt on this server
2025-06-05T05:29:07.673Z [ERROR]: Cannot find /socket.io/?EIO=4&transport=polling&t=xs5ecqfy on this server
2025-06-05T05:29:12.684Z [ERROR]: Cannot find /socket.io/?EIO=4&transport=polling&t=xs99m0ys on this server
2025-06-05T05:29:17.691Z [ERROR]: Cannot find /socket.io/?EIO=4&transport=polling&t=xsd4pi3v on this server
2025-06-05T05:29:22.711Z [ERROR]: Cannot find /socket.io/?EIO=4&transport=polling&t=xsh05q80 on this server
2025-06-05T05:29:27.717Z [ERROR]: Cannot find /socket.io/?EIO=4&transport=polling&t=xskv760r on this server
2025-06-05T05:29:32.737Z [ERROR]: Cannot find /socket.io/?EIO=4&transport=polling&t=xsoqkh4d on this server
2025-06-05T05:29:37.760Z [ERROR]: Cannot find /socket.io/?EIO=4&transport=polling&t=xssm5dn9 on this server
2025-06-05T05:29:42.776Z [ERROR]: Cannot find /socket.io/?EIO=4&transport=polling&t=xswhh2oy on this server
2025-06-05T05:29:47.781Z [ERROR]: Cannot find /socket.io/?EIO=4&transport=polling&t=xt0ckbgd on this server
2025-06-05T05:29:52.797Z [ERROR]: Cannot find /socket.io/?EIO=4&transport=polling&t=xt47syal on this server
2025-06-05T05:29:57.814Z [ERROR]: Cannot find /socket.io/?EIO=4&transport=polling&t=xt83506a on this server
2025-06-05T05:30:02.829Z [ERROR]: Cannot find /socket.io/?EIO=4&transport=polling&t=xtbykmuz on this server
2025-06-05T05:30:07.836Z [ERROR]: Cannot find /socket.io/?EIO=4&transport=polling&t=xtftnyzh on this server
2025-06-05T05:30:12.852Z [ERROR]: Cannot find /socket.io/?EIO=4&transport=polling&t=xtjovta5 on this server
2025-06-05T05:30:18.345Z [ERROR]: Cannot find /socket.io/?EIO=4&transport=polling&t=xtnxipuz on this server
2025-06-05T05:30:24.351Z [ERROR]: Cannot find /socket.io/?EIO=4&transport=polling&t=xtskesjj on this server
2025-06-05T05:30:30.355Z [ERROR]: Cannot find /socket.io/?EIO=4&transport=polling&t=xtx76npz on this server
2025-06-05T05:30:36.343Z [ERROR]: Cannot find /socket.io/?EIO=4&transport=polling&t=xu1tir04 on this server
2025-06-05T05:30:42.353Z [ERROR]: Cannot find /socket.io/?EIO=4&transport=polling&t=xu6ge6i8 on this server
2025-06-05T05:30:48.360Z [ERROR]: Cannot find /socket.io/?EIO=4&transport=polling&t=xub33hzh on this server
2025-06-05T05:30:53.386Z [ERROR]: Cannot find /socket.io/?EIO=4&transport=polling&t=xueywaod on this server
2025-06-05T05:30:58.391Z [ERROR]: Cannot find /socket.io/?EIO=4&transport=polling&t=xuitymff on this server
2025-06-05T05:31:03.407Z [ERROR]: Cannot find /socket.io/?EIO=4&transport=polling&t=xump9ckj on this server
2025-06-05T05:31:08.411Z [ERROR]: Cannot find /socket.io/?EIO=4&transport=polling&t=xuqka977 on this server
2025-06-05T05:31:13.423Z [ERROR]: Cannot find /socket.io/?EIO=4&transport=polling&t=xuufig4b on this server
2025-06-05T05:31:18.438Z [ERROR]: Cannot find /socket.io/?EIO=4&transport=polling&t=xuyapt75 on this server
2025-06-05T05:31:24.368Z [ERROR]: Cannot find /socket.io/?EIO=4&transport=polling&t=xv2vbdsh on this server
2025-06-05T05:31:29.382Z [ERROR]: Cannot find /socket.io/?EIO=4&transport=polling&t=xv6qq72v on this server
2025-06-05T05:31:34.403Z [ERROR]: Cannot find /socket.io/?EIO=4&transport=polling&t=xvam898b on this server
2025-06-05T05:31:39.419Z [ERROR]: Cannot find /socket.io/?EIO=4&transport=polling&t=xvehircl on this server
2025-06-05T05:31:44.430Z [ERROR]: Cannot find /socket.io/?EIO=4&transport=polling&t=xvicrkc6 on this server
2025-06-05T05:31:49.441Z [ERROR]: Cannot find /socket.io/?EIO=4&transport=polling&t=xvm80fxk on this server
2025-06-05T05:31:54.458Z [ERROR]: Cannot find /socket.io/?EIO=4&transport=polling&t=xvq3dl2p on this server
2025-06-05T05:32:00.347Z [ERROR]: Cannot find /socket.io/?EIO=4&transport=polling&t=xvumxsjf on this server
2025-06-05T05:32:05.353Z [ERROR]: Cannot find /socket.io/?EIO=4&transport=polling&t=xvyhzk44 on this server
2025-06-05T05:32:10.368Z [ERROR]: Cannot find /socket.io/?EIO=4&transport=polling&t=xw2d9e69 on this server
2025-06-05T05:32:15.381Z [ERROR]: Cannot find /socket.io/?EIO=4&transport=polling&t=xw68j0jn on this server
2025-06-05T05:32:20.397Z [ERROR]: Cannot find /socket.io/?EIO=4&transport=polling&t=xwa3rwsz on this server
2025-06-05T05:32:25.415Z [ERROR]: Cannot find /socket.io/?EIO=4&transport=polling&t=xwdz92df on this server
2025-06-05T05:32:30.429Z [ERROR]: Cannot find /socket.io/?EIO=4&transport=polling&t=xwhujd84 on this server
2025-06-05T05:32:35.448Z [ERROR]: Cannot find /socket.io/?EIO=4&transport=polling&t=xwlpy9dk on this server
2025-06-05T05:32:40.459Z [ERROR]: Cannot find /socket.io/?EIO=4&transport=polling&t=xwpl51gr on this server
2025-06-05T05:32:45.463Z [ERROR]: Cannot find /socket.io/?EIO=4&transport=polling&t=xwtg54do on this server
2025-06-05T05:32:50.482Z [ERROR]: Cannot find /socket.io/?EIO=4&transport=polling&t=xwxbjc1z on this server
2025-06-05T05:32:55.488Z [ERROR]: Cannot find /socket.io/?EIO=4&transport=polling&t=xx16l4g9 on this server
2025-06-05T05:33:00.504Z [ERROR]: Cannot find /socket.io/?EIO=4&transport=polling&t=xx51xa0s on this server
2025-06-05T05:33:05.520Z [ERROR]: Cannot find /socket.io/?EIO=4&transport=polling&t=xx8x9nqo on this server
2025-06-05T05:33:10.532Z [ERROR]: Cannot find /socket.io/?EIO=4&transport=polling&t=xxcsihvv on this server
2025-06-05T05:33:15.541Z [ERROR]: Cannot find /socket.io/?EIO=4&transport=polling&t=xxgnlpw1 on this server
2025-06-05T05:33:20.557Z [ERROR]: Cannot find /socket.io/?EIO=4&transport=polling&t=xxkiza0m on this server
2025-06-05T05:33:25.565Z [ERROR]: Cannot find /socket.io/?EIO=4&transport=polling&t=xxoe3vm8 on this server
2025-06-05T05:33:30.582Z [ERROR]: Cannot find /socket.io/?EIO=4&transport=polling&t=xxs9gyhb on this server
2025-06-05T05:33:35.599Z [ERROR]: Cannot find /socket.io/?EIO=4&transport=polling&t=xxw4st6d on this server
2025-06-05T05:33:40.605Z [ERROR]: Cannot find /socket.io/?EIO=4&transport=polling&t=xxzzvy0q on this server
2025-06-05T05:33:45.622Z [ERROR]: Cannot find /socket.io/?EIO=4&transport=polling&t=xy3v7v55 on this server
2025-06-05T05:33:50.630Z [ERROR]: Cannot find /socket.io/?EIO=4&transport=polling&t=xy7qbhwa on this server
2025-06-05T05:33:55.642Z [ERROR]: Cannot find /socket.io/?EIO=4&transport=polling&t=xybljgi7 on this server
2025-06-05T05:34:01.360Z [ERROR]: Cannot find /socket.io/?EIO=4&transport=polling&t=xyg02s5o on this server
2025-06-05T05:34:06.371Z [ERROR]: Cannot find /socket.io/?EIO=4&transport=polling&t=xyjvl6qn on this server
2025-06-05T05:34:11.376Z [ERROR]: Cannot find /socket.io/?EIO=4&transport=polling&t=xynqmiin on this server
2025-06-05T05:34:16.385Z [ERROR]: Cannot find /socket.io/?EIO=4&transport=polling&t=xyrlqn8g on this server
2025-06-05T05:34:21.402Z [ERROR]: Cannot find /socket.io/?EIO=4&transport=polling&t=xyvh39jd on this server
2025-06-05T05:34:27.350Z [ERROR]: Cannot find /socket.io/?EIO=4&transport=polling&t=xz0276bt on this server
2025-06-05T05:34:33.347Z [ERROR]: Cannot find /socket.io/?EIO=4&transport=polling&t=xz4owzb1 on this server
2025-06-05T05:34:39.359Z [ERROR]: Cannot find /socket.io/?EIO=4&transport=polling&t=xz9bu0j2 on this server
2025-06-05T05:34:45.355Z [ERROR]: Cannot find /socket.io/?EIO=4&transport=polling&t=xzdyggon on this server
2025-06-05T05:34:51.352Z [ERROR]: Cannot find /socket.io/?EIO=4&transport=polling&t=xzil28rr on this server
2025-06-05T05:34:57.345Z [ERROR]: Cannot find /socket.io/?EIO=4&transport=polling&t=xzn7js1y on this server
2025-06-05T05:35:03.360Z [ERROR]: Cannot find /socket.io/?EIO=4&transport=polling&t=xzrukptn on this server
2025-06-05T05:35:09.357Z [ERROR]: Cannot find /socket.io/?EIO=4&transport=polling&t=xzwh8ycq on this server
2025-06-05T05:35:14.497Z [ERROR]: Cannot find /socket.io/?EIO=4&transport=polling&t=y00fjpmc on this server
2025-06-05T05:35:20.352Z [ERROR]: Cannot find /socket.io/?EIO=4&transport=polling&t=y04ymatx on this server
2025-06-05T05:35:26.359Z [ERROR]: Cannot find /socket.io/?EIO=4&transport=polling&t=y09lgrcc on this server
2025-06-05T05:35:32.351Z [ERROR]: Cannot find /socket.io/?EIO=4&transport=polling&t=y0e7wrkj on this server
2025-06-05T05:35:38.350Z [ERROR]: Cannot find /socket.io/?EIO=4&transport=polling&t=y0iukm8a on this server
2025-06-05T05:35:43.357Z [ERROR]: Cannot find /socket.io/?EIO=4&transport=polling&t=y0mpnupy on this server
2025-06-05T05:35:49.367Z [ERROR]: Cannot find /socket.io/?EIO=4&transport=polling&t=y0rccz8l on this server
2025-06-05T05:35:55.350Z [ERROR]: Cannot find /socket.io/?EIO=4&transport=polling&t=y0vysdas on this server
2025-06-05T05:36:01.350Z [ERROR]: Cannot find /socket.io/?EIO=4&transport=polling&t=y10lh8yi on this server
2025-06-05T05:36:07.348Z [ERROR]: Cannot find /socket.io/?EIO=4&transport=polling&t=y158251u on this server
2025-06-05T05:36:12.363Z [ERROR]: Cannot find /socket.io/?EIO=4&transport=polling&t=y193bxey on this server
2025-06-05T05:36:18.346Z [ERROR]: Cannot find /socket.io/?EIO=4&transport=polling&t=y1dpkxc6 on this server
2025-06-05T05:36:24.355Z [ERROR]: Cannot find /socket.io/?EIO=4&transport=polling&t=y1ich3ao on this server
2025-06-05T05:36:30.354Z [ERROR]: Cannot find /socket.io/?EIO=4&transport=polling&t=y1mz428p on this server
2025-06-05T05:36:36.354Z [ERROR]: Cannot find /socket.io/?EIO=4&transport=polling&t=y1rlp7hc on this server
2025-06-05T05:36:42.350Z [ERROR]: Cannot find /socket.io/?EIO=4&transport=polling&t=y1w8atx0 on this server
2025-06-05T05:36:47.367Z [ERROR]: Cannot find /socket.io/?EIO=4&transport=polling&t=y203osaq on this server
2025-06-05T05:36:53.354Z [ERROR]: Cannot find /socket.io/?EIO=4&transport=polling&t=y24q0ss1 on this server
2025-06-05T05:36:59.356Z [ERROR]: Cannot find /socket.io/?EIO=4&transport=polling&t=y29cl82e on this server
2025-06-05T05:37:05.358Z [ERROR]: Cannot find /socket.io/?EIO=4&transport=polling&t=y2dzfuv0 on this server
2025-06-05T05:37:11.361Z [ERROR]: Cannot find /socket.io/?EIO=4&transport=polling&t=y2im3psq on this server
2025-06-05T05:37:17.359Z [ERROR]: Cannot find /socket.io/?EIO=4&transport=polling&t=y2n8o9nd on this server
2025-06-05T05:37:23.348Z [ERROR]: Cannot find /socket.io/?EIO=4&transport=polling&t=y2rv6d50 on this server
2025-06-05T05:37:29.347Z [ERROR]: Cannot find /socket.io/?EIO=4&transport=polling&t=y2whtnjm on this server
2025-06-05T05:37:35.359Z [ERROR]: Cannot find /socket.io/?EIO=4&transport=polling&t=y314s26n on this server
2025-06-05T05:37:41.353Z [ERROR]: Cannot find /socket.io/?EIO=4&transport=polling&t=y35r85ct on this server
2025-06-05T05:37:47.354Z [ERROR]: Cannot find /socket.io/?EIO=4&transport=polling&t=y3adz04p on this server
2025-06-05T05:37:53.347Z [ERROR]: Cannot find /socket.io/?EIO=4&transport=polling&t=y3f0fg72 on this server
2025-06-05T05:37:59.350Z [ERROR]: Cannot find /socket.io/?EIO=4&transport=polling&t=y3jn707o on this server
2025-06-05T05:38:04.359Z [ERROR]: Cannot find /socket.io/?EIO=4&transport=polling&t=y3nic8j3 on this server
2025-06-05T05:38:10.352Z [ERROR]: Cannot find /socket.io/?EIO=4&transport=polling&t=y3s4sd9q on this server
2025-06-05T05:38:16.358Z [ERROR]: Cannot find /socket.io/?EIO=4&transport=polling&t=y3wrmnss on this server
2025-06-05T05:38:22.357Z [ERROR]: Cannot find /socket.io/?EIO=4&transport=polling&t=y41eb738 on this server
2025-06-05T05:38:28.353Z [ERROR]: Cannot find /socket.io/?EIO=4&transport=polling&t=y460tzln on this server
2025-06-05T05:38:34.352Z [ERROR]: Cannot find /socket.io/?EIO=4&transport=polling&t=y4aned4s on this server
2025-06-05T05:38:40.356Z [ERROR]: Cannot find /socket.io/?EIO=4&transport=polling&t=y4fa95ia on this server
2025-06-05T05:38:45.366Z [ERROR]: Cannot find /socket.io/?EIO=4&transport=polling&t=y4j5ezwi on this server
2025-06-05T05:38:49.676Z [ERROR]: Cannot find /socket.io/?EIO=4&transport=polling&t=y4mg0h9h on this server
2025-06-05T05:38:50.281Z [ERROR]: Cannot find /socket.io/?EIO=4&transport=polling&t=y4mxyyn8 on this server
2025-06-05T05:38:53.030Z [ERROR]: Cannot find /socket.io/?EIO=4&transport=polling&t=y4p2blv5 on this server
2025-06-05T05:38:58.036Z [ERROR]: Cannot find /socket.io/?EIO=4&transport=polling&t=y4sxeper on this server
2025-06-05T05:39:03.055Z [ERROR]: Cannot find /socket.io/?EIO=4&transport=polling&t=y4wsqreg on this server
2025-06-05T05:39:08.359Z [ERROR]: Cannot find /socket.io/?EIO=4&transport=polling&t=y50w400e on this server
2025-06-05T05:39:14.352Z [ERROR]: Cannot find /socket.io/?EIO=4&transport=polling&t=y55iktr5 on this server
2025-06-05T05:39:20.351Z [ERROR]: Cannot find /socket.io/?EIO=4&transport=polling&t=y5a59lak on this server
2025-06-05T05:39:25.367Z [ERROR]: Cannot find /socket.io/?EIO=4&transport=polling&t=y5e0kiik on this server
2025-06-05T05:39:30.374Z [ERROR]: Cannot find /socket.io/?EIO=4&transport=polling&t=y5hvnjt5 on this server
2025-06-05T05:39:36.360Z [ERROR]: Cannot find /socket.io/?EIO=4&transport=polling&t=y5mhxfil on this server
2025-06-05T05:39:42.351Z [ERROR]: Cannot find /socket.io/?EIO=4&transport=polling&t=y5r4c6kd on this server
2025-06-05T05:39:48.353Z [ERROR]: Cannot find /socket.io/?EIO=4&transport=polling&t=y5vr03by on this server
2025-06-05T05:39:53.429Z [ERROR]: Cannot find /socket.io/?EIO=4&transport=polling&t=y5zmbwso on this server
2025-06-05T05:39:58.526Z [ERROR]: Cannot find /socket.io/?EIO=4&transport=polling&t=y63lnz56 on this server
2025-06-05T05:40:03.544Z [ERROR]: Cannot find /socket.io/?EIO=4&transport=polling&t=y67guwbp on this server
2025-06-05T05:40:08.551Z [ERROR]: Cannot find /socket.io/?EIO=4&transport=polling&t=y6bc2tu3 on this server
2025-06-05T05:40:13.573Z [ERROR]: Cannot find /socket.io/?EIO=4&transport=polling&t=y6f7n77x on this server
2025-06-05T05:40:18.581Z [ERROR]: Cannot find /socket.io/?EIO=4&transport=polling&t=y6j2o5t6 on this server
2025-06-05T05:40:23.589Z [ERROR]: Cannot find /socket.io/?EIO=4&transport=polling&t=y6mxv583 on this server
2025-06-05T05:40:28.605Z [ERROR]: Cannot find /socket.io/?EIO=4&transport=polling&t=y6qt2ypz on this server
2025-06-05T05:40:33.617Z [ERROR]: Cannot find /socket.io/?EIO=4&transport=polling&t=y6uoflu0 on this server
2025-06-05T05:40:36.645Z [ERROR]: Cannot find /socket.io/?EIO=4&transport=polling&t=y6wzuqbp on this server
2025-06-05T05:40:38.333Z [ERROR]: Cannot find /socket.io/?EIO=4&transport=polling&t=y6ybgc1i on this server
2025-06-05T05:40:39.472Z [ERROR]: Cannot find /socket.io/?EIO=4&transport=polling&t=y6z70b5c on this server
2025-06-05T05:40:44.479Z [ERROR]: Cannot find /socket.io/?EIO=4&transport=polling&t=y73265p6 on this server
2025-06-05T05:40:50.344Z [ERROR]: Cannot find /socket.io/?EIO=4&transport=polling&t=y77l27a3 on this server
2025-06-05T05:40:55.364Z [ERROR]: Cannot find /socket.io/?EIO=4&transport=polling&t=y7bghf6f on this server
2025-06-05T05:41:00.373Z [ERROR]: Cannot find /socket.io/?EIO=4&transport=polling&t=y7fbnnio on this server
2025-06-05T05:41:08.494Z [ERROR]: Cannot find /socket.io/?EIO=4&transport=polling&t=y7ljsrbf on this server
2025-06-05T05:41:09.639Z [ERROR]: Cannot find /socket.io/?EIO=4&transport=polling&t=y7mh259r on this server
2025-06-05T05:41:11.601Z [ERROR]: Cannot find /socket.io/?EIO=4&transport=polling&t=y7nzj7cj on this server
2025-06-05T05:41:15.115Z [ERROR]: Cannot find /socket.io/?EIO=4&transport=polling&t=y7qp2wj9 on this server
2025-06-05T05:41:20.133Z [ERROR]: Cannot find /socket.io/?EIO=4&transport=polling&t=y7uki5ax on this server
2025-06-05T05:41:25.150Z [ERROR]: Cannot find /socket.io/?EIO=4&transport=polling&t=y7yfwmmy on this server
2025-06-05T05:41:30.158Z [ERROR]: Cannot find /socket.io/?EIO=4&transport=polling&t=y82b1e54 on this server
2025-06-05T05:41:35.165Z [ERROR]: Cannot find /socket.io/?EIO=4&transport=polling&t=y8664jq1 on this server
2025-06-05T05:41:40.182Z [ERROR]: Cannot find /socket.io/?EIO=4&transport=polling&t=y8a1emnl on this server
2025-06-05T05:41:45.197Z [ERROR]: Cannot find /socket.io/?EIO=4&transport=polling&t=y8dwrogs on this server
2025-06-05T05:41:50.213Z [ERROR]: Cannot find /socket.io/?EIO=4&transport=polling&t=y8hs0ilw on this server
2025-06-05T05:41:55.353Z [ERROR]: Cannot find /socket.io/?EIO=4&transport=polling&t=y8lqvmun on this server
2025-06-05T05:42:01.356Z [ERROR]: Cannot find /socket.io/?EIO=4&transport=polling&t=y8qdla1m on this server
2025-06-05T05:42:07.354Z [ERROR]: Cannot find /socket.io/?EIO=4&transport=polling&t=y8v08xqk on this server
2025-06-05T05:42:12.359Z [ERROR]: Cannot find /socket.io/?EIO=4&transport=polling&t=y8yvasl6 on this server
2025-06-05T05:42:17.367Z [ERROR]: Cannot find /socket.io/?EIO=4&transport=polling&t=y92qbulc on this server
2025-06-05T05:42:22.378Z [ERROR]: Cannot find /socket.io/?EIO=4&transport=polling&t=y96liqz2 on this server
2025-06-05T05:42:27.399Z [ERROR]: Cannot find /socket.io/?EIO=4&transport=polling&t=y9agynv8 on this server
2025-06-05T05:42:32.418Z [ERROR]: Cannot find /socket.io/?EIO=4&transport=polling&t=y9ecebct on this server
2025-06-05T05:42:37.439Z [ERROR]: Cannot find /socket.io/?EIO=4&transport=polling&t=y9i7wjq1 on this server
2025-06-05T05:42:42.447Z [ERROR]: Cannot find /socket.io/?EIO=4&transport=polling&t=y9m31htn on this server
2025-06-05T05:42:47.462Z [ERROR]: Cannot find /socket.io/?EIO=4&transport=polling&t=y9pycswc on this server
2025-06-05T05:42:52.478Z [ERROR]: Cannot find /socket.io/?EIO=4&transport=polling&t=y9ttkjva on this server
2025-06-05T05:42:57.498Z [ERROR]: Cannot find /socket.io/?EIO=4&transport=polling&t=y9xp3l9n on this server
2025-06-05T05:43:02.506Z [ERROR]: Cannot find /socket.io/?EIO=4&transport=polling&t=ya1k8xys on this server
2025-06-05T05:43:07.524Z [ERROR]: Cannot find /socket.io/?EIO=4&transport=polling&t=ya5fh390 on this server
2025-06-05T05:43:12.541Z [ERROR]: Cannot find /socket.io/?EIO=4&transport=polling&t=ya9azyeb on this server
2025-06-05T05:43:17.552Z [ERROR]: Cannot find /socket.io/?EIO=4&transport=polling&t=yad64548 on this server
2025-06-05T05:43:23.358Z [ERROR]: Cannot find /socket.io/?EIO=4&transport=polling&t=yahng1hc on this server
2025-06-05T05:43:28.362Z [ERROR]: Cannot find /socket.io/?EIO=4&transport=polling&t=yalihrjz on this server
2025-06-05T05:43:36.473Z [ERROR]: Cannot find /socket.io/?EIO=4&transport=polling&t=yarqqtsl on this server
2025-06-05T05:43:37.898Z [ERROR]: Cannot find /socket.io/?EIO=4&transport=polling&t=yasvd1rk on this server
2025-06-05T05:43:39.697Z [ERROR]: Cannot find /socket.io/?EIO=4&transport=polling&t=yau99dk6 on this server
2025-06-05T05:43:43.212Z [ERROR]: Cannot find /socket.io/?EIO=4&transport=polling&t=yawyxluu on this server
2025-06-05T05:43:49.530Z [ERROR]: Cannot find /socket.io/?EIO=4&transport=polling&t=yb1sw9di on this server
2025-06-05T05:43:50.654Z [ERROR]: Cannot find /socket.io/?EIO=4&transport=polling&t=yb2pp7nr on this server
2025-06-05T05:43:52.459Z [ERROR]: Cannot find /socket.io/?EIO=4&transport=polling&t=yb43u1re on this server
2025-06-05T05:43:55.637Z [ERROR]: Cannot find /socket.io/?EIO=4&transport=polling&t=yb6k4at4 on this server
2025-06-05T05:44:00.653Z [ERROR]: Cannot find /socket.io/?EIO=4&transport=polling&t=ybafeb8r on this server
2025-06-05T05:44:05.660Z [ERROR]: Cannot find /socket.io/?EIO=4&transport=polling&t=ybeagf80 on this server
2025-06-05T05:44:10.667Z [ERROR]: Cannot find /socket.io/?EIO=4&transport=polling&t=ybi5m9nd on this server
2025-06-05T05:44:15.673Z [ERROR]: Cannot find /socket.io/?EIO=4&transport=polling&t=ybm0mm1p on this server
2025-06-05T05:44:20.680Z [ERROR]: Cannot find /socket.io/?EIO=4&transport=polling&t=ybpvr744 on this server
2025-06-05T05:44:26.348Z [ERROR]: Cannot find /socket.io/?EIO=4&transport=polling&t=ybu96ta6 on this server
